{"type":"FeatureCollection", "features": [
{"type":"Feature","geometry":{"type":"Polygon","coordinates":[[[-58.15926,6.74343],[-58.15109,6.74137],[-58.13065,6.7357],[-58.125,6.75656],[-58.12249,6.76528],[-58.12198,6.76713],[-58.1549,6.77546],[-58.17423,6.78027],[-58.18185,6.78275],[-58.18191,6.78277],[-58.18199,6.78249],[-58.18358,6.77812],[-58.18383,6.77739],[-58.18428,6.77604],[-58.18538,6.77301],[-58.19033,6.75968],[-58.19109,6.75768],[-58.19294,6.75314],[-58.19278,6.75307],[-58.18671,6.75058],[-58.15926,6.74343]]]},"properties":{"ID":"410","NAME":"Eccles / Ramsburg","STATUS":"Neighbourhood Democratic Council","REGION":"Demerara-Mahaica"}},
{"type":"Feature","geometry":{"type":"Polygon","coordinates":[[[-58.19278,6.75307],[-58.19494,6.74727],[-58.19528,6.74634],[-58.19534,6.74624],[-58.19553,6.74554],[-58.1957,6.74486],[-58.19951,6.73039],[-58.19366,6.72973],[-58.16413,6.7218],[-58.15926,6.74343],[-58.18671,6.75058],[-58.19278,6.75307]]]},"properties":{"ID":"412","NAME":"Little Diamond / Herstelling","STATUS":"Neighbourhood Democratic Council","REGION":"Demerara-Mahaica"}},
{"type":"Feature","geometry":{"type":"Polygon","coordinates":[[[-57.92264,6.66258],[-57.95935,6.67244],[-57.96511,6.65057],[-57.96628,6.64462],[-57.94903,6.63497],[-57.94173,6.63064],[-57.93163,6.62517],[-57.93614,6.62054],[-57.93877,6.61761],[-57.94075,6.61566],[-57.91333,6.60745],[-57.91331,6.60745],[-57.898,6.60286],[-57.89163,6.60106],[-57.89157,6.60138],[-57.89159,6.60139],[-57.89156,6.60342],[-57.89175,6.60467],[-57.89175,6.60526],[-57.89184,6.60631],[-57.8919,6.6071],[-57.8928,6.60944],[-57.89259,6.60919],[-57.89496,6.61244],[-57.89526,6.61271],[-57.89557,6.61295],[-57.89681,6.61531],[-57.89756,6.61776],[-57.89755,6.61831],[-57.8979,6.61934],[-57.89825,6.62187],[-57.89829,6.62394],[-57.89915,6.62743],[-57.89899,6.62899],[-57.89999,6.6315],[-57.90196,6.63402],[-57.90632,6.6377],[-57.90675,6.63846],[-57.90736,6.64071],[-57.90744,6.64473],[-57.90813,6.64676],[-57.90993,6.64962],[-57.91271,6.6518],[-57.91722,6.65309],[-57.91822,6.65362],[-57.91879,6.65422],[-57.92009,6.65628],[-57.92139,6.65915],[-57.92264,6.66258]]]},"properties":{"ID":"401","NAME":"Cane Grove Land Development Scheme","STATUS":"Neighbourhood Democratic Council","REGION":"Demerara-Mahaica"}},
{"type":"Feature","geometry":{"type":"Polygon","coordinates":[[[-58.19328,6.70022],[-58.19317,6.70001],[-58.18943,6.69957],[-58.16354,6.69329],[-58.15833,6.69107],[-58.13389,6.68484],[-58.13327,6.69328],[-58.13214,6.71035],[-58.13237,6.71014],[-58.13193,6.71547],[-58.16413,6.7218],[-58.19366,6.72973],[-58.19951,6.73039],[-58.19883,6.71579],[-58.19633,6.70624],[-58.19332,6.70022],[-58.19328,6.70022]]]},"properties":{"ID":"413","NAME":"Diamond / Golden Grove","STATUS":"Neighbourhood Democratic Council","REGION":"Demerara-Mahaica"}},
{"type":"Feature","geometry":{"type":"Polygon","coordinates":[[[-58.19317,6.70001],[-58.19322,6.70002],[-58.19155,6.69667],[-58.19154,6.69665],[-58.1905,6.69457],[-58.18899,6.68572],[-58.19174,6.67089],[-58.20118,6.64616],[-58.20667,6.63491],[-58.21474,6.61598],[-58.21817,6.60848],[-58.22057,6.59961],[-58.22246,6.58802],[-58.22291,6.58358],[-58.21833,6.58247],[-58.18883,6.57335],[-58.19204,6.5797],[-58.19078,6.58473],[-58.18228,6.61282],[-58.17334,6.6248],[-58.16732,6.64435],[-58.1567,6.65802],[-58.15116,6.66462],[-58.13885,6.67597],[-58.13703,6.67847],[-58.13428,6.67835],[-58.13389,6.68484],[-58.15833,6.69107],[-58.16354,6.69329],[-58.18943,6.69957],[-58.19317,6.70001]]]},"properties":{"ID":"414","NAME":"Caledonia / Good Success","STATUS":"Neighbourhood Democratic Council","REGION":"Demerara-Mahaica"}},
{"type":"Feature","geometry":{"type":"Polygon","coordinates":[[[-58.15926,6.74343],[-58.16413,6.7218],[-58.13193,6.71547],[-58.13154,6.72018],[-58.13105,6.72571],[-58.13065,6.7357],[-58.15109,6.74137],[-58.15926,6.74343]]]},"properties":{"ID":"411","NAME":"Mocha / Arcadia","STATUS":"Neighbourhood Democratic Council","REGION":"Demerara-Mahaica"}},
{"type":"Feature","geometry":{"type":"Polygon","coordinates":[[[-58.13065,6.7357],[-58.13105,6.72571],[-58.13154,6.72018],[-58.13193,6.71547],[-58.13237,6.71014],[-58.13214,6.71035],[-58.1279,6.71427],[-58.11697,6.72452],[-58.11515,6.72545],[-58.11049,6.7246],[-58.09741,6.77678],[-58.09127,6.80203],[-58.08794,6.8147],[-58.08634,6.8224],[-58.09168,6.82351],[-58.10159,6.8228],[-58.10526,6.82383],[-58.10524,6.82383],[-58.10579,6.82207],[-58.11157,6.80224],[-58.12191,6.76711],[-58.12198,6.76713],[-58.12249,6.76528],[-58.125,6.75656],[-58.13065,6.7357]]]},"properties":{"ID":"409","NAME":"Industry / Plaisance","STATUS":"Neighbourhood Democratic Council","REGION":"Demerara-Mahaica"}},
{"type":"Feature","geometry":{"type":"Polygon","coordinates":[[[-58.22291,6.58358],[-58.22332,6.57949],[-58.2259,6.57182],[-58.23122,6.56056],[-58.24225,6.54062],[-58.24737,6.53554],[-58.2467,6.53488],[-58.22905,6.51645],[-58.22823,6.51737],[-58.22659,6.51922],[-58.20536,6.54853],[-58.20053,6.55521],[-58.17653,6.55018],[-58.1762,6.55845],[-58.18221,6.56028],[-58.18295,6.56176],[-58.18883,6.57335],[-58.21833,6.58247],[-58.22291,6.58358]]]},"properties":{"ID":"415","NAME":"Soesdyke / Huist’ Coverden","STATUS":"Neighbourhood Democratic Council","REGION":"Demerara-Mahaica"}},
{"type":"Feature","geometry":{"type":"MultiPolygon","coordinates":[[[[-57.89191,6.60726],[-57.89259,6.60919],[-57.8928,6.60944],[-57.8919,6.6071],[-57.89188,6.60706],[-57.89181,6.60674],[-57.89191,6.60725],[-57.89191,6.60726]]],[[[-57.94075,6.61566],[-57.94081,6.61568],[-57.94135,6.61507],[-57.96341,6.59258],[-57.9719,6.58426],[-58.0043,6.55121],[-58.00965,6.54561],[-58.01414,6.54453],[-58.01927,6.53686],[-58.02058,6.53195],[-58.02309,6.53432],[-58.02523,6.53454],[-58.0264,6.53938],[-58.03071,6.54176],[-58.04118,6.54554],[-58.04643,6.54528],[-58.05039,6.54876],[-58.05308,6.54889],[-58.05346,6.55372],[-58.05531,6.55791],[-58.06032,6.56179],[-58.06052,6.56304],[-58.06053,6.56308],[-58.06093,6.56413],[-58.06312,6.56549],[-58.06313,6.5655],[-58.06409,6.56565],[-58.06494,6.56577],[-58.06564,6.56581],[-58.0662,6.56585],[-58.06683,6.56586],[-58.06822,6.56604],[-58.069,6.56598],[-58.06909,6.56593],[-58.0699,6.56561],[-58.07053,6.56545],[-58.07059,6.56544],[-58.07072,6.56541],[-58.07123,6.56536],[-58.07155,6.56533],[-58.07329,6.56536],[-58.08119,6.56296],[-58.08525,6.56073],[-58.08586,6.56091],[-58.08662,6.56114],[-58.08743,6.56172],[-58.08598,6.56769],[-58.08612,6.56814],[-58.08613,6.56815],[-58.08618,6.56825],[-58.0862,6.56827],[-58.08621,6.56828],[-58.08641,6.56853],[-58.08652,6.56864],[-58.08663,6.56879],[-58.08666,6.56882],[-58.08697,6.56913],[-58.087,6.56917],[-58.08729,6.56958],[-58.09259,6.5733],[-58.09402,6.5743],[-58.09587,6.57488],[-58.0965,6.57531],[-58.09732,6.57614],[-58.09752,6.57634],[-58.09756,6.57638],[-58.09905,6.57654],[-58.09915,6.57653],[-58.10065,6.57635],[-58.10706,6.57713],[-58.11091,6.57561],[-58.11368,6.57676],[-58.116,6.57749],[-58.11634,6.57745],[-58.11695,6.57736],[-58.11708,6.57735],[-58.11709,6.57732],[-58.11721,6.57663],[-58.11732,6.57583],[-58.1174,6.57471],[-58.11817,6.57012],[-58.11726,6.56484],[-58.12322,6.55675],[-58.12457,6.55349],[-58.12405,6.54855],[-58.12172,6.54458],[-58.12011,6.53973],[-58.12122,6.53621],[-58.12304,6.53612],[-58.12984,6.53979],[-58.13351,6.53911],[-58.13438,6.53777],[-58.13398,6.53058],[-58.13659,6.52612],[-58.1429,6.52312],[-58.1464,6.52292],[-58.15038,6.52464],[-58.15268,6.52441],[-58.16389,6.51756],[-58.1635,6.51539],[-58.16702,6.51174],[-58.16932,6.49632],[-58.17608,6.48939],[-58.18034,6.48662],[-58.18352,6.48289],[-58.18474,6.47928],[-58.18812,6.47802],[-58.18999,6.47607],[-58.18738,6.4676],[-58.1874,6.46489],[-58.19042,6.46267],[-58.19162,6.45923],[-58.19146,6.45624],[-58.19291,6.44998],[-58.19077,6.44596],[-58.18776,6.44395],[-58.18603,6.44144],[-58.18493,6.43754],[-58.18288,6.43529],[-58.18225,6.43274],[-58.18385,6.42777],[-58.18506,6.42688],[-58.18951,6.42058],[-58.1921,6.41931],[-58.19489,6.41542],[-58.20323,6.40985],[-58.20668,6.40627],[-58.21008,6.4003],[-58.21075,6.39766],[-58.20984,6.39479],[-58.20776,6.39346],[-58.20031,6.39085],[-58.1964,6.38789],[-58.19173,6.3873],[-58.18842,6.38599],[-58.18774,6.38452],[-58.18854,6.37566],[-58.18259,6.36894],[-58.17763,6.36791],[-58.17764,6.36494],[-58.17932,6.36294],[-58.17936,6.36001],[-58.18061,6.35777],[-58.18073,6.35206],[-58.19305,6.34022],[-58.19813,6.33303],[-58.19916,6.33236],[-58.20455,6.31538],[-58.20563,6.30896],[-58.21437,6.29918],[-58.21269,6.29601],[-58.2116,6.29112],[-58.20691,6.28207],[-58.2086,6.27209],[-58.20727,6.2633],[-58.20371,6.25948],[-58.19903,6.26034],[-58.19735,6.25836],[-58.19484,6.25116],[-58.19555,6.24507],[-58.19293,6.24111],[-58.19429,6.23698],[-58.19239,6.2346],[-58.19243,6.23017],[-58.19108,6.22648],[-58.1915,6.22248],[-58.19306,6.21867],[-58.19304,6.20958],[-58.19144,6.20317],[-58.1916,6.20004],[-58.19356,6.19664],[-58.19279,6.19273],[-58.18914,6.18982],[-58.18712,6.18641],[-58.18649,6.18208],[-58.18718,6.1794],[-58.18985,6.17648],[-58.19074,6.17335],[-58.18681,6.16738],[-58.18501,6.15828],[-58.18269,6.15452],[-58.18387,6.15017],[-58.18411,6.14628],[-58.17979,6.14101],[-58.17407,6.12977],[-58.17088,6.12668],[-58.16884,6.1229],[-58.16719,6.11628],[-58.15887,6.10613],[-58.15759,6.10512],[-58.1582,6.10097],[-58.15804,6.09508],[-58.1476,6.10708],[-58.13648,6.1302],[-58.13951,6.14829],[-58.13698,6.1694],[-58.1385,6.19201],[-58.14659,6.21311],[-58.13193,6.22718],[-58.12637,6.24527],[-58.11879,6.28245],[-58.11575,6.30858],[-58.11525,6.32314],[-58.10261,6.34073],[-58.09655,6.35077],[-58.09453,6.3563],[-58.07936,6.38443],[-58.05257,6.40452],[-58.02056,6.43837],[-58.01922,6.43916],[-58.01302,6.43959],[-58.01066,6.43797],[-58.01058,6.43659],[-58.01057,6.43636],[-58.01197,6.43551],[-58.01189,6.43446],[-58.01083,6.43308],[-58.00987,6.42993],[-58.00534,6.42741],[-58.00403,6.42989],[-58.00417,6.43079],[-58.00448,6.43291],[-58.00317,6.43351],[-58.00302,6.43358],[-58.00223,6.43522],[-58.00233,6.43647],[-58.00242,6.43771],[-58.0042,6.44059],[-58.00469,6.44144],[-58.00461,6.44327],[-58.00397,6.44941],[-58.00247,6.4506],[-57.99783,6.4468],[-57.99165,6.4461],[-57.98852,6.44444],[-57.98725,6.44146],[-57.98285,6.44274],[-57.9803,6.44078],[-57.97763,6.44682],[-57.97616,6.44777],[-57.97349,6.44511],[-57.97107,6.44414],[-57.96897,6.44151],[-57.96365,6.44556],[-57.95756,6.446],[-57.95545,6.44823],[-57.9512,6.44791],[-57.94693,6.44597],[-57.94256,6.44614],[-57.94206,6.44849],[-57.9414,6.45182],[-57.94147,6.45318],[-57.94161,6.45614],[-57.94318,6.459],[-57.9486,6.46052],[-57.95199,6.45955],[-57.95344,6.45785],[-57.955,6.4573],[-57.95654,6.45777],[-57.9568,6.4597],[-57.95624,6.46117],[-57.95605,6.46288],[-57.95569,6.46482],[-57.95533,6.46713],[-57.95492,6.47057],[-57.95419,6.47189],[-57.95046,6.47154],[-57.94639,6.46981],[-57.94339,6.47302],[-57.94252,6.47442],[-57.94217,6.47614],[-57.94218,6.47617],[-57.94257,6.47759],[-57.94265,6.47789],[-57.94387,6.47943],[-57.9483,6.48271],[-57.94932,6.48438],[-57.94948,6.48594],[-57.94887,6.48693],[-57.94466,6.49252],[-57.94155,6.49627],[-57.94088,6.49926],[-57.94056,6.50112],[-57.94096,6.50456],[-57.94471,6.51813],[-57.94678,6.52021],[-57.95408,6.52406],[-57.9577,6.52803],[-57.95798,6.52984],[-57.95635,6.53192],[-57.95634,6.53198],[-57.95162,6.53685],[-57.94809,6.53784],[-57.93719,6.53715],[-57.93386,6.53476],[-57.93225,6.52363],[-57.92709,6.52213],[-57.92476,6.52335],[-57.92311,6.52614],[-57.92114,6.53402],[-57.91825,6.53693],[-57.91448,6.53641],[-57.91043,6.53375],[-57.90538,6.52833],[-57.90183,6.52664],[-57.89557,6.52977],[-57.89287,6.52999],[-57.88229,6.52867],[-57.88057,6.5293],[-57.87941,6.53298],[-57.87817,6.53747],[-57.87735,6.53996],[-57.87747,6.54002],[-57.87807,6.5431],[-57.87934,6.54491],[-57.88314,6.54857],[-57.88776,6.55648],[-57.88905,6.56136],[-57.89013,6.56912],[-57.89077,6.57525],[-57.8924,6.58055],[-57.89361,6.58375],[-57.89461,6.58683],[-57.8944,6.58903],[-57.89297,6.59334],[-57.8924,6.597],[-57.89184,6.59995],[-57.89163,6.60106],[-57.898,6.60286],[-57.91331,6.60745],[-57.91333,6.60745],[-57.94075,6.61566]]]]},"properties":{"ID":"419","NAME":"St. Cuthberts / Orange Nassau (Mahaica River)","STATUS":"Not Classified","REGION":"Demerara-Mahaica"}},
{"type":"Feature","geometry":{"type":"Polygon","coordinates":[[[-58.24737,6.53554],[-58.2493,6.53363],[-58.26074,6.5239],[-58.28151,6.50377],[-58.29199,6.49303],[-58.30194,6.48484],[-58.30932,6.48074],[-58.31173,6.47802],[-58.31413,6.46829],[-58.31413,6.45959],[-58.31344,6.45635],[-58.31138,6.45226],[-58.3064,6.44697],[-58.30246,6.44493],[-58.29611,6.43844],[-58.29336,6.43384],[-58.29199,6.4219],[-58.29199,6.40689],[-58.29233,6.40279],[-58.29559,6.39767],[-58.30314,6.39017],[-58.31087,6.37865],[-58.31422,6.37242],[-58.3143,6.36756],[-58.3131,6.36227],[-58.31073,6.35631],[-58.31037,6.35078],[-58.31258,6.33806],[-58.31231,6.33411],[-58.31014,6.32908],[-58.30159,6.32086],[-58.29367,6.3158],[-58.28102,6.30575],[-58.27413,6.29983],[-58.26919,6.29637],[-58.26748,6.29344],[-58.26698,6.2895],[-58.26751,6.28379],[-58.2689,6.28029],[-58.27238,6.27407],[-58.27265,6.27023],[-58.27104,6.26594],[-58.27101,6.26317],[-58.27269,6.25778],[-58.27491,6.25451],[-58.28689,6.24247],[-58.28879,6.23907],[-58.29298,6.22716],[-58.29614,6.21903],[-58.2996,6.21252],[-58.29956,6.20787],[-58.29407,6.20344],[-58.28946,6.20217],[-58.28332,6.20134],[-58.28008,6.19742],[-58.27884,6.19218],[-58.27773,6.18362],[-58.2776,6.17517],[-58.27877,6.16842],[-58.27769,6.16381],[-58.27294,6.15872],[-58.26741,6.1504],[-58.25957,6.14405],[-58.25868,6.14107],[-58.25876,6.13644],[-58.25962,6.13322],[-58.26321,6.12503],[-58.26666,6.11497],[-58.26822,6.11243],[-58.27363,6.10641],[-58.28089,6.0991],[-58.28566,6.09518],[-58.27733,6.09051],[-58.26114,6.09548],[-58.23552,6.1148],[-58.21668,6.12592],[-58.19902,6.12066],[-58.1899,6.10983],[-58.18224,6.09929],[-58.17577,6.08436],[-58.16973,6.08407],[-58.15972,6.09314],[-58.15804,6.09508],[-58.1582,6.10097],[-58.15759,6.10512],[-58.15887,6.10613],[-58.16719,6.11628],[-58.16884,6.1229],[-58.17088,6.12668],[-58.17407,6.12977],[-58.17979,6.14101],[-58.18411,6.14628],[-58.18387,6.15017],[-58.18269,6.15452],[-58.18501,6.15828],[-58.18681,6.16738],[-58.19074,6.17335],[-58.18985,6.17648],[-58.18718,6.1794],[-58.18649,6.18208],[-58.18712,6.18641],[-58.18914,6.18982],[-58.19279,6.19273],[-58.19356,6.19664],[-58.1916,6.20004],[-58.19144,6.20317],[-58.19304,6.20958],[-58.19306,6.21867],[-58.1915,6.22248],[-58.19108,6.22648],[-58.19243,6.23017],[-58.19239,6.2346],[-58.19429,6.23698],[-58.19293,6.24111],[-58.19555,6.24507],[-58.19484,6.25116],[-58.19735,6.25836],[-58.19903,6.26034],[-58.20371,6.25948],[-58.20727,6.2633],[-58.2086,6.27209],[-58.20691,6.28207],[-58.2116,6.29112],[-58.21269,6.29601],[-58.21437,6.29918],[-58.20563,6.30896],[-58.20455,6.31538],[-58.19916,6.33236],[-58.19813,6.33303],[-58.19305,6.34022],[-58.18073,6.35206],[-58.18061,6.35777],[-58.17936,6.36001],[-58.17932,6.36294],[-58.17764,6.36494],[-58.17763,6.36791],[-58.18259,6.36894],[-58.18854,6.37566],[-58.18774,6.38452],[-58.18842,6.38599],[-58.19173,6.3873],[-58.1964,6.38789],[-58.20031,6.39085],[-58.20776,6.39346],[-58.20984,6.39479],[-58.21075,6.39766],[-58.21008,6.4003],[-58.20668,6.40627],[-58.20323,6.40985],[-58.19489,6.41542],[-58.1921,6.41931],[-58.18951,6.42058],[-58.18506,6.42688],[-58.18385,6.42777],[-58.18225,6.43274],[-58.18288,6.43529],[-58.18493,6.43754],[-58.18603,6.44144],[-58.18776,6.44395],[-58.19077,6.44596],[-58.19291,6.44998],[-58.19146,6.45624],[-58.19162,6.45923],[-58.19042,6.46267],[-58.1874,6.46489],[-58.18738,6.4676],[-58.18999,6.47607],[-58.18812,6.47802],[-58.18474,6.47928],[-58.18352,6.48289],[-58.18034,6.48662],[-58.17608,6.48939],[-58.16932,6.49632],[-58.16702,6.51174],[-58.1635,6.51539],[-58.16389,6.51756],[-58.15268,6.52441],[-58.15038,6.52464],[-58.1464,6.52292],[-58.1429,6.52312],[-58.13659,6.52612],[-58.13398,6.53058],[-58.13438,6.53777],[-58.13351,6.53911],[-58.12984,6.53979],[-58.12304,6.53612],[-58.12122,6.53621],[-58.12011,6.53973],[-58.12172,6.54458],[-58.12405,6.54855],[-58.12457,6.55349],[-58.12322,6.55675],[-58.11726,6.56484],[-58.11817,6.57012],[-58.1174,6.57471],[-58.11732,6.57583],[-58.11721,6.57663],[-58.11709,6.57732],[-58.11708,6.57735],[-58.11729,6.57727],[-58.11771,6.5771],[-58.11883,6.57667],[-58.11984,6.57631],[-58.11995,6.57623],[-58.12064,6.57569],[-58.1225,6.57583],[-58.12288,6.57609],[-58.12352,6.57652],[-58.12384,6.57674],[-58.12421,6.57671],[-58.12522,6.57677],[-58.12775,6.57835],[-58.12891,6.5814],[-58.12725,6.58344],[-58.12932,6.58738],[-58.12761,6.59238],[-58.13944,6.60422],[-58.14389,6.6042],[-58.14705,6.60297],[-58.15206,6.60278],[-58.15822,6.6006],[-58.16571,6.60151],[-58.1714,6.59857],[-58.17801,6.59412],[-58.17609,6.58683],[-58.17441,6.58541],[-58.17622,6.58106],[-58.175,6.57619],[-58.17694,6.57471],[-58.17994,6.57047],[-58.18295,6.56176],[-58.18221,6.56028],[-58.1762,6.55845],[-58.17653,6.55018],[-58.20053,6.55521],[-58.20536,6.54853],[-58.22659,6.51922],[-58.22823,6.51737],[-58.22905,6.51645],[-58.2467,6.53488],[-58.24737,6.53554]]]},"properties":{"ID":"418","NAME":"Soesdyke-Linden highway (including Timehri)","STATUS":"Neighbourhood Democratic Council","REGION":"Demerara-Mahaica"}},
{"type":"Feature","geometry":{"type":"Polygon","coordinates":[[[-58.17619,6.79853],[-58.18199,6.7828],[-58.18191,6.78277],[-58.18185,6.78275],[-58.17423,6.78027],[-58.1549,6.77546],[-58.12198,6.76713],[-58.12191,6.76711],[-58.11157,6.80224],[-58.10579,6.82207],[-58.10524,6.82383],[-58.10526,6.82383],[-58.10573,6.82392],[-58.10802,6.82455],[-58.11138,6.82524],[-58.12352,6.82657],[-58.13442,6.82556],[-58.13981,6.82646],[-58.1423,6.8278],[-58.15098,6.82633],[-58.15731,6.82597],[-58.16497,6.82834],[-58.16892,6.83055],[-58.17033,6.81782],[-58.17283,6.80763],[-58.17619,6.79853]]]},"properties":{"ID":"416","NAME":"City of Georgetown","STATUS":"Municipality","REGION":"Demerara-Mahaica"}},
{"type":"Feature","geometry":{"type":"Polygon","coordinates":[[[-58.11049,6.7246],[-58.08385,6.71771],[-58.08069,6.72969],[-58.07184,6.76596],[-58.0648,6.79429],[-58.05948,6.81501],[-58.07064,6.81879],[-58.07583,6.81972],[-58.08634,6.8224],[-58.08794,6.8147],[-58.09127,6.80203],[-58.09741,6.77678],[-58.11049,6.7246]]]},"properties":{"ID":"408","NAME":"Better Hope/ LBI","STATUS":"Neighbourhood Democratic Council","REGION":"Demerara-Mahaica"}},
{"type":"Feature","geometry":{"type":"Polygon","coordinates":[[[-58.08385,6.71771],[-58.08005,6.71641],[-58.07607,6.72977],[-58.06094,6.78467],[-58.05628,6.80219],[-58.05315,6.81206],[-58.05948,6.81501],[-58.0648,6.79429],[-58.07184,6.76596],[-58.08069,6.72969],[-58.08385,6.71771]]]},"properties":{"ID":"407","NAME":"Beterverwagting/Triumph","STATUS":"Neighbourhood Democratic Council","REGION":"Demerara-Mahaica"}},
{"type":"Feature","geometry":{"type":"Polygon","coordinates":[[[-58.08005,6.71641],[-58.07305,6.71481],[-58.05198,6.70933],[-58.04918,6.71687],[-58.0454,6.72977],[-58.03565,6.76603],[-58.02849,6.7923],[-58.02631,6.80075],[-58.02924,6.8026],[-58.03035,6.80162],[-58.03419,6.80216],[-58.04399,6.805],[-58.0474,6.80659],[-58.04738,6.80862],[-58.05073,6.80933],[-58.05315,6.81206],[-58.05628,6.80219],[-58.06094,6.78467],[-58.07607,6.72977],[-58.08005,6.71641]]]},"properties":{"ID":"406","NAME":"Man Repos/ La Reconnaissance","STATUS":"Neighbourhood Democratic Council","REGION":"Demerara-Mahaica"}},
{"type":"Feature","geometry":{"type":"Polygon","coordinates":[[[-58.05198,6.70933],[-58.05171,6.70926],[-58.05786,6.69252],[-58.05851,6.69172],[-58.05083,6.68973],[-58.04723,6.6866],[-58.01869,6.67371],[-58.01283,6.69365],[-57.99739,6.74917],[-57.99264,6.7659],[-57.991,6.7721],[-57.99084,6.77263],[-57.99077,6.77285],[-57.99196,6.77406],[-57.99603,6.77774],[-58.0009,6.78165],[-58.00971,6.78989],[-58.01731,6.79525],[-58.02117,6.7986],[-58.02623,6.8005],[-58.02849,6.7923],[-58.03565,6.76603],[-58.0454,6.72977],[-58.04918,6.71687],[-58.05198,6.70933]]]},"properties":{"ID":"405","NAME":"Buxton / Foulis","STATUS":"Neighbourhood Democratic Council","REGION":"Demerara-Mahaica"}},
{"type":"Feature","geometry":{"type":"Polygon","coordinates":[[[-58.01869,6.67371],[-58.0133,6.67042],[-58.01043,6.66772],[-58.0037,6.6937],[-57.9935,6.73165],[-57.9921,6.73141],[-57.98499,6.76105],[-57.98378,6.76606],[-57.98344,6.76746],[-57.98352,6.768],[-57.9835,6.76802],[-57.98381,6.76831],[-57.98459,6.76879],[-57.98719,6.77016],[-57.98931,6.77171],[-57.99077,6.77285],[-57.99084,6.77263],[-57.991,6.7721],[-57.99264,6.7659],[-57.99739,6.74917],[-58.01283,6.69365],[-58.01869,6.67371]]]},"properties":{"ID":"404","NAME":"Enmore / Hope","STATUS":"Neighbourhood Democratic Council","REGION":"Demerara-Mahaica"}},
{"type":"Feature","geometry":{"type":"Polygon","coordinates":[[[-57.9314,6.72208],[-57.9343,6.72647],[-57.93699,6.72837],[-57.94498,6.736],[-57.94537,6.73834],[-57.95076,6.7437],[-57.95265,6.74358],[-57.96488,6.75266],[-57.97355,6.76],[-57.97435,6.76025],[-57.9835,6.76802],[-57.98352,6.768],[-57.98344,6.76746],[-57.98378,6.76606],[-57.98499,6.76105],[-57.9921,6.73141],[-57.9935,6.73165],[-58.0037,6.6937],[-58.01043,6.66772],[-58.00611,6.66522],[-58.00267,6.66406],[-57.99943,6.66142],[-57.99299,6.6583],[-57.98912,6.65574],[-57.96628,6.64462],[-57.96511,6.65057],[-57.95935,6.67244],[-57.95644,6.68307],[-57.94948,6.68117],[-57.94564,6.69471],[-57.93882,6.6929],[-57.93711,6.69961],[-57.9314,6.72208]]]},"properties":{"ID":"403","NAME":"Haslington / Grove","STATUS":"Neighbourhood Democratic Council","REGION":"Demerara-Mahaica"}},
{"type":"Feature","geometry":{"type":"Polygon","coordinates":[[[-57.92264,6.66258],[-57.92509,6.66779],[-57.92383,6.66981],[-57.91804,6.67574],[-57.91597,6.68195],[-57.91564,6.68705],[-57.91404,6.69096],[-57.91598,6.69317],[-57.9183,6.69535],[-57.91904,6.69641],[-57.91896,6.70127],[-57.91839,6.70269],[-57.92134,6.70642],[-57.92354,6.71232],[-57.92823,6.71774],[-57.92886,6.71859],[-57.93069,6.72112],[-57.9314,6.72208],[-57.93711,6.69961],[-57.93882,6.6929],[-57.94564,6.69471],[-57.94948,6.68117],[-57.95644,6.68307],[-57.95935,6.67244],[-57.92264,6.66258]]]},"properties":{"ID":"402","NAME":"Unity / Vereeniging","STATUS":"Neighbourhood Democratic Council","REGION":"Demerara-Mahaica"}},
{"type":"Feature","geometry":{"type":"Polygon","coordinates":[[[-57.94075,6.61566],[-57.93877,6.61761],[-57.93614,6.62054],[-57.93163,6.62517],[-57.94173,6.63064],[-57.94903,6.63497],[-57.96628,6.64462],[-57.98912,6.65574],[-57.99299,6.6583],[-57.99943,6.66142],[-58.00267,6.66406],[-58.00611,6.66522],[-58.01043,6.66772],[-58.0133,6.67042],[-58.01869,6.67371],[-58.04723,6.6866],[-58.05083,6.68973],[-58.05851,6.69172],[-58.05786,6.69252],[-58.05171,6.70926],[-58.05198,6.70933],[-58.07305,6.71481],[-58.08005,6.71641],[-58.08385,6.71771],[-58.11049,6.7246],[-58.11515,6.72545],[-58.11697,6.72452],[-58.1279,6.71427],[-58.13214,6.71035],[-58.13327,6.69328],[-58.13389,6.68484],[-58.13428,6.67835],[-58.13703,6.67847],[-58.13885,6.67597],[-58.15116,6.66462],[-58.1567,6.65802],[-58.16732,6.64435],[-58.17334,6.6248],[-58.18228,6.61282],[-58.19078,6.58473],[-58.19204,6.5797],[-58.18883,6.57335],[-58.18295,6.56176],[-58.17994,6.57047],[-58.17694,6.57471],[-58.175,6.57619],[-58.17622,6.58106],[-58.17441,6.58541],[-58.17609,6.58683],[-58.17801,6.59412],[-58.1714,6.59857],[-58.16571,6.60151],[-58.15822,6.6006],[-58.15206,6.60278],[-58.14705,6.60297],[-58.14389,6.6042],[-58.13944,6.60422],[-58.12761,6.59238],[-58.12932,6.58738],[-58.12725,6.58344],[-58.12891,6.5814],[-58.12775,6.57835],[-58.12522,6.57677],[-58.12421,6.57671],[-58.12384,6.57674],[-58.12352,6.57652],[-58.12288,6.57609],[-58.1225,6.57583],[-58.12064,6.57569],[-58.11995,6.57623],[-58.11984,6.57631],[-58.11883,6.57667],[-58.11771,6.5771],[-58.11729,6.57727],[-58.11708,6.57735],[-58.11695,6.57736],[-58.11634,6.57745],[-58.116,6.57749],[-58.11368,6.57676],[-58.11091,6.57561],[-58.10706,6.57713],[-58.10065,6.57635],[-58.09915,6.57653],[-58.09905,6.57654],[-58.09756,6.57638],[-58.09752,6.57634],[-58.09732,6.57614],[-58.0965,6.57531],[-58.09587,6.57488],[-58.09402,6.5743],[-58.09259,6.5733],[-58.08729,6.56958],[-58.087,6.56917],[-58.08697,6.56913],[-58.08666,6.56882],[-58.08663,6.56879],[-58.08652,6.56864],[-58.08641,6.56853],[-58.08621,6.56828],[-58.0862,6.56827],[-58.08618,6.56825],[-58.08613,6.56815],[-58.08612,6.56814],[-58.08598,6.56769],[-58.08743,6.56172],[-58.08662,6.56114],[-58.08586,6.56091],[-58.08525,6.56073],[-58.08119,6.56296],[-58.07329,6.56536],[-58.07155,6.56533],[-58.07123,6.56536],[-58.07072,6.56541],[-58.07059,6.56544],[-58.07053,6.56545],[-58.0699,6.56561],[-58.06909,6.56593],[-58.069,6.56598],[-58.06822,6.56604],[-58.06683,6.56586],[-58.0662,6.56585],[-58.06564,6.56581],[-58.06494,6.56577],[-58.06409,6.56565],[-58.06313,6.5655],[-58.06312,6.56549],[-58.06093,6.56413],[-58.06053,6.56308],[-58.06052,6.56304],[-58.06032,6.56179],[-58.05531,6.55791],[-58.05346,6.55372],[-58.05308,6.54889],[-58.05039,6.54876],[-58.04643,6.54528],[-58.04118,6.54554],[-58.03071,6.54176],[-58.0264,6.53938],[-58.02523,6.53454],[-58.02309,6.53432],[-58.02058,6.53195],[-58.01927,6.53686],[-58.01414,6.54453],[-58.00965,6.54561],[-58.0043,6.55121],[-57.9719,6.58426],[-57.96341,6.59258],[-57.94135,6.61507],[-57.94081,6.61568],[-57.94075,6.61566]]]},"properties":{"ID":"420","NAME":"Demerara Conservancy","STATUS":"Conservancy","REGION":"Demerara-Mahaica"}},
{"type":"Feature","geometry":{"type":"Polygon","coordinates":[[[-57.93681,5.36198],[-57.92722,5.36861],[-57.91344,5.38066],[-57.90084,5.3873],[-57.88945,5.39273],[-57.87746,5.39936],[-57.86966,5.40479],[-57.86247,5.41322],[-57.85709,5.42285],[-57.8511,5.43428],[-57.84751,5.44271],[-57.84933,5.45173],[-57.84754,5.46316],[-57.84515,5.46797],[-57.84035,5.4746],[-57.83556,5.48362],[-57.83274,5.49216],[-57.83918,5.49685],[-57.8434,5.50226],[-57.8476,5.50586],[-57.85361,5.50826],[-57.85782,5.51427],[-57.86382,5.51787],[-57.87163,5.52086],[-57.88124,5.52566],[-57.88726,5.53167],[-57.89207,5.53888],[-57.89689,5.5515],[-57.90229,5.54788],[-57.9083,5.55629],[-57.91491,5.55869],[-57.92151,5.55808],[-57.9296,5.56758],[-57.92855,5.57561],[-57.92268,5.58257],[-57.91415,5.58472],[-57.90667,5.58473],[-57.90986,5.59043],[-57.91247,5.59694],[-57.92028,5.59889],[-57.92548,5.59301],[-57.93263,5.59104],[-57.93848,5.58843],[-57.94498,5.59037],[-57.95213,5.5858],[-57.95734,5.58644],[-57.96969,5.58121],[-57.9762,5.58641],[-57.98142,5.59292],[-57.99771,5.60853],[-58.00422,5.61113],[-58.01007,5.61177],[-58.01722,5.61046],[-58.02437,5.60653],[-58.03024,5.61239],[-58.03739,5.61237],[-58.05365,5.61104],[-58.06145,5.60842],[-58.06926,5.61036],[-58.07511,5.60774],[-58.08097,5.60774],[-58.08943,5.61033],[-58.09726,5.62204],[-58.11158,5.62658],[-58.12458,5.62655],[-58.14865,5.62455],[-58.15384,5.61998],[-58.15643,5.61345],[-58.15967,5.60693],[-58.16487,5.60431],[-58.17203,5.60626],[-58.18763,5.60166],[-58.19347,5.59123],[-58.1954,5.58275],[-58.20188,5.571],[-58.20708,5.56774],[-58.21554,5.57228],[-58.2227,5.57292],[-58.22854,5.56965],[-58.23439,5.56507],[-58.24154,5.56375],[-58.24999,5.56113],[-58.25563,5.55748],[-58.25375,5.55696],[-58.25161,5.54848],[-58.24999,5.53152],[-58.2505,5.52198],[-58.25366,5.51561],[-58.25417,5.50924],[-58.24621,5.49813],[-58.23878,5.4886],[-58.23771,5.47906],[-58.23557,5.46793],[-58.23396,5.4568],[-58.24133,5.44141],[-58.24682,5.43522],[-58.23991,5.43279],[-58.23103,5.43144],[-58.2201,5.43694],[-58.20577,5.44244],[-58.19894,5.44177],[-58.1921,5.437],[-58.18866,5.42536],[-58.18671,5.41315],[-58.17924,5.41349],[-58.17105,5.4171],[-58.16235,5.41917],[-58.1557,5.42586],[-58.15264,5.43254],[-58.14393,5.43461],[-58.13319,5.44336],[-58.12603,5.45159],[-58.12041,5.46084],[-58.11478,5.46547],[-58.10453,5.46241],[-58.09685,5.46345],[-58.08917,5.46911],[-58.08508,5.47477],[-58.07485,5.48146],[-58.0682,5.48917],[-58.06104,5.49432],[-58.05489,5.49587],[-58.04361,5.49179],[-58.03541,5.49283],[-58.02722,5.49695],[-58.02108,5.4985],[-58.01492,5.49389],[-58.01234,5.48362],[-58.0113,5.47438],[-58.00667,5.46566],[-57.99949,5.45951],[-57.99436,5.45593],[-57.98616,5.45388],[-57.98051,5.4467],[-57.97691,5.43952],[-57.9761,5.43611],[-57.98117,5.43806],[-57.9865,5.43537],[-57.9897,5.42895],[-57.99075,5.41879],[-57.99258,5.41473],[-57.98712,5.40885],[-57.97954,5.40507],[-57.97007,5.39877],[-57.95995,5.38614],[-57.95237,5.3773],[-57.93681,5.36198]]]},"properties":{"ID":"1004","NAME":"Ituni","STATUS":"Not Classified","REGION":"Upper Demerara-Berbice"}},
{"type":"Feature","geometry":{"type":"Polygon","coordinates":[[[-58.18671,5.41315],[-58.1811,5.39936],[-58.17561,5.38842],[-58.16671,5.37817],[-58.14961,5.3652],[-58.13866,5.35495],[-58.13045,5.34675],[-58.12291,5.33375],[-58.12085,5.32622],[-58.12083,5.31733],[-58.12286,5.30705],[-58.12831,5.29814],[-58.1317,5.28581],[-58.13167,5.2687],[-58.12073,5.25982],[-58.10706,5.253],[-58.09966,5.24376],[-58.09665,5.24853],[-58.09134,5.24379],[-58.08866,5.23488],[-58.08508,5.22552],[-58.08062,5.21839],[-58.07794,5.21037],[-58.069,5.18586],[-58.06321,5.17829],[-58.05652,5.16805],[-58.04718,5.16628],[-58.0391,5.16418],[-58.0391,5.16876],[-58.03672,5.17538],[-58.02354,5.19164],[-58.01936,5.20307],[-58.01638,5.2121],[-58.0122,5.22293],[-58.00922,5.23436],[-58.00143,5.244],[-57.99244,5.25183],[-57.98765,5.25725],[-57.98346,5.26327],[-57.97808,5.2735],[-57.9727,5.28554],[-57.96852,5.30359],[-57.96854,5.31322],[-57.96436,5.32284],[-57.96017,5.33488],[-57.95658,5.3403],[-57.93681,5.36198],[-57.95237,5.3773],[-57.95995,5.38614],[-57.97007,5.39877],[-57.97954,5.40507],[-57.98712,5.40885],[-57.99258,5.41473],[-57.99075,5.41879],[-57.9897,5.42895],[-57.9865,5.43537],[-57.98117,5.43806],[-57.9761,5.43611],[-57.97691,5.43952],[-57.98051,5.4467],[-57.98616,5.45388],[-57.99436,5.45593],[-57.99949,5.45951],[-58.00667,5.46566],[-58.0113,5.47438],[-58.01234,5.48362],[-58.01492,5.49389],[-58.02108,5.4985],[-58.02722,5.49695],[-58.03541,5.49283],[-58.04361,5.49179],[-58.05489,5.49587],[-58.06104,5.49432],[-58.0682,5.48917],[-58.07485,5.48146],[-58.08508,5.47477],[-58.08917,5.46911],[-58.09685,5.46345],[-58.10453,5.46241],[-58.11478,5.46547],[-58.12041,5.46084],[-58.12603,5.45159],[-58.13319,5.44336],[-58.14393,5.43461],[-58.15264,5.43254],[-58.1557,5.42586],[-58.16235,5.41917],[-58.17105,5.4171],[-58.17924,5.41349],[-58.18671,5.41315]]]},"properties":{"ID":"1001","NAME":"Kwakwani","STATUS":"Neighbourhood Democratic Council","REGION":"Upper Demerara-Berbice"}},
{"type":"Feature","geometry":{"type":"Polygon","coordinates":[[[-58.30833,6.07272],[-58.31163,6.06674],[-58.31559,6.06209],[-58.32222,6.06008],[-58.32618,6.05476],[-58.33014,6.04745],[-58.33677,6.05009],[-58.34407,6.05406],[-58.3507,6.0547],[-58.356,6.05336],[-58.3613,6.05003],[-58.3666,6.04803],[-58.37984,6.04534],[-58.38948,6.03693],[-58.38506,6.01082],[-58.38306,6.00486],[-58.38237,5.99689],[-58.38302,5.99026],[-58.38433,5.98296],[-58.3863,5.97698],[-58.39491,5.97231],[-58.39991,5.96728],[-58.39754,5.96633],[-58.39289,5.96104],[-58.38824,5.95972],[-58.38162,5.95974],[-58.37235,5.96441],[-58.36972,5.97171],[-58.36442,5.97305],[-58.35713,5.97373],[-58.35118,5.97707],[-58.34588,5.97841],[-58.34059,5.98572],[-58.33463,5.9864],[-58.328,5.9831],[-58.31804,5.97648],[-58.30939,5.96456],[-58.30209,5.95728],[-58.2476,5.89503],[-58.24033,5.90434],[-58.22321,5.95149],[-58.21002,5.98469],[-58.20741,6.00394],[-58.20877,6.01987],[-58.20814,6.03447],[-58.2042,6.05173],[-58.21017,6.05172],[-58.21547,6.04772],[-58.23334,6.03906],[-58.23997,6.03904],[-58.24198,6.04899],[-58.25128,6.05759],[-58.26256,6.06155],[-58.27516,6.06218],[-58.28245,6.06217],[-58.28907,6.05751],[-58.30833,6.07272]]]},"properties":{"ID":"1002","NAME":"Linden","STATUS":"Municipality","REGION":"Upper Demerara-Berbice"}},
{"type":"Feature","geometry":{"type":"Polygon","coordinates":[[[-58.23557,5.46793],[-58.24252,5.47256],[-58.2477,5.47427],[-58.26263,5.46906],[-58.27123,5.4604],[-58.27466,5.45176],[-58.28041,5.45232],[-58.28731,5.45403],[-58.3011,5.45343],[-58.3189,5.44706],[-58.33786,5.44528],[-58.3574,5.44524],[-58.36486,5.44465],[-58.37119,5.44579],[-58.37638,5.45614],[-58.38617,5.46245],[-58.39306,5.46071],[-58.39991,5.44111],[-58.40392,5.43707],[-58.4085,5.43073],[-58.40907,5.42497],[-58.40445,5.41692],[-58.40788,5.41],[-58.41305,5.40653],[-58.41994,5.40709],[-58.42569,5.40938],[-58.42855,5.40074],[-58.44118,5.3984],[-58.44635,5.39839],[-58.45323,5.38974],[-58.46355,5.38395],[-58.4808,5.38564],[-58.48425,5.38966],[-58.48485,5.39888],[-58.4906,5.40231],[-58.49749,5.40057],[-58.50439,5.39998],[-58.51646,5.4011],[-58.53312,5.39991],[-58.54461,5.39988],[-58.55208,5.40274],[-58.56126,5.39523],[-58.56124,5.38717],[-58.56237,5.3814],[-58.56408,5.37737],[-58.56579,5.37046],[-58.56347,5.36298],[-58.55542,5.35954],[-58.54966,5.35495],[-58.5485,5.34862],[-58.55308,5.34343],[-58.56286,5.34743],[-58.57319,5.34452],[-58.57662,5.33645],[-58.58753,5.33413],[-58.59845,5.3364],[-58.60249,5.3433],[-58.61054,5.34788],[-58.61629,5.35017],[-58.62203,5.34555],[-58.63122,5.34552],[-58.63906,5.35464],[-58.64481,5.34692],[-58.65413,5.33954],[-58.66145,5.33685],[-58.66811,5.33081],[-58.68142,5.32008],[-58.69406,5.30667],[-58.70335,5.28993],[-58.71132,5.27654],[-58.7166,5.25981],[-58.71724,5.24844],[-58.71922,5.23908],[-58.72387,5.23305],[-58.72384,5.22235],[-58.72514,5.21098],[-58.73045,5.20361],[-58.73508,5.18689],[-58.73639,5.17819],[-58.73636,5.1695],[-58.72699,5.15482],[-58.72227,5.13745],[-58.72425,5.12809],[-58.72889,5.11938],[-58.73553,5.10867],[-58.73682,5.09396],[-58.73474,5.06254],[-58.72605,5.05254],[-58.72269,5.04252],[-58.72199,5.03249],[-58.71727,5.01245],[-58.71125,5.0011],[-58.70722,4.99242],[-58.70386,4.98173],[-58.70251,4.97371],[-58.70181,4.96235],[-58.69579,4.95233],[-58.68776,4.94099],[-58.68174,4.93164],[-58.67371,4.92231],[-58.66903,4.91362],[-58.67168,4.90626],[-58.68099,4.89822],[-58.69164,4.89284],[-58.69961,4.88346],[-58.70566,4.8788],[-58.70166,4.87731],[-58.68689,4.8702],[-58.68129,4.86613],[-58.67517,4.86104],[-58.66549,4.85851],[-58.65735,4.857],[-58.64818,4.85345],[-58.64412,4.85397],[-58.63292,4.85349],[-58.62529,4.85351],[-58.61968,4.84995],[-58.61307,4.84894],[-58.60391,4.85101],[-58.59324,4.85409],[-58.58102,4.85412],[-58.57493,4.85771],[-58.56781,4.8613],[-58.56427,4.86845],[-58.56174,4.87816],[-58.56176,4.8853],[-58.55873,4.89552],[-58.55315,4.90063],[-58.54756,4.90473],[-58.53993,4.90628],[-58.5262,4.91039],[-58.51908,4.91449],[-58.5069,4.92677],[-58.50233,4.92984],[-58.49675,4.93904],[-58.49422,4.94721],[-58.49476,4.95946],[-58.49426,4.96456],[-58.49173,4.96916],[-58.49123,4.97478],[-58.4943,4.97937],[-58.49888,4.97936],[-58.50143,4.9819],[-58.50449,4.98649],[-58.5101,4.9926],[-58.5152,4.99667],[-58.52286,5.00788],[-58.52338,5.01248],[-58.52135,5.01554],[-58.52136,5.02013],[-58.52392,5.02472],[-58.52851,5.02879],[-58.53107,5.03593],[-58.52803,5.04003],[-58.52449,5.04973],[-58.52857,5.05635],[-58.53062,5.06094],[-58.53571,5.06348],[-58.53471,5.06757],[-58.53064,5.07115],[-58.52354,5.07933],[-58.51897,5.08751],[-58.51288,5.09314],[-58.50678,5.09724],[-58.49968,5.10593],[-58.4946,5.11104],[-58.48851,5.1182],[-58.47783,5.12589],[-58.46817,5.13101],[-58.46209,5.1397],[-58.45854,5.14634],[-58.45143,5.15402],[-58.44328,5.15353],[-58.43615,5.14895],[-58.42952,5.14641],[-58.42086,5.14235],[-58.41474,5.13726],[-58.41116,5.12961],[-58.4086,5.12196],[-58.40297,5.11176],[-58.39633,5.10106],[-58.39123,5.09341],[-58.38103,5.08374],[-58.37492,5.07901],[-58.37651,5.08537],[-58.37336,5.09386],[-58.36915,5.10182],[-58.36283,5.11562],[-58.36127,5.12517],[-58.35072,5.13898],[-58.33648,5.15385],[-58.32381,5.16448],[-58.31535,5.16503],[-58.30848,5.1714],[-58.29793,5.18044],[-58.29108,5.19371],[-58.28793,5.2075],[-58.29271,5.2165],[-58.2901,5.23135],[-58.29065,5.24089],[-58.28488,5.26742],[-58.28172,5.27432],[-58.27539,5.28175],[-58.27435,5.28918],[-58.27489,5.2966],[-58.27757,5.31197],[-58.27918,5.32416],[-58.28608,5.33262],[-58.28822,5.34429],[-58.28401,5.35596],[-58.27929,5.37399],[-58.27192,5.3931],[-58.26824,5.40636],[-58.26245,5.41856],[-58.25453,5.42653],[-58.24682,5.43522],[-58.24133,5.44141],[-58.23396,5.4568],[-58.23557,5.46793]]]},"properties":{"ID":"1005","NAME":"Mabura Hills","STATUS":"Not Classified","REGION":"Upper Demerara-Berbice"}},
{"type":"Feature","geometry":{"type":"Polygon","coordinates":[[[-57.93681,5.36198],[-57.95658,5.3403],[-57.96017,5.33488],[-57.96436,5.32284],[-57.96854,5.31322],[-57.96852,5.30359],[-57.9727,5.28554],[-57.97808,5.2735],[-57.98346,5.26327],[-57.98765,5.25725],[-57.99244,5.25183],[-58.00143,5.244],[-58.00922,5.23436],[-58.0122,5.22293],[-58.01638,5.2121],[-58.01936,5.20307],[-58.02354,5.19164],[-58.03672,5.17538],[-58.0391,5.16876],[-58.0391,5.16418],[-58.03909,5.16094],[-58.03788,5.15492],[-58.04027,5.14771],[-58.03965,5.13628],[-58.03663,5.12486],[-58.03662,5.11584],[-58.03841,5.10741],[-58.04139,5.09959],[-58.04798,5.09356],[-58.05637,5.08814],[-58.06356,5.08151],[-58.07074,5.07127],[-58.07293,5.06462],[-58.07903,5.06322],[-58.1026,5.06452],[-58.10971,5.06406],[-58.11683,5.06717],[-58.12262,5.07296],[-58.12841,5.0774],[-58.13463,5.07472],[-58.13551,5.06624],[-58.13772,5.05911],[-58.14394,5.05909],[-58.15151,5.06265],[-58.15685,5.06398],[-58.16574,5.06396],[-58.17019,5.06217],[-58.18129,5.05323],[-58.1884,5.05188],[-58.19418,5.05187],[-58.19997,5.05632],[-58.20131,5.06256],[-58.20134,5.07549],[-58.21024,5.07904],[-58.21601,5.07858],[-58.22134,5.07233],[-58.22578,5.07054],[-58.23024,5.07677],[-58.23648,5.08122],[-58.24715,5.0812],[-58.25648,5.07851],[-58.2608,5.07936],[-58.26491,5.07598],[-58.27734,5.07321],[-58.28585,5.0752],[-58.29186,5.07368],[-58.29486,5.06966],[-58.30034,5.05911],[-58.30283,5.05258],[-58.30782,5.04554],[-58.31332,5.04101],[-58.32082,5.03748],[-58.32832,5.03646],[-58.33533,5.03394],[-58.34233,5.03192],[-58.34933,5.0304],[-58.35583,5.02737],[-58.35882,5.02034],[-58.36182,5.01531],[-58.36681,5.00978],[-58.3748,4.99972],[-58.3853,4.99152],[-58.37841,4.9804],[-58.37204,4.96875],[-58.36832,4.95709],[-58.36777,4.94702],[-58.37092,4.93906],[-58.37144,4.9327],[-58.3693,4.92263],[-58.36928,4.91149],[-58.37508,4.90141],[-58.38351,4.89026],[-58.38614,4.88283],[-58.38982,4.87752],[-58.39245,4.87009],[-58.39455,4.86267],[-58.39823,4.85258],[-58.39716,4.84516],[-58.3887,4.84306],[-58.38025,4.84414],[-58.36648,4.83197],[-58.35168,4.83094],[-58.34743,4.82512],[-58.34372,4.81399],[-58.34369,4.80339],[-58.34156,4.79544],[-58.33521,4.78538],[-58.3299,4.77319],[-58.32616,4.75624],[-58.32455,4.74087],[-58.32135,4.72815],[-58.32292,4.71701],[-58.32501,4.7064],[-58.32394,4.69845],[-58.32497,4.68625],[-58.3239,4.67671],[-58.32111,4.66838],[-58.32058,4.669],[-58.31056,4.65765],[-58.29753,4.64864],[-58.28202,4.64883],[-58.23919,4.64736],[-58.21078,4.65],[-58.20077,4.64443],[-58.18414,4.64091],[-58.15985,4.64003],[-58.14219,4.63988],[-58.12703,4.64795],[-58.09936,4.65528],[-58.09112,4.66218],[-58.07846,4.6833],[-58.0738,4.69587],[-58.07361,4.69638],[-58.07346,4.69677],[-58.06992,4.70633],[-58.06286,4.72731],[-58.05844,4.74653],[-58.05564,4.77219],[-58.04534,4.81986],[-58.03577,4.84084],[-58.01531,4.88263],[-57.98853,4.9259],[-57.90492,5.01168],[-57.88476,5.04511],[-57.86871,5.09525],[-57.84686,5.15257],[-57.80093,5.21648],[-57.79387,5.27218],[-57.78003,5.29563],[-57.74265,5.33021],[-57.70585,5.42136],[-57.70467,5.47939],[-57.68436,5.55908],[-57.66611,5.66865],[-57.64668,5.72753],[-57.63128,5.77608],[-57.63122,5.78424],[-57.6311,5.78622],[-57.65383,5.78406],[-57.65917,5.78405],[-57.66825,5.7803],[-57.66931,5.77334],[-57.66396,5.76532],[-57.66502,5.7589],[-57.67088,5.75087],[-57.68103,5.74979],[-57.69117,5.74764],[-57.70026,5.74923],[-57.71254,5.75189],[-57.72056,5.75937],[-57.73287,5.77968],[-57.73395,5.79038],[-57.72809,5.79787],[-57.73291,5.8075],[-57.74306,5.80855],[-57.75106,5.80373],[-57.7596,5.79676],[-57.76173,5.79195],[-57.76172,5.7866],[-57.75638,5.78447],[-57.7505,5.78287],[-57.74729,5.77699],[-57.74888,5.77217],[-57.75583,5.77056],[-57.76009,5.76681],[-57.76008,5.75825],[-57.75633,5.7513],[-57.7483,5.7342],[-57.74829,5.72778],[-57.75416,5.72242],[-57.76163,5.72187],[-57.76645,5.72722],[-57.77392,5.72667],[-57.78139,5.72131],[-57.78566,5.71917],[-57.78833,5.71488],[-57.78298,5.70901],[-57.7787,5.7026],[-57.77869,5.69725],[-57.78562,5.69135],[-57.78668,5.68493],[-57.784,5.67798],[-57.78345,5.66728],[-57.78344,5.65766],[-57.78557,5.65284],[-57.79091,5.65016],[-57.80159,5.65175],[-57.81067,5.65602],[-57.81815,5.65654],[-57.82189,5.65921],[-57.81442,5.66671],[-57.80909,5.67046],[-57.8123,5.67688],[-57.81925,5.68168],[-57.82299,5.68702],[-57.82727,5.69183],[-57.83743,5.69449],[-57.84757,5.69394],[-57.85237,5.68965],[-57.85876,5.68269],[-57.86783,5.67358],[-57.87156,5.66716],[-57.87208,5.66127],[-57.86779,5.64577],[-57.87098,5.63667],[-57.87363,5.62276],[-57.87735,5.61473],[-57.88961,5.60027],[-57.89601,5.59545],[-57.90081,5.58956],[-57.90667,5.58473],[-57.91415,5.58472],[-57.92268,5.58257],[-57.92855,5.57561],[-57.9296,5.56758],[-57.92151,5.55808],[-57.91491,5.55869],[-57.9083,5.55629],[-57.90229,5.54788],[-57.89689,5.5515],[-57.89207,5.53888],[-57.88726,5.53167],[-57.88124,5.52566],[-57.87163,5.52086],[-57.86382,5.51787],[-57.85782,5.51427],[-57.85361,5.50826],[-57.8476,5.50586],[-57.8434,5.50226],[-57.83918,5.49685],[-57.83274,5.49216],[-57.83556,5.48362],[-57.84035,5.4746],[-57.84515,5.46797],[-57.84754,5.46316],[-57.84933,5.45173],[-57.84751,5.44271],[-57.8511,5.43428],[-57.85709,5.42285],[-57.86247,5.41322],[-57.86966,5.40479],[-57.87746,5.39936],[-57.88945,5.39273],[-57.90084,5.3873],[-57.91344,5.38066],[-57.92722,5.36861],[-57.93681,5.36198]]]},"properties":{"ID":"1007","NAME":"Berbice River Settlements","STATUS":"Not Classified","REGION":"Upper Demerara-Berbice"}},
{"type":"Feature","geometry":{"type":"Polygon","coordinates":[[[-58.38749,6.13507],[-58.39794,6.12736],[-58.40388,6.12045],[-58.40854,6.11309],[-58.40852,6.10506],[-58.40714,6.08835],[-58.40779,6.081],[-58.39973,6.06698],[-58.39972,6.05828],[-58.40236,6.04958],[-58.4077,6.04556],[-58.40969,6.04021],[-58.407,6.03419],[-58.40565,6.02885],[-58.40831,6.02349],[-58.41297,6.01746],[-58.41094,6.00811],[-58.40624,5.99943],[-58.40823,5.99207],[-58.41153,5.97735],[-58.41217,5.96932],[-58.41416,5.9613],[-58.41013,5.95328],[-58.4081,5.9446],[-58.40942,5.93724],[-58.41007,5.93055],[-58.41005,5.92253],[-58.4107,5.9145],[-58.41735,5.90446],[-58.42334,5.89775],[-58.42999,5.88436],[-58.43264,5.87834],[-58.43597,5.87298],[-58.4413,5.86829],[-58.44128,5.86026],[-58.43926,5.85492],[-58.44525,5.84688],[-58.45123,5.83684],[-58.4512,5.82614],[-58.45452,5.8161],[-58.46049,5.80472],[-58.46648,5.79668],[-58.47121,5.7879],[-58.47912,5.77993],[-58.47709,5.76924],[-58.48174,5.75987],[-58.48905,5.74715],[-58.49036,5.73511],[-58.48766,5.72308],[-58.48697,5.71506],[-58.48494,5.70503],[-58.48759,5.697],[-58.49358,5.68963],[-58.49222,5.68161],[-58.49286,5.67292],[-58.49684,5.66221],[-58.50483,5.65216],[-58.50613,5.6428],[-58.50878,5.63276],[-58.50475,5.62341],[-58.49232,5.62804],[-58.48716,5.63611],[-58.48028,5.64131],[-58.47166,5.64364],[-58.46305,5.64884],[-58.4556,5.65635],[-58.44987,5.66558],[-58.44242,5.67423],[-58.44072,5.68115],[-58.43728,5.68634],[-58.4304,5.69211],[-58.41087,5.69849],[-58.40512,5.69909],[-58.39477,5.69911],[-58.38844,5.69452],[-58.3798,5.68421],[-58.3746,5.67497],[-58.36826,5.66865],[-58.35962,5.66176],[-58.34983,5.65718],[-58.34464,5.65028],[-58.3429,5.64049],[-58.34346,5.63474],[-58.34287,5.6284],[-58.34171,5.62495],[-58.33194,5.62267],[-58.29916,5.61756],[-58.28933,5.61785],[-58.29202,5.63588],[-58.29098,5.64542],[-58.28465,5.65286],[-58.28149,5.65976],[-58.27992,5.67142],[-58.27942,5.68415],[-58.27257,5.69636],[-58.26624,5.70697],[-58.25991,5.71441],[-58.2557,5.72503],[-58.25046,5.75049],[-58.24893,5.78018],[-58.25479,5.7966],[-58.2527,5.80615],[-58.24635,5.80775],[-58.23629,5.80778],[-58.20984,5.81738],[-58.19927,5.82641],[-58.18819,5.84499],[-58.18135,5.86462],[-58.18244,5.87947],[-58.1809,5.90227],[-58.17247,5.92349],[-58.16742,5.93996],[-58.1556,5.95639],[-58.14999,5.97732],[-58.14503,5.98388],[-58.13801,5.99083],[-58.14294,6.00883],[-58.13588,6.02815],[-58.13588,6.04447],[-58.13588,6.05304],[-58.13676,6.08699],[-58.15972,6.09314],[-58.16973,6.08407],[-58.17577,6.08436],[-58.18224,6.09929],[-58.1899,6.10983],[-58.19902,6.12066],[-58.21668,6.12592],[-58.23552,6.1148],[-58.26114,6.09548],[-58.27733,6.09051],[-58.28566,6.09518],[-58.29655,6.1013],[-58.32426,6.11434],[-58.34393,6.12293],[-58.36986,6.12411],[-58.38749,6.13507]],[[-58.30833,6.07272],[-58.28907,6.05751],[-58.28245,6.06217],[-58.27516,6.06218],[-58.26256,6.06155],[-58.25128,6.05759],[-58.24198,6.04899],[-58.23997,6.03904],[-58.23334,6.03906],[-58.21547,6.04772],[-58.21017,6.05172],[-58.2042,6.05173],[-58.20814,6.03447],[-58.20877,6.01987],[-58.20741,6.00394],[-58.21002,5.98469],[-58.22321,5.95149],[-58.24033,5.90434],[-58.2476,5.89503],[-58.30209,5.95728],[-58.30939,5.96456],[-58.31804,5.97648],[-58.328,5.9831],[-58.33463,5.9864],[-58.34059,5.98572],[-58.34588,5.97841],[-58.35118,5.97707],[-58.35713,5.97373],[-58.36442,5.97305],[-58.36972,5.97171],[-58.37235,5.96441],[-58.38162,5.95974],[-58.38824,5.95972],[-58.39289,5.96104],[-58.39754,5.96633],[-58.39991,5.96728],[-58.39491,5.97231],[-58.3863,5.97698],[-58.38433,5.98296],[-58.38302,5.99026],[-58.38237,5.99689],[-58.38306,6.00486],[-58.38506,6.01082],[-58.38948,6.03693],[-58.37984,6.04534],[-58.3666,6.04803],[-58.3613,6.05003],[-58.356,6.05336],[-58.3507,6.0547],[-58.34407,6.05406],[-58.33677,6.05009],[-58.33014,6.04745],[-58.32618,6.05476],[-58.32222,6.06008],[-58.31559,6.06209],[-58.31163,6.06674],[-58.30833,6.07272]]]},"properties":{"ID":"1003","NAME":"Coomaka Lands","STATUS":"Not Classified","REGION":"Upper Demerara-Berbice"}},
{"type":"Feature","geometry":{"type":"Polygon","coordinates":[[[-58.24682,5.43522],[-58.25453,5.42653],[-58.26245,5.41856],[-58.26824,5.40636],[-58.27192,5.3931],[-58.27929,5.37399],[-58.28401,5.35596],[-58.28822,5.34429],[-58.28608,5.33262],[-58.27918,5.32416],[-58.27757,5.31197],[-58.27489,5.2966],[-58.27435,5.28918],[-58.27539,5.28175],[-58.28172,5.27432],[-58.28488,5.26742],[-58.29065,5.24089],[-58.2901,5.23135],[-58.29271,5.2165],[-58.28793,5.2075],[-58.29108,5.19371],[-58.29793,5.18044],[-58.30848,5.1714],[-58.31535,5.16503],[-58.32381,5.16448],[-58.33648,5.15385],[-58.35072,5.13898],[-58.36127,5.12517],[-58.36283,5.11562],[-58.36915,5.10182],[-58.37336,5.09386],[-58.37651,5.08537],[-58.37492,5.07901],[-58.38103,5.08374],[-58.39123,5.09341],[-58.39633,5.10106],[-58.40297,5.11176],[-58.4086,5.12196],[-58.41116,5.12961],[-58.41474,5.13726],[-58.42086,5.14235],[-58.42952,5.14641],[-58.43615,5.14895],[-58.44328,5.15353],[-58.45143,5.15402],[-58.45854,5.14634],[-58.46209,5.1397],[-58.46817,5.13101],[-58.47783,5.12589],[-58.48851,5.1182],[-58.4946,5.11104],[-58.49968,5.10593],[-58.50678,5.09724],[-58.51288,5.09314],[-58.51897,5.08751],[-58.52354,5.07933],[-58.53064,5.07115],[-58.53471,5.06757],[-58.53571,5.06348],[-58.53062,5.06094],[-58.52857,5.05635],[-58.52449,5.04973],[-58.52803,5.04003],[-58.53107,5.03593],[-58.52851,5.02879],[-58.52392,5.02472],[-58.52136,5.02013],[-58.52135,5.01554],[-58.52338,5.01248],[-58.52286,5.00788],[-58.5152,4.99667],[-58.5101,4.9926],[-58.50449,4.98649],[-58.50143,4.9819],[-58.49888,4.97936],[-58.4943,4.97937],[-58.49123,4.97478],[-58.49173,4.96916],[-58.49426,4.96456],[-58.49476,4.95946],[-58.49422,4.94721],[-58.49675,4.93904],[-58.50233,4.92984],[-58.5069,4.92677],[-58.51908,4.91449],[-58.5262,4.91039],[-58.53993,4.90628],[-58.54756,4.90473],[-58.55315,4.90063],[-58.55873,4.89552],[-58.56176,4.8853],[-58.56174,4.87816],[-58.56427,4.86845],[-58.56781,4.8613],[-58.57493,4.85771],[-58.58102,4.85412],[-58.59324,4.85409],[-58.60391,4.85101],[-58.61307,4.84894],[-58.61968,4.84995],[-58.62529,4.85351],[-58.63292,4.85349],[-58.64412,4.85397],[-58.64818,4.85345],[-58.65735,4.857],[-58.66549,4.85851],[-58.67517,4.86104],[-58.68129,4.86613],[-58.68689,4.8702],[-58.70166,4.87731],[-58.70566,4.8788],[-58.69961,4.88346],[-58.69164,4.89284],[-58.68099,4.89822],[-58.67168,4.90626],[-58.66903,4.91362],[-58.67371,4.92231],[-58.68174,4.93164],[-58.68776,4.94099],[-58.69579,4.95233],[-58.70181,4.96235],[-58.70251,4.97371],[-58.70386,4.98173],[-58.70722,4.99242],[-58.71125,5.0011],[-58.71727,5.01245],[-58.72199,5.03249],[-58.72269,5.04252],[-58.72605,5.05254],[-58.73474,5.06254],[-58.73682,5.09396],[-58.73553,5.10867],[-58.72889,5.11938],[-58.72425,5.12809],[-58.72227,5.13745],[-58.72699,5.15482],[-58.73636,5.1695],[-58.73639,5.17819],[-58.73508,5.18689],[-58.73045,5.20361],[-58.72514,5.21098],[-58.72384,5.22235],[-58.72387,5.23305],[-58.71922,5.23908],[-58.71724,5.24844],[-58.7166,5.25981],[-58.71132,5.27654],[-58.70335,5.28993],[-58.69406,5.30667],[-58.68142,5.32008],[-58.66811,5.33081],[-58.66145,5.33685],[-58.65413,5.33954],[-58.64481,5.34692],[-58.63906,5.35464],[-58.63122,5.34552],[-58.62203,5.34555],[-58.61629,5.35017],[-58.61054,5.34788],[-58.60249,5.3433],[-58.59845,5.3364],[-58.58753,5.33413],[-58.57662,5.33645],[-58.57319,5.34452],[-58.56286,5.34743],[-58.55308,5.34343],[-58.5485,5.34862],[-58.54966,5.35495],[-58.55542,5.35954],[-58.56347,5.36298],[-58.56579,5.37046],[-58.56408,5.37737],[-58.56237,5.3814],[-58.56124,5.38717],[-58.56126,5.39523],[-58.55208,5.40274],[-58.54461,5.39988],[-58.53312,5.39991],[-58.51646,5.4011],[-58.50439,5.39998],[-58.49749,5.40057],[-58.4906,5.40231],[-58.48485,5.39888],[-58.48425,5.38966],[-58.4808,5.38564],[-58.46355,5.38395],[-58.45323,5.38974],[-58.44635,5.39839],[-58.44118,5.3984],[-58.42855,5.40074],[-58.42569,5.40938],[-58.41994,5.40709],[-58.41305,5.40653],[-58.40788,5.41],[-58.40445,5.41692],[-58.40907,5.42497],[-58.4085,5.43073],[-58.40392,5.43707],[-58.39991,5.44111],[-58.39306,5.46071],[-58.38617,5.46245],[-58.37638,5.45614],[-58.37119,5.44579],[-58.36486,5.44465],[-58.3574,5.44524],[-58.33786,5.44528],[-58.3189,5.44706],[-58.3011,5.45343],[-58.28731,5.45403],[-58.28041,5.45232],[-58.27466,5.45176],[-58.27123,5.4604],[-58.26263,5.46906],[-58.2477,5.47427],[-58.24252,5.47256],[-58.23557,5.46793],[-58.23771,5.47906],[-58.23878,5.4886],[-58.24621,5.49813],[-58.25417,5.50924],[-58.25366,5.51561],[-58.2505,5.52198],[-58.24999,5.53152],[-58.25161,5.54848],[-58.25375,5.55696],[-58.25563,5.55748],[-58.24999,5.56113],[-58.24154,5.56375],[-58.23439,5.56507],[-58.22854,5.56965],[-58.2227,5.57292],[-58.21554,5.57228],[-58.20708,5.56774],[-58.20188,5.571],[-58.1954,5.58275],[-58.19347,5.59123],[-58.18763,5.60166],[-58.17203,5.60626],[-58.16487,5.60431],[-58.15967,5.60693],[-58.15643,5.61345],[-58.15384,5.61998],[-58.14865,5.62455],[-58.12458,5.62655],[-58.11158,5.62658],[-58.09726,5.62204],[-58.08943,5.61033],[-58.08097,5.60774],[-58.07511,5.60774],[-58.06926,5.61036],[-58.06145,5.60842],[-58.05365,5.61104],[-58.03739,5.61237],[-58.03024,5.61239],[-58.02437,5.60653],[-58.01722,5.61046],[-58.01007,5.61177],[-58.00422,5.61113],[-57.99771,5.60853],[-57.98142,5.59292],[-57.9762,5.58641],[-57.96969,5.58121],[-57.95734,5.58644],[-57.95213,5.5858],[-57.94498,5.59037],[-57.93848,5.58843],[-57.93263,5.59104],[-57.92548,5.59301],[-57.92028,5.59889],[-57.91247,5.59694],[-57.90986,5.59043],[-57.90667,5.58473],[-57.90081,5.58956],[-57.89601,5.59545],[-57.88961,5.60027],[-57.87735,5.61473],[-57.87363,5.62276],[-57.87098,5.63667],[-57.86779,5.64577],[-57.87208,5.66127],[-57.87156,5.66716],[-57.86783,5.67358],[-57.85876,5.68269],[-57.85237,5.68965],[-57.84757,5.69394],[-57.83743,5.69449],[-57.82727,5.69183],[-57.82299,5.68702],[-57.81925,5.68168],[-57.8123,5.67688],[-57.80909,5.67046],[-57.81442,5.66671],[-57.82189,5.65921],[-57.81815,5.65654],[-57.81067,5.65602],[-57.80159,5.65175],[-57.79091,5.65016],[-57.78557,5.65284],[-57.78344,5.65766],[-57.78345,5.66728],[-57.784,5.67798],[-57.78668,5.68493],[-57.78562,5.69135],[-57.77869,5.69725],[-57.7787,5.7026],[-57.78298,5.70901],[-57.78833,5.71488],[-57.78566,5.71917],[-57.78139,5.72131],[-57.77392,5.72667],[-57.76645,5.72722],[-57.76163,5.72187],[-57.75416,5.72242],[-57.74829,5.72778],[-57.7483,5.7342],[-57.75633,5.7513],[-57.76008,5.75825],[-57.76009,5.76681],[-57.75583,5.77056],[-57.74888,5.77217],[-57.74729,5.77699],[-57.7505,5.78287],[-57.75638,5.78447],[-57.76172,5.7866],[-57.76173,5.79195],[-57.7596,5.79676],[-57.75106,5.80373],[-57.74306,5.80855],[-57.73291,5.8075],[-57.72809,5.79787],[-57.73395,5.79038],[-57.73287,5.77968],[-57.72056,5.75937],[-57.71254,5.75189],[-57.70026,5.74923],[-57.69117,5.74764],[-57.68103,5.74979],[-57.67088,5.75087],[-57.66502,5.7589],[-57.66396,5.76532],[-57.66931,5.77334],[-57.66825,5.7803],[-57.65917,5.78405],[-57.65383,5.78406],[-57.6311,5.78622],[-57.63109,5.7864],[-57.6322,5.7914],[-57.63351,5.79389],[-57.63602,5.79562],[-57.64216,5.79782],[-57.64519,5.80015],[-57.64731,5.80312],[-57.65233,5.81723],[-57.65632,5.82337],[-57.6613,5.82954],[-57.66684,5.8342],[-57.67619,5.84056],[-57.67909,5.84399],[-57.67975,5.84773],[-57.67872,5.85279],[-57.67602,5.85776],[-57.67299,5.86122],[-57.67016,5.86269],[-57.69461,5.8718],[-57.73317,5.87795],[-57.7529,5.87444],[-57.77026,5.86829],[-57.7944,5.87093],[-57.80942,5.87122],[-57.82149,5.87239],[-57.84445,5.85306],[-57.85652,5.84428],[-57.86652,5.84399],[-57.87447,5.84516],[-57.87477,5.85716],[-57.88272,5.868],[-57.88625,5.86876],[-57.89361,5.87034],[-57.91922,5.86946],[-57.93011,5.87678],[-57.93099,5.8841],[-57.93541,5.89611],[-57.94247,5.90489],[-57.94352,5.90489],[-57.94777,5.90489],[-57.95631,5.91163],[-57.95866,5.92685],[-57.96376,5.9306],[-57.96543,5.93183],[-57.9831,5.93212],[-57.99428,5.94384],[-58.00194,5.95438],[-58.0146,5.95818],[-58.03667,5.95965],[-58.05228,5.96287],[-58.072,5.97721],[-58.0929,5.98014],[-58.11022,5.97749],[-58.11586,5.97663],[-58.13676,5.98629],[-58.13801,5.99083],[-58.14503,5.98388],[-58.14999,5.97732],[-58.1556,5.95639],[-58.16742,5.93996],[-58.17247,5.92349],[-58.1809,5.90227],[-58.18244,5.87947],[-58.18135,5.86462],[-58.18819,5.84499],[-58.19927,5.82641],[-58.20984,5.81738],[-58.23629,5.80778],[-58.24635,5.80775],[-58.2527,5.80615],[-58.25479,5.7966],[-58.24893,5.78018],[-58.25046,5.75049],[-58.2557,5.72503],[-58.25991,5.71441],[-58.26624,5.70697],[-58.27257,5.69636],[-58.27942,5.68415],[-58.27992,5.67142],[-58.28149,5.65976],[-58.28465,5.65286],[-58.29098,5.64542],[-58.29202,5.63588],[-58.28933,5.61785],[-58.29916,5.61756],[-58.33194,5.62267],[-58.34171,5.62495],[-58.34287,5.6284],[-58.34346,5.63474],[-58.3429,5.64049],[-58.34464,5.65028],[-58.34983,5.65718],[-58.35962,5.66176],[-58.36826,5.66865],[-58.3746,5.67497],[-58.3798,5.68421],[-58.38844,5.69452],[-58.39477,5.69911],[-58.40512,5.69909],[-58.41087,5.69849],[-58.4304,5.69211],[-58.43728,5.68634],[-58.44072,5.68115],[-58.44242,5.67423],[-58.44987,5.66558],[-58.4556,5.65635],[-58.46305,5.64884],[-58.47166,5.64364],[-58.48028,5.64131],[-58.48716,5.63611],[-58.49232,5.62804],[-58.50475,5.62341],[-58.50878,5.63276],[-58.50613,5.6428],[-58.50483,5.65216],[-58.49684,5.66221],[-58.49286,5.67292],[-58.49222,5.68161],[-58.49358,5.68963],[-58.48759,5.697],[-58.48494,5.70503],[-58.48697,5.71506],[-58.48766,5.72308],[-58.49036,5.73511],[-58.48905,5.74715],[-58.48174,5.75987],[-58.47709,5.76924],[-58.47912,5.77993],[-58.47121,5.7879],[-58.49083,5.80419],[-58.49906,5.81648],[-58.50072,5.82633],[-58.49912,5.83865],[-58.50077,5.84521],[-58.51063,5.85175],[-58.52048,5.85911],[-58.53197,5.86483],[-58.53938,5.87466],[-58.55004,5.87627],[-58.55907,5.87953],[-58.56483,5.8869],[-58.57614,5.89662],[-58.57816,5.89307],[-58.58382,5.88765],[-58.59188,5.87358],[-58.5923,5.86284],[-58.59178,5.85012],[-58.59262,5.84137],[-58.59597,5.83386],[-58.60163,5.82782],[-58.60875,5.81865],[-58.61106,5.80968],[-58.60875,5.79947],[-58.60414,5.78633],[-58.60205,5.77195],[-58.60477,5.75235],[-58.60867,5.73756],[-58.60968,5.72927],[-58.60736,5.72077],[-58.60472,5.70031],[-58.60616,5.68871],[-58.61,5.68302],[-58.61384,5.67589],[-58.61246,5.66825],[-58.60971,5.66234],[-58.60341,5.65816],[-58.59885,5.64807],[-58.60254,5.63251],[-58.6045,5.61824],[-58.60855,5.60318],[-58.61565,5.58956],[-58.61898,5.58005],[-58.62066,5.5719],[-58.62526,5.55915],[-58.62676,5.54819],[-58.62696,5.53902],[-58.62506,5.53086],[-58.62636,5.519],[-58.63157,5.50645],[-58.63717,5.4946],[-58.64338,5.48723],[-58.65168,5.47985],[-58.65849,5.4669],[-58.66869,5.44628],[-58.6811,5.43572],[-58.70532,5.42496],[-58.71333,5.42237],[-58.72474,5.42297],[-58.73728,5.42506],[-58.76328,5.41694],[-58.7756,5.40964],[-58.78621,5.40589],[-58.80108,5.40598],[-58.80934,5.4091],[-58.81551,5.41041],[-58.8224,5.40861],[-58.82651,5.40657],[-58.83301,5.4017],[-58.84994,5.40199],[-58.85752,5.40355],[-58.86304,5.40272],[-58.87551,5.39566],[-58.88177,5.39352],[-58.88754,5.38685],[-58.89097,5.38023],[-58.89375,5.36971],[-58.89573,5.36555],[-58.89757,5.36168],[-58.90177,5.35267],[-58.90585,5.34299],[-58.90672,5.33738],[-58.90651,5.32977],[-58.90423,5.31875],[-58.90232,5.3118],[-58.89893,5.30657],[-58.89389,5.30295],[-58.88583,5.30061],[-58.87805,5.29768],[-58.87386,5.29458],[-58.86897,5.28663],[-58.86793,5.28192],[-58.8679,5.27765],[-58.86593,5.27345],[-58.86216,5.26918],[-58.85303,5.26239],[-58.84108,5.25695],[-58.84024,5.25462],[-58.8407,5.2487],[-58.84292,5.24146],[-58.84598,5.23523],[-58.84732,5.23063],[-58.84815,5.22304],[-58.84737,5.21712],[-58.84784,5.20581],[-58.84756,5.19701],[-58.84851,5.19039],[-58.84866,5.18442],[-58.84777,5.17773],[-58.84888,5.17241],[-58.84876,5.16979],[-58.84506,5.16279],[-58.84153,5.16075],[-58.83648,5.16013],[-58.83338,5.15665],[-58.82628,5.15511],[-58.82197,5.15061],[-58.82118,5.14211],[-58.8214,5.13863],[-58.82323,5.13482],[-58.82155,5.1299],[-58.8219,5.12749],[-58.82071,5.12309],[-58.82623,5.11923],[-58.82629,5.11325],[-58.8292,5.10939],[-58.83365,5.10733],[-58.84856,5.09868],[-58.85974,5.05727],[-58.86629,5.03575],[-58.88143,4.97394],[-58.87766,4.96448],[-58.87285,4.95046],[-58.87011,4.94322],[-58.85765,4.93565],[-58.85252,4.92757],[-58.84932,4.90071],[-58.82977,4.86255],[-58.83128,4.85831],[-58.83527,4.85213],[-58.83339,4.84355],[-58.82769,4.83871],[-58.82045,4.83645],[-58.82193,4.8274],[-58.82045,4.82246],[-58.82408,4.81571],[-58.82341,4.80319],[-58.82118,4.79704],[-58.81878,4.79396],[-58.81535,4.7931],[-58.81215,4.79442],[-58.80281,4.789],[-58.80007,4.78472],[-58.79972,4.7801],[-58.80127,4.77343],[-58.80127,4.76915],[-58.79972,4.76163],[-58.79372,4.75837],[-58.78204,4.75769],[-58.77604,4.75837],[-58.77209,4.76334],[-58.7678,4.76556],[-58.7587,4.75957],[-58.75458,4.75974],[-58.74754,4.76145],[-58.7381,4.76214],[-58.7266,4.7594],[-58.72059,4.75649],[-58.71286,4.74845],[-58.70943,4.74264],[-58.70754,4.73135],[-58.70892,4.72211],[-58.70737,4.70979],[-58.71132,4.69764],[-58.70789,4.69405],[-58.70325,4.692],[-58.69604,4.6908],[-58.68814,4.68669],[-58.68488,4.67882],[-58.67956,4.66206],[-58.67853,4.65384],[-58.67527,4.6523],[-58.66446,4.65624],[-58.65948,4.6535],[-58.62992,4.64118],[-58.60396,4.62836],[-58.57724,4.62083],[-58.54775,4.61655],[-58.51473,4.61856],[-58.4817,4.61856],[-58.44894,4.61731],[-58.41617,4.62108],[-58.39676,4.6251],[-58.37634,4.62836],[-58.36046,4.63389],[-58.34281,4.63892],[-58.3161,4.64017],[-58.31572,4.64472],[-58.30572,4.64853],[-58.29753,4.64864],[-58.31056,4.65765],[-58.32058,4.669],[-58.32111,4.66838],[-58.3239,4.67671],[-58.32497,4.68625],[-58.32394,4.69845],[-58.32501,4.7064],[-58.32292,4.71701],[-58.32135,4.72815],[-58.32455,4.74087],[-58.32616,4.75624],[-58.3299,4.77319],[-58.33521,4.78538],[-58.34156,4.79544],[-58.34369,4.80339],[-58.34372,4.81399],[-58.34743,4.82512],[-58.35168,4.83094],[-58.36648,4.83197],[-58.38025,4.84414],[-58.3887,4.84306],[-58.39716,4.84516],[-58.39823,4.85258],[-58.39455,4.86267],[-58.39245,4.87009],[-58.38982,4.87752],[-58.38614,4.88283],[-58.38351,4.89026],[-58.37508,4.90141],[-58.36928,4.91149],[-58.3693,4.92263],[-58.37144,4.9327],[-58.37092,4.93906],[-58.36777,4.94702],[-58.36832,4.95709],[-58.37204,4.96875],[-58.37841,4.9804],[-58.3853,4.99152],[-58.3748,4.99972],[-58.36681,5.00978],[-58.36182,5.01531],[-58.35882,5.02034],[-58.35583,5.02737],[-58.34933,5.0304],[-58.34233,5.03192],[-58.33533,5.03394],[-58.32832,5.03646],[-58.32082,5.03748],[-58.31332,5.04101],[-58.30782,5.04554],[-58.30283,5.05258],[-58.30034,5.05911],[-58.29486,5.06966],[-58.29186,5.07368],[-58.28585,5.0752],[-58.27734,5.07321],[-58.26491,5.07598],[-58.2608,5.07936],[-58.25648,5.07851],[-58.24715,5.0812],[-58.23648,5.08122],[-58.23024,5.07677],[-58.22578,5.07054],[-58.22134,5.07233],[-58.21601,5.07858],[-58.21024,5.07904],[-58.20134,5.07549],[-58.20131,5.06256],[-58.19997,5.05632],[-58.19418,5.05187],[-58.1884,5.05188],[-58.18129,5.05323],[-58.17019,5.06217],[-58.16574,5.06396],[-58.15685,5.06398],[-58.15151,5.06265],[-58.14394,5.05909],[-58.13772,5.05911],[-58.13551,5.06624],[-58.13463,5.07472],[-58.12841,5.0774],[-58.12262,5.07296],[-58.11683,5.06717],[-58.10971,5.06406],[-58.1026,5.06452],[-58.07903,5.06322],[-58.07293,5.06462],[-58.07074,5.07127],[-58.06356,5.08151],[-58.05637,5.08814],[-58.04798,5.09356],[-58.04139,5.09959],[-58.03841,5.10741],[-58.03662,5.11584],[-58.03663,5.12486],[-58.03965,5.13628],[-58.04027,5.14771],[-58.03788,5.15492],[-58.03909,5.16094],[-58.0391,5.16418],[-58.04718,5.16628],[-58.05652,5.16805],[-58.06321,5.17829],[-58.069,5.18586],[-58.07794,5.21037],[-58.08062,5.21839],[-58.08508,5.22552],[-58.08866,5.23488],[-58.09134,5.24379],[-58.09665,5.24853],[-58.09966,5.24376],[-58.10706,5.253],[-58.12073,5.25982],[-58.13167,5.2687],[-58.1317,5.28581],[-58.12831,5.29814],[-58.12286,5.30705],[-58.12083,5.31733],[-58.12085,5.32622],[-58.12291,5.33375],[-58.13045,5.34675],[-58.13866,5.35495],[-58.14961,5.3652],[-58.16671,5.37817],[-58.17561,5.38842],[-58.1811,5.39936],[-58.18671,5.41315],[-58.18866,5.42536],[-58.1921,5.437],[-58.19894,5.44177],[-58.20577,5.44244],[-58.2201,5.43694],[-58.23103,5.43144],[-58.23991,5.43279],[-58.24682,5.43522]]]},"properties":{"ID":"1009","NAME":"Rest of Region 10","STATUS":"Not Classified","REGION":"Upper Demerara-Berbice"}},
{"type":"Feature","geometry":{"type":"Polygon","coordinates":[[[-58.38749,6.13507],[-58.39131,6.13745],[-58.39727,6.16144],[-58.40204,6.19403],[-58.40755,6.22232],[-58.41589,6.24306],[-58.41992,6.27609],[-58.42269,6.28191],[-58.4227,6.2819],[-58.43233,6.30205],[-58.43884,6.31138],[-58.44148,6.31526],[-58.44228,6.31643],[-58.4445,6.31963],[-58.47049,6.33944],[-58.47701,6.34139],[-58.47734,6.34149],[-58.48248,6.34302],[-58.48449,6.34387],[-58.48512,6.34414],[-58.50443,6.35377],[-58.51726,6.36349],[-58.51813,6.36413],[-58.52321,6.36772],[-58.52743,6.37088],[-58.5301,6.3727],[-58.53469,6.37897],[-58.53684,6.38217],[-58.53737,6.38298],[-58.53747,6.38312],[-58.54373,6.39879],[-58.544,6.40394],[-58.54406,6.40531],[-58.54416,6.40727],[-58.54429,6.4093],[-58.54439,6.41179],[-58.54448,6.41351],[-58.54462,6.41437],[-58.54485,6.41568],[-58.54504,6.41692],[-58.54519,6.41787],[-58.54548,6.41959],[-58.54565,6.4205],[-58.5457,6.42097],[-58.54615,6.42362],[-58.54637,6.42501],[-58.54678,6.4275],[-58.54709,6.42906],[-58.54979,6.44127],[-58.54986,6.44153],[-58.5547,6.45326],[-58.55616,6.4568],[-58.5569,6.45863],[-58.55923,6.46429],[-58.56888,6.46973],[-58.57066,6.47071],[-58.58031,6.47615],[-58.58625,6.48319],[-58.58625,6.48327],[-58.59096,6.48886],[-58.60601,6.49538],[-58.61648,6.50178],[-58.62015,6.47284],[-58.62421,6.46037],[-58.62321,6.44733],[-58.60459,6.44466],[-58.60709,6.42083],[-58.60544,6.40162],[-58.60518,6.38393],[-58.60429,6.36599],[-58.60188,6.35095],[-58.5987,6.3373],[-58.58878,6.32264],[-58.58611,6.31797],[-58.58115,6.31443],[-58.57886,6.31],[-58.5795,6.29863],[-58.5809,6.28801],[-58.5753,6.27689],[-58.57174,6.26413],[-58.57022,6.25692],[-58.57243,6.24859],[-58.5751,6.24161],[-58.57517,6.22345],[-58.57349,6.2119],[-58.57239,6.19259],[-58.57283,6.1819],[-58.57214,6.15509],[-58.57214,6.1539],[-58.57214,6.14694],[-58.57475,6.13662],[-58.5832,6.12457],[-58.58339,6.11994],[-58.58084,6.11395],[-58.58215,6.1061],[-58.58538,6.1006],[-58.58656,6.09795],[-58.5883,6.09424],[-58.59296,6.0909],[-58.58983,6.08363],[-58.58794,6.0781],[-58.58724,6.07163],[-58.58784,6.06758],[-58.59025,6.06434],[-58.59374,6.06292],[-58.59378,6.05971],[-58.59079,6.04919],[-58.58924,6.0449],[-58.5861,6.03322],[-58.58307,6.02443],[-58.58121,6.01779],[-58.57939,6.01582],[-58.57865,6.01251],[-58.58028,6.00472],[-58.58012,5.99848],[-58.58127,5.98868],[-58.58438,5.96842],[-58.58492,5.94742],[-58.58245,5.93643],[-58.57677,5.92119],[-58.5742,5.90839],[-58.57543,5.89786],[-58.57614,5.89662],[-58.56483,5.8869],[-58.55907,5.87953],[-58.55004,5.87627],[-58.53938,5.87466],[-58.53197,5.86483],[-58.52048,5.85911],[-58.51063,5.85175],[-58.50077,5.84521],[-58.49912,5.83865],[-58.50072,5.82633],[-58.49906,5.81648],[-58.49083,5.80419],[-58.47121,5.7879],[-58.46648,5.79668],[-58.46049,5.80472],[-58.45452,5.8161],[-58.4512,5.82614],[-58.45123,5.83684],[-58.44525,5.84688],[-58.43926,5.85492],[-58.44128,5.86026],[-58.4413,5.86829],[-58.43597,5.87298],[-58.43264,5.87834],[-58.42999,5.88436],[-58.42334,5.89775],[-58.41735,5.90446],[-58.4107,5.9145],[-58.41005,5.92253],[-58.41007,5.93055],[-58.40942,5.93724],[-58.4081,5.9446],[-58.41013,5.95328],[-58.41416,5.9613],[-58.41217,5.96932],[-58.41153,5.97735],[-58.40823,5.99207],[-58.40624,5.99943],[-58.41094,6.00811],[-58.41297,6.01746],[-58.40831,6.02349],[-58.40565,6.02885],[-58.407,6.03419],[-58.40969,6.04021],[-58.4077,6.04556],[-58.40236,6.04958],[-58.39972,6.05828],[-58.39973,6.06698],[-58.40779,6.081],[-58.40714,6.08835],[-58.40852,6.10506],[-58.40854,6.11309],[-58.40388,6.12045],[-58.39794,6.12736],[-58.38749,6.13507]]]},"properties":{"ID":"1006","NAME":"Makouria River","STATUS":"Not Classified","REGION":"Upper Demerara-Berbice"}},
{"type":"Feature","geometry":{"type":"Polygon","coordinates":[[[-59.32464,2.50164],[-59.26926,2.56334],[-59.24775,2.63363],[-59.23634,2.70327],[-59.22081,2.79806],[-59.20632,2.88654],[-59.26185,3.07618],[-59.27272,3.09512],[-59.27272,3.09647],[-59.26605,3.11267],[-59.2701,3.12345],[-59.28218,3.12881],[-59.2862,3.12746],[-59.2929,3.12609],[-59.30901,3.1301],[-59.32779,3.13276],[-59.34523,3.13137],[-59.36536,3.13537],[-59.38282,3.14477],[-59.39624,3.15148],[-59.4137,3.15683],[-59.43255,3.15374],[-59.43556,3.14876],[-59.43968,3.14571],[-59.44325,3.14598],[-59.4482,3.14431],[-59.45397,3.14347],[-59.45892,3.14208],[-59.47017,3.13431],[-59.47621,3.13264],[-59.48089,3.13346],[-59.48748,3.13289],[-59.49215,3.12956],[-59.496,3.12844],[-59.50204,3.1276],[-59.50891,3.12427],[-59.51743,3.1248],[-59.52183,3.12451],[-59.53117,3.122],[-59.53584,3.12116],[-59.54382,3.12142],[-59.54931,3.1203],[-59.557,3.11807],[-59.56168,3.11944],[-59.56529,3.11943],[-59.57157,3.11804],[-59.58091,3.11415],[-59.58793,3.10984],[-59.59175,3.10327],[-59.59822,3.0836],[-59.60655,3.06112],[-59.61954,3.0433],[-59.62624,3.02521],[-59.62534,3.02567],[-59.62632,3.01967],[-59.62621,2.97195],[-59.62328,2.95027],[-59.61745,2.91992],[-59.60735,2.90259],[-59.59724,2.88671],[-59.57708,2.87229],[-59.56391,2.85385],[-59.56896,2.85677],[-59.58178,2.85618],[-59.57948,2.84758],[-59.58117,2.83667],[-59.58686,2.82575],[-59.59084,2.81885],[-59.59253,2.80851],[-59.59421,2.79588],[-59.59416,2.77349],[-59.59358,2.76775],[-59.59071,2.76144],[-59.58898,2.75341],[-59.59296,2.74709],[-59.59866,2.74133],[-59.6055,2.73328],[-59.61748,2.73153],[-59.62181,2.72982],[-59.62659,2.7258],[-59.62871,2.72232],[-59.638,2.71775],[-59.63959,2.71454],[-59.64384,2.71292],[-59.6465,2.71024],[-59.64861,2.70248],[-59.64833,2.69553],[-59.64965,2.69179],[-59.65309,2.6851],[-59.65306,2.67494],[-59.65545,2.67119],[-59.65835,2.65942],[-59.66285,2.65165],[-59.66868,2.64015],[-59.67318,2.62998],[-59.67475,2.61901],[-59.67633,2.6142],[-59.67659,2.60778],[-59.67737,2.60296],[-59.67709,2.59548],[-59.67496,2.59441],[-59.67125,2.59683],[-59.65423,2.5966],[-59.64599,2.59742],[-59.63987,2.59743],[-59.63589,2.59958],[-59.62979,2.60601],[-59.62529,2.61339],[-59.62271,2.62019],[-59.62117,2.6275],[-59.61703,2.63326],[-59.60925,2.63954],[-59.5994,2.64635],[-59.5854,2.65735],[-59.57452,2.66834],[-59.56881,2.672],[-59.55947,2.67515],[-59.55221,2.67883],[-59.53405,2.6867],[-59.52887,2.69141],[-59.51952,2.69195],[-59.5143,2.68705],[-59.50777,2.68192],[-59.50144,2.67795],[-59.49222,2.67573],[-59.4878,2.6704],[-59.48444,2.66482],[-59.48405,2.66063],[-59.47421,2.6464],[-59.47148,2.64138],[-59.47127,2.63729],[-59.4691,2.63153],[-59.47189,2.62532],[-59.47351,2.61661],[-59.47265,2.60871],[-59.4731,2.6016],[-59.47617,2.59332],[-59.48054,2.58376],[-59.47985,2.57808],[-59.47808,2.57034],[-59.47781,2.55779],[-59.46241,2.55781],[-59.45866,2.55885],[-59.45455,2.55623],[-59.44931,2.55398],[-59.44594,2.55061],[-59.44406,2.5461],[-59.43806,2.53633],[-59.43281,2.5292],[-59.42158,2.51756],[-59.40773,2.50894],[-59.39763,2.50595],[-59.38678,2.50372],[-59.37407,2.50149],[-59.36248,2.5015],[-59.35649,2.50039],[-59.34304,2.50116],[-59.3322,2.50118],[-59.32464,2.50164]]]},"properties":{"ID":"905","NAME":"Sand Creek - Dadanawa, Catunarib, Sawariwau","STATUS":"Not Classified","REGION":"Upper Takutu-Upper Essequibo"}},
{"type":"Feature","geometry":{"type":"Polygon","coordinates":[[[-59.3921,4.15064],[-59.40034,4.15183],[-59.40076,4.1511],[-59.40715,4.13817],[-59.41195,4.13089],[-59.41514,4.12362],[-59.41834,4.11796],[-59.42072,4.10666],[-59.42068,4.09536],[-59.41663,4.08568],[-59.41178,4.07521],[-59.40694,4.06796],[-59.40129,4.06072],[-59.39564,4.05266],[-59.38597,4.04301],[-59.38273,4.03575],[-59.37709,4.02931],[-59.36659,4.01239],[-59.36174,4.00272],[-59.3585,3.99386],[-59.35804,3.98847],[-59.35272,3.98995],[-59.34729,3.99225],[-59.33912,3.99455],[-59.33413,3.99502],[-59.32279,3.99414],[-59.31779,3.99324],[-59.30101,3.99238],[-59.29556,3.99285],[-59.28513,3.99242],[-59.27968,3.99153],[-59.27332,3.98836],[-59.27058,3.98426],[-59.26876,3.98017],[-59.26646,3.97152],[-59.26464,3.96651],[-59.26372,3.96195],[-59.26189,3.9574],[-59.25688,3.95058],[-59.2555,3.94512],[-59.25412,3.93601],[-59.27941,3.93616],[-59.28246,3.92417],[-59.28621,3.91121],[-59.28999,3.90587],[-59.29377,3.899],[-59.29451,3.89291],[-59.29296,3.88453],[-59.29219,3.87692],[-59.29369,3.87158],[-59.2914,3.86549],[-59.29138,3.8594],[-59.29592,3.85482],[-59.29439,3.84873],[-59.2974,3.8411],[-59.30042,3.83652],[-59.30598,3.83253],[-59.30818,3.82658],[-59.29929,3.8177],[-59.29853,3.81176],[-59.3,3.80508],[-59.29996,3.79098],[-59.2992,3.78504],[-59.30067,3.77984],[-59.30065,3.77316],[-59.29543,3.75314],[-59.29984,3.74793],[-59.30575,3.74717],[-59.31018,3.74419],[-59.30795,3.73826],[-59.30941,3.73083],[-59.31454,3.71947],[-59.43937,3.71873],[-59.43922,3.66678],[-59.34779,3.66584],[-59.22829,3.6646],[-59.20794,3.66209],[-59.18715,3.66075],[-59.15248,3.65805],[-59.14001,3.65669],[-59.1206,3.65395],[-59.10118,3.64843],[-59.08592,3.64428],[-59.06788,3.63458],[-59.05403,3.63739],[-59.03601,3.64022],[-59.02076,3.63886],[-59.00275,3.64447],[-58.99307,3.65285],[-58.98478,3.66262],[-58.98065,3.67795],[-58.97791,3.69049],[-58.97239,3.70582],[-58.96966,3.72254],[-58.96276,3.74066],[-58.95449,3.76017],[-58.94898,3.7769],[-58.94207,3.78806],[-58.93378,3.80061],[-58.92411,3.81317],[-58.91304,3.82433],[-58.90475,3.83549],[-58.89645,3.84805],[-58.88887,3.85431],[-58.89342,3.85819],[-58.89461,3.86227],[-58.89316,3.86797],[-58.89317,3.87058],[-58.89558,3.87301],[-58.89961,3.87951],[-58.90322,3.88256],[-58.90913,3.88063],[-58.90907,3.87859],[-58.9064,3.87272],[-58.9083,3.87101],[-58.91108,3.87363],[-58.91193,3.87629],[-58.9163,3.87662],[-58.92301,3.87064],[-58.92838,3.87266],[-58.93464,3.87425],[-58.93619,3.86787],[-58.9339,3.86444],[-58.931,3.86463],[-58.92876,3.86177],[-58.93215,3.85766],[-58.93533,3.85801],[-58.935,3.86217],[-58.93655,3.86284],[-58.93973,3.85962],[-58.94202,3.85967],[-58.94549,3.86315],[-58.94701,3.86827],[-58.94944,3.8661],[-58.95644,3.86375],[-58.96093,3.86357],[-58.96396,3.86678],[-58.96621,3.86755],[-58.96905,3.86689],[-58.97729,3.86129],[-58.97898,3.86114],[-58.98253,3.86397],[-58.9794,3.86642],[-58.97802,3.87111],[-58.97801,3.87744],[-58.97498,3.8846],[-58.96889,3.89279],[-58.96484,3.89995],[-58.95671,3.90507],[-58.95063,3.91224],[-58.9476,3.92348],[-58.94661,3.9337],[-58.94663,3.94392],[-58.94361,3.95414],[-58.93956,3.96334],[-58.92941,3.97154],[-58.92535,3.97768],[-58.91825,3.98484],[-58.91114,3.99303],[-58.90915,4.00938],[-58.90977,4.01246],[-58.92838,3.99911],[-58.94839,3.99911],[-58.97294,4.00589],[-58.9888,4.01305],[-59.00032,4.02717],[-59.01042,4.04017],[-59.01391,4.05382],[-59.02061,4.06155],[-59.03449,4.07605],[-59.04289,4.08367],[-59.05375,4.0962],[-59.06017,4.10778],[-59.06327,4.12181],[-59.07049,4.14859],[-59.06998,4.16504],[-59.08338,4.1748],[-59.09781,4.17994],[-59.10554,4.18406],[-59.1277,4.18508],[-59.13337,4.18149],[-59.13904,4.1712],[-59.14729,4.17018],[-59.15656,4.16349],[-59.1612,4.15219],[-59.17666,4.14653],[-59.19161,4.15167],[-59.22614,4.15321],[-59.25088,4.15373],[-59.2684,4.15527],[-59.27716,4.14602],[-59.29726,4.15167],[-59.31994,4.15424],[-59.33437,4.14602],[-59.35344,4.14705],[-59.3921,4.15064]]]},"properties":{"ID":"904","NAME":"Yakarinta - Wowetta, Surama","STATUS":"Not Classified","REGION":"Upper Takutu-Upper Essequibo"}},
{"type":"Feature","geometry":{"type":"Polygon","coordinates":[[[-59.40034,4.15183],[-59.4493,4.15887],[-59.47868,4.17532],[-59.50239,4.19485],[-59.50806,4.21849],[-59.4993,4.23648],[-59.4828,4.25601],[-59.47868,4.27143],[-59.48074,4.29764],[-59.48641,4.32385],[-59.49517,4.34749],[-59.50187,4.36445],[-59.46064,4.40248],[-59.45446,4.42509],[-59.46683,4.43948],[-59.49466,4.45027],[-59.49569,4.47442],[-59.48435,4.49754],[-59.48744,4.51244],[-59.50548,4.52015],[-59.54001,4.50833],[-59.59196,4.46105],[-59.59211,4.46087],[-59.59606,4.4562],[-59.59615,4.45596],[-59.59619,4.45592],[-59.60598,4.4292],[-59.62711,4.38552],[-59.63444,4.38325],[-59.64111,4.37771],[-59.65135,4.37331],[-59.66179,4.36818],[-59.66965,4.37181],[-59.6752,4.36874],[-59.67966,4.3684],[-59.68247,4.36442],[-59.68325,4.36103],[-59.67999,4.35605],[-59.6783,4.35664],[-59.67772,4.35011],[-59.67551,4.34848],[-59.67551,4.34639],[-59.67833,4.34371],[-59.67871,4.34133],[-59.68489,4.33832],[-59.68585,4.33635],[-59.68998,4.33496],[-59.69491,4.32921],[-59.69863,4.32375],[-59.70434,4.31799],[-59.70601,4.31471],[-59.70462,4.3141],[-59.70229,4.30957],[-59.70324,4.30717],[-59.70721,4.30423],[-59.70791,4.30595],[-59.71119,4.30701],[-59.71301,4.30528],[-59.71717,4.30333],[-59.71969,4.29675],[-59.72782,4.28875],[-59.73189,4.28587],[-59.73179,4.28319],[-59.72898,4.28116],[-59.72878,4.27742],[-59.73355,4.27426],[-59.73147,4.26996],[-59.72865,4.26798],[-59.72379,4.26966],[-59.71989,4.27452],[-59.71874,4.27471],[-59.7123,4.27176],[-59.70945,4.26876],[-59.71104,4.26527],[-59.71469,4.2643],[-59.71679,4.26271],[-59.72708,4.25046],[-59.7322,4.2435],[-59.73493,4.24115],[-59.73641,4.2379],[-59.73949,4.2339],[-59.7395,4.23221],[-59.73535,4.22892],[-59.73558,4.21846],[-59.73745,4.21696],[-59.73807,4.21428],[-59.73738,4.20985],[-59.73549,4.20844],[-59.73454,4.20447],[-59.73274,4.20304],[-59.73268,4.20074],[-59.73008,4.19651],[-59.72955,4.19396],[-59.72657,4.19037],[-59.72657,4.18711],[-59.72875,4.18535],[-59.73069,4.18076],[-59.72504,4.17784],[-59.72232,4.17445],[-59.72168,4.17236],[-59.71901,4.17019],[-59.71997,4.16911],[-59.71844,4.1667],[-59.71449,4.16659],[-59.70613,4.16071],[-59.70176,4.16038],[-59.6971,4.15496],[-59.6941,4.15273],[-59.68729,4.14961],[-59.68659,4.14695],[-59.68477,4.14722],[-59.67169,4.14632],[-59.66544,4.14391],[-59.65949,4.14625],[-59.65008,4.1457],[-59.64421,4.14482],[-59.63417,4.14132],[-59.6331,4.13917],[-59.62681,4.13743],[-59.62464,4.13535],[-59.61818,4.13166],[-59.62079,4.13052],[-59.62435,4.12613],[-59.62537,4.12256],[-59.62463,4.12157],[-59.62578,4.11725],[-59.6318,4.11087],[-59.6324,4.10756],[-59.63645,4.10009],[-59.63842,4.09434],[-59.644,4.08783],[-59.64826,4.07831],[-59.65213,4.07346],[-59.65406,4.06943],[-59.64773,4.0674],[-59.6425,4.0674],[-59.6394,4.06092],[-59.63304,4.0545],[-59.62852,4.05207],[-59.62495,4.05414],[-59.62085,4.05361],[-59.61705,4.0504],[-59.61935,4.04287],[-59.61942,4.03812],[-59.6124,4.03398],[-59.60813,4.032],[-59.60193,4.03021],[-59.601,4.02879],[-59.60269,4.02442],[-59.60237,4.02043],[-59.60055,4.01719],[-59.60344,4.01408],[-59.60671,4.01447],[-59.61128,4.01889],[-59.6128,4.01847],[-59.61285,4.01545],[-59.61008,4.01318],[-59.60656,4.0068],[-59.60293,4.00831],[-59.59558,4.01793],[-59.59268,4.01607],[-59.59302,4.0128],[-59.59148,4.00925],[-59.59172,4.00601],[-59.59617,4.00293],[-59.59678,4.00075],[-59.59349,3.99996],[-59.58999,3.99532],[-59.58616,3.99343],[-59.58383,3.99682],[-59.58452,4.00211],[-59.58084,4.00226],[-59.57835,3.99878],[-59.57798,3.99551],[-59.57484,3.99339],[-59.57144,3.9869],[-59.58195,3.98039],[-59.5864,3.97549],[-59.58417,3.96851],[-59.57961,3.9679],[-59.57434,3.96972],[-59.56949,3.96886],[-59.56778,3.96499],[-59.56558,3.96522],[-59.56569,3.96977],[-59.5635,3.97187],[-59.55925,3.97351],[-59.55833,3.97716],[-59.55535,3.97937],[-59.54777,3.97839],[-59.54468,3.97913],[-59.54395,3.97275],[-59.54057,3.97103],[-59.53486,3.97172],[-59.53023,3.96869],[-59.52665,3.96887],[-59.52434,3.9622],[-59.52093,3.95693],[-59.51917,3.95527],[-59.51964,3.9535],[-59.52227,3.95244],[-59.5217,3.95022],[-59.5155,3.94638],[-59.5153,3.94492],[-59.52213,3.94104],[-59.51619,3.94096],[-59.51574,3.94143],[-59.516,3.9422],[-59.51356,3.94202],[-59.50639,3.9421],[-59.35917,3.94382],[-59.35767,3.98417],[-59.35804,3.98847],[-59.3585,3.99386],[-59.36174,4.00272],[-59.36659,4.01239],[-59.37709,4.02931],[-59.38273,4.03575],[-59.38597,4.04301],[-59.39564,4.05266],[-59.40129,4.06072],[-59.40694,4.06796],[-59.41178,4.07521],[-59.41663,4.08568],[-59.42068,4.09536],[-59.42072,4.10666],[-59.41834,4.11796],[-59.41514,4.12362],[-59.41195,4.13089],[-59.40715,4.13817],[-59.40076,4.1511],[-59.40034,4.15183]]]},"properties":{"ID":"902","NAME":"Karasabai (Yarong Paru - Good Hope)","STATUS":"Not Classified","REGION":"Upper Takutu-Upper Essequibo"}},
{"type":"Feature","geometry":{"type":"Polygon","coordinates":[[[-59.35804,3.98847],[-59.35767,3.98417],[-59.35917,3.94382],[-59.50639,3.9421],[-59.51356,3.94202],[-59.516,3.9422],[-59.51574,3.94143],[-59.51619,3.94096],[-59.51655,3.94059],[-59.51631,3.9399],[-59.5197,3.93641],[-59.52592,3.93876],[-59.52545,3.93509],[-59.52285,3.93223],[-59.52515,3.92584],[-59.52749,3.92365],[-59.53475,3.9275],[-59.5383,3.93189],[-59.54166,3.93039],[-59.54241,3.92894],[-59.53938,3.92642],[-59.53891,3.92452],[-59.54301,3.92131],[-59.5497,3.91841],[-59.55888,3.9205],[-59.56112,3.9205],[-59.56474,3.91733],[-59.56521,3.91225],[-59.56778,3.89622],[-59.56627,3.89268],[-59.5688,3.88972],[-59.57402,3.89401],[-59.57656,3.90156],[-59.57823,3.89941],[-59.57481,3.89197],[-59.5758,3.88899],[-59.57931,3.89059],[-59.5842,3.88816],[-59.58881,3.8889],[-59.59279,3.88538],[-59.59373,3.88231],[-59.59338,3.87717],[-59.59157,3.87153],[-59.58985,3.86847],[-59.59036,3.8642],[-59.59324,3.86078],[-59.5907,3.85838],[-59.58585,3.85783],[-59.58537,3.85544],[-59.5876,3.85442],[-59.58901,3.85157],[-59.5877,3.84875],[-59.58697,3.84371],[-59.58503,3.84065],[-59.58645,3.83585],[-59.58575,3.83446],[-59.57749,3.83208],[-59.57745,3.8172],[-59.58006,3.81491],[-59.5823,3.81729],[-59.58337,3.82273],[-59.58614,3.82255],[-59.58883,3.81652],[-59.59284,3.81403],[-59.59727,3.81497],[-59.59881,3.81181],[-59.59426,3.80866],[-59.5938,3.80443],[-59.59489,3.80151],[-59.59525,3.79557],[-59.59815,3.79373],[-59.60409,3.79644],[-59.60725,3.80363],[-59.61151,3.8035],[-59.61257,3.80219],[-59.61699,3.79243],[-59.61811,3.79096],[-59.62422,3.79067],[-59.62903,3.78407],[-59.63237,3.78668],[-59.63272,3.79043],[-59.63122,3.79278],[-59.62801,3.79312],[-59.62612,3.79644],[-59.62966,3.79859],[-59.63538,3.79294],[-59.63766,3.78597],[-59.63985,3.78433],[-59.64507,3.7867],[-59.64751,3.78699],[-59.65133,3.7851],[-59.65546,3.78611],[-59.65885,3.78237],[-59.66397,3.78236],[-59.66555,3.78126],[-59.6655,3.77615],[-59.66791,3.77315],[-59.67052,3.76792],[-59.66847,3.76719],[-59.66893,3.76499],[-59.67057,3.76538],[-59.67249,3.76252],[-59.6789,3.75861],[-59.67978,3.75649],[-59.67777,3.75502],[-59.67551,3.7557],[-59.67278,3.75391],[-59.67306,3.74948],[-59.67527,3.7461],[-59.67387,3.74423],[-59.67131,3.74418],[-59.66874,3.74214],[-59.66603,3.73694],[-59.66374,3.7345],[-59.66391,3.73227],[-59.66783,3.7321],[-59.67146,3.72827],[-59.67151,3.72635],[-59.6688,3.72184],[-59.66431,3.71899],[-59.66261,3.71675],[-59.66271,3.71406],[-59.66689,3.70883],[-59.66841,3.70278],[-59.6747,3.69979],[-59.68014,3.69618],[-59.68314,3.69658],[-59.68582,3.69934],[-59.68792,3.6989],[-59.68813,3.69582],[-59.6917,3.68892],[-59.69307,3.68825],[-59.69863,3.68831],[-59.70359,3.68905],[-59.70517,3.68854],[-59.70765,3.6851],[-59.71055,3.67919],[-59.71575,3.67714],[-59.71908,3.67402],[-59.71947,3.668],[-59.72144,3.66503],[-59.72376,3.6637],[-59.72972,3.663],[-59.73615,3.66131],[-59.74024,3.66108],[-59.74235,3.66001],[-59.74707,3.65409],[-59.75147,3.65294],[-59.75644,3.64558],[-59.75898,3.63369],[-59.76128,3.63229],[-59.76739,3.63297],[-59.76813,3.63054],[-59.7637,3.62683],[-59.76574,3.626],[-59.77242,3.62617],[-59.77604,3.62512],[-59.78787,3.61653],[-59.79677,3.61936],[-59.80427,3.61681],[-59.81143,3.61682],[-59.81437,3.61957],[-59.81719,3.619],[-59.81584,3.61362],[-59.81574,3.61002],[-59.8177,3.60961],[-59.82099,3.6136],[-59.82312,3.61349],[-59.82974,3.61013],[-59.83547,3.60661],[-59.84343,3.60494],[-59.85064,3.60449],[-59.85145,3.60191],[-59.85068,3.59704],[-59.8521,3.59337],[-59.856,3.58996],[-59.858,3.58503],[-59.85893,3.58037],[-59.86442,3.57924],[-59.86729,3.57775],[-59.85524,3.57481],[-59.843,3.57709],[-59.83518,3.57823],[-59.82341,3.57809],[-59.81001,3.57561],[-59.79743,3.56388],[-59.78232,3.54795],[-59.76218,3.52952],[-59.74289,3.51108],[-59.73952,3.50352],[-59.73532,3.49849],[-59.72274,3.48928],[-59.7127,3.48763],[-59.69681,3.49019],[-59.68427,3.49528],[-59.67341,3.50119],[-59.66592,3.50205],[-59.66589,3.50289],[-59.55627,3.50488],[-59.55611,3.5041],[-59.46196,3.50983],[-59.45705,3.51012],[-59.4702,3.53439],[-59.48389,3.55491],[-59.49075,3.5679],[-59.49214,3.57749],[-59.49217,3.59051],[-59.49152,3.60079],[-59.48882,3.61175],[-59.48339,3.6193],[-59.47659,3.62686],[-59.46979,3.63304],[-59.4487,3.65091],[-59.44531,3.65983],[-59.43922,3.66678],[-59.43937,3.71873],[-59.31454,3.71947],[-59.30941,3.73083],[-59.30795,3.73826],[-59.31018,3.74419],[-59.30575,3.74717],[-59.29984,3.74793],[-59.29543,3.75314],[-59.30065,3.77316],[-59.30067,3.77984],[-59.2992,3.78504],[-59.29996,3.79098],[-59.3,3.80508],[-59.29853,3.81176],[-59.29929,3.8177],[-59.30818,3.82658],[-59.30598,3.83253],[-59.30042,3.83652],[-59.2974,3.8411],[-59.29439,3.84873],[-59.29592,3.85482],[-59.29138,3.8594],[-59.2914,3.86549],[-59.29369,3.87158],[-59.29219,3.87692],[-59.29296,3.88453],[-59.29451,3.89291],[-59.29377,3.899],[-59.28999,3.90587],[-59.28621,3.91121],[-59.28246,3.92417],[-59.27941,3.93616],[-59.25412,3.93601],[-59.2555,3.94512],[-59.25688,3.95058],[-59.26189,3.9574],[-59.26372,3.96195],[-59.26464,3.96651],[-59.26646,3.97152],[-59.26876,3.98017],[-59.27058,3.98426],[-59.27332,3.98836],[-59.27968,3.99153],[-59.28513,3.99242],[-59.29556,3.99285],[-59.30101,3.99238],[-59.31779,3.99324],[-59.32279,3.99414],[-59.33413,3.99502],[-59.33912,3.99455],[-59.34729,3.99225],[-59.35272,3.98995],[-59.35804,3.98847]]]},"properties":{"ID":"903","NAME":"Toka - Jakaretinga","STATUS":"Not Classified","REGION":"Upper Takutu-Upper Essequibo"}},
{"type":"Feature","geometry":{"type":"Polygon","coordinates":[[[-59.58793,3.10984],[-59.58248,3.1192],[-59.5667,3.13796],[-59.54998,3.15298],[-59.53419,3.1708],[-59.52398,3.18393],[-59.52078,3.19394],[-59.52315,3.19894],[-59.52734,3.20314],[-59.54541,3.21439],[-59.55249,3.22042],[-59.55879,3.22855],[-59.56274,3.23984],[-59.56799,3.24824],[-59.57153,3.25261],[-59.56865,3.27319],[-59.55993,3.29085],[-59.56327,3.29784],[-59.55079,3.30905],[-59.53787,3.3192],[-59.52349,3.32358],[-59.50768,3.32796],[-59.49044,3.33812],[-59.47032,3.3483],[-59.46173,3.36712],[-59.46898,3.3859],[-59.47334,3.40324],[-59.47337,3.4177],[-59.45613,3.42932],[-59.45043,3.44813],[-59.44757,3.45826],[-59.44619,3.47851],[-59.45633,3.50307],[-59.46196,3.50983],[-59.55611,3.5041],[-59.55627,3.50488],[-59.66589,3.50289],[-59.66592,3.50205],[-59.67341,3.50119],[-59.68427,3.49528],[-59.69681,3.49019],[-59.7127,3.48763],[-59.72274,3.48928],[-59.73532,3.49849],[-59.73952,3.50352],[-59.74289,3.51108],[-59.76218,3.52952],[-59.78232,3.54795],[-59.79743,3.56388],[-59.81001,3.57561],[-59.82341,3.57809],[-59.83518,3.57823],[-59.843,3.57709],[-59.85524,3.57481],[-59.86729,3.57775],[-59.86687,3.57587],[-59.86243,3.57555],[-59.85872,3.57331],[-59.85906,3.57086],[-59.86545,3.56788],[-59.87019,3.56361],[-59.87304,3.56385],[-59.86989,3.55885],[-59.8644,3.55803],[-59.85395,3.55533],[-59.84599,3.5542],[-59.84223,3.55225],[-59.84531,3.54722],[-59.84486,3.54317],[-59.842,3.53979],[-59.83892,3.52921],[-59.83313,3.52186],[-59.83155,3.52163],[-59.82651,3.52404],[-59.82283,3.52366],[-59.81734,3.52088],[-59.8123,3.51578],[-59.80591,3.51083],[-59.80336,3.50513],[-59.80193,3.4953],[-59.80306,3.49057],[-59.80704,3.48952],[-59.8114,3.48584],[-59.8226,3.48434],[-59.82689,3.48096],[-59.82719,3.47796],[-59.82298,3.47623],[-59.81779,3.47961],[-59.81539,3.47939],[-59.81178,3.47668],[-59.80997,3.47196],[-59.81118,3.46828],[-59.819,3.47248],[-59.82336,3.47218],[-59.82471,3.46956],[-59.82456,3.46648],[-59.82892,3.45552],[-59.83133,3.45155],[-59.83621,3.44697],[-59.83944,3.44291],[-59.84072,3.43241],[-59.84163,3.42875],[-59.84042,3.42475],[-59.83516,3.4222],[-59.82937,3.4225],[-59.82411,3.42738],[-59.82163,3.42888],[-59.81463,3.42963],[-59.81313,3.42836],[-59.81313,3.42228],[-59.81448,3.41995],[-59.82133,3.41695],[-59.82178,3.41342],[-59.81877,3.40306],[-59.81358,3.39158],[-59.81147,3.37964],[-59.80978,3.37589],[-59.80518,3.37153],[-59.80419,3.36931],[-59.80419,3.36067],[-59.80564,3.35409],[-59.81101,3.35171],[-59.81952,3.35546],[-59.82611,3.35669],[-59.83009,3.35585],[-59.83277,3.35439],[-59.83431,3.35041],[-59.83323,3.34659],[-59.82749,3.33366],[-59.82787,3.33052],[-59.83205,3.32773],[-59.83416,3.32352],[-59.83674,3.32102],[-59.83815,3.32235],[-59.84252,3.31876],[-59.84072,3.31299],[-59.84158,3.30862],[-59.84721,3.30784],[-59.84947,3.30659],[-59.85322,3.30152],[-59.85119,3.29591],[-59.85643,3.28592],[-59.85822,3.27898],[-59.86064,3.27789],[-59.86799,3.27953],[-59.87072,3.27859],[-59.87291,3.27485],[-59.87338,3.26978],[-59.87682,3.26432],[-59.88127,3.25901],[-59.88166,3.25691],[-59.88057,3.25043],[-59.879,3.24919],[-59.87885,3.24513],[-59.88697,3.2431],[-59.88807,3.24146],[-59.88697,3.23764],[-59.87893,3.23257],[-59.87447,3.22906],[-59.87455,3.22446],[-59.87804,3.22071],[-59.88266,3.21984],[-59.88616,3.2161],[-59.88823,3.21515],[-59.89309,3.21483],[-59.89699,3.21586],[-59.90328,3.21602],[-59.90838,3.21157],[-59.90926,3.20195],[-59.9126,3.19503],[-59.91252,3.19018],[-59.91156,3.18509],[-59.90941,3.17976],[-59.90918,3.17603],[-59.90451,3.16728],[-59.90402,3.16509],[-59.90126,3.16039],[-59.89996,3.15342],[-59.90232,3.14985],[-59.90475,3.14904],[-59.90979,3.14945],[-59.91271,3.14839],[-59.91644,3.14985],[-59.92091,3.14904],[-59.92075,3.14483],[-59.91839,3.14385],[-59.9132,3.14647],[-59.90851,3.14577],[-59.90719,3.14215],[-59.90835,3.13945],[-59.91076,3.13867],[-59.91563,3.13988],[-59.91946,3.13269],[-59.91823,3.12643],[-59.91271,3.12764],[-59.90861,3.12456],[-59.90881,3.12167],[-59.90755,3.11746],[-59.90821,3.11288],[-59.91238,3.11038],[-59.91616,3.11164],[-59.91571,3.11427],[-59.91831,3.12164],[-59.92164,3.12148],[-59.92245,3.11921],[-59.92302,3.11102],[-59.92404,3.10823],[-59.92545,3.10793],[-59.92763,3.11105],[-59.93019,3.11008],[-59.93463,3.10584],[-59.93905,3.10012],[-59.93958,3.09489],[-59.93746,3.09097],[-59.93914,3.08761],[-59.94104,3.08646],[-59.95533,3.08225],[-59.95647,3.07909],[-59.95557,3.0713],[-59.95135,3.05777],[-59.95111,3.04609],[-59.952,3.03961],[-59.95801,3.03053],[-59.95947,3.02719],[-59.96071,3.01959],[-59.96245,3.01636],[-59.96162,3.01455],[-59.95723,3.01132],[-59.95434,3.00769],[-59.94763,3.00289],[-59.94691,3.00016],[-59.94346,3.00059],[-59.74321,3.00499],[-59.74351,3.00187],[-59.7342,2.99855],[-59.72919,2.99322],[-59.72553,2.99122],[-59.72287,2.98855],[-59.72086,2.98488],[-59.7182,2.98255],[-59.71087,2.97822],[-59.70954,2.97522],[-59.70588,2.97322],[-59.70055,2.97156],[-59.69522,2.9689],[-59.69223,2.96624],[-59.68757,2.96458],[-59.67828,2.97429],[-59.67432,2.98266],[-59.66636,2.99337],[-59.65741,3.00309],[-59.64911,3.00812],[-59.64248,3.01382],[-59.63717,3.01784],[-59.62624,3.02521],[-59.61954,3.0433],[-59.60655,3.06112],[-59.59822,3.0836],[-59.59175,3.10327],[-59.58793,3.10984]]]},"properties":{"ID":"901","NAME":"Ireng / Sawariwau (Including  St. Ignatius)","STATUS":"Neighbourhood Democratic Council","REGION":"Upper Takutu-Upper Essequibo"}},
{"type":"Feature","geometry":{"type":"Polygon","coordinates":[[[-59.32464,2.50164],[-59.39064,2.42811],[-59.40357,2.42321],[-59.41244,2.41262],[-59.42051,2.40529],[-59.43262,2.39795],[-59.44958,2.39305],[-59.45044,2.40179],[-59.45515,2.41512],[-59.46453,2.4261],[-59.46748,2.43101],[-59.47655,2.42673],[-59.50223,2.42136],[-59.51054,2.42059],[-59.51658,2.42058],[-59.5264,2.4198],[-59.54075,2.41825],[-59.54982,2.41823],[-59.55888,2.41746],[-59.56718,2.41288],[-59.57548,2.40603],[-59.58905,2.39233],[-59.60035,2.37787],[-59.60714,2.37102],[-59.61241,2.36493],[-59.61996,2.36036],[-59.63331,2.34891],[-59.6342,2.34134],[-59.63629,2.33315],[-59.63869,2.32679],[-59.64417,2.31799],[-59.65023,2.31941],[-59.65822,2.32241],[-59.67368,2.32288],[-59.68614,2.32235],[-59.6966,2.31832],[-59.70606,2.31228],[-59.71353,2.30675],[-59.71901,2.30123],[-59.72149,2.29671],[-59.72598,2.29519],[-59.72835,2.29184],[-59.72455,2.28454],[-59.72697,2.28185],[-59.72648,2.27999],[-59.72412,2.27843],[-59.72313,2.27615],[-59.72628,2.26967],[-59.72864,2.26691],[-59.72835,2.26121],[-59.72598,2.26094],[-59.72633,2.25807],[-59.72529,2.25434],[-59.72213,2.25097],[-59.72144,2.24908],[-59.72268,2.24478],[-59.71976,2.23849],[-59.72119,2.23648],[-59.72596,2.23567],[-59.73012,2.23134],[-59.731,2.22583],[-59.73051,2.2221],[-59.72884,2.21777],[-59.72923,2.21197],[-59.72655,2.2099],[-59.72625,2.20668],[-59.72894,2.19851],[-59.73285,2.19494],[-59.73305,2.19253],[-59.73696,2.18692],[-59.73575,2.18361],[-59.74045,2.18038],[-59.73727,2.17431],[-59.73968,2.17209],[-59.74179,2.16194],[-59.73793,2.15709],[-59.73821,2.15124],[-59.74014,2.15003],[-59.73956,2.14666],[-59.73314,2.14308],[-59.73344,2.14068],[-59.73074,2.13988],[-59.72743,2.13567],[-59.72783,2.13316],[-59.726,2.13287],[-59.72539,2.13082],[-59.72721,2.12862],[-59.72813,2.12224],[-59.72402,2.12243],[-59.72343,2.11896],[-59.72181,2.11663],[-59.72172,2.11284],[-59.72332,2.11093],[-59.7228,2.10658],[-59.72168,2.10504],[-59.72313,2.09832],[-59.72711,2.09726],[-59.72959,2.09282],[-59.7344,2.09088],[-59.73573,2.08884],[-59.73685,2.08179],[-59.73835,2.07977],[-59.74092,2.07886],[-59.7391,2.07597],[-59.74231,2.07353],[-59.74129,2.07142],[-59.74268,2.06902],[-59.74071,2.06758],[-59.74094,2.0628],[-59.73789,2.05914],[-59.73736,2.05544],[-59.73573,2.05513],[-59.73762,2.05264],[-59.7372,2.05025],[-59.73246,2.04594],[-59.73235,2.04124],[-59.73041,2.04022],[-59.73235,2.03583],[-59.73041,2.03542],[-59.72888,2.03327],[-59.72817,2.02945],[-59.72142,2.02899],[-59.72083,2.02725],[-59.72233,2.02567],[-59.72219,2.02328],[-59.72627,2.02013],[-59.72901,2.01956],[-59.73255,2.01726],[-59.73515,2.01185],[-59.73318,2.01268],[-59.7312,2.00966],[-59.73151,2.00633],[-59.73484,2.00196],[-59.73432,1.99581],[-59.73297,1.99363],[-59.73547,1.99123],[-59.73463,1.98551],[-59.73359,1.98342],[-59.73693,1.98311],[-59.73761,1.97861],[-59.74088,1.97495],[-59.73875,1.97038],[-59.73939,1.969],[-59.73695,1.96603],[-59.7396,1.95924],[-59.74183,1.95733],[-59.73875,1.95542],[-59.73907,1.95383],[-59.7389,1.9543],[-59.7389,1.95429],[-59.7376,1.95353],[-59.73662,1.95289],[-59.73656,1.95292],[-59.73655,1.95292],[-59.7324,1.95453],[-59.73173,1.95353],[-59.72832,1.94815],[-59.72344,1.94374],[-59.71808,1.94032],[-59.71272,1.93886],[-59.7059,1.93887],[-59.69714,1.93791],[-59.68253,1.93401],[-59.67716,1.9301],[-59.67229,1.9257],[-59.66644,1.92326],[-59.66254,1.91886],[-59.65864,1.91641],[-59.65425,1.91593],[-59.65036,1.91986],[-59.63578,1.93654],[-59.62605,1.94096],[-59.6207,1.94636],[-59.61635,1.96351],[-59.61295,1.97136],[-59.61005,1.98165],[-59.6047,1.98705],[-59.60032,1.99293],[-59.59497,1.99784],[-59.59012,2.00765],[-59.57992,2.02579],[-59.57263,2.03364],[-59.57252,2.04469],[-59.57147,2.05541],[-59.56509,2.06399],[-59.55444,2.06615],[-59.54486,2.06509],[-59.53634,2.06832],[-59.52569,2.07048],[-59.5161,2.06943],[-59.5097,2.06515],[-59.49691,2.05874],[-59.48838,2.0534],[-59.47347,2.05342],[-59.46069,2.05451],[-59.45217,2.05774],[-59.44259,2.06418],[-59.43621,2.06955],[-59.42663,2.076],[-59.41811,2.07709],[-59.40745,2.07603],[-59.39787,2.07926],[-59.39682,2.08998],[-59.39686,2.11356],[-59.39261,2.12536],[-59.38837,2.13501],[-59.38412,2.1468],[-59.38308,2.16074],[-59.38097,2.17253],[-59.37885,2.18218],[-59.37568,2.19505],[-59.36931,2.21435],[-59.36294,2.22401],[-59.35229,2.22724],[-59.3395,2.22726],[-59.32778,2.22835],[-59.31713,2.2273],[-59.30221,2.22946],[-59.29049,2.22841],[-59.26172,2.22846],[-59.25188,2.22909],[-59.25212,2.23484],[-59.23679,2.25113],[-59.22225,2.25928],[-59.21176,2.27149],[-59.19804,2.28696],[-59.18755,2.29673],[-59.17948,2.30732],[-59.16657,2.3236],[-59.15852,2.34068],[-59.14479,2.34965],[-59.13349,2.36349],[-59.13433,2.383],[-59.13435,2.39845],[-59.10472,2.42292],[-59.17599,2.55792],[-59.26926,2.56334],[-59.32464,2.50164]]]},"properties":{"ID":"907","NAME":"Aishalton - Karaudanawa, Achiwib","STATUS":"Not Classified","REGION":"Upper Takutu-Upper Essequibo"}},
{"type":"Feature","geometry":{"type":"Polygon","coordinates":[[[-59.73907,1.95383],[-59.74,1.95119],[-59.74024,1.94873],[-59.7427,1.94671],[-59.746,1.941],[-59.745,1.929],[-59.756,1.922],[-59.754,1.912],[-59.759,1.901],[-59.746,1.879],[-59.753,1.867],[-59.751,1.859],[-59.746,1.852],[-59.735,1.852],[-59.735,1.849],[-59.733,1.852],[-59.72,1.85],[-59.71,1.855],[-59.691,1.854],[-59.68,1.846],[-59.677,1.839],[-59.665,1.849],[-59.669,1.861],[-59.663,1.871],[-59.662,1.863],[-59.649,1.844],[-59.658,1.825],[-59.654,1.817],[-59.66,1.811],[-59.664,1.814],[-59.673,1.808],[-59.678,1.807],[-59.681,1.797],[-59.678,1.791],[-59.685,1.79],[-59.688,1.779],[-59.685,1.774],[-59.688,1.767],[-59.69,1.757],[-59.666,1.755],[-59.662,1.737],[-59.653,1.743],[-59.632,1.741],[-59.63991,1.74175],[-59.6368,1.7453],[-59.62873,1.74814],[-59.62729,1.74883],[-59.62211,1.75127],[-59.60979,1.76083],[-59.60412,1.77228],[-59.59655,1.77993],[-59.58992,1.78948],[-59.58235,1.79903],[-59.5672,1.8191],[-59.55773,1.82865],[-59.54258,1.84299],[-59.53405,1.85254],[-59.52364,1.86115],[-59.499,1.8755],[-59.48383,1.88125],[-59.4753,1.88794],[-59.46582,1.89463],[-59.45635,1.90419],[-59.44689,1.91661],[-59.43646,1.92331],[-59.42698,1.92905],[-59.41656,1.93383],[-59.40613,1.94053],[-59.39286,1.94628],[-59.38243,1.95297],[-59.37107,1.96444],[-59.36159,1.97018],[-59.35497,1.98164],[-59.34834,1.99406],[-59.34172,2.00457],[-59.33509,2.01603],[-59.32942,2.02654],[-59.31614,2.02942],[-59.30001,2.03135],[-59.28483,2.02756],[-59.2687,2.02663],[-59.25257,2.02856],[-59.24024,2.02858],[-59.22601,2.02764],[-59.21272,2.0248],[-59.22076,2.03137],[-59.2288,2.03338],[-59.23818,2.03741],[-59.2335,2.04146],[-59.23016,2.04685],[-59.22548,2.04955],[-59.22348,2.05427],[-59.22415,2.06033],[-59.21347,2.08055],[-59.2088,2.08998],[-59.20211,2.09403],[-59.19742,2.09202],[-59.19207,2.09472],[-59.18604,2.09271],[-59.18069,2.09609],[-59.18136,2.10147],[-59.18538,2.10416],[-59.19007,2.10079],[-59.19141,2.10617],[-59.18808,2.1183],[-59.19344,2.12032],[-59.19479,2.12503],[-59.19814,2.12839],[-59.19346,2.13311],[-59.19279,2.13783],[-59.19749,2.14725],[-59.20085,2.15061],[-59.20689,2.15936],[-59.20623,2.16475],[-59.20087,2.16678],[-59.20021,2.17284],[-59.1962,2.17756],[-59.19822,2.18766],[-59.19689,2.19305],[-59.19355,2.1971],[-59.19223,2.20922],[-59.18956,2.21327],[-59.18822,2.21866],[-59.18623,2.22405],[-59.18757,2.23011],[-59.18758,2.23685],[-59.18692,2.24358],[-59.18492,2.24838],[-59.18988,2.24837],[-59.19994,2.24463],[-59.20846,2.23818],[-59.2191,2.23388],[-59.23082,2.23172],[-59.24467,2.22955],[-59.25188,2.22909],[-59.26172,2.22846],[-59.29049,2.22841],[-59.30221,2.22946],[-59.31713,2.2273],[-59.32778,2.22835],[-59.3395,2.22726],[-59.35229,2.22724],[-59.36294,2.22401],[-59.36931,2.21435],[-59.37568,2.19505],[-59.37885,2.18218],[-59.38097,2.17253],[-59.38308,2.16074],[-59.38412,2.1468],[-59.38837,2.13501],[-59.39261,2.12536],[-59.39686,2.11356],[-59.39682,2.08998],[-59.39787,2.07926],[-59.40745,2.07603],[-59.41811,2.07709],[-59.42663,2.076],[-59.43621,2.06955],[-59.44259,2.06418],[-59.45217,2.05774],[-59.46069,2.05451],[-59.47347,2.05342],[-59.48838,2.0534],[-59.49691,2.05874],[-59.5097,2.06515],[-59.5161,2.06943],[-59.52569,2.07048],[-59.53634,2.06832],[-59.54486,2.06509],[-59.55444,2.06615],[-59.56509,2.06399],[-59.57147,2.05541],[-59.57252,2.04469],[-59.57263,2.03364],[-59.57992,2.02579],[-59.59012,2.00765],[-59.59497,1.99784],[-59.60032,1.99293],[-59.6047,1.98705],[-59.61005,1.98165],[-59.61295,1.97136],[-59.61635,1.96351],[-59.6207,1.94636],[-59.62605,1.94096],[-59.63578,1.93654],[-59.65036,1.91986],[-59.65425,1.91593],[-59.65864,1.91641],[-59.66254,1.91886],[-59.66644,1.92326],[-59.67229,1.9257],[-59.67716,1.9301],[-59.68253,1.93401],[-59.69714,1.93791],[-59.7059,1.93887],[-59.71272,1.93886],[-59.71808,1.94032],[-59.72344,1.94374],[-59.72832,1.94815],[-59.73173,1.95353],[-59.7324,1.95453],[-59.73655,1.95292],[-59.73656,1.95292],[-59.73662,1.95289],[-59.7376,1.95353],[-59.7389,1.95429],[-59.7389,1.9543],[-59.73907,1.95383]]]},"properties":{"ID":"906","NAME":"Marudi","STATUS":"Not Classified","REGION":"Upper Takutu-Upper Essequibo"}},
{"type":"Feature","geometry":{"type":"MultiPolygon","coordinates":[[[[-59.72697,2.28185],[-59.72455,2.28454],[-59.72835,2.29184],[-59.72598,2.29519],[-59.72149,2.29671],[-59.71901,2.30123],[-59.71353,2.30675],[-59.70606,2.31228],[-59.6966,2.31832],[-59.68614,2.32235],[-59.67368,2.32288],[-59.65822,2.32241],[-59.65023,2.31941],[-59.64417,2.31799],[-59.63869,2.32679],[-59.63629,2.33315],[-59.6342,2.34134],[-59.63331,2.34891],[-59.61996,2.36036],[-59.61241,2.36493],[-59.60714,2.37102],[-59.60035,2.37787],[-59.58905,2.39233],[-59.57548,2.40603],[-59.56718,2.41288],[-59.55888,2.41746],[-59.54982,2.41823],[-59.54075,2.41825],[-59.5264,2.4198],[-59.51658,2.42058],[-59.51054,2.42059],[-59.50223,2.42136],[-59.47655,2.42673],[-59.46748,2.43101],[-59.46453,2.4261],[-59.45515,2.41512],[-59.45044,2.40179],[-59.44958,2.39305],[-59.43262,2.39795],[-59.42051,2.40529],[-59.41244,2.41262],[-59.40357,2.42321],[-59.39064,2.42811],[-59.32464,2.50164],[-59.3322,2.50118],[-59.34304,2.50116],[-59.35649,2.50039],[-59.36248,2.5015],[-59.37407,2.50149],[-59.38678,2.50372],[-59.39763,2.50595],[-59.40773,2.50894],[-59.42158,2.51756],[-59.43281,2.5292],[-59.43806,2.53633],[-59.44406,2.5461],[-59.44594,2.55061],[-59.44931,2.55398],[-59.45455,2.55623],[-59.45866,2.55885],[-59.46241,2.55781],[-59.47781,2.55779],[-59.47808,2.57034],[-59.47985,2.57808],[-59.48054,2.58376],[-59.47617,2.59332],[-59.4731,2.6016],[-59.47265,2.60871],[-59.47351,2.61661],[-59.47189,2.62532],[-59.4691,2.63153],[-59.47127,2.63729],[-59.47148,2.64138],[-59.47421,2.6464],[-59.48405,2.66063],[-59.48444,2.66482],[-59.4878,2.6704],[-59.49222,2.67573],[-59.50144,2.67795],[-59.50777,2.68192],[-59.5143,2.68705],[-59.51952,2.69195],[-59.52887,2.69141],[-59.53405,2.6867],[-59.55221,2.67883],[-59.55947,2.67515],[-59.56881,2.672],[-59.57452,2.66834],[-59.5854,2.65735],[-59.5994,2.64635],[-59.60925,2.63954],[-59.61703,2.63326],[-59.62117,2.6275],[-59.62271,2.62019],[-59.62529,2.61339],[-59.62979,2.60601],[-59.63589,2.59958],[-59.63987,2.59743],[-59.64599,2.59742],[-59.65423,2.5966],[-59.67125,2.59683],[-59.67496,2.59441],[-59.67709,2.59548],[-59.67737,2.60296],[-59.67659,2.60778],[-59.67633,2.6142],[-59.67475,2.61901],[-59.67318,2.62998],[-59.66868,2.64015],[-59.66285,2.65165],[-59.65835,2.65942],[-59.65545,2.67119],[-59.65306,2.67494],[-59.65309,2.6851],[-59.64965,2.69179],[-59.64833,2.69553],[-59.64861,2.70248],[-59.6465,2.71024],[-59.64384,2.71292],[-59.63959,2.71454],[-59.638,2.71775],[-59.62871,2.72232],[-59.62659,2.7258],[-59.62181,2.72982],[-59.61748,2.73153],[-59.6055,2.73328],[-59.59866,2.74133],[-59.59296,2.74709],[-59.58898,2.75341],[-59.59071,2.76144],[-59.59358,2.76775],[-59.59416,2.77349],[-59.59421,2.79588],[-59.59253,2.80851],[-59.59084,2.81885],[-59.58686,2.82575],[-59.58117,2.83667],[-59.57948,2.84758],[-59.58178,2.85618],[-59.56896,2.85677],[-59.56391,2.85385],[-59.57708,2.87229],[-59.59724,2.88671],[-59.60735,2.90259],[-59.61745,2.91992],[-59.62328,2.95027],[-59.62621,2.97195],[-59.62632,3.01967],[-59.62534,3.02567],[-59.62624,3.02521],[-59.63717,3.01784],[-59.64248,3.01382],[-59.64911,3.00812],[-59.65741,3.00309],[-59.66636,2.99337],[-59.67432,2.98266],[-59.67828,2.97429],[-59.68757,2.96458],[-59.69223,2.96624],[-59.69522,2.9689],[-59.70055,2.97156],[-59.70588,2.97322],[-59.70954,2.97522],[-59.71087,2.97822],[-59.7182,2.98255],[-59.72086,2.98488],[-59.72287,2.98855],[-59.72553,2.99122],[-59.72919,2.99322],[-59.7342,2.99855],[-59.74351,3.00187],[-59.74321,3.00499],[-59.94346,3.00059],[-59.94691,3.00016],[-59.94697,2.99835],[-59.95086,2.99537],[-59.95425,2.99141],[-59.9579,2.98141],[-59.95864,2.97637],[-59.96501,2.96256],[-59.96344,2.95884],[-59.9598,2.95711],[-59.95905,2.95513],[-59.96137,2.95066],[-59.96485,2.95058],[-59.96741,2.94876],[-59.97254,2.9419],[-59.97941,2.93554],[-59.98421,2.92959],[-59.98289,2.92281],[-59.98281,2.9186],[-59.98636,2.90818],[-59.98297,2.90389],[-59.97974,2.90422],[-59.97842,2.90298],[-59.97817,2.89628],[-59.98562,2.88595],[-59.9886,2.88438],[-59.99009,2.88198],[-59.98752,2.87843],[-59.98529,2.87744],[-59.98281,2.87207],[-59.98264,2.86777],[-59.98678,2.86397],[-59.98703,2.8614],[-59.98504,2.85669],[-59.9848,2.85242],[-59.98556,2.84972],[-59.99079,2.84349],[-59.9907,2.83624],[-59.9918,2.83464],[-59.99079,2.829],[-59.98868,2.81054],[-59.98893,2.80878],[-59.98699,2.80279],[-59.98842,2.79917],[-59.99146,2.79572],[-59.99222,2.78746],[-59.99332,2.78266],[-59.99146,2.77718],[-59.99214,2.76479],[-59.99163,2.76168],[-59.98733,2.75114],[-59.98734,2.74436],[-59.99286,2.73509],[-59.99197,2.72864],[-59.99239,2.72502],[-59.98951,2.71825],[-59.99155,2.70766],[-59.99138,2.70446],[-59.9888,2.69407],[-59.9917,2.68872],[-59.99082,2.68321],[-59.98758,2.67839],[-59.98424,2.67541],[-59.97863,2.67384],[-59.97706,2.672],[-59.97522,2.66753],[-59.97346,2.66631],[-59.97443,2.66149],[-59.97145,2.65676],[-59.97425,2.64836],[-59.9782,2.64196],[-59.97647,2.63812],[-59.9725,2.63417],[-59.97066,2.63093],[-59.96855,2.63023],[-59.96899,2.62848],[-59.96478,2.62638],[-59.96408,2.62349],[-59.96531,2.61946],[-59.96338,2.61447],[-59.9583,2.61123],[-59.95891,2.60781],[-59.96487,2.60948],[-59.96715,2.6086],[-59.97232,2.59871],[-59.97259,2.59494],[-59.97057,2.59179],[-59.96812,2.59144],[-59.96391,2.59231],[-59.96084,2.59179],[-59.9569,2.58986],[-59.9526,2.58653],[-59.94822,2.58601],[-59.94191,2.58382],[-59.93831,2.58049],[-59.93481,2.57244],[-59.93069,2.57068],[-59.92911,2.56911],[-59.92981,2.56569],[-59.93349,2.56175],[-59.93542,2.55764],[-59.93822,2.55553],[-59.9384,2.55186],[-59.93516,2.55028],[-59.93279,2.54792],[-59.93331,2.54415],[-59.92946,2.53995],[-59.92595,2.53802],[-59.92358,2.53425],[-59.92236,2.52988],[-59.91841,2.52593],[-59.91859,2.52331],[-59.92148,2.52121],[-59.91973,2.51726],[-59.91885,2.51245],[-59.92034,2.50737],[-59.91482,2.50465],[-59.91289,2.50141],[-59.91263,2.49493],[-59.90684,2.49196],[-59.90448,2.48889],[-59.90211,2.48381],[-59.89823,2.4823],[-59.89707,2.48061],[-59.89778,2.47632],[-59.89966,2.47489],[-59.90082,2.47177],[-59.89966,2.46945],[-59.8968,2.46784],[-59.89358,2.46427],[-59.89528,2.45927],[-59.89474,2.45275],[-59.89671,2.45106],[-59.89805,2.44713],[-59.89778,2.44409],[-59.9002,2.44168],[-59.90082,2.43731],[-59.9002,2.43588],[-59.89644,2.43311],[-59.89197,2.4274],[-59.89224,2.42436],[-59.89671,2.42454],[-59.89841,2.42329],[-59.89859,2.41909],[-59.89617,2.41249],[-59.89716,2.40642],[-59.8989,2.40204],[-59.90081,2.39995],[-59.90518,2.39831],[-59.90691,2.39986],[-59.90901,2.39067],[-59.90682,2.38721],[-59.90628,2.38139],[-59.905,2.37565],[-59.90026,2.37055],[-59.89781,2.36637],[-59.89926,2.36346],[-59.89817,2.36145],[-59.89397,2.36163],[-59.88961,2.35606],[-59.88196,2.35272],[-59.88032,2.35354],[-59.87498,2.36051],[-59.87283,2.36103],[-59.87029,2.35856],[-59.86929,2.35464],[-59.86966,2.35062],[-59.86851,2.34903],[-59.86403,2.34613],[-59.85991,2.34189],[-59.8566,2.33999],[-59.85465,2.33771],[-59.85515,2.33295],[-59.85189,2.33035],[-59.84392,2.3295],[-59.84357,2.32393],[-59.84466,2.32271],[-59.84338,2.3203],[-59.83867,2.32072],[-59.83556,2.3229],[-59.83193,2.32921],[-59.82871,2.32889],[-59.82767,2.32625],[-59.82773,2.32231],[-59.82416,2.31813],[-59.81846,2.31763],[-59.81652,2.31323],[-59.81003,2.31008],[-59.80472,2.30547],[-59.80474,2.29912],[-59.80344,2.29779],[-59.79957,2.29793],[-59.79733,2.29328],[-59.7941,2.2906],[-59.78806,2.28795],[-59.78748,2.28386],[-59.78027,2.28568],[-59.7772,2.2901],[-59.77174,2.29457],[-59.76969,2.29542],[-59.76033,2.28964],[-59.75318,2.2902],[-59.75057,2.28773],[-59.74625,2.29227],[-59.74103,2.29295],[-59.73934,2.29017],[-59.73749,2.28637],[-59.73336,2.28608],[-59.72697,2.28185]]],[[[-58.90977,4.01246],[-58.90915,4.00938],[-58.91114,3.99303],[-58.91825,3.98484],[-58.92535,3.97768],[-58.92941,3.97154],[-58.93956,3.96334],[-58.94361,3.95414],[-58.94663,3.94392],[-58.94661,3.9337],[-58.9476,3.92348],[-58.95063,3.91224],[-58.95671,3.90507],[-58.96484,3.89995],[-58.96889,3.89279],[-58.97498,3.8846],[-58.97801,3.87744],[-58.97802,3.87111],[-58.9794,3.86642],[-58.98253,3.86397],[-58.97898,3.86114],[-58.97729,3.86129],[-58.96905,3.86689],[-58.96621,3.86755],[-58.96396,3.86678],[-58.96093,3.86357],[-58.95644,3.86375],[-58.94944,3.8661],[-58.94701,3.86827],[-58.94549,3.86315],[-58.94202,3.85967],[-58.93973,3.85962],[-58.93655,3.86284],[-58.935,3.86217],[-58.93533,3.85801],[-58.93215,3.85766],[-58.92876,3.86177],[-58.931,3.86463],[-58.9339,3.86444],[-58.93619,3.86787],[-58.93464,3.87425],[-58.92838,3.87266],[-58.92301,3.87064],[-58.9163,3.87662],[-58.91193,3.87629],[-58.91108,3.87363],[-58.9083,3.87101],[-58.9064,3.87272],[-58.90907,3.87859],[-58.90913,3.88063],[-58.90322,3.88256],[-58.89961,3.87951],[-58.89558,3.87301],[-58.89317,3.87058],[-58.89316,3.86797],[-58.89461,3.86227],[-58.89342,3.85819],[-58.88887,3.85431],[-58.89645,3.84805],[-58.90475,3.83549],[-58.91304,3.82433],[-58.92411,3.81317],[-58.93378,3.80061],[-58.94207,3.78806],[-58.94898,3.7769],[-58.95449,3.76017],[-58.96276,3.74066],[-58.96966,3.72254],[-58.97239,3.70582],[-58.97791,3.69049],[-58.98065,3.67795],[-58.98478,3.66262],[-58.99307,3.65285],[-59.00275,3.64447],[-59.02076,3.63886],[-59.03601,3.64022],[-59.05403,3.63739],[-59.06788,3.63458],[-59.08592,3.64428],[-59.10118,3.64843],[-59.1206,3.65395],[-59.14001,3.65669],[-59.15248,3.65805],[-59.18715,3.66075],[-59.20794,3.66209],[-59.22829,3.6646],[-59.34779,3.66584],[-59.43922,3.66678],[-59.44531,3.65983],[-59.4487,3.65091],[-59.46979,3.63304],[-59.47659,3.62686],[-59.48339,3.6193],[-59.48882,3.61175],[-59.49152,3.60079],[-59.49217,3.59051],[-59.49214,3.57749],[-59.49075,3.5679],[-59.48389,3.55491],[-59.4702,3.53439],[-59.45705,3.51012],[-59.46196,3.50983],[-59.45633,3.50307],[-59.44619,3.47851],[-59.44757,3.45826],[-59.45043,3.44813],[-59.45613,3.42932],[-59.47337,3.4177],[-59.47334,3.40324],[-59.46898,3.3859],[-59.46173,3.36712],[-59.47032,3.3483],[-59.49044,3.33812],[-59.50768,3.32796],[-59.52349,3.32358],[-59.53787,3.3192],[-59.55079,3.30905],[-59.56327,3.29784],[-59.55993,3.29085],[-59.56865,3.27319],[-59.57153,3.25261],[-59.56799,3.24824],[-59.56274,3.23984],[-59.55879,3.22855],[-59.55249,3.22042],[-59.54541,3.21439],[-59.52734,3.20314],[-59.52315,3.19894],[-59.52078,3.19394],[-59.52398,3.18393],[-59.53419,3.1708],[-59.54998,3.15298],[-59.5667,3.13796],[-59.58248,3.1192],[-59.58793,3.10984],[-59.58091,3.11415],[-59.57157,3.11804],[-59.56529,3.11943],[-59.56168,3.11944],[-59.557,3.11807],[-59.54931,3.1203],[-59.54382,3.12142],[-59.53584,3.12116],[-59.53117,3.122],[-59.52183,3.12451],[-59.51743,3.1248],[-59.50891,3.12427],[-59.50204,3.1276],[-59.496,3.12844],[-59.49215,3.12956],[-59.48748,3.13289],[-59.48089,3.13346],[-59.47621,3.13264],[-59.47017,3.13431],[-59.45892,3.14208],[-59.45397,3.14347],[-59.4482,3.14431],[-59.44325,3.14598],[-59.43968,3.14571],[-59.43556,3.14876],[-59.43255,3.15374],[-59.4137,3.15683],[-59.39624,3.15148],[-59.38282,3.14477],[-59.36536,3.13537],[-59.34523,3.13137],[-59.32779,3.13276],[-59.30901,3.1301],[-59.2929,3.12609],[-59.2862,3.12746],[-59.28218,3.12881],[-59.2701,3.12345],[-59.26605,3.11267],[-59.27272,3.09647],[-59.27272,3.09512],[-59.26185,3.07618],[-59.20632,2.88654],[-59.22081,2.79806],[-59.23634,2.70327],[-59.24775,2.63363],[-59.26926,2.56334],[-59.17599,2.55792],[-59.10472,2.42292],[-59.13435,2.39845],[-59.13433,2.383],[-59.13349,2.36349],[-59.14479,2.34965],[-59.15852,2.34068],[-59.16657,2.3236],[-59.17948,2.30732],[-59.18755,2.29673],[-59.19804,2.28696],[-59.21176,2.27149],[-59.22225,2.25928],[-59.23679,2.25113],[-59.25212,2.23484],[-59.25188,2.22909],[-59.24467,2.22955],[-59.23082,2.23172],[-59.2191,2.23388],[-59.20846,2.23818],[-59.19994,2.24463],[-59.18988,2.24837],[-59.18492,2.24838],[-59.18692,2.24358],[-59.18758,2.23685],[-59.18757,2.23011],[-59.18623,2.22405],[-59.18822,2.21866],[-59.18956,2.21327],[-59.19223,2.20922],[-59.19355,2.1971],[-59.19689,2.19305],[-59.19822,2.18766],[-59.1962,2.17756],[-59.20021,2.17284],[-59.20087,2.16678],[-59.20623,2.16475],[-59.20689,2.15936],[-59.20085,2.15061],[-59.19749,2.14725],[-59.19279,2.13783],[-59.19346,2.13311],[-59.19814,2.12839],[-59.19479,2.12503],[-59.19344,2.12032],[-59.18808,2.1183],[-59.19141,2.10617],[-59.19007,2.10079],[-59.18538,2.10416],[-59.18136,2.10147],[-59.18069,2.09609],[-59.18604,2.09271],[-59.19207,2.09472],[-59.19742,2.09202],[-59.20211,2.09403],[-59.2088,2.08998],[-59.21347,2.08055],[-59.22415,2.06033],[-59.22348,2.05427],[-59.22548,2.04955],[-59.23016,2.04685],[-59.2335,2.04146],[-59.23818,2.03741],[-59.2288,2.03338],[-59.22076,2.03137],[-59.21272,2.0248],[-59.22601,2.02764],[-59.24024,2.02858],[-59.25257,2.02856],[-59.2687,2.02663],[-59.28483,2.02756],[-59.30001,2.03135],[-59.31614,2.02942],[-59.32942,2.02654],[-59.33509,2.01603],[-59.34172,2.00457],[-59.34834,1.99406],[-59.35497,1.98164],[-59.36159,1.97018],[-59.37107,1.96444],[-59.38243,1.95297],[-59.39286,1.94628],[-59.40613,1.94053],[-59.41656,1.93383],[-59.42698,1.92905],[-59.43646,1.92331],[-59.44689,1.91661],[-59.45635,1.90419],[-59.46582,1.89463],[-59.4753,1.88794],[-59.48383,1.88125],[-59.499,1.8755],[-59.52364,1.86115],[-59.53405,1.85254],[-59.54258,1.84299],[-59.55773,1.82865],[-59.5672,1.8191],[-59.58235,1.79903],[-59.58992,1.78948],[-59.59655,1.77993],[-59.60412,1.77228],[-59.60979,1.76083],[-59.62211,1.75127],[-59.62729,1.74883],[-59.62873,1.74814],[-59.6368,1.7453],[-59.63991,1.74175],[-59.632,1.741],[-59.629,1.728],[-59.617,1.716],[-59.607,1.723],[-59.587,1.727],[-59.584,1.732],[-59.566,1.736],[-59.556,1.724],[-59.55,1.729],[-59.545,1.722],[-59.539,1.723],[-59.533,1.717],[-59.534,1.709],[-59.526,1.703],[-59.526,1.692],[-59.513,1.681],[-59.511,1.669],[-59.507,1.668],[-59.507,1.675],[-59.5,1.677],[-59.493,1.674],[-59.494,1.646],[-59.489,1.642],[-59.483,1.627],[-59.465,1.618],[-59.447,1.62],[-59.437,1.594],[-59.427,1.587],[-59.431,1.567],[-59.422,1.556],[-59.412,1.552],[-59.399,1.557],[-59.396,1.556],[-59.394,1.537],[-59.384,1.529],[-59.384,1.523],[-59.378,1.521],[-59.381,1.507],[-59.373,1.507],[-59.364,1.51],[-59.362,1.504],[-59.358,1.511],[-59.358,1.518],[-59.339,1.519],[-59.329,1.514],[-59.332,1.506],[-59.321,1.482],[-59.327,1.474],[-59.327,1.464],[-59.314,1.461],[-59.31,1.466],[-59.302,1.466],[-59.287,1.453],[-59.284,1.45],[-59.288,1.445],[-59.288,1.439],[-59.284,1.437],[-59.274,1.418],[-59.282,1.411],[-59.272,1.407],[-59.269,1.401],[-59.259,1.397],[-59.253,1.389],[-59.233,1.387],[-59.226,1.378],[-59.207,1.372],[-59.204,1.377],[-59.196,1.379],[-59.187,1.375],[-59.171,1.357],[-59.161,1.359],[-59.152,1.349],[-59.146,1.347],[-59.131,1.353],[-59.118,1.343],[-59.102,1.349],[-59.096,1.345],[-59.089,1.347],[-59.087,1.339],[-59.076,1.331],[-59.07,1.33],[-59.066,1.336],[-59.057,1.335],[-59.052,1.325],[-59.048,1.323],[-59.023,1.331],[-59.013,1.324],[-59,1.324],[-58.993,1.327],[-58.989,1.325],[-58.982,1.308],[-58.978,1.302],[-58.972,1.31],[-58.966,1.313],[-58.918,1.317],[-58.915,1.314],[-58.915,1.306],[-58.923,1.294],[-58.922,1.29],[-58.918,1.285],[-58.898,1.28],[-58.886,1.261],[-58.904,1.251],[-58.904,1.242],[-58.912,1.239],[-58.89528,1.22722],[-58.88206,1.22874],[-58.87455,1.22323],[-58.86678,1.20317],[-58.85928,1.20407],[-58.85429,1.18346],[-58.84594,1.18184],[-58.83178,1.18791],[-58.82678,1.18709],[-58.82401,1.18321],[-58.80595,1.18123],[-58.7915,1.19046],[-58.77928,1.19065],[-58.77623,1.18541],[-58.76984,1.1865],[-58.76401,1.19708],[-58.75122,1.20848],[-58.73956,1.1999],[-58.71511,1.23763],[-58.72095,1.24513],[-58.72067,1.25544],[-58.70984,1.28348],[-58.71039,1.2899],[-58.69456,1.29732],[-58.68011,1.29625],[-58.67595,1.28513],[-58.66401,1.27935],[-58.65261,1.28822],[-58.63928,1.28542],[-58.62873,1.2885],[-58.61484,1.2829],[-58.60817,1.27378],[-58.58845,1.2699],[-58.58539,1.26212],[-58.57761,1.27461],[-58.57761,1.2832],[-58.56984,1.28601],[-58.56456,1.2946],[-58.55956,1.29018],[-58.54678,1.29181],[-58.54011,1.28792],[-58.53817,1.26767],[-58.53595,1.26568],[-58.52983,1.27066],[-58.52706,1.26957],[-58.52289,1.25791],[-58.519,1.25818],[-58.52011,1.26569],[-58.51289,1.27763],[-58.50428,1.2732],[-58.50401,1.26904],[-58.49622,1.26796],[-58.49506,1.29492],[-58.4834,1.30035],[-58.47611,1.30849],[-58.47095,1.31935],[-58.47428,1.34838],[-58.45787,1.37145],[-58.46484,1.37534],[-58.47006,1.37081],[-58.48503,1.38473],[-58.47901,1.38718],[-58.47964,1.39016],[-58.50511,1.40317],[-58.50595,1.40959],[-58.50154,1.41493],[-58.50317,1.42488],[-58.49806,1.43012],[-58.50233,1.44287],[-58.50789,1.44486],[-58.50873,1.46295],[-58.51397,1.47861],[-58.48649,1.51238],[-58.45902,1.54917],[-58.41717,1.60259],[-58.40382,1.63937],[-58.39146,1.67994],[-58.37584,1.71597],[-58.36222,1.75074],[-58.30778,1.8296],[-58.29568,1.8558],[-58.27904,1.90266],[-58.26039,1.947],[-58.24905,1.98756],[-58.23191,2.02912],[-58.19989,2.12837],[-58.18502,2.18051],[-58.16158,2.23819],[-58.13562,2.31048],[-58.12377,2.3334],[-58.11167,2.35027],[-58.05495,2.44824],[-58.04865,2.47217],[-58.03907,2.50994],[-58.03958,2.54645],[-58.04437,2.58196],[-58.04638,2.61898],[-58.05369,2.66405],[-58.05168,2.71164],[-58.0426,2.73404],[-58.02647,2.76023],[-58.00378,2.78742],[-57.97379,2.83576],[-57.95791,2.85943],[-57.94934,2.88536],[-57.95337,2.91053],[-57.96194,2.93369],[-57.97152,2.95383],[-57.97404,2.97321],[-57.98034,2.99461],[-57.9937,3.02532],[-58.02042,3.05905],[-58.03882,3.08523],[-58.05067,3.10763],[-58.05647,3.11895],[-58.07209,3.12877],[-58.09705,3.16099],[-58.1215,3.20478],[-58.13284,3.22919],[-58.1404,3.26266],[-58.14267,3.29034],[-58.13814,3.30267],[-58.14015,3.33463],[-58.13612,3.34596],[-58.13713,3.35829],[-58.1394,3.37112],[-58.1457,3.38269],[-58.14923,3.40308],[-58.15402,3.42195],[-58.16057,3.43981],[-58.16586,3.46372],[-58.16511,3.48334],[-58.16712,3.51655],[-58.17771,3.53643],[-58.18956,3.5475],[-58.19183,3.5714],[-58.2009,3.58725],[-58.21451,3.61416],[-58.22258,3.63681],[-58.23795,3.65341],[-58.26619,3.67907],[-58.28509,3.70347],[-58.28963,3.71378],[-58.28963,3.73088],[-58.30047,3.74799],[-58.31988,3.76937],[-58.32719,3.79502],[-58.33172,3.81389],[-58.33702,3.83225],[-58.33803,3.86016],[-58.34206,3.86695],[-58.34332,3.88607],[-58.34534,3.89487],[-58.3529,3.9087],[-58.35567,3.92027],[-58.36071,3.92605],[-58.3655,3.9517],[-58.3597,3.96151],[-58.35214,3.97735],[-58.35265,4.03242],[-58.35668,4.06561],[-58.36021,4.091],[-58.37231,4.11715],[-58.38138,4.13752],[-58.38567,4.15939],[-58.40382,4.17623],[-58.44339,4.22676],[-58.46482,4.25668],[-58.47656,4.25221],[-58.48694,4.25654],[-58.49997,4.26295],[-58.51318,4.27349],[-58.5247,4.28008],[-58.54793,4.27857],[-58.5619,4.28064],[-58.57266,4.28422],[-58.5787,4.2797],[-58.5923,4.27726],[-58.60589,4.2701],[-58.63742,4.262],[-58.658,4.25617],[-58.67707,4.25278],[-58.68972,4.23131],[-58.69897,4.21041],[-58.72862,4.17256],[-58.73938,4.15204],[-58.77148,4.13659],[-58.78602,4.1253],[-58.8083,4.10533],[-58.83341,4.07407],[-58.88382,4.03038],[-58.90553,4.0155],[-58.90977,4.01246]]]]},"properties":{"ID":"908","NAME":"Rest of Region 9","STATUS":"Not Classified","REGION":"Upper Takutu-Upper Essequibo"}},
{"type":"Feature","geometry":{"type":"Polygon","coordinates":[[[-59.57523,5.08154],[-59.57937,5.08371],[-59.58571,5.08849],[-59.59508,5.09063],[-59.60465,5.08754],[-59.6103,5.08424],[-59.61507,5.07985],[-59.61812,5.07984],[-59.61713,5.08594],[-59.62066,5.08447],[-59.6281,5.0777],[-59.63705,5.07354],[-59.64871,5.07769],[-59.65317,5.07123],[-59.66088,5.06349],[-59.66066,5.06144],[-59.6639,5.05565],[-59.66095,5.05039],[-59.66399,5.04432],[-59.66946,5.04185],[-59.67222,5.03895],[-59.6711,5.03724],[-59.66412,5.03346],[-59.65993,5.0285],[-59.65845,5.02389],[-59.65981,5.01932],[-59.65259,5.01385],[-59.652,5.0119],[-59.65039,5.01256],[-59.65003,5.00942],[-59.64287,5.00573],[-59.64104,5.00614],[-59.63859,5.00926],[-59.63446,5.00687],[-59.62929,5.00636],[-59.62729,5.0018],[-59.62481,5.0028],[-59.61946,5.00223],[-59.61211,5.0007],[-59.61005,4.99733],[-59.59563,4.99035],[-59.5841,4.98881],[-59.58161,4.98743],[-59.57929,4.98456],[-59.57879,4.97955],[-59.57979,4.97461],[-59.5758,4.97362],[-59.56786,4.97909],[-59.5659,4.97869],[-59.55434,4.98331],[-59.55036,4.98381],[-59.54737,4.99087],[-59.54075,4.99742],[-59.53763,5.00299],[-59.53828,5.00436],[-59.53575,5.00658],[-59.53359,5.01346],[-59.52386,5.01303],[-59.52152,5.01366],[-59.51588,5.01203],[-59.51067,5.01437],[-59.508,5.01338],[-59.5056,5.02098],[-59.50637,5.02296],[-59.51196,5.02695],[-59.51529,5.03255],[-59.52187,5.03773],[-59.52202,5.04286],[-59.52454,5.04723],[-59.52713,5.045],[-59.52919,5.04686],[-59.52508,5.04815],[-59.52569,5.05023],[-59.52768,5.05077],[-59.52804,5.06126],[-59.5306,5.06117],[-59.53673,5.05836],[-59.54087,5.05995],[-59.54169,5.06196],[-59.54067,5.06531],[-59.54197,5.06885],[-59.546,5.06987],[-59.55493,5.07049],[-59.56474,5.07394],[-59.57523,5.08154]]]},"properties":{"ID":"806","NAME":"Chenapau River","STATUS":"Not Classified","REGION":"Potaro-Siparuni"}},
{"type":"Feature","geometry":{"type":"Polygon","coordinates":[[[-59.98978,4.97125],[-59.97692,4.96711],[-59.96418,4.96425],[-59.9548,4.96273],[-59.94341,4.96144],[-59.94006,4.96235],[-59.92874,4.96217],[-59.92379,4.97523],[-59.92111,4.98975],[-59.9186,4.99921],[-59.91529,5.00845],[-59.90991,5.01974],[-59.90493,5.02716],[-59.90053,5.03163],[-59.89525,5.03807],[-59.89252,5.04711],[-59.89255,5.05248],[-59.89428,5.05184],[-59.90288,5.05555],[-59.90623,5.05478],[-59.91744,5.05548],[-59.92976,5.05505],[-59.9361,5.05353],[-59.9402,5.05126],[-59.94468,5.04974],[-59.94728,5.04786],[-59.95697,5.04482],[-59.9607,5.04293],[-59.97262,5.04037],[-59.97571,5.04034],[-59.97695,5.03394],[-59.97384,5.03101],[-59.97673,5.02496],[-59.97698,5.01922],[-59.97952,5.01527],[-59.98313,5.01765],[-59.98507,5.01239],[-59.98553,5.00648],[-59.98831,5.00605],[-59.98817,5.00353],[-59.98964,5.00125],[-59.98797,4.99878],[-59.98787,4.99277],[-59.98677,4.98966],[-59.99002,4.98718],[-59.9906,4.98396],[-59.98701,4.97952],[-59.98766,4.97383],[-59.98978,4.97125]]]},"properties":{"ID":"807","NAME":"Chenapau River","STATUS":"Not Classified","REGION":"Potaro-Siparuni"}},
{"type":"Feature","geometry":{"type":"Polygon","coordinates":[[[-59.98978,4.97125],[-59.99121,4.96993],[-59.99072,4.96647],[-59.99185,4.96106],[-59.99144,4.95835],[-59.98948,4.95401],[-59.98959,4.94967],[-59.99199,4.95061],[-59.99405,4.94942],[-59.99403,4.93955],[-59.99227,4.93812],[-59.99358,4.9338],[-59.99692,4.93138],[-59.998,4.92754],[-59.99815,4.92007],[-59.99875,4.91805],[-60.00102,4.91732],[-60.0021,4.91444],[-60.00239,4.90869],[-60.00075,4.90602],[-60.0039,4.90144],[-60.00531,4.89238],[-60.00707,4.88716],[-60.00478,4.88515],[-60.00495,4.88161],[-59.99728,4.87814],[-59.98968,4.87548],[-59.98006,4.87127],[-59.97424,4.86771],[-59.96667,4.86474],[-59.95372,4.86041],[-59.95197,4.86396],[-59.94858,4.86773],[-59.94656,4.87389],[-59.9442,4.87937],[-59.93524,4.88995],[-59.93166,4.89378],[-59.92487,4.89825],[-59.9208,4.90305],[-59.91864,4.90755],[-59.91547,4.90228],[-59.9094,4.90187],[-59.90157,4.89755],[-59.89591,4.89279],[-59.88895,4.88586],[-59.88284,4.87806],[-59.87204,4.85991],[-59.86774,4.8555],[-59.86204,4.85315],[-59.85759,4.85555],[-59.85457,4.85817],[-59.84457,4.86823],[-59.84112,4.87109],[-59.84198,4.87495],[-59.84129,4.88656],[-59.84171,4.89779],[-59.84024,4.90379],[-59.83952,4.90941],[-59.83396,4.92029],[-59.83062,4.9248],[-59.82095,4.93421],[-59.81313,4.93723],[-59.79638,4.95004],[-59.79267,4.95605],[-59.78969,4.95943],[-59.78636,4.96618],[-59.78302,4.96994],[-59.77746,4.98045],[-59.77338,4.98609],[-59.77115,4.99021],[-59.76968,4.99659],[-59.76488,5.00859],[-59.76454,5.01608],[-59.76642,5.02019],[-59.77166,5.02167],[-59.77727,5.02427],[-59.78139,5.02687],[-59.79001,5.03508],[-59.79901,5.04252],[-59.80462,5.0455],[-59.81623,5.05256],[-59.81923,5.0548],[-59.82748,5.06262],[-59.83234,5.0656],[-59.84059,5.07268],[-59.84508,5.0749],[-59.85032,5.07638],[-59.85555,5.0771],[-59.86264,5.07557],[-59.87307,5.07103],[-59.87753,5.06615],[-59.882,5.06276],[-59.89017,5.05336],[-59.89255,5.05248],[-59.89252,5.04711],[-59.89525,5.03807],[-59.90053,5.03163],[-59.90493,5.02716],[-59.90991,5.01974],[-59.91529,5.00845],[-59.9186,4.99921],[-59.92111,4.98975],[-59.92379,4.97523],[-59.92874,4.96217],[-59.94006,4.96235],[-59.94341,4.96144],[-59.9548,4.96273],[-59.96418,4.96425],[-59.97692,4.96711],[-59.98978,4.97125]]]},"properties":{"ID":"805","NAME":"Kopanang, Waipa, Kenepai","STATUS":"Not Classified","REGION":"Potaro-Siparuni"}},
{"type":"Feature","geometry":{"type":"Polygon","coordinates":[[[-59.59211,4.46087],[-59.59436,4.46177],[-59.59937,4.46329],[-59.59981,4.46396],[-59.59984,4.464],[-59.60425,4.47074],[-59.60725,4.47441],[-59.61708,4.48583],[-59.62151,4.48815],[-59.63762,4.49954],[-59.64766,4.50745],[-59.66071,4.51044],[-59.6712,4.5111],[-59.68146,4.51457],[-59.688,4.51992],[-59.69664,4.5262],[-59.70505,4.53412],[-59.71252,4.53876],[-59.72301,4.54083],[-59.74542,4.5378],[-59.74501,4.53114],[-59.75044,4.52092],[-59.75198,4.51503],[-59.75936,4.50402],[-59.764,4.49106],[-59.77294,4.4773],[-59.77409,4.47298],[-59.77254,4.46529],[-59.78327,4.45944],[-59.78757,4.44609],[-59.78551,4.44997],[-59.78342,4.45034],[-59.77952,4.44681],[-59.77897,4.4439],[-59.78136,4.44152],[-59.77979,4.43989],[-59.7749,4.44127],[-59.77146,4.43995],[-59.77065,4.43659],[-59.76913,4.43912],[-59.7658,4.4369],[-59.76495,4.43385],[-59.76015,4.43215],[-59.75826,4.42759],[-59.7543,4.4225],[-59.75023,4.42057],[-59.74487,4.42231],[-59.7403,4.4216],[-59.73828,4.42395],[-59.73512,4.42327],[-59.7308,4.41661],[-59.73008,4.41241],[-59.72697,4.41013],[-59.72358,4.41114],[-59.72049,4.41036],[-59.72045,4.4067],[-59.71874,4.40316],[-59.72192,4.39868],[-59.71401,4.39605],[-59.70971,4.39056],[-59.70269,4.38714],[-59.69466,4.37999],[-59.69107,4.38032],[-59.6892,4.3832],[-59.68389,4.38515],[-59.67284,4.3774],[-59.66081,4.37422],[-59.65494,4.37486],[-59.64992,4.37846],[-59.63444,4.38325],[-59.62711,4.38552],[-59.60598,4.4292],[-59.59619,4.45592],[-59.59615,4.45596],[-59.59606,4.4562],[-59.59211,4.46087]]]},"properties":{"ID":"802","NAME":"Monkey Mountain","STATUS":"Not Classified","REGION":"Potaro-Siparuni"}},
{"type":"Feature","geometry":{"type":"Polygon","coordinates":[[[-59.71175,4.79759],[-59.71396,4.79207],[-59.71511,4.78618],[-59.71898,4.77636],[-59.72637,4.76614],[-59.73182,4.7618],[-59.73962,4.75667],[-59.74584,4.74723],[-59.75012,4.74251],[-59.75245,4.73662],[-59.75632,4.72915],[-59.7598,4.71776],[-59.76094,4.70992],[-59.76365,4.70245],[-59.76868,4.69145],[-59.77335,4.68555],[-59.77802,4.67886],[-59.78112,4.67219],[-59.78069,4.66434],[-59.78106,4.65767],[-59.77985,4.64905],[-59.7774,4.64205],[-59.76999,4.62517],[-59.76175,4.61735],[-59.74844,4.6127],[-59.74061,4.60803],[-59.73629,4.60334],[-59.73297,4.59596],[-59.72769,4.60376],[-59.72226,4.6128],[-59.70121,4.62779],[-59.68481,4.63413],[-59.67545,4.63808],[-59.66453,4.64636],[-59.64387,4.66056],[-59.62087,4.67908],[-59.61581,4.68498],[-59.61234,4.69598],[-59.60807,4.7058],[-59.59834,4.71682],[-59.59275,4.72436],[-59.58784,4.73412],[-59.58286,4.74066],[-59.58684,4.74264],[-59.58985,4.7475],[-59.59396,4.75048],[-59.59921,4.75533],[-59.60333,4.75981],[-59.61269,4.76651],[-59.61681,4.76837],[-59.62128,4.76835],[-59.6325,4.77093],[-59.64222,4.77389],[-59.65828,4.7757],[-59.66875,4.78053],[-59.67249,4.78314],[-59.67475,4.78725],[-59.67667,4.80185],[-59.67856,4.80708],[-59.68529,4.8093],[-59.69089,4.8104],[-59.69611,4.80963],[-59.70021,4.80737],[-59.70878,4.80172],[-59.71175,4.79759]]]},"properties":{"ID":"803","NAME":"Paramakatoi","STATUS":"Not Classified","REGION":"Potaro-Siparuni"}},
{"type":"Feature","geometry":{"type":"Polygon","coordinates":[[[-60.00495,4.88161],[-60.00651,4.87681],[-60.00948,4.87402],[-60.01031,4.87125],[-60.00898,4.8656],[-60.00896,4.86177],[-60.01087,4.85699],[-60.01139,4.85273],[-60.01296,4.84894],[-60.01347,4.84322],[-60.0179,4.83623],[-60.02078,4.83504],[-60.02519,4.83183],[-60.02495,4.8276],[-60.02803,4.82022],[-60.0282,4.8178],[-60.02197,4.81289],[-60.02452,4.80979],[-60.03073,4.80753],[-60.03364,4.80376],[-60.03444,4.80108],[-60.03373,4.79811],[-60.03496,4.79562],[-60.03592,4.79043],[-60.03417,4.78834],[-60.02851,4.78728],[-60.0275,4.78604],[-60.02218,4.78349],[-60.02393,4.77342],[-60.02657,4.76588],[-60.02619,4.7631],[-60.02436,4.75938],[-60.02507,4.75593],[-60.0244,4.74896],[-60.02552,4.74283],[-60.02919,4.73648],[-60.03437,4.7342],[-60.03653,4.73023],[-60.03685,4.72751],[-60.03926,4.72442],[-60.03651,4.71947],[-60.03295,4.71785],[-60.03066,4.71477],[-60.02662,4.71406],[-60.0271,4.7117],[-60.02546,4.7079],[-60.02594,4.70555],[-60.02992,4.70303],[-60.03307,4.69842],[-60.04277,4.69408],[-60.04492,4.68992],[-60.04729,4.68866],[-60.0526,4.68374],[-60.05397,4.67879],[-60.05873,4.67799],[-60.06152,4.6719],[-60.06994,4.66291],[-60.07542,4.65548],[-60.07631,4.64908],[-60.07253,4.65086],[-60.07237,4.64874],[-60.06988,4.64534],[-60.06942,4.64307],[-60.07039,4.63763],[-60.0753,4.63605],[-60.07573,4.63374],[-60.07246,4.62344],[-60.07017,4.62059],[-60.06979,4.61812],[-60.07208,4.61583],[-60.07466,4.61516],[-60.07689,4.61624],[-60.07917,4.61376],[-60.08324,4.61171],[-60.08902,4.60598],[-60.09138,4.60563],[-60.09514,4.60659],[-60.0966,4.60383],[-60.10009,4.6035],[-60.10543,4.60807],[-60.10764,4.60799],[-60.11258,4.60252],[-60.1168,4.60472],[-60.12342,4.60501],[-60.12881,4.60044],[-60.13115,4.59576],[-60.12931,4.59055],[-60.12826,4.58546],[-60.1262,4.58271],[-60.12295,4.58062],[-60.12382,4.57688],[-60.12818,4.57501],[-60.13553,4.58068],[-60.14013,4.57942],[-60.14035,4.57676],[-60.13778,4.57636],[-60.13887,4.56977],[-60.13533,4.5662],[-60.13643,4.56487],[-60.13993,4.5665],[-60.14551,4.5661],[-60.14849,4.57032],[-60.14969,4.57511],[-60.15079,4.57617],[-60.15487,4.57507],[-60.15725,4.57248],[-60.15629,4.56952],[-60.15786,4.56399],[-60.16082,4.55971],[-60.16074,4.5556],[-60.15972,4.55418],[-60.15576,4.55248],[-60.15381,4.54838],[-60.15405,4.54516],[-60.15681,4.54128],[-60.15774,4.53574],[-60.15849,4.52458],[-60.16125,4.52158],[-60.16114,4.51773],[-60.15952,4.51699],[-60.15623,4.51286],[-60.14955,4.51147],[-60.14362,4.51363],[-60.13666,4.51434],[-60.13445,4.51178],[-60.13104,4.51036],[-60.12762,4.50758],[-60.12383,4.5075],[-60.12229,4.50271],[-60.1208,4.50155],[-60.11779,4.50203],[-60.11398,4.50465],[-60.11109,4.50546],[-60.10817,4.50458],[-60.10188,4.50818],[-60.09818,4.51324],[-60.09793,4.51608],[-60.09894,4.51858],[-60.10235,4.52037],[-60.10496,4.52362],[-60.10446,4.52737],[-60.10243,4.52892],[-60.09459,4.52773],[-60.09108,4.53335],[-60.08781,4.53356],[-60.08431,4.53194],[-60.08291,4.5286],[-60.0869,4.51793],[-60.0851,4.51708],[-60.08136,4.51853],[-60.08045,4.52236],[-60.07819,4.52434],[-60.07229,4.52494],[-60.06592,4.52331],[-60.06392,4.51798],[-60.06695,4.51699],[-60.06791,4.50663],[-60.06897,4.50613],[-60.07152,4.50008],[-60.07119,4.49348],[-60.06769,4.49396],[-60.06393,4.4958],[-60.06174,4.49474],[-60.05579,4.49534],[-60.05324,4.49446],[-60.04508,4.49472],[-60.04321,4.49216],[-60.03838,4.49068],[-60.03224,4.49071],[-60.02554,4.49442],[-60.02329,4.49424],[-60.0198,4.49073],[-60.01717,4.48969],[-60.01291,4.49173],[-60.00917,4.49588],[-60.00171,4.49479],[-59.99511,4.48843],[-59.98963,4.48594],[-59.98694,4.48586],[-59.98303,4.4875],[-59.98012,4.48703],[-59.97292,4.4801],[-59.97184,4.48331],[-59.97599,4.49124],[-59.97234,4.49622],[-59.972,4.50569],[-59.97382,4.5086],[-59.97094,4.50955],[-59.96173,4.50713],[-59.95882,4.50389],[-59.95364,4.50355],[-59.95192,4.49996],[-59.94739,4.49979],[-59.94127,4.49809],[-59.93732,4.50049],[-59.93559,4.50004],[-59.93554,4.4969],[-59.93355,4.49343],[-59.92684,4.49189],[-59.92538,4.48789],[-59.93135,4.48211],[-59.93031,4.48078],[-59.91635,4.47823],[-59.91192,4.47911],[-59.91102,4.47641],[-59.91613,4.46875],[-59.91531,4.46581],[-59.90941,4.46043],[-59.90487,4.46059],[-59.90471,4.46353],[-59.90247,4.46799],[-59.90144,4.47469],[-59.89823,4.47859],[-59.89401,4.47754],[-59.8892,4.47789],[-59.88195,4.47565],[-59.87559,4.47309],[-59.87417,4.47466],[-59.87813,4.48425],[-59.87483,4.48717],[-59.87181,4.48541],[-59.87438,4.48152],[-59.87183,4.47711],[-59.86593,4.47529],[-59.86306,4.471],[-59.86061,4.47472],[-59.85475,4.47521],[-59.85245,4.4787],[-59.8525,4.47889],[-59.85181,4.47985],[-59.85222,4.48156],[-59.84922,4.4824],[-59.84159,4.48452],[-59.83738,4.48555],[-59.83194,4.49017],[-59.82196,4.50346],[-59.8191,4.50836],[-59.81769,4.51269],[-59.8183,4.52218],[-59.8163,4.52507],[-59.80885,4.52683],[-59.80455,4.52886],[-59.80112,4.53233],[-59.79971,4.53781],[-59.80059,4.5427],[-59.80233,4.54787],[-59.80696,4.55678],[-59.80871,4.56541],[-59.81247,4.57317],[-59.81335,4.57691],[-59.81196,4.58901],[-59.80682,4.59507],[-59.80281,4.59624],[-59.79908,4.59625],[-59.79621,4.59771],[-59.79165,4.60607],[-59.78881,4.61213],[-59.78711,4.61876],[-59.78514,4.62856],[-59.7823,4.63663],[-59.7774,4.64205],[-59.77985,4.64905],[-59.78106,4.65767],[-59.78069,4.66434],[-59.78112,4.67219],[-59.77802,4.67886],[-59.77335,4.68555],[-59.76868,4.69145],[-59.76365,4.70245],[-59.76094,4.70992],[-59.7598,4.71776],[-59.75632,4.72915],[-59.75245,4.73662],[-59.75012,4.74251],[-59.74584,4.74723],[-59.73962,4.75667],[-59.73182,4.7618],[-59.72637,4.76614],[-59.71898,4.77636],[-59.71511,4.78618],[-59.71396,4.79207],[-59.71175,4.79759],[-59.7177,4.79345],[-59.72404,4.7908],[-59.72964,4.79077],[-59.73784,4.7885],[-59.74493,4.78697],[-59.75202,4.78619],[-59.76509,4.78614],[-59.78488,4.78718],[-59.79123,4.7894],[-59.79498,4.79388],[-59.79464,4.801],[-59.79171,4.81524],[-59.79136,4.82049],[-59.78951,4.82536],[-59.78807,4.83772],[-59.78847,4.84372],[-59.79185,4.85082],[-59.79599,4.85679],[-59.80049,4.86127],[-59.81246,4.86796],[-59.81844,4.86906],[-59.82479,4.8694],[-59.83749,4.87122],[-59.84112,4.87109],[-59.84457,4.86823],[-59.85457,4.85817],[-59.85759,4.85555],[-59.86204,4.85315],[-59.86774,4.8555],[-59.87204,4.85991],[-59.88284,4.87806],[-59.88895,4.88586],[-59.89591,4.89279],[-59.90157,4.89755],[-59.9094,4.90187],[-59.91547,4.90228],[-59.91864,4.90755],[-59.9208,4.90305],[-59.92487,4.89825],[-59.93166,4.89378],[-59.93524,4.88995],[-59.9442,4.87937],[-59.94656,4.87389],[-59.94858,4.86773],[-59.95197,4.86396],[-59.95372,4.86041],[-59.96667,4.86474],[-59.97424,4.86771],[-59.98006,4.87127],[-59.98968,4.87548],[-59.99728,4.87814],[-60.00495,4.88161]]]},"properties":{"ID":"804","NAME":"Maripari River + Kurukabaru","STATUS":"Not Classified","REGION":"Potaro-Siparuni"}},
{"type":"Feature","geometry":{"type":"Polygon","coordinates":[[[-58.89573,5.36555],[-58.89569,5.36563],[-58.90427,5.36608],[-58.91177,5.36647],[-58.91523,5.34374],[-58.91658,5.34302],[-58.92183,5.33948],[-58.92474,5.33566],[-58.92706,5.3295],[-58.93084,5.32216],[-58.93375,5.31775],[-58.93871,5.31246],[-58.94396,5.30804],[-58.95972,5.2992],[-58.96293,5.29479],[-58.96467,5.2901],[-58.96846,5.28569],[-58.97985,5.28301],[-58.98716,5.28182],[-58.99974,5.28178],[-59.00968,5.28262],[-59.02285,5.28463],[-59.02987,5.2849],[-59.03542,5.28313],[-59.04067,5.28018],[-59.05614,5.27075],[-59.071,5.25545],[-59.07333,5.25076],[-59.08002,5.24106],[-59.08586,5.23811],[-59.0914,5.23399],[-59.09576,5.22664],[-59.10362,5.21519],[-59.10916,5.20989],[-59.11878,5.20136],[-59.12695,5.19576],[-59.13745,5.19104],[-59.14885,5.18924],[-59.15938,5.1895],[-59.16551,5.18742],[-59.1769,5.18416],[-59.18275,5.18502],[-59.18859,5.18412],[-59.1921,5.18293],[-59.20057,5.18115],[-59.21226,5.17993],[-59.22366,5.18018],[-59.22834,5.179],[-59.23622,5.17516],[-59.24497,5.16897],[-59.24934,5.16691],[-59.25548,5.1663],[-59.27037,5.15892],[-59.27533,5.15773],[-59.2793,5.1559],[-59.27642,5.16424],[-59.2732,5.17216],[-59.27045,5.18195],[-59.26723,5.19081],[-59.2654,5.19919],[-59.26543,5.20618],[-59.26825,5.2178],[-59.27106,5.22384],[-59.27295,5.23268],[-59.2753,5.23873],[-59.27671,5.24477],[-59.27858,5.24989],[-59.28002,5.26105],[-59.27959,5.2713],[-59.27822,5.27782],[-59.27684,5.28108],[-59.27734,5.29132],[-59.27922,5.29783],[-59.27974,5.31133],[-59.28209,5.3197],[-59.28304,5.32481],[-59.28584,5.32853],[-59.2928,5.3285],[-59.29604,5.32523],[-59.29927,5.31917],[-59.30065,5.31451],[-59.30342,5.31217],[-59.30853,5.30982],[-59.3127,5.30934],[-59.31735,5.31026],[-59.32154,5.3135],[-59.32714,5.32093],[-59.32625,5.3307],[-59.32907,5.33861],[-59.3356,5.34696],[-59.33656,5.35394],[-59.34028,5.35625],[-59.34586,5.35716],[-59.35189,5.35667],[-59.36164,5.35664],[-59.36816,5.35987],[-59.37328,5.36171],[-59.37932,5.36308],[-59.38909,5.36863],[-59.39841,5.37558],[-59.41375,5.3811],[-59.42538,5.38385],[-59.43838,5.38473],[-59.4472,5.38423],[-59.46023,5.38883],[-59.46673,5.3902],[-59.47186,5.39344],[-59.47697,5.39528],[-59.48069,5.39573],[-59.49045,5.39848],[-59.49649,5.39846],[-59.50719,5.40353],[-59.51416,5.4035],[-59.51973,5.40487],[-59.5272,5.41369],[-59.53278,5.41413],[-59.54579,5.41687],[-59.55509,5.42008],[-59.56998,5.42654],[-59.57743,5.43163],[-59.5822,5.4338],[-59.5822,5.43523],[-59.589,5.43598],[-59.59715,5.44341],[-59.59711,5.44233],[-59.59647,5.42283],[-59.59118,5.41857],[-59.59118,5.40828],[-59.59572,5.40426],[-59.59698,5.39448],[-59.61109,5.39021],[-59.66302,5.39498],[-59.69554,5.39423],[-59.71873,5.40376],[-59.76763,5.40978],[-59.82359,5.41505],[-59.87148,5.41129],[-59.89788,5.40086],[-59.89789,5.40087],[-59.903,5.39883],[-59.90576,5.39774],[-59.93223,5.38494],[-59.96525,5.36612],[-59.98113,5.34679],[-59.99298,5.31894],[-59.99726,5.29233],[-60.00734,5.27024],[-60.01465,5.25568],[-60.03306,5.22606],[-60.05246,5.20523],[-60.07994,5.18364],[-60.10137,5.1726],[-60.096,5.143],[-60.094,5.14],[-60.0772,5.13809],[-60.06687,5.13826],[-60.06341,5.13772],[-60.06033,5.13237],[-60.05829,5.13108],[-60.059,5.12895],[-60.05741,5.12465],[-60.05029,5.12261],[-60.05232,5.1189],[-60.05058,5.11876],[-60.04804,5.11462],[-60.04819,5.11103],[-60.04562,5.11358],[-60.04258,5.11096],[-60.04507,5.10694],[-60.04093,5.10648],[-60.03593,5.11228],[-60.03744,5.10757],[-60.03485,5.10803],[-60.02718,5.09952],[-60.02635,5.09774],[-60.02093,5.09277],[-60.01709,5.09222],[-60.01839,5.08888],[-60.01237,5.09061],[-60.0084,5.08579],[-60.00602,5.08613],[-60.00379,5.08392],[-60.0011,5.08442],[-59.99821,5.0829],[-59.99417,5.08483],[-59.99304,5.08728],[-59.98964,5.08403],[-59.98229,5.0825],[-59.97874,5.07914],[-59.97671,5.07964],[-59.97205,5.07643],[-59.97106,5.07315],[-59.9708,5.06671],[-59.96984,5.06335],[-59.97127,5.05907],[-59.97756,5.05314],[-59.97613,5.05147],[-59.97379,5.05203],[-59.97571,5.04034],[-59.97262,5.04037],[-59.9607,5.04293],[-59.95697,5.04482],[-59.94728,5.04786],[-59.94468,5.04974],[-59.9402,5.05126],[-59.9361,5.05353],[-59.92976,5.05505],[-59.91744,5.05548],[-59.90623,5.05478],[-59.90288,5.05555],[-59.89428,5.05184],[-59.89255,5.05248],[-59.89017,5.05336],[-59.882,5.06276],[-59.87753,5.06615],[-59.87307,5.07103],[-59.86264,5.07557],[-59.85555,5.0771],[-59.85032,5.07638],[-59.84508,5.0749],[-59.84059,5.07268],[-59.83234,5.0656],[-59.82748,5.06262],[-59.81923,5.0548],[-59.81623,5.05256],[-59.80462,5.0455],[-59.79901,5.04252],[-59.79001,5.03508],[-59.78139,5.02687],[-59.77727,5.02427],[-59.77166,5.02167],[-59.76642,5.02019],[-59.76454,5.01608],[-59.76488,5.00859],[-59.76968,4.99659],[-59.77115,4.99021],[-59.77338,4.98609],[-59.77746,4.98045],[-59.78302,4.96994],[-59.78636,4.96618],[-59.78969,4.95943],[-59.79267,4.95605],[-59.79638,4.95004],[-59.81313,4.93723],[-59.82095,4.93421],[-59.83062,4.9248],[-59.83396,4.92029],[-59.83952,4.90941],[-59.84024,4.90379],[-59.84171,4.89779],[-59.84129,4.88656],[-59.84198,4.87495],[-59.84112,4.87109],[-59.83749,4.87122],[-59.82479,4.8694],[-59.81844,4.86906],[-59.81246,4.86796],[-59.80049,4.86127],[-59.79599,4.85679],[-59.79185,4.85082],[-59.78847,4.84372],[-59.78807,4.83772],[-59.78951,4.82536],[-59.79136,4.82049],[-59.79171,4.81524],[-59.79464,4.801],[-59.79498,4.79388],[-59.79123,4.7894],[-59.78488,4.78718],[-59.76509,4.78614],[-59.75202,4.78619],[-59.74493,4.78697],[-59.73784,4.7885],[-59.72964,4.79077],[-59.72404,4.7908],[-59.7177,4.79345],[-59.71175,4.79759],[-59.70878,4.80172],[-59.70021,4.80737],[-59.69611,4.80963],[-59.69089,4.8104],[-59.68529,4.8093],[-59.67856,4.80708],[-59.67667,4.80185],[-59.67475,4.78725],[-59.67249,4.78314],[-59.66875,4.78053],[-59.65828,4.7757],[-59.64222,4.77389],[-59.6325,4.77093],[-59.62128,4.76835],[-59.61681,4.76837],[-59.61269,4.76651],[-59.60333,4.75981],[-59.59921,4.75533],[-59.59396,4.75048],[-59.58985,4.7475],[-59.58684,4.74264],[-59.58286,4.74066],[-59.58784,4.73412],[-59.59275,4.72436],[-59.59834,4.71682],[-59.60807,4.7058],[-59.61234,4.69598],[-59.61581,4.68498],[-59.62087,4.67908],[-59.64387,4.66056],[-59.66453,4.64636],[-59.67545,4.63808],[-59.68481,4.63413],[-59.70121,4.62779],[-59.72226,4.6128],[-59.72769,4.60376],[-59.73297,4.59596],[-59.73629,4.60334],[-59.74061,4.60803],[-59.74844,4.6127],[-59.76175,4.61735],[-59.76999,4.62517],[-59.7774,4.64205],[-59.7823,4.63663],[-59.78514,4.62856],[-59.78711,4.61876],[-59.78881,4.61213],[-59.79165,4.60607],[-59.79621,4.59771],[-59.79908,4.59625],[-59.80281,4.59624],[-59.80682,4.59507],[-59.81196,4.58901],[-59.81335,4.57691],[-59.81247,4.57317],[-59.80871,4.56541],[-59.80696,4.55678],[-59.80233,4.54787],[-59.80059,4.5427],[-59.79971,4.53781],[-59.80112,4.53233],[-59.80455,4.52886],[-59.80885,4.52683],[-59.8163,4.52507],[-59.8183,4.52218],[-59.81769,4.51269],[-59.8191,4.50836],[-59.82196,4.50346],[-59.83194,4.49017],[-59.83738,4.48555],[-59.84159,4.48452],[-59.84922,4.4824],[-59.85222,4.48156],[-59.85181,4.47985],[-59.8525,4.47889],[-59.85245,4.4787],[-59.85237,4.47836],[-59.85468,4.47515],[-59.85973,4.47449],[-59.86364,4.46958],[-59.87036,4.46674],[-59.87156,4.46253],[-59.86117,4.45241],[-59.85416,4.45686],[-59.84849,4.45326],[-59.84377,4.45564],[-59.83948,4.45496],[-59.83293,4.45822],[-59.83101,4.45758],[-59.83189,4.45319],[-59.83106,4.45133],[-59.82649,4.44946],[-59.81881,4.44759],[-59.81224,4.44709],[-59.80651,4.45414],[-59.80617,4.45939],[-59.80495,4.466],[-59.80309,4.46711],[-59.79503,4.46554],[-59.79378,4.46346],[-59.79534,4.45808],[-59.79648,4.45003],[-59.79452,4.44807],[-59.79115,4.44656],[-59.78757,4.44609],[-59.78327,4.45944],[-59.77254,4.46529],[-59.77409,4.47298],[-59.77294,4.4773],[-59.764,4.49106],[-59.75936,4.50402],[-59.75198,4.51503],[-59.75044,4.52092],[-59.74501,4.53114],[-59.74542,4.5378],[-59.72301,4.54083],[-59.71252,4.53876],[-59.70505,4.53412],[-59.69664,4.5262],[-59.688,4.51992],[-59.68146,4.51457],[-59.6712,4.5111],[-59.66071,4.51044],[-59.64766,4.50745],[-59.63762,4.49954],[-59.62151,4.48815],[-59.61708,4.48583],[-59.60725,4.47441],[-59.60425,4.47074],[-59.59984,4.464],[-59.59981,4.46396],[-59.59937,4.46329],[-59.59436,4.46177],[-59.59211,4.46087],[-59.59196,4.46105],[-59.54001,4.50833],[-59.50548,4.52015],[-59.48744,4.51244],[-59.48435,4.49754],[-59.49569,4.47442],[-59.49466,4.45027],[-59.46683,4.43948],[-59.45446,4.42509],[-59.46064,4.40248],[-59.50187,4.36445],[-59.49517,4.34749],[-59.48641,4.32385],[-59.48074,4.29764],[-59.47868,4.27143],[-59.4828,4.25601],[-59.4993,4.23648],[-59.50806,4.21849],[-59.50239,4.19485],[-59.47868,4.17532],[-59.4493,4.15887],[-59.40034,4.15183],[-59.3921,4.15064],[-59.35344,4.14705],[-59.33437,4.14602],[-59.31994,4.15424],[-59.29726,4.15167],[-59.27716,4.14602],[-59.2684,4.15527],[-59.25088,4.15373],[-59.22614,4.15321],[-59.19161,4.15167],[-59.17666,4.14653],[-59.1612,4.15219],[-59.15656,4.16349],[-59.14729,4.17018],[-59.13904,4.1712],[-59.13337,4.18149],[-59.1277,4.18508],[-59.10554,4.18406],[-59.09781,4.17994],[-59.08338,4.1748],[-59.06998,4.16504],[-59.07049,4.14859],[-59.06327,4.12181],[-59.06017,4.10778],[-59.05375,4.0962],[-59.04289,4.08367],[-59.03449,4.07605],[-59.02061,4.06155],[-59.01391,4.05382],[-59.01042,4.04017],[-59.00032,4.02717],[-58.9888,4.01305],[-58.97294,4.00589],[-58.94839,3.99911],[-58.92838,3.99911],[-58.90977,4.01246],[-58.90553,4.0155],[-58.88382,4.03038],[-58.83341,4.07407],[-58.8083,4.10533],[-58.78602,4.1253],[-58.77148,4.13659],[-58.73938,4.15204],[-58.72862,4.17256],[-58.69897,4.21041],[-58.68972,4.23131],[-58.67707,4.25278],[-58.658,4.25617],[-58.63742,4.262],[-58.60589,4.2701],[-58.5923,4.27726],[-58.5787,4.2797],[-58.57266,4.28422],[-58.5619,4.28064],[-58.54793,4.27857],[-58.5247,4.28008],[-58.51318,4.27349],[-58.49997,4.26295],[-58.48694,4.25654],[-58.47656,4.25221],[-58.46482,4.25668],[-58.46809,4.27628],[-58.46154,4.29212],[-58.45448,4.30996],[-58.44616,4.32756],[-58.42222,4.36953],[-58.40936,4.39014],[-58.40986,4.43312],[-58.41062,4.45498],[-58.40331,4.46956],[-58.38037,4.50147],[-58.34685,4.556],[-58.3282,4.58741],[-58.3224,4.60324],[-58.31887,4.61882],[-58.3161,4.64017],[-58.34281,4.63892],[-58.36046,4.63389],[-58.37634,4.62836],[-58.39676,4.6251],[-58.41617,4.62108],[-58.44894,4.61731],[-58.4817,4.61856],[-58.51473,4.61856],[-58.54775,4.61655],[-58.57724,4.62083],[-58.60396,4.62836],[-58.62992,4.64118],[-58.65948,4.6535],[-58.66446,4.65624],[-58.67527,4.6523],[-58.67853,4.65384],[-58.67956,4.66206],[-58.68488,4.67882],[-58.68814,4.68669],[-58.69604,4.6908],[-58.70325,4.692],[-58.70789,4.69405],[-58.71132,4.69764],[-58.70737,4.70979],[-58.70892,4.72211],[-58.70754,4.73135],[-58.70943,4.74264],[-58.71286,4.74845],[-58.72059,4.75649],[-58.7266,4.7594],[-58.7381,4.76214],[-58.74754,4.76145],[-58.75458,4.75974],[-58.7587,4.75957],[-58.7678,4.76556],[-58.77209,4.76334],[-58.77604,4.75837],[-58.78204,4.75769],[-58.79372,4.75837],[-58.79972,4.76163],[-58.80127,4.76915],[-58.80127,4.77343],[-58.79972,4.7801],[-58.80007,4.78472],[-58.80281,4.789],[-58.81215,4.79442],[-58.81535,4.7931],[-58.81878,4.79396],[-58.82118,4.79704],[-58.82341,4.80319],[-58.82408,4.81571],[-58.82045,4.82246],[-58.82193,4.8274],[-58.82045,4.83645],[-58.82769,4.83871],[-58.83339,4.84355],[-58.83527,4.85213],[-58.83128,4.85831],[-58.82977,4.86255],[-58.84932,4.90071],[-58.85252,4.92757],[-58.85765,4.93565],[-58.87011,4.94322],[-58.87285,4.95046],[-58.87766,4.96448],[-58.88143,4.97394],[-58.86629,5.03575],[-58.85974,5.05727],[-58.84856,5.09868],[-58.83365,5.10733],[-58.8292,5.10939],[-58.82629,5.11325],[-58.82623,5.11923],[-58.82071,5.12309],[-58.8219,5.12749],[-58.82155,5.1299],[-58.82323,5.13482],[-58.8214,5.13863],[-58.82118,5.14211],[-58.82197,5.15061],[-58.82628,5.15511],[-58.83338,5.15665],[-58.83648,5.16013],[-58.84153,5.16075],[-58.84506,5.16279],[-58.84876,5.16979],[-58.84888,5.17241],[-58.84777,5.17773],[-58.84866,5.18442],[-58.84851,5.19039],[-58.84756,5.19701],[-58.84784,5.20581],[-58.84737,5.21712],[-58.84815,5.22304],[-58.84732,5.23063],[-58.84598,5.23523],[-58.84292,5.24146],[-58.8407,5.2487],[-58.84024,5.25462],[-58.84108,5.25695],[-58.85303,5.26239],[-58.86216,5.26918],[-58.86593,5.27345],[-58.8679,5.27765],[-58.86793,5.28192],[-58.86897,5.28663],[-58.87386,5.29458],[-58.87805,5.29768],[-58.88583,5.30061],[-58.89389,5.30295],[-58.89893,5.30657],[-58.90232,5.3118],[-58.90423,5.31875],[-58.90651,5.32977],[-58.90672,5.33738],[-58.90585,5.34299],[-58.90177,5.35267],[-58.89757,5.36168],[-58.89573,5.36555]],[[-59.57523,5.08154],[-59.56474,5.07394],[-59.55493,5.07049],[-59.546,5.06987],[-59.54197,5.06885],[-59.54067,5.06531],[-59.54169,5.06196],[-59.54087,5.05995],[-59.53673,5.05836],[-59.5306,5.06117],[-59.52804,5.06126],[-59.52768,5.05077],[-59.52569,5.05023],[-59.52508,5.04815],[-59.52919,5.04686],[-59.52713,5.045],[-59.52454,5.04723],[-59.52202,5.04286],[-59.52187,5.03773],[-59.51529,5.03255],[-59.51196,5.02695],[-59.50637,5.02296],[-59.5056,5.02098],[-59.508,5.01338],[-59.51067,5.01437],[-59.51588,5.01203],[-59.52152,5.01366],[-59.52386,5.01303],[-59.53359,5.01346],[-59.53575,5.00658],[-59.53828,5.00436],[-59.53763,5.00299],[-59.54075,4.99742],[-59.54737,4.99087],[-59.55036,4.98381],[-59.55434,4.98331],[-59.5659,4.97869],[-59.56786,4.97909],[-59.5758,4.97362],[-59.57979,4.97461],[-59.57879,4.97955],[-59.57929,4.98456],[-59.58161,4.98743],[-59.5841,4.98881],[-59.59563,4.99035],[-59.61005,4.99733],[-59.61211,5.0007],[-59.61946,5.00223],[-59.62481,5.0028],[-59.62729,5.0018],[-59.62929,5.00636],[-59.63446,5.00687],[-59.63859,5.00926],[-59.64104,5.00614],[-59.64287,5.00573],[-59.65003,5.00942],[-59.65039,5.01256],[-59.652,5.0119],[-59.65259,5.01385],[-59.65981,5.01932],[-59.65845,5.02389],[-59.65993,5.0285],[-59.66412,5.03346],[-59.6711,5.03724],[-59.67222,5.03895],[-59.66946,5.04185],[-59.66399,5.04432],[-59.66095,5.05039],[-59.6639,5.05565],[-59.66066,5.06144],[-59.66088,5.06349],[-59.65317,5.07123],[-59.64871,5.07769],[-59.63705,5.07354],[-59.6281,5.0777],[-59.62066,5.08447],[-59.61713,5.08594],[-59.61812,5.07984],[-59.61507,5.07985],[-59.6103,5.08424],[-59.60465,5.08754],[-59.59508,5.09063],[-59.58571,5.08849],[-59.57937,5.08371],[-59.57523,5.08154]]]},"properties":{"ID":"808","NAME":"Rest of Region 8","STATUS":"Not Classified","REGION":"Potaro-Siparuni"}},
{"type":"Feature","geometry":{"type":"Polygon","coordinates":[[[-58.87551,5.39566],[-58.88363,5.42333],[-58.89119,5.43362],[-58.90152,5.46298],[-58.90833,5.47302],[-58.93303,5.47678],[-58.95925,5.47979],[-58.97261,5.48732],[-58.9905,5.50689],[-59.00613,5.53073],[-59.021,5.54026],[-59.03386,5.54202],[-59.04949,5.53399],[-59.07217,5.5227],[-59.08427,5.51718],[-59.09713,5.51542],[-59.11603,5.52044],[-59.12309,5.54001],[-59.1178,5.55908],[-59.11931,5.58843],[-59.12662,5.59922],[-59.13872,5.60975],[-59.15057,5.62129],[-59.15939,5.66394],[-59.17401,5.67548],[-59.19216,5.69604],[-59.22518,5.72464],[-59.23173,5.72564],[-59.24786,5.72238],[-59.27105,5.71335],[-59.28845,5.70256],[-59.3076,5.67949],[-59.33079,5.64312],[-59.35474,5.6095],[-59.37919,5.59746],[-59.40465,5.5952],[-59.4223,5.59596],[-59.44196,5.60725],[-59.46313,5.62079],[-59.47246,5.62581],[-59.5027,5.62656],[-59.5148,5.62807],[-59.53194,5.61753],[-59.55564,5.60273],[-59.58337,5.58166],[-59.60152,5.56309],[-59.60656,5.55456],[-59.60883,5.54152],[-59.6063,5.52797],[-59.60227,5.51693],[-59.59925,5.50739],[-59.59711,5.44233],[-59.59715,5.44341],[-59.589,5.43598],[-59.5822,5.43523],[-59.5822,5.4338],[-59.57743,5.43163],[-59.56998,5.42654],[-59.55509,5.42008],[-59.54579,5.41687],[-59.53278,5.41413],[-59.5272,5.41369],[-59.51973,5.40487],[-59.51416,5.4035],[-59.50719,5.40353],[-59.49649,5.39846],[-59.49045,5.39848],[-59.48069,5.39573],[-59.47697,5.39528],[-59.47186,5.39344],[-59.46673,5.3902],[-59.46023,5.38883],[-59.4472,5.38423],[-59.43838,5.38473],[-59.42538,5.38385],[-59.41375,5.3811],[-59.39841,5.37558],[-59.38909,5.36863],[-59.37932,5.36308],[-59.37328,5.36171],[-59.36816,5.35987],[-59.36164,5.35664],[-59.35189,5.35667],[-59.34586,5.35716],[-59.34028,5.35625],[-59.33656,5.35394],[-59.3356,5.34696],[-59.32907,5.33861],[-59.32625,5.3307],[-59.32714,5.32093],[-59.32154,5.3135],[-59.31735,5.31026],[-59.3127,5.30934],[-59.30853,5.30982],[-59.30342,5.31217],[-59.30065,5.31451],[-59.29927,5.31917],[-59.29604,5.32523],[-59.2928,5.3285],[-59.28584,5.32853],[-59.28304,5.32481],[-59.28209,5.3197],[-59.27974,5.31133],[-59.27922,5.29783],[-59.27734,5.29132],[-59.27684,5.28108],[-59.27822,5.27782],[-59.27959,5.2713],[-59.28002,5.26105],[-59.27858,5.24989],[-59.27671,5.24477],[-59.2753,5.23873],[-59.27295,5.23268],[-59.27106,5.22384],[-59.26825,5.2178],[-59.26543,5.20618],[-59.2654,5.19919],[-59.26723,5.19081],[-59.27045,5.18195],[-59.2732,5.17216],[-59.27642,5.16424],[-59.2793,5.1559],[-59.27533,5.15773],[-59.27037,5.15892],[-59.25548,5.1663],[-59.24934,5.16691],[-59.24497,5.16897],[-59.23622,5.17516],[-59.22834,5.179],[-59.22366,5.18018],[-59.21226,5.17993],[-59.20057,5.18115],[-59.1921,5.18293],[-59.18859,5.18412],[-59.18275,5.18502],[-59.1769,5.18416],[-59.16551,5.18742],[-59.15938,5.1895],[-59.14885,5.18924],[-59.13745,5.19104],[-59.12695,5.19576],[-59.11878,5.20136],[-59.10916,5.20989],[-59.10362,5.21519],[-59.09576,5.22664],[-59.0914,5.23399],[-59.08586,5.23811],[-59.08002,5.24106],[-59.07333,5.25076],[-59.071,5.25545],[-59.05614,5.27075],[-59.04067,5.28018],[-59.03542,5.28313],[-59.02987,5.2849],[-59.02285,5.28463],[-59.00968,5.28262],[-58.99974,5.28178],[-58.98716,5.28182],[-58.97985,5.28301],[-58.96846,5.28569],[-58.96467,5.2901],[-58.96293,5.29479],[-58.95972,5.2992],[-58.94396,5.30804],[-58.93871,5.31246],[-58.93375,5.31775],[-58.93084,5.32216],[-58.92706,5.3295],[-58.92474,5.33566],[-58.92183,5.33948],[-58.91658,5.34302],[-58.91523,5.34374],[-58.91177,5.36647],[-58.90427,5.36608],[-58.89569,5.36563],[-58.89573,5.36555],[-58.89375,5.36971],[-58.89097,5.38023],[-58.88754,5.38685],[-58.88177,5.39352],[-58.87551,5.39566]]]},"properties":{"ID":"801","NAME":"Madhia + Kurubrong River + Mona Falls","STATUS":"Not Classified","REGION":"Potaro-Siparuni"}},
{"type":"Feature","geometry":{"type":"Polygon","coordinates":[[[-58.63232,6.40883],[-58.62608,6.40476],[-58.62697,6.4016],[-58.62452,6.39747],[-58.62031,6.39506],[-58.61708,6.40708],[-58.62152,6.4104],[-58.6309,6.41158],[-58.63232,6.40883]]]},"properties":{"ID":"701","NAME":"Bartica","STATUS":"Municipality","REGION":"Cuyuni-Mazaruni"}},
{"type":"Feature","geometry":{"type":"Polygon","coordinates":[[[-58.57614,5.89662],[-58.57543,5.89786],[-58.5742,5.90839],[-58.57677,5.92119],[-58.58245,5.93643],[-58.58492,5.94742],[-58.58438,5.96842],[-58.58127,5.98868],[-58.58012,5.99848],[-58.58028,6.00472],[-58.57865,6.01251],[-58.57939,6.01582],[-58.58121,6.01779],[-58.58307,6.02443],[-58.5861,6.03322],[-58.58924,6.0449],[-58.59079,6.04919],[-58.59378,6.05971],[-58.59374,6.06292],[-58.59025,6.06434],[-58.58784,6.06758],[-58.58724,6.07163],[-58.58794,6.0781],[-58.58983,6.08363],[-58.59296,6.0909],[-58.5883,6.09424],[-58.58656,6.09795],[-58.58538,6.1006],[-58.58215,6.1061],[-58.58084,6.11395],[-58.58339,6.11994],[-58.5832,6.12457],[-58.57475,6.13662],[-58.57214,6.14694],[-58.57214,6.1539],[-58.57214,6.15509],[-58.57283,6.1819],[-58.57239,6.19259],[-58.57349,6.2119],[-58.57517,6.22345],[-58.5751,6.24161],[-58.57243,6.24859],[-58.57022,6.25692],[-58.57174,6.26413],[-58.5753,6.27689],[-58.5809,6.28801],[-58.5795,6.29863],[-58.57886,6.31],[-58.58115,6.31443],[-58.58611,6.31797],[-58.58878,6.32264],[-58.5987,6.3373],[-58.60188,6.35095],[-58.60429,6.36599],[-58.60518,6.38393],[-58.60544,6.40162],[-58.60709,6.42083],[-58.60459,6.44466],[-58.62321,6.44733],[-58.62421,6.46037],[-58.62015,6.47284],[-58.61648,6.50178],[-58.61778,6.50826],[-58.62151,6.51018],[-58.62791,6.51359],[-58.63566,6.51388],[-58.64132,6.51255],[-58.65548,6.5047],[-58.66784,6.49479],[-58.67216,6.49286],[-58.67961,6.49345],[-58.68796,6.49804],[-58.69481,6.50278],[-58.70226,6.51092],[-58.70673,6.51951],[-58.72223,6.51936],[-58.73146,6.5241],[-58.75277,6.5389],[-58.78123,6.55562],[-58.78689,6.55577],[-58.80611,6.55207],[-58.81922,6.55252],[-58.83323,6.55444],[-58.84261,6.55829],[-58.85409,6.56954],[-58.85587,6.58493],[-58.85155,6.59648],[-58.84723,6.60462],[-58.84336,6.61513],[-58.84008,6.6505],[-58.83472,6.65686],[-58.82861,6.69933],[-58.83263,6.70939],[-58.83934,6.71872],[-58.84112,6.73085],[-58.84626,6.73418],[-58.85297,6.73743],[-58.86161,6.74039],[-58.87144,6.74616],[-58.87725,6.75445],[-58.87651,6.76762],[-58.87755,6.77812],[-58.89722,6.78315],[-58.91674,6.77931],[-58.92866,6.77472],[-58.94683,6.78138],[-58.95443,6.78641],[-58.96546,6.79884],[-58.97231,6.85032],[-58.97768,6.85979],[-58.98721,6.86984],[-59.00017,6.87532],[-59.01984,6.8762],[-59.03474,6.87221],[-59.0401,6.86526],[-59.04979,6.85564],[-59.06305,6.84632],[-59.07959,6.8447],[-59.1003,6.8444],[-59.11937,6.84869],[-59.1377,6.85505],[-59.14306,6.86008],[-59.17301,6.87118],[-59.19685,6.87487],[-59.2104,6.88745],[-59.20772,6.91348],[-59.1964,6.94217],[-59.18329,6.96525],[-59.17807,6.97944],[-59.17874,7.00237],[-59.18266,7.00228],[-59.1853,7.00222],[-59.19349,7.00222],[-59.20512,7.00355],[-59.23223,7.0136],[-59.23379,7.01448],[-59.23983,7.01789],[-59.25065,7.01994],[-59.25935,7.02159],[-59.26515,7.02371],[-59.27231,7.02632],[-59.2887,7.03002],[-59.29521,7.02843],[-59.29958,7.02736],[-59.30793,7.02216],[-59.31433,7.01819],[-59.31803,7.01194],[-59.32133,7.00636],[-59.3239,7.00089],[-59.32833,6.99142],[-59.33383,6.98472],[-59.3407,6.97634],[-59.3516,6.96754],[-59.35187,6.96732],[-59.35888,6.9651],[-59.36767,6.96155],[-59.37344,6.96232],[-59.38093,6.96332],[-59.3867,6.96503],[-59.39791,6.96835],[-59.43367,6.98107],[-59.44753,6.98721],[-59.45602,6.99098],[-59.47062,7.00251],[-59.49044,7.00606],[-59.50906,7.01449],[-59.53335,7.02706],[-59.55734,7.0488],[-59.58356,7.07364],[-59.59727,7.08813],[-59.6077,7.09804],[-59.62781,7.10868],[-59.64971,7.11016],[-59.67832,7.10942],[-59.68964,7.10868],[-59.70127,7.11046],[-59.71399,7.11665],[-59.71706,7.11814],[-59.72176,7.12035],[-59.73911,7.12849],[-59.73928,7.12859],[-59.77732,7.15192],[-59.80249,7.16797],[-59.81852,7.18142],[-59.82175,7.18437],[-59.82636,7.18938],[-59.83653,7.19855],[-59.851,7.20142],[-59.85668,7.20255],[-59.85672,7.20256],[-59.85761,7.20254],[-59.90163,7.20147],[-59.90928,7.19896],[-59.92246,7.19113],[-59.92281,7.19093],[-59.92884,7.16349],[-59.93233,7.15368],[-59.9325,7.15318],[-59.9398,7.14402],[-59.95724,7.13086],[-59.97899,7.11267],[-59.98599,7.10824],[-59.99434,7.11105],[-60.00775,7.1211],[-60.02488,7.12421],[-60.0587,7.12317],[-60.0666,7.10765],[-60.08299,7.08103],[-60.10191,7.06536],[-60.10994,7.06442],[-60.11711,7.06359],[-60.15004,7.07394],[-60.15258,7.0766],[-60.16091,7.08532],[-60.17607,7.09971],[-60.17805,7.10158],[-60.18466,7.10317],[-60.1916,7.10484],[-60.19836,7.10121],[-60.20591,7.09715],[-60.23124,7.08828],[-60.24226,7.08961],[-60.25319,7.09556],[-60.25612,7.09715],[-60.25845,7.10021],[-60.27638,7.12376],[-60.29377,7.13382],[-60.29652,7.12748],[-60.29645,7.12594],[-60.29373,7.12308],[-60.29286,7.1202],[-60.29531,7.11735],[-60.29442,7.11487],[-60.29288,7.11469],[-60.29478,7.11217],[-60.29438,7.10958],[-60.29214,7.10661],[-60.2931,7.1038],[-60.29656,7.10172],[-60.29297,7.09759],[-60.29576,7.09529],[-60.2923,7.09091],[-60.29087,7.09129],[-60.28759,7.08727],[-60.28938,7.08442],[-60.28795,7.08033],[-60.29138,7.0773],[-60.29165,7.07291],[-60.28996,7.0726],[-60.28986,7.07036],[-60.2929,7.0678],[-60.29533,7.06986],[-60.29516,7.06677],[-60.29969,7.06564],[-60.30364,7.06029],[-60.30422,7.05502],[-60.30661,7.0517],[-60.30559,7.04918],[-60.30664,7.04609],[-60.3079,7.04583],[-60.30571,7.04014],[-60.31015,7.03584],[-60.31107,7.03309],[-60.31592,7.03275],[-60.31902,7.03113],[-60.32015,7.02901],[-60.3198,7.02624],[-60.31765,7.02363],[-60.32036,7.02155],[-60.32437,7.02118],[-60.32682,7.01698],[-60.33109,7.01742],[-60.33381,7.01656],[-60.33557,7.01315],[-60.34134,7.01388],[-60.34522,7.01215],[-60.34838,7.01225],[-60.3521,7.01116],[-60.35191,7.00922],[-60.35602,7.00696],[-60.35708,7.00343],[-60.35923,7.00218],[-60.36239,7.00264],[-60.36629,6.99791],[-60.36664,6.99629],[-60.36469,6.9914],[-60.36707,6.98753],[-60.36375,6.98373],[-60.36496,6.98083],[-60.36226,6.9775],[-60.36295,6.97477],[-60.36477,6.97437],[-60.36362,6.97092],[-60.36467,6.96837],[-60.3668,6.96675],[-60.36784,6.96305],[-60.36787,6.95814],[-60.36673,6.95494],[-60.36983,6.95017],[-60.36784,6.94248],[-60.37005,6.93987],[-60.37559,6.93945],[-60.37651,6.93754],[-60.37585,6.93242],[-60.38025,6.92994],[-60.38813,6.9378],[-60.39727,6.94517],[-60.40127,6.94795],[-60.4088,6.95066],[-60.41257,6.94398],[-60.42402,6.93994],[-60.43195,6.93909],[-60.44498,6.93438],[-60.44679,6.93138],[-60.45068,6.92898],[-60.45767,6.9265],[-60.4631,6.92093],[-60.46638,6.91442],[-60.47811,6.90774],[-60.48234,6.90251],[-60.4876,6.89206],[-60.49088,6.88847],[-60.50055,6.88179],[-60.5071,6.87904],[-60.51418,6.87836],[-60.52574,6.88016],[-60.52971,6.88024],[-60.53359,6.87862],[-60.53782,6.87442],[-60.54084,6.86602],[-60.54282,6.8626],[-60.54826,6.859],[-60.55525,6.85583],[-60.56733,6.85395],[-60.57501,6.85583],[-60.57941,6.85557],[-60.58769,6.85343],[-60.59571,6.85275],[-60.6021,6.84958],[-60.60745,6.84384],[-60.61167,6.84221],[-60.61944,6.84204],[-60.6348,6.83921],[-60.64593,6.8351],[-60.65645,6.8327],[-60.66361,6.82996],[-60.66939,6.82456],[-60.68118,6.81103],[-60.6878,6.79866],[-60.69063,6.78852],[-60.69654,6.77761],[-60.70462,6.76911],[-60.70947,6.76131],[-60.7185,6.75551],[-60.72488,6.75445],[-60.73621,6.7575],[-60.75003,6.76289],[-60.76078,6.7687],[-60.77465,6.77521],[-60.78516,6.7779],[-60.79585,6.78371],[-60.80518,6.79186],[-60.80973,6.7942],[-60.81616,6.79491],[-60.8216,6.79444],[-60.82537,6.79215],[-60.83293,6.78424],[-60.8412,6.78089],[-60.84586,6.78043],[-60.85354,6.7823],[-60.86328,6.78687],[-60.87509,6.79321],[-60.89475,6.81097],[-60.90261,6.81472],[-60.91082,6.8166],[-60.91389,6.8166],[-60.91784,6.81297],[-60.92233,6.80699],[-60.92487,6.79901],[-60.92558,6.78945],[-60.91932,6.77515],[-60.91365,6.77099],[-60.90674,6.76952],[-60.90402,6.76811],[-60.90031,6.7599],[-60.9006,6.75568],[-60.90432,6.75029],[-60.90946,6.74706],[-60.91879,6.7446],[-60.92835,6.74419],[-60.93272,6.74225],[-60.93626,6.73938],[-60.9391,6.73445],[-60.94081,6.72583],[-60.94308,6.72211],[-60.94618,6.7195],[-60.95569,6.71563],[-60.96998,6.71475],[-60.98362,6.71639],[-60.98917,6.71903],[-60.99348,6.72554],[-60.99891,6.72912],[-61.00505,6.73117],[-61.00889,6.73035],[-61.01291,6.7283],[-61.02117,6.71903],[-61.02548,6.71698],[-61.03334,6.71757],[-61.03954,6.71674],[-61.04408,6.71792],[-61.04792,6.72144],[-61.05152,6.72308],[-61.05353,6.72284],[-61.0556,6.71997],[-61.06989,6.72601],[-61.07426,6.72888],[-61.07786,6.72912],[-61.0794,6.72682],[-61.08215,6.71911],[-61.08315,6.70982],[-61.08399,6.70575],[-61.08791,6.70352],[-61.09217,6.70376],[-61.09568,6.70658],[-61.09944,6.7133],[-61.10219,6.71678],[-61.1057,6.71678],[-61.10879,6.71488],[-61.11063,6.71504],[-61.11572,6.71894],[-61.11825,6.71918],[-61.1215,6.71786],[-61.1246,6.71986],[-61.12992,6.72193],[-61.13351,6.72159],[-61.13543,6.72259],[-61.13843,6.72151],[-61.14196,6.71655],[-61.1479,6.71155],[-61.15002,6.70898],[-61.15263,6.70119],[-61.15171,6.69671],[-61.14845,6.69439],[-61.15146,6.6885],[-61.15447,6.68925],[-61.1629,6.68975],[-61.16607,6.69099],[-61.16607,6.68966],[-61.16073,6.6827],[-61.16173,6.6788],[-61.16507,6.67963],[-61.16599,6.68112],[-61.16891,6.68054],[-61.17217,6.67449],[-61.17426,6.67449],[-61.17685,6.67648],[-61.18094,6.67382],[-61.18294,6.67092],[-61.18311,6.66777],[-61.18495,6.66429],[-61.18428,6.65641],[-61.18545,6.65491],[-61.18904,6.654],[-61.18979,6.65234],[-61.1887,6.64936],[-61.18912,6.64645],[-61.18611,6.64471],[-61.18277,6.64048],[-61.18202,6.63832],[-61.18311,6.63409],[-61.18102,6.63293],[-61.18328,6.63045],[-61.1882,6.6297],[-61.19087,6.62621],[-61.19513,6.62754],[-61.20056,6.62505],[-61.20031,6.62124],[-61.20173,6.61941],[-61.19998,6.61701],[-61.20056,6.61162],[-61.20332,6.61021],[-61.20156,6.60755],[-61.20223,6.60556],[-61.20682,6.59926],[-61.20749,6.59602],[-61.20649,6.59337],[-61.21041,6.58963],[-61.21325,6.59212],[-61.21584,6.59304],[-61.21793,6.59229],[-61.22227,6.59287],[-61.22419,6.59138],[-61.22219,6.58905],[-61.22352,6.58316],[-61.21968,6.57487],[-61.22419,6.57329],[-61.22695,6.5757],[-61.22895,6.57528],[-61.23196,6.57047],[-61.23162,6.56906],[-61.22728,6.56707],[-61.22344,6.56757],[-61.21943,6.56583],[-61.21968,6.55853],[-61.22261,6.55579],[-61.22519,6.55463],[-61.22478,6.55297],[-61.22127,6.55181],[-61.21517,6.55297],[-61.20975,6.54932],[-61.20983,6.54782],[-61.21292,6.54318],[-61.21183,6.54003],[-61.20933,6.54102],[-61.20866,6.53803],[-61.20983,6.53729],[-61.21401,6.53911],[-61.21952,6.53936],[-61.2211,6.53795],[-61.22085,6.52982],[-61.22286,6.52717],[-61.22219,6.52584],[-61.21826,6.52708],[-61.21409,6.52601],[-61.21401,6.52891],[-61.21117,6.52966],[-61.20883,6.52659],[-61.20691,6.52584],[-61.20607,6.52161],[-61.20307,6.52227],[-61.20599,6.52808],[-61.20657,6.53214],[-61.20357,6.53604],[-61.20039,6.53571],[-61.19647,6.53737],[-61.19538,6.53447],[-61.19797,6.52891],[-61.19664,6.52708],[-61.19221,6.527],[-61.18895,6.52559],[-61.18753,6.528],[-61.18227,6.53073],[-61.18027,6.53065],[-61.1801,6.52866],[-61.18194,6.52252],[-61.17242,6.51945],[-61.17209,6.51754],[-61.17543,6.51298],[-61.17476,6.50618],[-61.17075,6.50535],[-61.17267,6.50012],[-61.17467,6.49863],[-61.17401,6.49348],[-61.17626,6.49149],[-61.18252,6.48942],[-61.18603,6.48261],[-61.18227,6.48095],[-61.17852,6.48162],[-61.17584,6.48095],[-61.17651,6.47888],[-61.18144,6.47647],[-61.18256,6.47175],[-61.17822,6.47078],[-61.17651,6.46496],[-61.1696,6.46182],[-61.1668,6.45839],[-61.16246,6.45696],[-61.15989,6.45845],[-61.15704,6.4645],[-61.15235,6.46444],[-61.15235,6.45736],[-61.15749,6.45308],[-61.1543,6.44885],[-61.14944,6.44965],[-61.14801,6.448],[-61.14893,6.44514],[-61.15384,6.44697],[-61.15475,6.44628],[-61.15361,6.44091],[-61.15567,6.43657],[-61.15332,6.43189],[-61.15167,6.43012],[-61.14841,6.42909],[-61.14464,6.43001],[-61.14316,6.42915],[-61.14853,6.42578],[-61.15001,6.42418],[-61.14967,6.41973],[-61.14664,6.41904],[-61.14664,6.41716],[-61.14859,6.41584],[-61.14807,6.41305],[-61.15144,6.41139],[-61.1543,6.41556],[-61.15778,6.41539],[-61.15487,6.41133],[-61.15761,6.40893],[-61.15812,6.40602],[-61.15281,6.40168],[-61.1539,6.39974],[-61.15561,6.40345],[-61.15801,6.40254],[-61.15669,6.39923],[-61.15824,6.39466],[-61.15749,6.39038],[-61.16081,6.38895],[-61.16069,6.39254],[-61.1636,6.39289],[-61.1656,6.39449],[-61.16749,6.3942],[-61.168,6.38918],[-61.1656,6.38643],[-61.16018,6.38809],[-61.15732,6.38592],[-61.16018,6.38546],[-61.16201,6.38261],[-61.16018,6.3793],[-61.16172,6.37673],[-61.16492,6.38072],[-61.16766,6.3789],[-61.16418,6.3725],[-61.15887,6.36742],[-61.15904,6.36542],[-61.16298,6.36194],[-61.16457,6.35839],[-61.16389,6.35451],[-61.16903,6.35177],[-61.16874,6.34772],[-61.1736,6.34275],[-61.17131,6.33869],[-61.17137,6.33618],[-61.17343,6.33538],[-61.17514,6.34046],[-61.17822,6.34058],[-61.17645,6.33732],[-61.17623,6.33304],[-61.18388,6.33213],[-61.18416,6.33013],[-61.18068,6.32813],[-61.17565,6.3271],[-61.16754,6.31459],[-61.16532,6.31305],[-61.16692,6.31214],[-61.16732,6.30831],[-61.1648,6.3046],[-61.16492,6.2998],[-61.16252,6.29923],[-61.16046,6.29689],[-61.16023,6.29358],[-61.15572,6.28832],[-61.1519,6.29107],[-61.1479,6.29209],[-61.14293,6.28781],[-61.14025,6.28752],[-61.14293,6.28296],[-61.1411,6.2757],[-61.13773,6.27513],[-61.13625,6.27148],[-61.13385,6.27251],[-61.12997,6.27205],[-61.12723,6.27382],[-61.12197,6.27353],[-61.1202,6.27593],[-61.11552,6.27302],[-61.11421,6.27045],[-61.11649,6.26965],[-61.11889,6.26502],[-61.12197,6.26297],[-61.1262,6.262],[-61.12683,6.25811],[-61.1294,6.25469],[-61.13248,6.25492],[-61.13339,6.2516],[-61.13248,6.25086],[-61.13534,6.23898],[-61.13425,6.23647],[-61.13322,6.23082],[-61.13608,6.22933],[-61.13825,6.22602],[-61.13842,6.22197],[-61.14076,6.22122],[-61.14202,6.21494],[-61.13893,6.21089],[-61.13437,6.20906],[-61.13448,6.20598],[-61.131,6.20501],[-61.1302,6.20837],[-61.127,6.20815],[-61.12706,6.20603],[-61.13208,6.20129],[-61.12928,6.19604],[-61.12443,6.19587],[-61.12454,6.1937],[-61.12734,6.1881],[-61.13368,6.18833],[-61.13465,6.18445],[-61.13288,6.18073],[-61.13551,6.17754],[-61.13876,6.17657],[-61.14093,6.17874],[-61.1459,6.17988],[-61.15338,6.18051],[-61.15801,6.18262],[-61.16263,6.18188],[-61.1644,6.18462],[-61.16726,6.18399],[-61.1696,6.18479],[-61.17177,6.18102],[-61.1764,6.18713],[-61.17925,6.18707],[-61.18325,6.18073],[-61.18348,6.17885],[-61.18725,6.17851],[-61.18479,6.17685],[-61.18696,6.17565],[-61.18896,6.16652],[-61.1873,6.16166],[-61.18536,6.16217],[-61.18559,6.15995],[-61.18308,6.15955],[-61.18325,6.15487],[-61.18508,6.1503],[-61.18399,6.14893],[-61.19073,6.14013],[-61.19233,6.1391],[-61.19062,6.1375],[-61.19073,6.13379],[-61.18942,6.13242],[-61.19541,6.13197],[-61.19855,6.13282],[-61.20021,6.13134],[-61.20335,6.13425],[-61.20267,6.12723],[-61.20449,6.12648],[-61.20472,6.12294],[-61.20832,6.11797],[-61.20638,6.11689],[-61.20929,6.11198],[-61.21449,6.11506],[-61.21432,6.11146],[-61.21706,6.11329],[-61.2166,6.11432],[-61.2198,6.11683],[-61.22168,6.12049],[-61.22294,6.12534],[-61.22648,6.12551],[-61.22734,6.12386],[-61.23162,6.12631],[-61.23459,6.12477],[-61.23682,6.121],[-61.23539,6.1178],[-61.23876,6.11592],[-61.24247,6.11175],[-61.24315,6.10941],[-61.24864,6.10861],[-61.25024,6.10952],[-61.25138,6.10781],[-61.25475,6.10964],[-61.25669,6.11175],[-61.25932,6.11272],[-61.26268,6.11124],[-61.26577,6.11101],[-61.26571,6.10941],[-61.27005,6.10935],[-61.27045,6.10615],[-61.27245,6.1065],[-61.27428,6.1049],[-61.27371,6.09622],[-61.27525,6.09233],[-61.27702,6.09165],[-61.27925,6.09462],[-61.27867,6.08999],[-61.27947,6.08331],[-61.2865,6.07994],[-61.2849,6.07714],[-61.28798,6.07686],[-61.2897,6.07457],[-61.29455,6.07263],[-61.29141,6.06989],[-61.29152,6.06863],[-61.29786,6.06703],[-61.29878,6.06304],[-61.30403,6.06041],[-61.30432,6.05761],[-61.30238,6.0567],[-61.30186,6.05447],[-61.30683,6.05219],[-61.31191,6.05213],[-61.31282,6.04785],[-61.31105,6.0467],[-61.31225,6.04391],[-61.31545,6.04242],[-61.31694,6.03797],[-61.31831,6.03123],[-61.31979,6.02866],[-61.31951,6.02672],[-61.32465,6.0266],[-61.32636,6.0254],[-61.32773,6.02061],[-61.33253,6.01592],[-61.33458,6.01221],[-61.33481,6.00719],[-61.33567,6.00496],[-61.33333,6.00102],[-61.33104,5.99896],[-61.33772,5.99457],[-61.34498,5.98863],[-61.3488,5.98777],[-61.35114,5.98492],[-61.35326,5.97429],[-61.35794,5.96887],[-61.36354,5.96709],[-61.3669,5.96732],[-61.36699,5.96407],[-61.36966,5.96158],[-61.37509,5.96042],[-61.37918,5.96256],[-61.38169,5.96001],[-61.38433,5.9597],[-61.38886,5.9635],[-61.39645,5.96542],[-61.40079,5.96788],[-61.40485,5.97227],[-61.41487,5.9708],[-61.39399,5.94616],[-61.38533,5.94638],[-61.37962,5.94338],[-61.37899,5.94319],[-61.37766,5.94281],[-61.37348,5.94073],[-61.37277,5.94029],[-61.36788,5.93729],[-61.36536,5.93662],[-61.3613,5.93572],[-61.36126,5.93571],[-61.35859,5.93571],[-61.357,5.93553],[-61.3552,5.93532],[-61.35487,5.93517],[-61.35302,5.93432],[-61.35236,5.93464],[-61.35112,5.93523],[-61.35067,5.93543],[-61.34702,5.93543],[-61.34684,5.93544],[-61.34652,5.93543],[-61.34478,5.93554],[-61.3442,5.93565],[-61.34274,5.93591],[-61.3415,5.93613],[-61.33963,5.93601],[-61.33829,5.93593],[-61.33781,5.9359],[-61.33756,5.93596],[-61.33441,5.93664],[-61.33202,5.93779],[-61.33092,5.93832],[-61.32627,5.94189],[-61.32624,5.94192],[-61.32575,5.94238],[-61.3227,5.94526],[-61.3215,5.9464],[-61.31871,5.94904],[-61.31638,5.94996],[-61.31442,5.95054],[-61.31351,5.95078],[-61.30517,5.95855],[-61.30229,5.9602],[-61.30152,5.96063],[-61.30091,5.9609],[-61.29582,5.96304],[-61.29334,5.96395],[-61.28962,5.96487],[-61.28961,5.96487],[-61.28626,5.96681],[-61.28537,5.9673],[-61.28378,5.96813],[-61.28317,5.96843],[-61.2825,5.96877],[-61.28025,5.97127],[-61.27869,5.97349],[-61.27651,5.98424],[-61.27954,5.9979],[-61.27499,6.01035],[-61.2733,6.0142],[-61.26847,6.01969],[-61.26348,6.02293],[-61.25599,6.02401],[-61.25094,6.02352],[-61.25003,6.02335],[-61.2485,6.02307],[-61.24735,6.02285],[-61.23977,6.02228],[-61.23586,6.02187],[-61.22887,6.02003],[-61.2171,6.01744],[-61.21122,6.01547],[-61.20543,6.0129],[-61.1862,6.00367],[-61.17911,5.99838],[-61.17548,5.99637],[-61.17195,5.99567],[-61.16513,5.99018],[-61.15954,5.9837],[-61.15289,5.9781],[-61.14616,5.97484],[-61.13973,5.97319],[-61.12904,5.96824],[-61.11828,5.96127],[-61.11426,5.95992],[-61.10784,5.95985],[-61.10033,5.9642],[-61.09154,5.97033],[-61.08516,5.97363],[-61.07648,5.97681],[-61.07372,5.97838],[-61.0648,5.98103],[-61.05779,5.98244],[-61.05218,5.9847],[-61.04991,5.98658],[-61.03923,5.99314],[-61.03695,5.99948],[-61.03498,6.00224],[-61.02757,6.00941],[-61.02134,6.01443],[-61.01569,6.01638],[-61.01138,6.0158],[-61.00269,6.01324],[-60.99688,6.01094],[-60.98652,6.00619],[-60.97919,6.0021],[-60.97422,5.9968],[-60.9707,5.99161],[-60.97017,5.98842],[-60.96206,5.9861],[-60.95828,5.98321],[-60.95475,5.98526],[-60.95192,5.98405],[-60.94702,5.97897],[-60.94328,5.98055],[-60.93405,5.97267],[-60.92854,5.9691],[-60.92445,5.96562],[-60.91846,5.96348],[-60.91031,5.95796],[-60.90765,5.9554],[-60.90398,5.95458],[-60.89327,5.94648],[-60.89037,5.94281],[-60.88161,5.9373],[-60.87635,5.93619],[-60.86649,5.93481],[-60.85992,5.93497],[-60.85209,5.93326],[-60.84784,5.93388],[-60.8405,5.93045],[-60.83635,5.93003],[-60.83303,5.92913],[-60.83046,5.92687],[-60.82603,5.92132],[-60.82458,5.92096],[-60.81581,5.92131],[-60.80775,5.92253],[-60.8012,5.92454],[-60.79359,5.93141],[-60.79026,5.93325],[-60.78791,5.94098],[-60.78207,5.94192],[-60.77866,5.9434],[-60.77044,5.94363],[-60.76488,5.94173],[-60.76201,5.93863],[-60.75845,5.93758],[-60.75569,5.93899],[-60.75026,5.93554],[-60.73947,5.9335],[-60.72567,5.93347],[-60.71827,5.93577],[-60.71667,5.93986],[-60.71295,5.94422],[-60.71112,5.94528],[-60.7074,5.95301],[-60.70454,5.95592],[-60.69892,5.9631],[-60.69701,5.96426],[-60.69647,5.97196],[-60.69743,5.97664],[-60.70064,5.98187],[-60.70288,5.99036],[-60.70693,5.99381],[-60.70792,5.99898],[-60.70268,6.00305],[-60.70249,6.00985],[-60.70362,6.01254],[-60.70812,6.01784],[-60.71489,6.02293],[-60.72207,6.02579],[-60.72392,6.02748],[-60.72728,6.0341],[-60.72879,6.04104],[-60.7285,6.04725],[-60.72749,6.05376],[-60.72857,6.05905],[-60.72717,6.06251],[-60.72409,6.06364],[-60.72006,6.06336],[-60.71606,6.06806],[-60.71379,6.07586],[-60.71331,6.08323],[-60.70756,6.0906],[-60.70536,6.09475],[-60.70408,6.10177],[-60.70078,6.10921],[-60.69976,6.11911],[-60.69842,6.12176],[-60.69601,6.13383],[-60.69398,6.1369],[-60.68783,6.14346],[-60.68525,6.14834],[-60.68409,6.15665],[-60.67981,6.16744],[-60.67937,6.17221],[-60.68023,6.17591],[-60.68297,6.18244],[-60.6841,6.192],[-60.68364,6.1948],[-60.68104,6.19957],[-60.67645,6.20324],[-60.66934,6.20683],[-60.66867,6.21494],[-60.66505,6.22959],[-60.66484,6.23303],[-60.66605,6.23879],[-60.67361,6.24221],[-60.6815,6.24826],[-60.68428,6.24938],[-60.6854,6.25138],[-60.68349,6.25584],[-60.68461,6.26221],[-60.68688,6.26877],[-60.68588,6.27471],[-60.68456,6.27823],[-60.6835,6.28607],[-60.68402,6.29309],[-60.68327,6.2972],[-60.68274,6.30648],[-60.68293,6.31577],[-60.67492,6.31529],[-60.66254,6.31985],[-60.65343,6.32468],[-60.6436,6.329],[-60.63596,6.3335],[-60.62401,6.33926],[-60.62041,6.34333],[-60.6176,6.35173],[-60.60993,6.36217],[-60.60866,6.36648],[-60.60334,6.37132],[-60.60198,6.37631],[-60.6022,6.38271],[-60.60163,6.38886],[-60.60451,6.40563],[-60.6038,6.41179],[-60.59808,6.42385],[-60.59452,6.42392],[-60.59216,6.41998],[-60.58855,6.4193],[-60.58428,6.41988],[-60.57913,6.41966],[-60.57551,6.42192],[-60.571,6.42055],[-60.56758,6.41674],[-60.56522,6.41233],[-60.55747,6.4024],[-60.55608,6.39811],[-60.54813,6.38956],[-60.5344,6.3697],[-60.53192,6.36309],[-60.52129,6.3407],[-60.51976,6.33511],[-60.52005,6.32734],[-60.52197,6.32286],[-60.52262,6.31383],[-60.5192,6.30384],[-60.51938,6.30079],[-60.52133,6.29729],[-60.52348,6.29003],[-60.52296,6.28354],[-60.52084,6.27822],[-60.52019,6.2735],[-60.5205,6.27027],[-60.52208,6.26614],[-60.52629,6.26104],[-60.52798,6.25702],[-60.52761,6.25157],[-60.52802,6.24617],[-60.52255,6.24371],[-60.52169,6.24054],[-60.52113,6.23003],[-60.51966,6.22513],[-60.51963,6.21964],[-60.5209,6.21497],[-60.525,6.21026],[-60.53167,6.2059],[-60.53389,6.20307],[-60.53554,6.19467],[-60.53476,6.19239],[-60.52983,6.18254],[-60.52763,6.17694],[-60.52194,6.16927],[-60.51889,6.16419],[-60.51779,6.15587],[-60.51868,6.1483],[-60.52127,6.14069],[-60.5254,6.13196],[-60.52741,6.12895],[-60.52925,6.12213],[-60.5284,6.11722],[-60.52642,6.11381],[-60.52264,6.10411],[-60.51805,6.09756],[-60.51299,6.09121],[-60.49922,6.07673],[-60.4935,6.07148],[-60.4884,6.06837],[-60.47686,6.05917],[-60.47264,6.05251],[-60.47004,6.0422],[-60.46999,6.03926],[-60.46801,6.03225],[-60.46414,6.02229],[-60.46022,6.01734],[-60.45665,6.01476],[-60.45473,6.01116],[-60.4546,6.00886],[-60.45622,6.00397],[-60.457,5.99918],[-60.45871,5.99567],[-60.46581,5.98992],[-60.46659,5.98302],[-60.46572,5.97904],[-60.46858,5.96569],[-60.46907,5.96141],[-60.46704,5.95142],[-60.4674,5.94829],[-60.47034,5.9476],[-60.46835,5.94482],[-60.46756,5.94056],[-60.46436,5.93736],[-60.46022,5.93622],[-60.44893,5.93765],[-60.44651,5.93706],[-60.44473,5.93516],[-60.43767,5.9341],[-60.43697,5.93306],[-60.43285,5.93329],[-60.43079,5.93545],[-60.42972,5.93849],[-60.42706,5.9389],[-60.42372,5.93755],[-60.41962,5.93479],[-60.41695,5.9311],[-60.41677,5.92746],[-60.41185,5.92933],[-60.40365,5.92633],[-60.40205,5.92666],[-60.40117,5.9277],[-60.40098,5.9322],[-60.40258,5.93791],[-60.40191,5.94249],[-60.39942,5.9461],[-60.39712,5.95116],[-60.38996,5.95521],[-60.38452,5.95307],[-60.37464,5.94226],[-60.36704,5.94079],[-60.3645,5.9392],[-60.36473,5.93237],[-60.35997,5.92982],[-60.35583,5.92629],[-60.35122,5.92429],[-60.34105,5.92584],[-60.33672,5.92453],[-60.33174,5.92649],[-60.32324,5.92825],[-60.30964,5.92818],[-60.30238,5.92307],[-60.29827,5.91966],[-60.29461,5.918],[-60.29124,5.9176],[-60.28758,5.91432],[-60.28453,5.91494],[-60.28209,5.91672],[-60.28024,5.91529],[-60.27435,5.91457],[-60.27295,5.9113],[-60.27387,5.90503],[-60.27012,5.89769],[-60.27087,5.89462],[-60.26856,5.89016],[-60.27025,5.88713],[-60.27484,5.88413],[-60.27681,5.87676],[-60.2765,5.87433],[-60.27365,5.8683],[-60.27097,5.8659],[-60.26982,5.86035],[-60.2664,5.8553],[-60.26326,5.85387],[-60.25951,5.854],[-60.25883,5.85123],[-60.26051,5.84794],[-60.26942,5.83877],[-60.27357,5.83673],[-60.27586,5.83161],[-60.27564,5.82765],[-60.2727,5.81858],[-60.27341,5.81429],[-60.27593,5.80989],[-60.27958,5.80529],[-60.27519,5.79493],[-60.27713,5.79108],[-60.27952,5.79127],[-60.27997,5.78853],[-60.28185,5.7863],[-60.27871,5.78647],[-60.27631,5.78395],[-60.27404,5.77928],[-60.27372,5.77538],[-60.26949,5.76687],[-60.26585,5.75611],[-60.26728,5.7496],[-60.27032,5.74409],[-60.27402,5.741],[-60.29193,5.73212],[-60.30722,5.7248],[-60.31508,5.72234],[-60.32536,5.72031],[-60.33957,5.7154],[-60.35856,5.70652],[-60.36989,5.69636],[-60.3775,5.68712],[-60.3695,5.6873],[-60.36309,5.68648],[-60.35722,5.68406],[-60.35383,5.68358],[-60.35263,5.68932],[-60.34814,5.69619],[-60.34636,5.69798],[-60.34423,5.70281],[-60.34397,5.6977],[-60.34104,5.69715],[-60.3338,5.70034],[-60.33126,5.69769],[-60.32996,5.69457],[-60.32781,5.69309],[-60.32078,5.68263],[-60.31992,5.67906],[-60.3217,5.67502],[-60.31993,5.67288],[-60.31637,5.67549],[-60.31374,5.67864],[-60.30863,5.68271],[-60.30508,5.68295],[-60.30267,5.68416],[-60.29769,5.69204],[-60.29661,5.69937],[-60.29545,5.70141],[-60.29218,5.70033],[-60.28843,5.6894],[-60.28517,5.6874],[-60.28445,5.6781],[-60.28553,5.67256],[-60.28921,5.66057],[-60.29253,5.65489],[-60.29045,5.6471],[-60.29065,5.64314],[-60.29253,5.63765],[-60.29114,5.63561],[-60.28579,5.63649],[-60.28325,5.63529],[-60.28471,5.63126],[-60.28231,5.62939],[-60.27675,5.63098],[-60.27292,5.62839],[-60.26926,5.62897],[-60.26168,5.63248],[-60.25392,5.63257],[-60.24852,5.63385],[-60.24531,5.63286],[-60.24527,5.62665],[-60.24309,5.62079],[-60.23656,5.61387],[-60.22918,5.60718],[-60.2265,5.60719],[-60.22515,5.60095],[-60.22322,5.59889],[-60.22404,5.59698],[-60.22837,5.59421],[-60.22885,5.59206],[-60.22634,5.58623],[-60.22581,5.58029],[-60.22497,5.57861],[-60.22014,5.57517],[-60.21527,5.56873],[-60.21258,5.56877],[-60.20798,5.56671],[-60.20451,5.56736],[-60.20014,5.5639],[-60.19987,5.55986],[-60.19708,5.55813],[-60.18681,5.55878],[-60.1841,5.55843],[-60.17327,5.55319],[-60.17039,5.55455],[-60.16491,5.55978],[-60.15957,5.56318],[-60.15659,5.55997],[-60.15103,5.55693],[-60.14684,5.55669],[-60.14848,5.55252],[-60.14896,5.54791],[-60.14724,5.54144],[-60.14246,5.53436],[-60.13934,5.5237],[-60.13848,5.51365],[-60.139,5.50456],[-60.13631,5.49641],[-60.13308,5.49277],[-60.12473,5.48948],[-60.11597,5.48917],[-60.11147,5.49096],[-60.09962,5.50223],[-60.09566,5.5065],[-60.0917,5.51292],[-60.08699,5.51594],[-60.0812,5.51743],[-60.07485,5.5201],[-60.07181,5.51855],[-60.06879,5.5151],[-60.0653,5.50722],[-60.06367,5.50479],[-60.05881,5.50132],[-60.05765,5.49843],[-60.05141,5.49595],[-60.04459,5.49544],[-60.03973,5.49339],[-60.03772,5.49101],[-60.03309,5.49223],[-60.03278,5.48936],[-60.03012,5.48843],[-60.03028,5.48542],[-60.02889,5.48566],[-60.02622,5.4915],[-60.02322,5.48743],[-60.02394,5.48512],[-60.02284,5.48309],[-60.01913,5.48553],[-60.01276,5.48599],[-60.01258,5.48969],[-60.01064,5.49239],[-60.00966,5.49556],[-60.00573,5.49619],[-59.99725,5.49552],[-59.99456,5.4923],[-59.98902,5.4897],[-59.98523,5.48643],[-59.98443,5.47988],[-59.98214,5.47709],[-59.97786,5.47704],[-59.97662,5.47602],[-59.96647,5.47474],[-59.96185,5.47608],[-59.95866,5.47516],[-59.95462,5.47531],[-59.95166,5.47295],[-59.94967,5.46772],[-59.94738,5.45821],[-59.95176,5.45413],[-59.95456,5.44705],[-59.95887,5.44237],[-59.95887,5.44235],[-59.95889,5.44234],[-59.95903,5.44142],[-59.95893,5.44072],[-59.95882,5.43994],[-59.95867,5.4388],[-59.95832,5.43762],[-59.95811,5.43631],[-59.95806,5.43599],[-59.95806,5.4356],[-59.95808,5.43488],[-59.95811,5.43408],[-59.95811,5.43395],[-59.95774,5.43341],[-59.95738,5.43288],[-59.95736,5.43248],[-59.95737,5.43148],[-59.95699,5.4301],[-59.95691,5.42945],[-59.95675,5.42829],[-59.95673,5.42816],[-59.95623,5.42785],[-59.9556,5.42732],[-59.95533,5.42705],[-59.9546,5.42656],[-59.95379,5.42481],[-59.95377,5.42479],[-59.95372,5.42471],[-59.95314,5.42384],[-59.95246,5.42275],[-59.95172,5.4218],[-59.95168,5.42175],[-59.95005,5.41931],[-59.94924,5.41792],[-59.94827,5.41681],[-59.94767,5.41606],[-59.94665,5.41477],[-59.94581,5.41387],[-59.94481,5.41228],[-59.93901,5.41411],[-59.93679,5.41428],[-59.93551,5.41419],[-59.92878,5.41332],[-59.92096,5.41237],[-59.91398,5.41068],[-59.90516,5.40626],[-59.90045,5.40283],[-59.90027,5.40267],[-59.89906,5.40181],[-59.89809,5.40101],[-59.89789,5.40087],[-59.89788,5.40086],[-59.87148,5.41129],[-59.82359,5.41505],[-59.76763,5.40978],[-59.71873,5.40376],[-59.69554,5.39423],[-59.66302,5.39498],[-59.61109,5.39021],[-59.59698,5.39448],[-59.59572,5.40426],[-59.59118,5.40828],[-59.59118,5.41857],[-59.59647,5.42283],[-59.59711,5.44233],[-59.59925,5.50739],[-59.60227,5.51693],[-59.6063,5.52797],[-59.60883,5.54152],[-59.60656,5.55456],[-59.60152,5.56309],[-59.58337,5.58166],[-59.55564,5.60273],[-59.53194,5.61753],[-59.5148,5.62807],[-59.5027,5.62656],[-59.47246,5.62581],[-59.46313,5.62079],[-59.44196,5.60725],[-59.4223,5.59596],[-59.40465,5.5952],[-59.37919,5.59746],[-59.35474,5.6095],[-59.33079,5.64312],[-59.3076,5.67949],[-59.28845,5.70256],[-59.27105,5.71335],[-59.24786,5.72238],[-59.23173,5.72564],[-59.22518,5.72464],[-59.19216,5.69604],[-59.17401,5.67548],[-59.15939,5.66394],[-59.15057,5.62129],[-59.13872,5.60975],[-59.12662,5.59922],[-59.11931,5.58843],[-59.1178,5.55908],[-59.12309,5.54001],[-59.11603,5.52044],[-59.09713,5.51542],[-59.08427,5.51718],[-59.07217,5.5227],[-59.04949,5.53399],[-59.03386,5.54202],[-59.021,5.54026],[-59.00613,5.53073],[-58.9905,5.50689],[-58.97261,5.48732],[-58.95925,5.47979],[-58.93303,5.47678],[-58.90833,5.47302],[-58.90152,5.46298],[-58.89119,5.43362],[-58.88363,5.42333],[-58.87551,5.39566],[-58.86304,5.40272],[-58.85752,5.40355],[-58.84994,5.40199],[-58.83301,5.4017],[-58.82651,5.40657],[-58.8224,5.40861],[-58.81551,5.41041],[-58.80934,5.4091],[-58.80108,5.40598],[-58.78621,5.40589],[-58.7756,5.40964],[-58.76328,5.41694],[-58.73728,5.42506],[-58.72474,5.42297],[-58.71333,5.42237],[-58.70532,5.42496],[-58.6811,5.43572],[-58.66869,5.44628],[-58.65849,5.4669],[-58.65168,5.47985],[-58.64338,5.48723],[-58.63717,5.4946],[-58.63157,5.50645],[-58.62636,5.519],[-58.62506,5.53086],[-58.62696,5.53902],[-58.62676,5.54819],[-58.62526,5.55915],[-58.62066,5.5719],[-58.61898,5.58005],[-58.61565,5.58956],[-58.60855,5.60318],[-58.6045,5.61824],[-58.60254,5.63251],[-58.59885,5.64807],[-58.60341,5.65816],[-58.60971,5.66234],[-58.61246,5.66825],[-58.61384,5.67589],[-58.61,5.68302],[-58.60616,5.68871],[-58.60472,5.70031],[-58.60736,5.72077],[-58.60968,5.72927],[-58.60867,5.73756],[-58.60477,5.75235],[-58.60205,5.77195],[-58.60414,5.78633],[-58.60875,5.79947],[-58.61106,5.80968],[-58.60875,5.81865],[-58.60163,5.82782],[-58.59597,5.83386],[-58.59262,5.84137],[-58.59178,5.85012],[-58.5923,5.86284],[-58.59188,5.87358],[-58.58382,5.88765],[-58.57816,5.89307],[-58.57614,5.89662]],[[-58.63232,6.40883],[-58.6309,6.41158],[-58.62152,6.4104],[-58.61708,6.40708],[-58.62031,6.39506],[-58.62452,6.39747],[-58.62697,6.4016],[-58.62608,6.40476],[-58.63232,6.40883]]]},"properties":{"ID":"700","NAME":"Rest of Region 7","STATUS":"Not Classified","REGION":"Cuyuni-Mazaruni"}},
{"type":"Feature","geometry":{"type":"Polygon","coordinates":[[[-60.79359,5.93141],[-60.79012,5.92727],[-60.78851,5.92265],[-60.78207,5.90951],[-60.77681,5.90231],[-60.7729,5.89514],[-60.77094,5.88915],[-60.76838,5.87729],[-60.76039,5.87155],[-60.75676,5.86782],[-60.75158,5.8655],[-60.74551,5.86203],[-60.74062,5.85503],[-60.73454,5.85076],[-60.7316,5.8455],[-60.72372,5.83797],[-60.72284,5.83612],[-60.71722,5.83346],[-60.71227,5.82997],[-60.71665,5.82498],[-60.72091,5.82114],[-60.72565,5.81968],[-60.7304,5.81965],[-60.73132,5.81488],[-60.73082,5.81155],[-60.73415,5.81058],[-60.74176,5.81148],[-60.74459,5.80908],[-60.74599,5.80574],[-60.75739,5.80423],[-60.76023,5.80136],[-60.76355,5.80039],[-60.76831,5.80226],[-60.77332,5.79889],[-60.77444,5.79539],[-60.78337,5.79029],[-60.7866,5.78984],[-60.79333,5.78705],[-60.79668,5.78344],[-60.79969,5.78143],[-60.80725,5.78004],[-60.81041,5.7812],[-60.81667,5.78588],[-60.82066,5.78689],[-60.83224,5.79398],[-60.836,5.79492],[-60.8433,5.79513],[-60.84538,5.79394],[-60.84851,5.7902],[-60.85192,5.78127],[-60.85467,5.77928],[-60.85533,5.77637],[-60.85537,5.77091],[-60.85357,5.76719],[-60.85522,5.76135],[-60.85537,5.75863],[-60.85321,5.75154],[-60.85217,5.74616],[-60.85176,5.73796],[-60.85239,5.73566],[-60.84574,5.74049],[-60.83777,5.75134],[-60.83194,5.7545],[-60.8285,5.75483],[-60.82322,5.75313],[-60.82096,5.75101],[-60.81159,5.74443],[-60.80553,5.74172],[-60.80029,5.7402],[-60.79605,5.74028],[-60.78672,5.74206],[-60.7775,5.74748],[-60.77376,5.74824],[-60.76744,5.74783],[-60.75905,5.74784],[-60.75315,5.74741],[-60.7465,5.74808],[-60.74419,5.7499],[-60.74282,5.75378],[-60.73968,5.75576],[-60.73638,5.76325],[-60.7306,5.7718],[-60.72396,5.77914],[-60.72178,5.78098],[-60.71718,5.78252],[-60.71362,5.78042],[-60.70969,5.78021],[-60.70517,5.77755],[-60.69888,5.77087],[-60.69201,5.76243],[-60.69142,5.7602],[-60.68917,5.75774],[-60.68003,5.75792],[-60.67452,5.75719],[-60.6698,5.75746],[-60.66281,5.75702],[-60.65196,5.757],[-60.647,5.7576],[-60.63794,5.75756],[-60.6327,5.75518],[-60.62768,5.75513],[-60.62358,5.75725],[-60.61841,5.76428],[-60.61555,5.76987],[-60.61175,5.77579],[-60.60707,5.78586],[-60.60419,5.78661],[-60.59534,5.78754],[-60.58459,5.78291],[-60.57829,5.78117],[-60.5736,5.78154],[-60.56935,5.78053],[-60.56929,5.78051],[-60.56986,5.78028],[-60.57117,5.77966],[-60.5722,5.77822],[-60.57262,5.7776],[-60.57281,5.7773],[-60.57296,5.777],[-60.57336,5.77567],[-60.57338,5.77557],[-60.57364,5.77444],[-60.57388,5.77397],[-60.57474,5.77115],[-60.57482,5.77074],[-60.5749,5.77064],[-60.57563,5.76956],[-60.57672,5.76803],[-60.57689,5.76779],[-60.57904,5.76578],[-60.58329,5.76301],[-60.58433,5.76233],[-60.58483,5.76193],[-60.58755,5.76104],[-60.58826,5.76071],[-60.59048,5.75969],[-60.59387,5.75691],[-60.59626,5.75167],[-60.59734,5.7486],[-60.59711,5.74599],[-60.59676,5.74461],[-60.5963,5.74323],[-60.59537,5.74119],[-60.59403,5.73828],[-60.59018,5.73461],[-60.58686,5.7314],[-60.58581,5.73043],[-60.58223,5.7267],[-60.57845,5.72116],[-60.57758,5.72041],[-60.5767,5.71976],[-60.57641,5.71945],[-60.57637,5.71942],[-60.5754,5.71839],[-60.57457,5.71723],[-60.57423,5.71685],[-60.57405,5.7167],[-60.57269,5.71649],[-60.57019,5.71741],[-60.57008,5.71755],[-60.56937,5.71841],[-60.56906,5.71856],[-60.56878,5.7187],[-60.56836,5.71884],[-60.56827,5.71883],[-60.56723,5.71874],[-60.56715,5.71869],[-60.56714,5.72437],[-60.56697,5.72584],[-60.56157,5.73318],[-60.56145,5.73491],[-60.55927,5.73693],[-60.5556,5.74741],[-60.55612,5.75125],[-60.55302,5.75392],[-60.55125,5.75954],[-60.54533,5.76939],[-60.54266,5.77188],[-60.54105,5.77504],[-60.53864,5.77748],[-60.53461,5.77886],[-60.52841,5.77916],[-60.51978,5.77787],[-60.51545,5.77601],[-60.51276,5.77602],[-60.50281,5.78013],[-60.49806,5.78295],[-60.49139,5.78258],[-60.48508,5.78021],[-60.47874,5.78122],[-60.4733,5.78525],[-60.46764,5.79292],[-60.46378,5.79378],[-60.46087,5.79069],[-60.4519,5.79487],[-60.44962,5.79744],[-60.44907,5.80212],[-60.45221,5.80854],[-60.45477,5.81198],[-60.45464,5.81514],[-60.45174,5.81871],[-60.45159,5.82156],[-60.44786,5.82744],[-60.44643,5.83322],[-60.44609,5.83759],[-60.44469,5.84005],[-60.44024,5.84362],[-60.43624,5.85039],[-60.43414,5.85146],[-60.43049,5.85122],[-60.42855,5.85258],[-60.42587,5.85974],[-60.42522,5.86812],[-60.42355,5.87582],[-60.42695,5.88297],[-60.42768,5.88708],[-60.42582,5.89231],[-60.42236,5.8962],[-60.41567,5.89771],[-60.41056,5.90052],[-60.40495,5.90797],[-60.40349,5.91132],[-60.40182,5.91792],[-60.40205,5.92666],[-60.40365,5.92633],[-60.41185,5.92933],[-60.41677,5.92746],[-60.41695,5.9311],[-60.41962,5.93479],[-60.42372,5.93755],[-60.42706,5.9389],[-60.42972,5.93849],[-60.43079,5.93545],[-60.43285,5.93329],[-60.43697,5.93306],[-60.43767,5.9341],[-60.44473,5.93516],[-60.44651,5.93706],[-60.44893,5.93765],[-60.46022,5.93622],[-60.46436,5.93736],[-60.46756,5.94056],[-60.46835,5.94482],[-60.47034,5.9476],[-60.4674,5.94829],[-60.46704,5.95142],[-60.46907,5.96141],[-60.46858,5.96569],[-60.46572,5.97904],[-60.46659,5.98302],[-60.46581,5.98992],[-60.45871,5.99567],[-60.457,5.99918],[-60.45622,6.00397],[-60.4546,6.00886],[-60.45473,6.01116],[-60.45665,6.01476],[-60.46022,6.01734],[-60.46414,6.02229],[-60.46801,6.03225],[-60.46999,6.03926],[-60.47004,6.0422],[-60.47264,6.05251],[-60.47686,6.05917],[-60.4884,6.06837],[-60.4935,6.07148],[-60.49922,6.07673],[-60.51299,6.09121],[-60.51805,6.09756],[-60.52264,6.10411],[-60.52642,6.11381],[-60.5284,6.11722],[-60.52925,6.12213],[-60.52741,6.12895],[-60.5254,6.13196],[-60.52127,6.14069],[-60.51868,6.1483],[-60.51779,6.15587],[-60.51889,6.16419],[-60.52194,6.16927],[-60.52763,6.17694],[-60.52983,6.18254],[-60.53476,6.19239],[-60.53554,6.19467],[-60.53389,6.20307],[-60.53167,6.2059],[-60.525,6.21026],[-60.5209,6.21497],[-60.51963,6.21964],[-60.51966,6.22513],[-60.52113,6.23003],[-60.52169,6.24054],[-60.52255,6.24371],[-60.52802,6.24617],[-60.52761,6.25157],[-60.52798,6.25702],[-60.52629,6.26104],[-60.52208,6.26614],[-60.5205,6.27027],[-60.52019,6.2735],[-60.52084,6.27822],[-60.52296,6.28354],[-60.52348,6.29003],[-60.52133,6.29729],[-60.51938,6.30079],[-60.5192,6.30384],[-60.52262,6.31383],[-60.52197,6.32286],[-60.52005,6.32734],[-60.51976,6.33511],[-60.52129,6.3407],[-60.53192,6.36309],[-60.5344,6.3697],[-60.54813,6.38956],[-60.55608,6.39811],[-60.55747,6.4024],[-60.56522,6.41233],[-60.56758,6.41674],[-60.571,6.42055],[-60.57551,6.42192],[-60.57913,6.41966],[-60.58428,6.41988],[-60.58855,6.4193],[-60.59216,6.41998],[-60.59452,6.42392],[-60.59808,6.42385],[-60.6038,6.41179],[-60.60451,6.40563],[-60.60163,6.38886],[-60.6022,6.38271],[-60.60198,6.37631],[-60.60334,6.37132],[-60.60866,6.36648],[-60.60993,6.36217],[-60.6176,6.35173],[-60.62041,6.34333],[-60.62401,6.33926],[-60.63596,6.3335],[-60.6436,6.329],[-60.65343,6.32468],[-60.66254,6.31985],[-60.67492,6.31529],[-60.68293,6.31577],[-60.68274,6.30648],[-60.68327,6.2972],[-60.68402,6.29309],[-60.6835,6.28607],[-60.68456,6.27823],[-60.68588,6.27471],[-60.68688,6.26877],[-60.68461,6.26221],[-60.68349,6.25584],[-60.6854,6.25138],[-60.68428,6.24938],[-60.6815,6.24826],[-60.67361,6.24221],[-60.66605,6.23879],[-60.66484,6.23303],[-60.66505,6.22959],[-60.66867,6.21494],[-60.66934,6.20683],[-60.67645,6.20324],[-60.68104,6.19957],[-60.68364,6.1948],[-60.6841,6.192],[-60.68297,6.18244],[-60.68023,6.17591],[-60.67937,6.17221],[-60.67981,6.16744],[-60.68409,6.15665],[-60.68525,6.14834],[-60.68783,6.14346],[-60.69398,6.1369],[-60.69601,6.13383],[-60.69842,6.12176],[-60.69976,6.11911],[-60.70078,6.10921],[-60.70408,6.10177],[-60.70536,6.09475],[-60.70756,6.0906],[-60.71331,6.08323],[-60.71379,6.07586],[-60.71606,6.06806],[-60.72006,6.06336],[-60.72409,6.06364],[-60.72717,6.06251],[-60.72857,6.05905],[-60.72749,6.05376],[-60.7285,6.04725],[-60.72879,6.04104],[-60.72728,6.0341],[-60.72392,6.02748],[-60.72207,6.02579],[-60.71489,6.02293],[-60.70812,6.01784],[-60.70362,6.01254],[-60.70249,6.00985],[-60.70268,6.00305],[-60.70792,5.99898],[-60.70693,5.99381],[-60.70288,5.99036],[-60.70064,5.98187],[-60.69743,5.97664],[-60.69647,5.97196],[-60.69701,5.96426],[-60.69892,5.9631],[-60.70454,5.95592],[-60.7074,5.95301],[-60.71112,5.94528],[-60.71295,5.94422],[-60.71667,5.93986],[-60.71827,5.93577],[-60.72567,5.93347],[-60.73947,5.9335],[-60.75026,5.93554],[-60.75569,5.93899],[-60.75845,5.93758],[-60.76201,5.93863],[-60.76488,5.94173],[-60.77044,5.94363],[-60.77866,5.9434],[-60.78207,5.94192],[-60.78791,5.94098],[-60.79026,5.93325],[-60.79359,5.93141]]]},"properties":{"ID":"705","NAME":"Kamarang - Kuku River","STATUS":"Not Classified","REGION":"Cuyuni-Mazaruni"}},
{"type":"Feature","geometry":{"type":"Polygon","coordinates":[[[-59.89789,5.40087],[-59.89809,5.40101],[-59.89906,5.40181],[-59.90027,5.40267],[-59.90045,5.40283],[-59.90516,5.40626],[-59.91398,5.41068],[-59.92096,5.41237],[-59.92878,5.41332],[-59.93551,5.41419],[-59.93679,5.41428],[-59.93901,5.41411],[-59.94481,5.41228],[-59.94581,5.41387],[-59.94665,5.41477],[-59.94767,5.41606],[-59.94827,5.41681],[-59.94924,5.41792],[-59.95005,5.41931],[-59.95168,5.42175],[-59.95172,5.4218],[-59.95246,5.42275],[-59.95314,5.42384],[-59.95372,5.42471],[-59.95377,5.42479],[-59.95379,5.42481],[-59.9546,5.42656],[-59.95533,5.42705],[-59.9556,5.42732],[-59.95623,5.42785],[-59.95673,5.42816],[-59.95675,5.42829],[-59.95691,5.42945],[-59.95699,5.4301],[-59.95737,5.43148],[-59.95736,5.43248],[-59.95738,5.43288],[-59.95774,5.43341],[-59.95811,5.43395],[-59.95811,5.43408],[-59.95808,5.43488],[-59.95806,5.4356],[-59.95806,5.43599],[-59.95811,5.43631],[-59.95832,5.43762],[-59.95867,5.4388],[-59.95882,5.43994],[-59.95893,5.44072],[-59.95903,5.44142],[-59.95889,5.44234],[-59.95887,5.44235],[-59.95887,5.44237],[-59.95456,5.44705],[-59.95176,5.45413],[-59.94738,5.45821],[-59.94967,5.46772],[-59.95166,5.47295],[-59.95462,5.47531],[-59.95866,5.47516],[-59.96185,5.47608],[-59.96647,5.47474],[-59.97662,5.47602],[-59.97786,5.47704],[-59.98214,5.47709],[-59.98443,5.47988],[-59.98523,5.48643],[-59.98902,5.4897],[-59.99456,5.4923],[-59.99725,5.49552],[-60.00573,5.49619],[-60.00966,5.49556],[-60.01064,5.49239],[-60.01258,5.48969],[-60.01276,5.48599],[-60.01913,5.48553],[-60.02284,5.48309],[-60.02394,5.48512],[-60.02322,5.48743],[-60.02622,5.4915],[-60.02889,5.48566],[-60.03028,5.48542],[-60.03012,5.48843],[-60.03278,5.48936],[-60.03309,5.49223],[-60.03772,5.49101],[-60.03973,5.49339],[-60.04459,5.49544],[-60.05141,5.49595],[-60.05765,5.49843],[-60.05881,5.50132],[-60.06367,5.50479],[-60.0653,5.50722],[-60.06879,5.5151],[-60.07181,5.51855],[-60.07485,5.5201],[-60.0812,5.51743],[-60.08699,5.51594],[-60.0917,5.51292],[-60.09566,5.5065],[-60.09962,5.50223],[-60.11147,5.49096],[-60.11597,5.48917],[-60.12473,5.48948],[-60.13308,5.49277],[-60.13631,5.49641],[-60.139,5.50456],[-60.13848,5.51365],[-60.13934,5.5237],[-60.14246,5.53436],[-60.14724,5.54144],[-60.14896,5.54791],[-60.14848,5.55252],[-60.14684,5.55669],[-60.15103,5.55693],[-60.15659,5.55997],[-60.15957,5.56318],[-60.16491,5.55978],[-60.17039,5.55455],[-60.17327,5.55319],[-60.1841,5.55843],[-60.18681,5.55878],[-60.19708,5.55813],[-60.19987,5.55986],[-60.20014,5.5639],[-60.20451,5.56736],[-60.20798,5.56671],[-60.21258,5.56877],[-60.21527,5.56873],[-60.22014,5.57517],[-60.22497,5.57861],[-60.22581,5.58029],[-60.22634,5.58623],[-60.22885,5.59206],[-60.22837,5.59421],[-60.22404,5.59698],[-60.22322,5.59889],[-60.22515,5.60095],[-60.2265,5.60719],[-60.22918,5.60718],[-60.23656,5.61387],[-60.24309,5.62079],[-60.24527,5.62665],[-60.24531,5.63286],[-60.24852,5.63385],[-60.25392,5.63257],[-60.26168,5.63248],[-60.26926,5.62897],[-60.27292,5.62839],[-60.27675,5.63098],[-60.28231,5.62939],[-60.28471,5.63126],[-60.28325,5.63529],[-60.28579,5.63649],[-60.29114,5.63561],[-60.29253,5.63765],[-60.29065,5.64314],[-60.29045,5.6471],[-60.29253,5.65489],[-60.28921,5.66057],[-60.28553,5.67256],[-60.28445,5.6781],[-60.28517,5.6874],[-60.28843,5.6894],[-60.29218,5.70033],[-60.29545,5.70141],[-60.29661,5.69937],[-60.29769,5.69204],[-60.30267,5.68416],[-60.30508,5.68295],[-60.30863,5.68271],[-60.31374,5.67864],[-60.31637,5.67549],[-60.31993,5.67288],[-60.3217,5.67502],[-60.31992,5.67906],[-60.32078,5.68263],[-60.32781,5.69309],[-60.32996,5.69457],[-60.33126,5.69769],[-60.3338,5.70034],[-60.34104,5.69715],[-60.34397,5.6977],[-60.34423,5.70281],[-60.34636,5.69798],[-60.34814,5.69619],[-60.35263,5.68932],[-60.35383,5.68358],[-60.35722,5.68406],[-60.36309,5.68648],[-60.3695,5.6873],[-60.3775,5.68712],[-60.38623,5.68598],[-60.40049,5.68589],[-60.41072,5.68539],[-60.41785,5.68445],[-60.42542,5.68396],[-60.43343,5.68391],[-60.43879,5.68567],[-60.44418,5.69277],[-60.44863,5.69275],[-60.45171,5.68604],[-60.45482,5.68512],[-60.46373,5.68507],[-60.46907,5.68548],[-60.47666,5.68856],[-60.4856,5.69386],[-60.49007,5.69562],[-60.49898,5.69646],[-60.50656,5.69775],[-60.50923,5.69773],[-60.51458,5.69948],[-60.52041,5.70569],[-60.52267,5.71014],[-60.52592,5.71518],[-60.52601,5.71532],[-60.52643,5.72086],[-60.52987,5.72232],[-60.53096,5.72146],[-60.53132,5.72105],[-60.53225,5.71997],[-60.53378,5.71736],[-60.5357,5.71679],[-60.53982,5.71563],[-60.54097,5.71577],[-60.54636,5.7165],[-60.54665,5.71658],[-60.55153,5.71803],[-60.55378,5.71787],[-60.55613,5.71673],[-60.55754,5.71595],[-60.55888,5.71545],[-60.55978,5.71563],[-60.55995,5.71566],[-60.56266,5.71643],[-60.563,5.71627],[-60.56172,5.71203],[-60.56282,5.70375],[-60.56506,5.69308],[-60.5654,5.67978],[-60.56391,5.67192],[-60.56172,5.66648],[-60.56032,5.65933],[-60.56145,5.65423],[-60.56127,5.64656],[-60.55737,5.63736],[-60.55534,5.63491],[-60.55359,5.62996],[-60.54728,5.61903],[-60.54781,5.61269],[-60.5458,5.60755],[-60.54568,5.60481],[-60.5435,5.60233],[-60.54253,5.59926],[-60.5428,5.59442],[-60.54412,5.58998],[-60.54707,5.586],[-60.54838,5.5771],[-60.55196,5.56614],[-60.55599,5.55249],[-60.55617,5.5481],[-60.55376,5.53703],[-60.54842,5.52301],[-60.54655,5.51589],[-60.54293,5.50639],[-60.53939,5.49984],[-60.53891,5.4977],[-60.53358,5.49637],[-60.53042,5.49445],[-60.52681,5.49103],[-60.52497,5.48801],[-60.52584,5.48328],[-60.52949,5.47787],[-60.53226,5.47573],[-60.53693,5.47047],[-60.53834,5.46333],[-60.53758,5.45921],[-60.53441,5.45439],[-60.5279,5.45116],[-60.52715,5.44718],[-60.52705,5.4401],[-60.52621,5.43833],[-60.52245,5.43648],[-60.52248,5.42895],[-60.52025,5.42345],[-60.51971,5.41659],[-60.52021,5.41294],[-60.51965,5.40892],[-60.51704,5.40534],[-60.51303,5.40232],[-60.50845,5.40195],[-60.50583,5.39901],[-60.50261,5.3914],[-60.50104,5.38951],[-60.50074,5.38093],[-60.50137,5.36758],[-60.50455,5.356],[-60.50835,5.3479],[-60.50927,5.34324],[-60.51135,5.33882],[-60.51075,5.3315],[-60.50799,5.32586],[-60.50703,5.32108],[-60.50739,5.31738],[-60.50543,5.3063],[-60.50624,5.30099],[-60.51493,5.29821],[-60.51935,5.29812],[-60.52352,5.29591],[-60.52419,5.29299],[-60.51917,5.27985],[-60.51788,5.27412],[-60.52018,5.26923],[-60.51896,5.26598],[-60.51378,5.26303],[-60.51337,5.26008],[-60.51475,5.2575],[-60.52145,5.2492],[-60.52273,5.24519],[-60.5234,5.23592],[-60.52737,5.23643],[-60.53101,5.23283],[-60.53384,5.23122],[-60.53562,5.22857],[-60.54186,5.22617],[-60.54363,5.22427],[-60.54898,5.22066],[-60.5526,5.21587],[-60.55797,5.21021],[-60.56576,5.19573],[-60.545,5.194],[-60.539,5.203],[-60.527,5.208],[-60.5,5.203],[-60.474,5.201],[-60.469,5.203],[-60.463,5.199],[-60.451,5.203],[-60.446,5.184],[-60.434,5.182],[-60.418,5.194],[-60.417,5.206],[-60.413,5.214],[-60.405,5.211],[-60.384,5.222],[-60.371,5.215],[-60.371,5.208],[-60.367,5.205],[-60.356,5.21],[-60.345,5.205],[-60.336,5.208],[-60.328,5.206],[-60.319,5.208],[-60.313,5.211],[-60.30562,5.21857],[-60.30076,5.22847],[-60.28483,5.22896],[-60.27868,5.23434],[-60.27108,5.23631],[-60.269,5.244],[-60.264,5.251],[-60.25018,5.25786],[-60.235,5.263],[-60.23102,5.27146],[-60.21854,5.28429],[-60.21501,5.28094],[-60.20825,5.28346],[-60.19964,5.27249],[-60.18987,5.26932],[-60.18686,5.26721],[-60.18041,5.26946],[-60.17933,5.27048],[-60.18035,5.26627],[-60.18475,5.26208],[-60.19317,5.23915],[-60.172,5.227],[-60.158,5.232],[-60.135,5.249],[-60.132,5.225],[-60.106,5.194],[-60.10137,5.1726],[-60.07994,5.18364],[-60.05246,5.20523],[-60.03306,5.22606],[-60.01465,5.25568],[-60.00734,5.27024],[-59.99726,5.29233],[-59.99298,5.31894],[-59.98113,5.34679],[-59.96525,5.36612],[-59.93223,5.38494],[-59.90576,5.39774],[-59.903,5.39883],[-59.89789,5.40087]]]},"properties":{"ID":"703","NAME":"Karambaru to Kukui River + Phillipi","STATUS":"Not Classified","REGION":"Cuyuni-Mazaruni"}},
{"type":"Feature","geometry":{"type":"Polygon","coordinates":[[[-60.40205,5.92666],[-60.40182,5.91792],[-60.40349,5.91132],[-60.40495,5.90797],[-60.41056,5.90052],[-60.41567,5.89771],[-60.42236,5.8962],[-60.42582,5.89231],[-60.42768,5.88708],[-60.42695,5.88297],[-60.42355,5.87582],[-60.42522,5.86812],[-60.42587,5.85974],[-60.42855,5.85258],[-60.43049,5.85122],[-60.43414,5.85146],[-60.43624,5.85039],[-60.44024,5.84362],[-60.44469,5.84005],[-60.44609,5.83759],[-60.44643,5.83322],[-60.44786,5.82744],[-60.45159,5.82156],[-60.45174,5.81871],[-60.45464,5.81514],[-60.45477,5.81198],[-60.45221,5.80854],[-60.44907,5.80212],[-60.44962,5.79744],[-60.4519,5.79487],[-60.46087,5.79069],[-60.46378,5.79378],[-60.46764,5.79292],[-60.4733,5.78525],[-60.47874,5.78122],[-60.48508,5.78021],[-60.49139,5.78258],[-60.49806,5.78295],[-60.50281,5.78013],[-60.51276,5.77602],[-60.51545,5.77601],[-60.51978,5.77787],[-60.52841,5.77916],[-60.53461,5.77886],[-60.53864,5.77748],[-60.54105,5.77504],[-60.54266,5.77188],[-60.54533,5.76939],[-60.55125,5.75954],[-60.55302,5.75392],[-60.55612,5.75125],[-60.5556,5.74741],[-60.55927,5.73693],[-60.56145,5.73491],[-60.56157,5.73318],[-60.56697,5.72584],[-60.56714,5.72437],[-60.56715,5.71869],[-60.56661,5.71835],[-60.5661,5.71807],[-60.56511,5.71754],[-60.56389,5.71713],[-60.56381,5.71705],[-60.563,5.71627],[-60.56266,5.71643],[-60.55995,5.71566],[-60.55978,5.71563],[-60.55888,5.71545],[-60.55754,5.71595],[-60.55613,5.71673],[-60.55378,5.71787],[-60.55153,5.71803],[-60.54665,5.71658],[-60.54636,5.7165],[-60.54097,5.71577],[-60.53982,5.71563],[-60.5357,5.71679],[-60.53378,5.71736],[-60.53225,5.71997],[-60.53132,5.72105],[-60.53096,5.72146],[-60.52987,5.72232],[-60.52643,5.72086],[-60.52601,5.71532],[-60.52592,5.71518],[-60.52267,5.71014],[-60.52041,5.70569],[-60.51458,5.69948],[-60.50923,5.69773],[-60.50656,5.69775],[-60.49898,5.69646],[-60.49007,5.69562],[-60.4856,5.69386],[-60.47666,5.68856],[-60.46907,5.68548],[-60.46373,5.68507],[-60.45482,5.68512],[-60.45171,5.68604],[-60.44863,5.69275],[-60.44418,5.69277],[-60.43879,5.68567],[-60.43343,5.68391],[-60.42542,5.68396],[-60.41785,5.68445],[-60.41072,5.68539],[-60.40049,5.68589],[-60.38623,5.68598],[-60.3775,5.68712],[-60.36989,5.69636],[-60.35856,5.70652],[-60.33957,5.7154],[-60.32536,5.72031],[-60.31508,5.72234],[-60.30722,5.7248],[-60.29193,5.73212],[-60.27402,5.741],[-60.27032,5.74409],[-60.26728,5.7496],[-60.26585,5.75611],[-60.26949,5.76687],[-60.27372,5.77538],[-60.27404,5.77928],[-60.27631,5.78395],[-60.27871,5.78647],[-60.28185,5.7863],[-60.27997,5.78853],[-60.27952,5.79127],[-60.27713,5.79108],[-60.27519,5.79493],[-60.27958,5.80529],[-60.27593,5.80989],[-60.27341,5.81429],[-60.2727,5.81858],[-60.27564,5.82765],[-60.27586,5.83161],[-60.27357,5.83673],[-60.26942,5.83877],[-60.26051,5.84794],[-60.25883,5.85123],[-60.25951,5.854],[-60.26326,5.85387],[-60.2664,5.8553],[-60.26982,5.86035],[-60.27097,5.8659],[-60.27365,5.8683],[-60.2765,5.87433],[-60.27681,5.87676],[-60.27484,5.88413],[-60.27025,5.88713],[-60.26856,5.89016],[-60.27087,5.89462],[-60.27012,5.89769],[-60.27387,5.90503],[-60.27295,5.9113],[-60.27435,5.91457],[-60.28024,5.91529],[-60.28209,5.91672],[-60.28453,5.91494],[-60.28758,5.91432],[-60.29124,5.9176],[-60.29461,5.918],[-60.29827,5.91966],[-60.30238,5.92307],[-60.30964,5.92818],[-60.32324,5.92825],[-60.33174,5.92649],[-60.33672,5.92453],[-60.34105,5.92584],[-60.35122,5.92429],[-60.35583,5.92629],[-60.35997,5.92982],[-60.36473,5.93237],[-60.3645,5.9392],[-60.36704,5.94079],[-60.37464,5.94226],[-60.38452,5.95307],[-60.38996,5.95521],[-60.39712,5.95116],[-60.39942,5.9461],[-60.40191,5.94249],[-60.40258,5.93791],[-60.40098,5.9322],[-60.40117,5.9277],[-60.40205,5.92666]]]},"properties":{"ID":"704","NAME":"Jawalla - Kubenang River","STATUS":"Not Classified","REGION":"Cuyuni-Mazaruni"}},
{"type":"Feature","geometry":{"type":"Polygon","coordinates":[[[-61.37899,5.94319],[-61.37953,5.94332],[-61.3853,5.94636],[-61.39397,5.94616],[-61.35667,5.90333],[-61.34028,5.88556],[-61.32444,5.8675],[-61.30861,5.84972],[-61.29222,5.83167],[-61.26083,5.79583],[-61.24444,5.77806],[-61.22861,5.76],[-61.21222,5.74222],[-61.19639,5.72417],[-61.18056,5.70639],[-61.16417,5.68833],[-61.14833,5.67056],[-61.1325,5.6525],[-61.11611,5.63472],[-61.08472,5.59889],[-61.06806,5.58083],[-61.0525,5.56306],[-61.03611,5.545],[-61.0291,5.53713],[-61.03222,5.54063],[-61.02128,5.53952],[-61.00478,5.55276],[-60.99975,5.55589],[-60.99697,5.55984],[-60.99393,5.56689],[-60.99537,5.57193],[-60.99231,5.57617],[-60.98752,5.57776],[-60.98272,5.58568],[-60.97969,5.58738],[-60.96718,5.58861],[-60.96077,5.59192],[-60.96022,5.59517],[-60.95709,5.59955],[-60.95678,5.60356],[-60.95914,5.60904],[-60.9581,5.6113],[-60.9532,5.61239],[-60.94933,5.6167],[-60.94799,5.62281],[-60.94578,5.62348],[-60.94563,5.63004],[-60.94305,5.63514],[-60.94648,5.63791],[-60.94884,5.6347],[-60.95095,5.63888],[-60.95339,5.63957],[-60.95589,5.64307],[-60.95509,5.6472],[-60.95296,5.64819],[-60.95054,5.64718],[-60.9487,5.64949],[-60.95298,5.65214],[-60.95587,5.65227],[-60.95536,5.65422],[-60.95712,5.65462],[-60.95745,5.65783],[-60.96239,5.65936],[-60.96406,5.66137],[-60.96277,5.66474],[-60.96793,5.66812],[-60.96997,5.67251],[-60.97289,5.67116],[-60.97638,5.67302],[-60.97864,5.68002],[-60.98196,5.67654],[-60.98488,5.67712],[-60.98537,5.68025],[-60.98741,5.68144],[-60.98566,5.68347],[-60.98959,5.68303],[-60.99125,5.68548],[-60.99393,5.68541],[-60.99219,5.69015],[-60.99355,5.6937],[-60.9949,5.70395],[-61.00132,5.70445],[-61.01167,5.70265],[-61.01718,5.70288],[-61.02155,5.70063],[-61.02617,5.69989],[-61.03208,5.70091],[-61.03389,5.7023],[-61.0363,5.70943],[-61.03918,5.71195],[-61.04233,5.71643],[-61.05209,5.72074],[-61.06404,5.73178],[-61.07088,5.73961],[-61.07661,5.74734],[-61.07792,5.75325],[-61.07712,5.76376],[-61.07544,5.76601],[-61.06955,5.76711],[-61.06395,5.7629],[-61.0606,5.75343],[-61.05827,5.74385],[-61.05535,5.73952],[-61.0461,5.73292],[-61.04269,5.72944],[-61.03434,5.72894],[-61.01986,5.73201],[-61.00993,5.73542],[-61.00169,5.73971],[-60.99432,5.7406],[-60.98967,5.74277],[-60.9862,5.74313],[-60.98517,5.74486],[-60.98712,5.74684],[-60.98638,5.75131],[-60.98037,5.75858],[-60.97457,5.76875],[-60.97151,5.77277],[-60.96876,5.77509],[-60.96541,5.77598],[-60.95162,5.77514],[-60.94522,5.77514],[-60.93684,5.77354],[-60.92738,5.76935],[-60.92181,5.7678],[-60.91542,5.76703],[-60.90522,5.7677],[-60.90207,5.76627],[-60.89706,5.76717],[-60.88749,5.76684],[-60.88516,5.76726],[-60.88038,5.76522],[-60.87462,5.75964],[-60.87111,5.75791],[-60.86504,5.7525],[-60.8617,5.74708],[-60.859,5.74433],[-60.85239,5.73566],[-60.85176,5.73796],[-60.85217,5.74616],[-60.85321,5.75154],[-60.85537,5.75863],[-60.85522,5.76135],[-60.85357,5.76719],[-60.85537,5.77091],[-60.85533,5.77637],[-60.85467,5.77928],[-60.85192,5.78127],[-60.84851,5.7902],[-60.84538,5.79394],[-60.8433,5.79513],[-60.836,5.79492],[-60.83224,5.79398],[-60.82066,5.78689],[-60.81667,5.78588],[-60.81041,5.7812],[-60.80725,5.78004],[-60.79969,5.78143],[-60.79668,5.78344],[-60.79333,5.78705],[-60.7866,5.78984],[-60.78337,5.79029],[-60.77444,5.79539],[-60.77332,5.79889],[-60.77471,5.80133],[-60.78365,5.80436],[-60.79234,5.80671],[-60.79814,5.81162],[-60.79923,5.81044],[-60.80323,5.81082],[-60.81399,5.81813],[-60.81922,5.81839],[-60.82058,5.81731],[-60.81875,5.81384],[-60.81732,5.80681],[-60.81812,5.80481],[-60.81985,5.80361],[-60.82053,5.80382],[-60.82074,5.80387],[-60.821,5.80396],[-60.82532,5.81673],[-60.8258,5.81718],[-60.8281,5.81938],[-60.83305,5.82033],[-60.83306,5.82033],[-60.83401,5.82117],[-60.83606,5.82302],[-60.83671,5.82364],[-60.83705,5.82398],[-60.83874,5.82566],[-60.84009,5.827],[-60.8425,5.82949],[-60.84348,5.83052],[-60.84373,5.83077],[-60.84454,5.83156],[-60.84558,5.83255],[-60.84591,5.83288],[-60.8474,5.83435],[-60.8487,5.83574],[-60.84899,5.83607],[-60.84715,5.83802],[-60.84418,5.84476],[-60.85257,5.8602],[-60.85101,5.86834],[-60.85193,5.87415],[-60.85166,5.87635],[-60.84883,5.88022],[-60.84915,5.88762],[-60.84877,5.89438],[-60.84994,5.89833],[-60.84901,5.90368],[-60.84508,5.90877],[-60.84273,5.91399],[-60.83622,5.91451],[-60.83513,5.91681],[-60.83693,5.92392],[-60.83635,5.93003],[-60.8405,5.93045],[-60.84784,5.93388],[-60.85209,5.93326],[-60.85992,5.93497],[-60.86649,5.93481],[-60.87635,5.93619],[-60.88161,5.9373],[-60.89037,5.94281],[-60.89327,5.94648],[-60.90398,5.95458],[-60.90765,5.9554],[-60.91031,5.95796],[-60.91846,5.96348],[-60.92445,5.96562],[-60.92854,5.9691],[-60.93405,5.97267],[-60.94328,5.98055],[-60.94702,5.97897],[-60.95192,5.98405],[-60.95475,5.98526],[-60.95828,5.98321],[-60.96206,5.9861],[-60.97017,5.98842],[-60.9707,5.99161],[-60.97422,5.9968],[-60.97919,6.0021],[-60.98652,6.00619],[-60.99688,6.01094],[-61.00269,6.01324],[-61.01138,6.0158],[-61.01569,6.01638],[-61.02134,6.01443],[-61.02757,6.00941],[-61.03498,6.00224],[-61.03695,5.99948],[-61.03923,5.99314],[-61.04991,5.98658],[-61.05218,5.9847],[-61.05779,5.98244],[-61.0648,5.98103],[-61.07372,5.97838],[-61.07648,5.97681],[-61.08516,5.97363],[-61.09154,5.97033],[-61.10033,5.9642],[-61.10784,5.95985],[-61.11426,5.95992],[-61.11828,5.96127],[-61.12904,5.96824],[-61.13973,5.97319],[-61.14616,5.97484],[-61.15289,5.9781],[-61.15954,5.9837],[-61.16513,5.99018],[-61.17195,5.99567],[-61.17548,5.99637],[-61.17911,5.99838],[-61.1862,6.00367],[-61.20543,6.0129],[-61.21122,6.01547],[-61.2171,6.01744],[-61.22887,6.02003],[-61.23586,6.02187],[-61.23977,6.02228],[-61.24735,6.02285],[-61.2485,6.02307],[-61.25003,6.02335],[-61.25094,6.02352],[-61.25599,6.02401],[-61.26348,6.02293],[-61.26847,6.01969],[-61.2733,6.0142],[-61.27499,6.01035],[-61.27954,5.9979],[-61.27651,5.98424],[-61.27869,5.97349],[-61.28025,5.97127],[-61.2825,5.96877],[-61.28317,5.96843],[-61.28378,5.96813],[-61.28537,5.9673],[-61.28626,5.96681],[-61.28961,5.96487],[-61.28962,5.96487],[-61.29334,5.96395],[-61.29582,5.96304],[-61.30091,5.9609],[-61.30152,5.96063],[-61.30229,5.9602],[-61.30517,5.95855],[-61.31351,5.95078],[-61.31442,5.95054],[-61.31638,5.94996],[-61.31871,5.94904],[-61.3215,5.9464],[-61.3227,5.94526],[-61.32575,5.94238],[-61.32624,5.94192],[-61.32627,5.94189],[-61.33092,5.93832],[-61.33202,5.93779],[-61.33441,5.93664],[-61.33756,5.93596],[-61.33781,5.9359],[-61.33829,5.93593],[-61.33963,5.93601],[-61.3415,5.93613],[-61.34274,5.93591],[-61.3442,5.93565],[-61.34478,5.93554],[-61.34652,5.93543],[-61.34684,5.93544],[-61.34702,5.93543],[-61.35067,5.93543],[-61.35112,5.93523],[-61.35236,5.93464],[-61.35302,5.93432],[-61.35487,5.93517],[-61.3552,5.93532],[-61.357,5.93553],[-61.35859,5.93571],[-61.36126,5.93571],[-61.3613,5.93572],[-61.36536,5.93662],[-61.36788,5.93729],[-61.37277,5.94029],[-61.37348,5.94073],[-61.37766,5.94281],[-61.37899,5.94319]]]},"properties":{"ID":"707","NAME":"Arau","STATUS":"Not Classified","REGION":"Cuyuni-Mazaruni"}},
{"type":"Feature","geometry":{"type":"Polygon","coordinates":[[[-60.85239,5.73566],[-60.859,5.74433],[-60.8617,5.74708],[-60.86504,5.7525],[-60.87111,5.75791],[-60.87462,5.75964],[-60.88038,5.76522],[-60.88516,5.76726],[-60.88749,5.76684],[-60.89706,5.76717],[-60.90207,5.76627],[-60.90522,5.7677],[-60.91542,5.76703],[-60.92181,5.7678],[-60.92738,5.76935],[-60.93684,5.77354],[-60.94522,5.77514],[-60.95162,5.77514],[-60.96541,5.77598],[-60.96876,5.77509],[-60.97151,5.77277],[-60.97457,5.76875],[-60.98037,5.75858],[-60.98638,5.75131],[-60.98712,5.74684],[-60.98517,5.74486],[-60.9862,5.74313],[-60.98967,5.74277],[-60.99432,5.7406],[-61.00169,5.73971],[-61.00993,5.73542],[-61.01986,5.73201],[-61.03434,5.72894],[-61.04269,5.72944],[-61.0461,5.73292],[-61.05535,5.73952],[-61.05827,5.74385],[-61.0606,5.75343],[-61.06395,5.7629],[-61.06955,5.76711],[-61.07544,5.76601],[-61.07712,5.76376],[-61.07792,5.75325],[-61.07661,5.74734],[-61.07088,5.73961],[-61.06404,5.73178],[-61.05209,5.72074],[-61.04233,5.71643],[-61.03918,5.71195],[-61.0363,5.70943],[-61.03389,5.7023],[-61.03208,5.70091],[-61.02617,5.69989],[-61.02155,5.70063],[-61.01718,5.70288],[-61.01167,5.70265],[-61.00132,5.70445],[-60.9949,5.70395],[-60.99355,5.6937],[-60.99219,5.69015],[-60.99393,5.68541],[-60.99125,5.68548],[-60.98959,5.68303],[-60.98566,5.68347],[-60.98741,5.68144],[-60.98537,5.68025],[-60.98488,5.67712],[-60.98196,5.67654],[-60.97864,5.68002],[-60.97638,5.67302],[-60.97289,5.67116],[-60.96997,5.67251],[-60.96793,5.66812],[-60.96277,5.66474],[-60.96406,5.66137],[-60.96239,5.65936],[-60.95745,5.65783],[-60.95712,5.65462],[-60.95536,5.65422],[-60.95587,5.65227],[-60.95298,5.65214],[-60.9487,5.64949],[-60.95054,5.64718],[-60.95296,5.64819],[-60.95509,5.6472],[-60.95589,5.64307],[-60.95339,5.63957],[-60.95095,5.63888],[-60.94884,5.6347],[-60.94648,5.63791],[-60.94305,5.63514],[-60.94563,5.63004],[-60.94578,5.62348],[-60.94799,5.62281],[-60.94933,5.6167],[-60.9532,5.61239],[-60.9581,5.6113],[-60.95914,5.60904],[-60.95678,5.60356],[-60.95709,5.59955],[-60.96022,5.59517],[-60.96077,5.59192],[-60.96718,5.58861],[-60.97969,5.58738],[-60.98272,5.58568],[-60.98752,5.57776],[-60.99231,5.57617],[-60.99537,5.57193],[-60.99393,5.56689],[-60.99697,5.55984],[-60.99975,5.55589],[-61.00478,5.55276],[-61.02128,5.53952],[-61.03222,5.54063],[-61.0291,5.53713],[-61.02028,5.52722],[-61.00472,5.50944],[-60.98833,5.49139],[-60.9725,5.47333],[-60.95667,5.45556],[-60.94028,5.4375],[-60.90861,5.40194],[-60.89222,5.38389],[-60.87667,5.36583],[-60.86028,5.34806],[-60.82889,5.31222],[-60.8125,5.29417],[-60.79667,5.27639],[-60.78111,5.25833],[-60.76444,5.24056],[-60.74889,5.2225],[-60.73755,5.2019],[-60.73512,5.20767],[-60.73197,5.21203],[-60.72781,5.21303],[-60.723,5.22],[-60.71027,5.21907],[-60.70066,5.22183],[-60.69285,5.22745],[-60.682,5.232],[-60.659,5.227],[-60.652,5.231],[-60.638,5.22],[-60.6314,5.21764],[-60.62325,5.2153],[-60.614,5.219],[-60.603,5.215],[-60.597,5.221],[-60.592,5.218],[-60.59,5.208],[-60.569,5.196],[-60.56576,5.19573],[-60.55797,5.21021],[-60.5526,5.21587],[-60.54898,5.22066],[-60.54363,5.22427],[-60.54186,5.22617],[-60.53562,5.22857],[-60.53384,5.23122],[-60.53101,5.23283],[-60.52737,5.23643],[-60.5234,5.23592],[-60.52273,5.24519],[-60.52145,5.2492],[-60.51475,5.2575],[-60.51337,5.26008],[-60.51378,5.26303],[-60.51896,5.26598],[-60.52018,5.26923],[-60.51788,5.27412],[-60.51917,5.27985],[-60.52419,5.29299],[-60.52352,5.29591],[-60.51935,5.29812],[-60.51493,5.29821],[-60.50624,5.30099],[-60.50543,5.3063],[-60.50739,5.31738],[-60.50703,5.32108],[-60.50799,5.32586],[-60.51075,5.3315],[-60.51135,5.33882],[-60.50927,5.34324],[-60.50835,5.3479],[-60.50455,5.356],[-60.50137,5.36758],[-60.50074,5.38093],[-60.50104,5.38951],[-60.50261,5.3914],[-60.50583,5.39901],[-60.50845,5.40195],[-60.51303,5.40232],[-60.51704,5.40534],[-60.51965,5.40892],[-60.52021,5.41294],[-60.51971,5.41659],[-60.52025,5.42345],[-60.52248,5.42895],[-60.52245,5.43648],[-60.52621,5.43833],[-60.52705,5.4401],[-60.52715,5.44718],[-60.5279,5.45116],[-60.53441,5.45439],[-60.53758,5.45921],[-60.53834,5.46333],[-60.53693,5.47047],[-60.53226,5.47573],[-60.52949,5.47787],[-60.52584,5.48328],[-60.52497,5.48801],[-60.52681,5.49103],[-60.53042,5.49445],[-60.53358,5.49637],[-60.53891,5.4977],[-60.53939,5.49984],[-60.54293,5.50639],[-60.54655,5.51589],[-60.54842,5.52301],[-60.55376,5.53703],[-60.55617,5.5481],[-60.55599,5.55249],[-60.55196,5.56614],[-60.54838,5.5771],[-60.54707,5.586],[-60.54412,5.58998],[-60.5428,5.59442],[-60.54253,5.59926],[-60.5435,5.60233],[-60.54568,5.60481],[-60.5458,5.60755],[-60.54781,5.61269],[-60.54728,5.61903],[-60.55359,5.62996],[-60.55534,5.63491],[-60.55737,5.63736],[-60.56127,5.64656],[-60.56145,5.65423],[-60.56032,5.65933],[-60.56172,5.66648],[-60.56391,5.67192],[-60.5654,5.67978],[-60.56506,5.69308],[-60.56282,5.70375],[-60.56172,5.71203],[-60.563,5.71627],[-60.56381,5.71705],[-60.56389,5.71713],[-60.56511,5.71754],[-60.5661,5.71807],[-60.56661,5.71835],[-60.56715,5.71869],[-60.56723,5.71874],[-60.56827,5.71883],[-60.56836,5.71884],[-60.56878,5.7187],[-60.56906,5.71856],[-60.56937,5.71841],[-60.57008,5.71755],[-60.57019,5.71741],[-60.57269,5.71649],[-60.57405,5.7167],[-60.57423,5.71685],[-60.57457,5.71723],[-60.5754,5.71839],[-60.57637,5.71942],[-60.57641,5.71945],[-60.5767,5.71976],[-60.57758,5.72041],[-60.57845,5.72116],[-60.58223,5.7267],[-60.58581,5.73043],[-60.58686,5.7314],[-60.59018,5.73461],[-60.59403,5.73828],[-60.59537,5.74119],[-60.5963,5.74323],[-60.59676,5.74461],[-60.59711,5.74599],[-60.59734,5.7486],[-60.59626,5.75167],[-60.59387,5.75691],[-60.59048,5.75969],[-60.58826,5.76071],[-60.58755,5.76104],[-60.58483,5.76193],[-60.58433,5.76233],[-60.58329,5.76301],[-60.57904,5.76578],[-60.57689,5.76779],[-60.57672,5.76803],[-60.57563,5.76956],[-60.5749,5.77064],[-60.57482,5.77074],[-60.57474,5.77115],[-60.57388,5.77397],[-60.57364,5.77444],[-60.57338,5.77557],[-60.57336,5.77567],[-60.57296,5.777],[-60.57281,5.7773],[-60.57262,5.7776],[-60.5722,5.77822],[-60.57117,5.77966],[-60.56986,5.78028],[-60.56929,5.78051],[-60.56935,5.78053],[-60.5736,5.78154],[-60.57829,5.78117],[-60.58459,5.78291],[-60.59534,5.78754],[-60.60419,5.78661],[-60.60707,5.78586],[-60.61175,5.77579],[-60.61555,5.76987],[-60.61841,5.76428],[-60.62358,5.75725],[-60.62768,5.75513],[-60.6327,5.75518],[-60.63794,5.75756],[-60.647,5.7576],[-60.65196,5.757],[-60.66281,5.75702],[-60.6698,5.75746],[-60.67452,5.75719],[-60.68003,5.75792],[-60.68917,5.75774],[-60.69142,5.7602],[-60.69201,5.76243],[-60.69888,5.77087],[-60.70517,5.77755],[-60.70969,5.78021],[-60.71362,5.78042],[-60.71718,5.78252],[-60.72178,5.78098],[-60.72396,5.77914],[-60.7306,5.7718],[-60.73638,5.76325],[-60.73968,5.75576],[-60.74282,5.75378],[-60.74419,5.7499],[-60.7465,5.74808],[-60.75315,5.74741],[-60.75905,5.74784],[-60.76744,5.74783],[-60.77376,5.74824],[-60.7775,5.74748],[-60.78672,5.74206],[-60.79605,5.74028],[-60.80029,5.7402],[-60.80553,5.74172],[-60.81159,5.74443],[-60.82096,5.75101],[-60.82322,5.75313],[-60.8285,5.75483],[-60.83194,5.7545],[-60.83777,5.75134],[-60.84574,5.74049],[-60.85239,5.73566]]]},"properties":{"ID":"708","NAME":"Paruima","STATUS":"Not Classified","REGION":"Cuyuni-Mazaruni"}},
{"type":"Feature","geometry":{"type":"Polygon","coordinates":[[[-60.83635,5.93003],[-60.83693,5.92392],[-60.83513,5.91681],[-60.83622,5.91451],[-60.84273,5.91399],[-60.84508,5.90877],[-60.84901,5.90368],[-60.84994,5.89833],[-60.84877,5.89438],[-60.84915,5.88762],[-60.84883,5.88022],[-60.85166,5.87635],[-60.85193,5.87415],[-60.85101,5.86834],[-60.85257,5.8602],[-60.84418,5.84476],[-60.84715,5.83802],[-60.84899,5.83607],[-60.8487,5.83574],[-60.8474,5.83435],[-60.84591,5.83288],[-60.84558,5.83255],[-60.84454,5.83156],[-60.84373,5.83077],[-60.84348,5.83052],[-60.8425,5.82949],[-60.84009,5.827],[-60.83874,5.82566],[-60.83705,5.82398],[-60.83671,5.82364],[-60.83606,5.82302],[-60.83401,5.82117],[-60.83306,5.82033],[-60.83305,5.82033],[-60.8281,5.81938],[-60.8258,5.81718],[-60.82532,5.81673],[-60.821,5.80396],[-60.82074,5.80387],[-60.82053,5.80382],[-60.81985,5.80361],[-60.81812,5.80481],[-60.81732,5.80681],[-60.81875,5.81384],[-60.82058,5.81731],[-60.81922,5.81839],[-60.81399,5.81813],[-60.80323,5.81082],[-60.79923,5.81044],[-60.79814,5.81162],[-60.79234,5.80671],[-60.78365,5.80436],[-60.77471,5.80133],[-60.77332,5.79889],[-60.76831,5.80226],[-60.76355,5.80039],[-60.76023,5.80136],[-60.75739,5.80423],[-60.74599,5.80574],[-60.74459,5.80908],[-60.74176,5.81148],[-60.73415,5.81058],[-60.73082,5.81155],[-60.73132,5.81488],[-60.7304,5.81965],[-60.72565,5.81968],[-60.72091,5.82114],[-60.71665,5.82498],[-60.71227,5.82997],[-60.71722,5.83346],[-60.72284,5.83612],[-60.72372,5.83797],[-60.7316,5.8455],[-60.73454,5.85076],[-60.74062,5.85503],[-60.74551,5.86203],[-60.75158,5.8655],[-60.75676,5.86782],[-60.76039,5.87155],[-60.76838,5.87729],[-60.77094,5.88915],[-60.7729,5.89514],[-60.77681,5.90231],[-60.78207,5.90951],[-60.78851,5.92265],[-60.79012,5.92727],[-60.79359,5.93141],[-60.8012,5.92454],[-60.80775,5.92253],[-60.81581,5.92131],[-60.82458,5.92096],[-60.82603,5.92132],[-60.83046,5.92687],[-60.83303,5.92913],[-60.83635,5.93003]]]},"properties":{"ID":"706","NAME":"Waramadan","STATUS":"Not Classified","REGION":"Cuyuni-Mazaruni"}},
{"type":"Feature","geometry":{"type":"Polygon","coordinates":[[[-57.57777,6.34677],[-57.57636,6.34667],[-57.56983,6.34621],[-57.56982,6.34621],[-57.56777,6.34607],[-57.56805,6.34679],[-57.56915,6.35275],[-57.57078,6.35891],[-57.5757,6.37484],[-57.58051,6.38356],[-57.58493,6.38998],[-57.59268,6.38301],[-57.59406,6.38184],[-57.59777,6.37847],[-57.59884,6.37749],[-57.60235,6.37428],[-57.60531,6.37177],[-57.60693,6.3706],[-57.61659,6.36149],[-57.63092,6.34855],[-57.63578,6.34435],[-57.63794,6.34244],[-57.63524,6.33937],[-57.63019,6.33364],[-57.62458,6.32727],[-57.6242,6.32685],[-57.62418,6.32687],[-57.62419,6.32688],[-57.62392,6.3271],[-57.61619,6.33408],[-57.61521,6.33497],[-57.6005,6.34854],[-57.57872,6.34684],[-57.57777,6.34677]]]},"properties":{"ID":"504","NAME":"Bath / Woodley Park","STATUS":"Neighbourhood Democratic Council","REGION":"Mahaica-Berbice"}},
{"type":"Feature","geometry":{"type":"Polygon","coordinates":[[[-57.53817,6.25566],[-57.53733,6.25968],[-57.53643,6.26253],[-57.53503,6.26824],[-57.53469,6.26915],[-57.53549,6.26948],[-57.53643,6.2699],[-57.53685,6.27012],[-57.53805,6.27073],[-57.53962,6.27136],[-57.5406,6.27198],[-57.54106,6.27211],[-57.54441,6.27304],[-57.55433,6.27584],[-57.56178,6.27782],[-57.59165,6.28616],[-57.59176,6.28629],[-57.59186,6.28599],[-57.58876,6.28194],[-57.58656,6.27908],[-57.58786,6.26979],[-57.58799,6.26878],[-57.54466,6.25737],[-57.54211,6.2567],[-57.54212,6.25669],[-57.54437,6.24883],[-57.54656,6.2408],[-57.54836,6.23462],[-57.55966,6.23801],[-57.57289,6.2416],[-57.57362,6.2418],[-57.57565,6.23378],[-57.5556,6.22777],[-57.54262,6.22409],[-57.54063,6.22348],[-57.53738,6.22264],[-57.53753,6.22346],[-57.53893,6.23133],[-57.53958,6.23687],[-57.53937,6.24619],[-57.53817,6.25566]]]},"properties":{"ID":"501","NAME":"Blairmont / Gelderland","STATUS":"Neighbourhood Democratic Council","REGION":"Mahaica-Berbice"}},
{"type":"Feature","geometry":{"type":"Polygon","coordinates":[[[-57.85471,6.5787],[-57.85554,6.57527],[-57.85697,6.57023],[-57.85735,6.56882],[-57.84825,6.56615],[-57.85003,6.5608],[-57.85083,6.55804],[-57.85327,6.55044],[-57.85442,6.54644],[-57.85626,6.54137],[-57.85716,6.53837],[-57.8585,6.53406],[-57.85052,6.53181],[-57.84938,6.53149],[-57.84859,6.53128],[-57.84859,6.53127],[-57.8489,6.53034],[-57.84373,6.52888],[-57.83621,6.52695],[-57.83238,6.52599],[-57.82912,6.52517],[-57.82382,6.52381],[-57.80228,6.5178],[-57.79993,6.51764],[-57.79908,6.51824],[-57.79899,6.51829],[-57.79875,6.51845],[-57.79872,6.51846],[-57.79842,6.51861],[-57.79815,6.51871],[-57.7978,6.51883],[-57.79742,6.51896],[-57.79684,6.51902],[-57.79608,6.51909],[-57.79526,6.51921],[-57.7942,6.51881],[-57.79391,6.51874],[-57.79362,6.51867],[-57.7928,6.51831],[-57.79238,6.51815],[-57.79218,6.5181],[-57.79169,6.51805],[-57.7914,6.51811],[-57.79132,6.51813],[-57.79034,6.5184],[-57.79028,6.51841],[-57.79012,6.51853],[-57.78997,6.51862],[-57.78933,6.51904],[-57.78917,6.51917],[-57.7888,6.51951],[-57.78862,6.5197],[-57.78857,6.5198],[-57.78839,6.52028],[-57.78805,6.52121],[-57.78749,6.52251],[-57.78724,6.52332],[-57.78685,6.52427],[-57.78652,6.52518],[-57.78652,6.52519],[-57.78617,6.52702],[-57.786,6.52871],[-57.78589,6.52908],[-57.78579,6.52947],[-57.78565,6.52998],[-57.78545,6.53037],[-57.78524,6.53079],[-57.78516,6.53092],[-57.78497,6.53121],[-57.78449,6.5324],[-57.78304,6.53548],[-57.7822,6.53915],[-57.78286,6.54259],[-57.78479,6.54581],[-57.78588,6.54663],[-57.78665,6.54707],[-57.7873,6.54747],[-57.7875,6.54762],[-57.78777,6.54787],[-57.78786,6.54795],[-57.78802,6.54811],[-57.78841,6.54849],[-57.78845,6.54855],[-57.78909,6.54958],[-57.79059,6.55103],[-57.79384,6.55229],[-57.79413,6.55243],[-57.79423,6.55247],[-57.79427,6.55249],[-57.79499,6.55291],[-57.79568,6.55323],[-57.7958,6.55329],[-57.79649,6.55361],[-57.79651,6.55362],[-57.79677,6.55387],[-57.79679,6.55401],[-57.79684,6.55426],[-57.79681,6.5545],[-57.79678,6.55477],[-57.79673,6.55515],[-57.79705,6.55585],[-57.79749,6.55597],[-57.79778,6.55604],[-57.79983,6.55666],[-57.79981,6.55915],[-57.79965,6.55969],[-57.79951,6.56017],[-57.79925,6.56103],[-57.79892,6.56203],[-57.7987,6.56245],[-57.79871,6.56244],[-57.79899,6.5625],[-57.79938,6.56261],[-57.80007,6.5628],[-57.80017,6.56283],[-57.80111,6.56311],[-57.80164,6.56327],[-57.80217,6.56341],[-57.8039,6.56388],[-57.80402,6.56392],[-57.80484,6.56417],[-57.80736,6.56494],[-57.81027,6.56582],[-57.81463,6.56706],[-57.81812,6.5681],[-57.81906,6.56837],[-57.82092,6.56892],[-57.82295,6.56951],[-57.8245,6.56993],[-57.82555,6.57023],[-57.82598,6.57035],[-57.82658,6.57053],[-57.82688,6.57061],[-57.8291,6.57124],[-57.82994,6.57151],[-57.83091,6.57182],[-57.83383,6.57269],[-57.83555,6.57321],[-57.83693,6.57361],[-57.83807,6.57394],[-57.83808,6.57395],[-57.84152,6.57495],[-57.84203,6.5751],[-57.84258,6.57526],[-57.84277,6.57532],[-57.84323,6.57544],[-57.84505,6.5759],[-57.84693,6.57642],[-57.85145,6.57773],[-57.85364,6.57838],[-57.85471,6.5787]]]},"properties":{"ID":"509","NAME":"Hamlet-Chance","STATUS":"Neighbourhood Democratic Council","REGION":"Mahaica-Berbice"}},
{"type":"Feature","geometry":{"type":"Polygon","coordinates":[[[-57.79993,6.51764],[-57.80083,6.51649],[-57.80116,6.51524],[-57.8011,6.51393],[-57.80067,6.51295],[-57.80067,6.51294],[-57.80067,6.51185],[-57.8005,6.51065],[-57.80045,6.50945],[-57.8005,6.50825],[-57.80056,6.50756],[-57.8006,6.5072],[-57.8006,6.50713],[-57.80061,6.50705],[-57.80061,6.50704],[-57.80064,6.50696],[-57.80069,6.50685],[-57.80105,6.5059],[-57.80106,6.50589],[-57.8012,6.50565],[-57.8014,6.50533],[-57.80171,6.50481],[-57.80173,6.50479],[-57.80259,6.50394],[-57.80336,6.50306],[-57.80342,6.503],[-57.80343,6.50299],[-57.80413,6.50224],[-57.80561,6.49766],[-57.80572,6.49624],[-57.80567,6.49542],[-57.80451,6.49231],[-57.80319,6.48925],[-57.80105,6.48477],[-57.80083,6.48308],[-57.80099,6.48221],[-57.80127,6.48084],[-57.80187,6.4798],[-57.80204,6.47844],[-57.80209,6.47685],[-57.80198,6.47538],[-57.80099,6.47303],[-57.7983,6.46926],[-57.7933,6.46353],[-57.79209,6.46107],[-57.79105,6.4531],[-57.7888,6.44196],[-57.78874,6.43956],[-57.78907,6.43732],[-57.79061,6.43088],[-57.79061,6.42962],[-57.77965,6.4318],[-57.77495,6.43277],[-57.76735,6.43439],[-57.76197,6.43539],[-57.75675,6.4364],[-57.74621,6.43896],[-57.73862,6.4406],[-57.72412,6.43678],[-57.7239,6.43777],[-57.72271,6.44198],[-57.72368,6.4478],[-57.72377,6.45469],[-57.72504,6.45829],[-57.72892,6.4601],[-57.72931,6.46038],[-57.73118,6.4637],[-57.73157,6.46704],[-57.72977,6.46849],[-57.72699,6.46841],[-57.72475,6.47142],[-57.72471,6.47199],[-57.7251,6.47663],[-57.72534,6.47771],[-57.72716,6.48174],[-57.72754,6.4828],[-57.72874,6.48622],[-57.73052,6.48821],[-57.7351,6.48732],[-57.73681,6.48934],[-57.74071,6.48991],[-57.74115,6.49278],[-57.73791,6.49599],[-57.73196,6.49996],[-57.7289,6.49937],[-57.72675,6.4924],[-57.72127,6.49289],[-57.71949,6.49552],[-57.7193,6.49616],[-57.71943,6.49784],[-57.72175,6.49917],[-57.72256,6.50356],[-57.72734,6.50548],[-57.72694,6.50847],[-57.7292,6.50948],[-57.72832,6.51277],[-57.73144,6.51753],[-57.7301,6.51974],[-57.73293,6.52068],[-57.73391,6.52504],[-57.73216,6.52833],[-57.73394,6.52968],[-57.73172,6.53038],[-57.73285,6.53347],[-57.73483,6.53484],[-57.73241,6.53795],[-57.73357,6.54013],[-57.7406,6.5415],[-57.74165,6.54516],[-57.74412,6.54991],[-57.7539,6.55891],[-57.75681,6.56383],[-57.76148,6.5688],[-57.76473,6.57071],[-57.7694,6.57687],[-57.77451,6.58206],[-57.78088,6.58594],[-57.78973,6.59374],[-57.79325,6.595],[-57.79594,6.59739],[-57.79967,6.59658],[-57.80006,6.5951],[-57.79896,6.59293],[-57.79874,6.59251],[-57.79855,6.59217],[-57.79831,6.59148],[-57.79819,6.59128],[-57.79818,6.59128],[-57.79811,6.59098],[-57.79801,6.5906],[-57.79796,6.59041],[-57.79789,6.59018],[-57.79757,6.58912],[-57.79752,6.58896],[-57.79725,6.58845],[-57.79719,6.58833],[-57.7971,6.58808],[-57.79697,6.58797],[-57.79678,6.5878],[-57.79647,6.58755],[-57.79623,6.58742],[-57.79612,6.58736],[-57.79605,6.58735],[-57.79599,6.58734],[-57.79564,6.58733],[-57.79545,6.58738],[-57.79523,6.58745],[-57.79523,6.58746],[-57.79493,6.5876],[-57.79456,6.58779],[-57.79421,6.58773],[-57.79342,6.58762],[-57.79289,6.58713],[-57.79349,6.58356],[-57.79138,6.58155],[-57.79127,6.57911],[-57.79483,6.57213],[-57.79568,6.5713],[-57.79607,6.57103],[-57.7963,6.57088],[-57.79641,6.57077],[-57.79642,6.57077],[-57.79753,6.56971],[-57.79781,6.56946],[-57.79823,6.56901],[-57.79823,6.569],[-57.79823,6.56898],[-57.79813,6.56767],[-57.79808,6.56735],[-57.79802,6.56688],[-57.79725,6.56429],[-57.79803,6.56348],[-57.79805,6.56344],[-57.79817,6.56328],[-57.79848,6.56278],[-57.79849,6.56276],[-57.7987,6.56245],[-57.79892,6.56203],[-57.79925,6.56103],[-57.79951,6.56017],[-57.79965,6.55969],[-57.79981,6.55915],[-57.79983,6.55666],[-57.79778,6.55604],[-57.79749,6.55597],[-57.79705,6.55585],[-57.79673,6.55515],[-57.79678,6.55477],[-57.79681,6.5545],[-57.79684,6.55426],[-57.79679,6.55401],[-57.79677,6.55387],[-57.79651,6.55362],[-57.79649,6.55361],[-57.7958,6.55329],[-57.79568,6.55323],[-57.79499,6.55291],[-57.79427,6.55249],[-57.79423,6.55247],[-57.79413,6.55243],[-57.79384,6.55229],[-57.79059,6.55103],[-57.78909,6.54958],[-57.78845,6.54855],[-57.78841,6.54849],[-57.78802,6.54811],[-57.78786,6.54795],[-57.78777,6.54787],[-57.7875,6.54762],[-57.7873,6.54747],[-57.78665,6.54707],[-57.78588,6.54663],[-57.78479,6.54581],[-57.78286,6.54259],[-57.7822,6.53915],[-57.78304,6.53548],[-57.78449,6.5324],[-57.78497,6.53121],[-57.78516,6.53092],[-57.78524,6.53079],[-57.78545,6.53037],[-57.78565,6.52998],[-57.78579,6.52947],[-57.78589,6.52908],[-57.786,6.52871],[-57.78617,6.52702],[-57.78652,6.52519],[-57.78652,6.52518],[-57.78685,6.52427],[-57.78724,6.52332],[-57.78749,6.52251],[-57.78805,6.52121],[-57.78839,6.52028],[-57.78857,6.5198],[-57.78862,6.5197],[-57.7888,6.51951],[-57.78917,6.51917],[-57.78933,6.51904],[-57.78997,6.51862],[-57.79012,6.51853],[-57.79028,6.51841],[-57.79034,6.5184],[-57.79132,6.51813],[-57.7914,6.51811],[-57.79169,6.51805],[-57.79218,6.5181],[-57.79238,6.51815],[-57.7928,6.51831],[-57.79362,6.51867],[-57.79391,6.51874],[-57.7942,6.51881],[-57.79526,6.51921],[-57.79608,6.51909],[-57.79684,6.51902],[-57.79742,6.51896],[-57.7978,6.51883],[-57.79815,6.51871],[-57.79842,6.51861],[-57.79872,6.51846],[-57.79875,6.51845],[-57.79899,6.51829],[-57.79908,6.51824],[-57.79993,6.51764]]]},"properties":{"ID":"508","NAME":"Mahaicony / Abary","STATUS":"Neighbourhood Democratic Council","REGION":"Mahaica-Berbice"}},
{"type":"Feature","geometry":{"type":"Polygon","coordinates":[[[-57.65351,6.46955],[-57.66271,6.47703],[-57.66762,6.4821],[-57.66947,6.48403],[-57.66968,6.48433],[-57.66992,6.48453],[-57.67011,6.48482],[-57.67014,6.48486],[-57.67022,6.48486],[-57.6759,6.47975],[-57.67736,6.47845],[-57.68434,6.4724],[-57.68862,6.46856],[-57.69424,6.46352],[-57.69448,6.46331],[-57.71073,6.44917],[-57.71066,6.44907],[-57.7104,6.4487],[-57.71018,6.44838],[-57.70464,6.44013],[-57.70324,6.43797],[-57.70018,6.43346],[-57.70017,6.43346],[-57.70016,6.43347],[-57.69876,6.4313],[-57.6974,6.4292],[-57.69738,6.42921],[-57.69737,6.42923],[-57.69627,6.42757],[-57.69533,6.42615],[-57.69208,6.42125],[-57.69188,6.42108],[-57.69147,6.42075],[-57.69106,6.42114],[-57.69144,6.42072],[-57.69054,6.41969],[-57.69029,6.41857],[-57.68211,6.40614],[-57.68064,6.40412],[-57.67909,6.40196],[-57.67887,6.40216],[-57.67906,6.40197],[-57.67767,6.40016],[-57.67756,6.40004],[-57.67572,6.39791],[-57.67564,6.39797],[-57.67567,6.398],[-57.67561,6.39801],[-57.67006,6.40294],[-57.64987,6.42115],[-57.62843,6.4402],[-57.62531,6.44312],[-57.63488,6.45482],[-57.64437,6.46237],[-57.64875,6.46486],[-57.65351,6.46955]]]},"properties":{"ID":"506","NAME":"Seafield / Tempie","STATUS":"Neighbourhood Democratic Council","REGION":"Mahaica-Berbice"}},
{"type":"Feature","geometry":{"type":"Polygon","coordinates":[[[-57.96376,5.9306],[-57.96281,5.93079],[-57.95596,5.93205],[-57.9516,5.93289],[-57.94517,5.93539],[-57.94206,5.9381],[-57.93678,5.94438],[-57.93404,5.94939],[-57.93011,5.95151],[-57.92882,5.95525],[-57.92603,5.96033],[-57.92173,5.96425],[-57.92127,5.96531],[-57.9212,5.96586],[-57.92117,5.96641],[-57.92118,5.96698],[-57.92132,5.96786],[-57.92266,5.97026],[-57.92672,5.97419],[-57.93503,5.97735],[-57.93634,5.97874],[-57.93649,5.97906],[-57.9366,5.97949],[-57.93662,5.97979],[-57.93662,5.98],[-57.9366,5.98026],[-57.93419,5.98333],[-57.93385,5.9843],[-57.93382,5.98451],[-57.93382,5.98471],[-57.93393,5.9852],[-57.93543,5.98855],[-57.93554,5.989],[-57.93555,5.98919],[-57.9355,5.9897],[-57.93544,5.99014],[-57.93544,5.99037],[-57.935,5.99207],[-57.93442,5.99305],[-57.93238,5.99452],[-57.92588,5.99684],[-57.9204,6.00116],[-57.91764,6.00233],[-57.91747,6.00251],[-57.91744,6.00262],[-57.91745,6.00275],[-57.91753,6.00298],[-57.91778,6.00387],[-57.91788,6.00411],[-57.91792,6.00434],[-57.918,6.00612],[-57.92329,6.01307],[-57.92714,6.0164],[-57.929,6.01957],[-57.92923,6.02064],[-57.92928,6.0211],[-57.92934,6.02183],[-57.92936,6.02221],[-57.92936,6.02251],[-57.92935,6.02279],[-57.92925,6.02348],[-57.92788,6.02577],[-57.92448,6.03064],[-57.92361,6.03309],[-57.92331,6.03454],[-57.92331,6.03503],[-57.92331,6.03579],[-57.92331,6.0363],[-57.92345,6.03755],[-57.92469,6.04192],[-57.92475,6.04255],[-57.9247,6.0431],[-57.92457,6.04356],[-57.92455,6.04378],[-57.92459,6.04403],[-57.92437,6.04485],[-57.92426,6.04511],[-57.92361,6.04616],[-57.9221,6.04773],[-57.91871,6.04984],[-57.90351,6.05347],[-57.89792,6.05688],[-57.89379,6.0579],[-57.89296,6.0586],[-57.89275,6.05898],[-57.89265,6.05923],[-57.89262,6.05939],[-57.89262,6.05968],[-57.89265,6.05981],[-57.89284,6.06033],[-57.89326,6.06106],[-57.89542,6.06358],[-57.89819,6.06874],[-57.89837,6.06961],[-57.8984,6.07008],[-57.89841,6.07029],[-57.8984,6.07045],[-57.89827,6.0711],[-57.898,6.07175],[-57.89175,6.07674],[-57.8887,6.08197],[-57.88418,6.08367],[-57.87896,6.08239],[-57.87653,6.08333],[-57.87004,6.08865],[-57.86752,6.0899],[-57.86506,6.09292],[-57.8576,6.09854],[-57.85225,6.10521],[-57.84638,6.10852],[-57.83758,6.10912],[-57.83661,6.1103],[-57.83566,6.11304],[-57.83549,6.11373],[-57.83562,6.11448],[-57.83604,6.11549],[-57.83583,6.1163],[-57.83469,6.11807],[-57.83337,6.11903],[-57.83247,6.12105],[-57.82908,6.12262],[-57.82479,6.12949],[-57.82156,6.13202],[-57.81719,6.13655],[-57.81456,6.14052],[-57.81202,6.14966],[-57.8076,6.15645],[-57.80717,6.15771],[-57.80719,6.15856],[-57.8073,6.15929],[-57.80785,6.16081],[-57.81339,6.16814],[-57.81527,6.1749],[-57.81603,6.17954],[-57.81753,6.18281],[-57.81805,6.18462],[-57.81818,6.18565],[-57.81827,6.18655],[-57.81803,6.18738],[-57.81606,6.1925],[-57.81578,6.19922],[-57.81455,6.20444],[-57.81443,6.20523],[-57.81441,6.20644],[-57.81452,6.20778],[-57.81461,6.20854],[-57.81522,6.21153],[-57.81524,6.21253],[-57.81523,6.21342],[-57.81512,6.21543],[-57.8151,6.2163],[-57.81516,6.21728],[-57.81523,6.21818],[-57.81532,6.21898],[-57.81564,6.22076],[-57.81579,6.22216],[-57.81559,6.22346],[-57.8155,6.22419],[-57.81552,6.22539],[-57.81539,6.22653],[-57.81522,6.2277],[-57.81124,6.24099],[-57.80642,6.25347],[-57.80243,6.26126],[-57.80034,6.26756],[-57.79503,6.2749],[-57.79025,6.28328],[-57.78579,6.28963],[-57.77936,6.29662],[-57.77647,6.29789],[-57.77655,6.29813],[-57.77669,6.29858],[-57.77803,6.30129],[-57.7869,6.32679],[-57.78918,6.33242],[-57.79179,6.34194],[-57.79282,6.35084],[-57.79513,6.35567],[-57.7994,6.35832],[-57.80187,6.35793],[-57.80906,6.35363],[-57.81868,6.34603],[-57.82915,6.33845],[-57.83448,6.33561],[-57.84324,6.32948],[-57.84997,6.32296],[-57.85706,6.31725],[-57.8638,6.31566],[-57.86744,6.31663],[-57.86749,6.31639],[-57.86753,6.31609],[-57.86753,6.31583],[-57.86751,6.31565],[-57.86738,6.31477],[-57.86707,6.31381],[-57.86694,6.31301],[-57.86692,6.31276],[-57.86694,6.31257],[-57.86698,6.3124],[-57.86695,6.31216],[-57.867,6.312],[-57.86702,6.31142],[-57.86706,6.31093],[-57.86707,6.31067],[-57.86706,6.31012],[-57.86697,6.30973],[-57.86675,6.30935],[-57.86675,6.30911],[-57.86674,6.30911],[-57.86684,6.30881],[-57.86705,6.30844],[-57.86783,6.30745],[-57.86789,6.30714],[-57.86962,6.30611],[-57.87462,6.30488],[-57.87856,6.3016],[-57.87966,6.2991],[-57.88015,6.29431],[-57.88205,6.28705],[-57.8821,6.28661],[-57.88215,6.28632],[-57.88233,6.28515],[-57.88233,6.28501],[-57.88232,6.28486],[-57.8823,6.28471],[-57.88227,6.28457],[-57.88227,6.28412],[-57.88049,6.28026],[-57.87976,6.27817],[-57.87939,6.27755],[-57.87938,6.27741],[-57.87939,6.27726],[-57.87946,6.27713],[-57.87964,6.2769],[-57.87978,6.27664],[-57.88042,6.27584],[-57.88286,6.2735],[-57.88339,6.27248],[-57.88341,6.27233],[-57.88341,6.27218],[-57.8834,6.27189],[-57.88329,6.27131],[-57.88311,6.27044],[-57.88292,6.26988],[-57.8825,6.26928],[-57.88032,6.26435],[-57.87692,6.26008],[-57.87553,6.25739],[-57.87441,6.25562],[-57.87379,6.25503],[-57.87374,6.25494],[-57.87372,6.25475],[-57.87386,6.25405],[-57.87402,6.25363],[-57.87683,6.25112],[-57.87754,6.25016],[-57.87782,6.24948],[-57.87787,6.24926],[-57.87788,6.2491],[-57.8777,6.24824],[-57.87622,6.24675],[-57.87575,6.24592],[-57.87495,6.24411],[-57.87491,6.24384],[-57.8749,6.24347],[-57.87501,6.243],[-57.87655,6.2423],[-57.88051,6.24268],[-57.88327,6.23882],[-57.88722,6.23637],[-57.8922,6.2369],[-57.89534,6.23998],[-57.8975,6.24367],[-57.90019,6.24362],[-57.90144,6.24156],[-57.90212,6.23747],[-57.90395,6.23552],[-57.909,6.23748],[-57.91168,6.23719],[-57.91222,6.2363],[-57.91225,6.23602],[-57.91228,6.2356],[-57.91227,6.23513],[-57.91181,6.23325],[-57.91125,6.23135],[-57.91119,6.23099],[-57.91121,6.23039],[-57.91137,6.23],[-57.91166,6.22965],[-57.91285,6.2292],[-57.916,6.2315],[-57.91883,6.23183],[-57.92031,6.23015],[-57.92037,6.22947],[-57.92044,6.22912],[-57.92042,6.22849],[-57.92038,6.22809],[-57.91966,6.22676],[-57.91532,6.22424],[-57.9133,6.21798],[-57.91098,6.21565],[-57.90722,6.21507],[-57.89974,6.21268],[-57.89876,6.21161],[-57.89799,6.21023],[-57.89798,6.21012],[-57.89796,6.21001],[-57.89796,6.20989],[-57.89798,6.20967],[-57.89799,6.20956],[-57.89822,6.20891],[-57.89988,6.20803],[-57.9048,6.20869],[-57.90862,6.20784],[-57.91063,6.20471],[-57.91119,6.20348],[-57.91121,6.20337],[-57.91121,6.20326],[-57.91121,6.20325],[-57.91117,6.20292],[-57.91116,6.2028],[-57.91114,6.20269],[-57.91048,6.20193],[-57.90696,6.2017],[-57.90593,6.20068],[-57.90499,6.19864],[-57.90491,6.19809],[-57.9049,6.19797],[-57.90489,6.19786],[-57.90489,6.19775],[-57.9049,6.19763],[-57.90512,6.197],[-57.90527,6.19669],[-57.90673,6.19499],[-57.90679,6.19466],[-57.90687,6.19445],[-57.90689,6.19433],[-57.90687,6.19423],[-57.90683,6.19401],[-57.9067,6.19351],[-57.90649,6.19298],[-57.90152,6.18921],[-57.89867,6.19025],[-57.89805,6.19005],[-57.89735,6.18917],[-57.89726,6.18887],[-57.89724,6.18862],[-57.89725,6.18851],[-57.89742,6.18823],[-57.89843,6.18786],[-57.89886,6.18651],[-57.90208,6.18459],[-57.90549,6.18615],[-57.90928,6.18405],[-57.91059,6.18743],[-57.91374,6.18888],[-57.91559,6.18783],[-57.91599,6.18743],[-57.91603,6.18733],[-57.91604,6.18721],[-57.916,6.18695],[-57.91597,6.18683],[-57.91584,6.1865],[-57.91548,6.18596],[-57.91507,6.18484],[-57.91502,6.18439],[-57.915,6.18383],[-57.915,6.18382],[-57.91502,6.18355],[-57.91504,6.18334],[-57.91549,6.18235],[-57.91713,6.18142],[-57.92212,6.18269],[-57.92348,6.18177],[-57.92411,6.17751],[-57.92979,6.17336],[-57.93007,6.17246],[-57.93017,6.17156],[-57.93021,6.17141],[-57.93023,6.17124],[-57.93023,6.1711],[-57.93019,6.17096],[-57.92995,6.17053],[-57.92942,6.16915],[-57.92937,6.16886],[-57.92934,6.16842],[-57.92931,6.16832],[-57.92929,6.16813],[-57.92929,6.16795],[-57.92932,6.16774],[-57.92955,6.16695],[-57.93161,6.1617],[-57.93182,6.15596],[-57.93329,6.15505],[-57.93462,6.15594],[-57.93478,6.15638],[-57.93483,6.15664],[-57.93484,6.15678],[-57.93484,6.15691],[-57.93484,6.15692],[-57.93484,6.15708],[-57.93482,6.15743],[-57.93479,6.15766],[-57.93459,6.15844],[-57.9345,6.15909],[-57.9345,6.15956],[-57.93446,6.15985],[-57.93444,6.15996],[-57.93442,6.16033],[-57.93443,6.16048],[-57.93443,6.16064],[-57.93443,6.16079],[-57.93447,6.16131],[-57.93453,6.16154],[-57.93587,6.1626],[-57.93669,6.16255],[-57.93976,6.16048],[-57.94486,6.16347],[-57.94736,6.16144],[-57.94785,6.1603],[-57.94791,6.16012],[-57.94795,6.15999],[-57.94794,6.1597],[-57.9479,6.1594],[-57.94714,6.158],[-57.94568,6.15701],[-57.94559,6.15686],[-57.94558,6.15669],[-57.94556,6.15658],[-57.94564,6.15596],[-57.9459,6.15546],[-57.94657,6.1552],[-57.94963,6.15545],[-57.95202,6.154],[-57.95303,6.15172],[-57.95437,6.15292],[-57.95697,6.15247],[-57.95795,6.15566],[-57.96177,6.15675],[-57.96346,6.15608],[-57.96777,6.15901],[-57.97106,6.15845],[-57.97234,6.15901],[-57.97273,6.15852],[-57.97304,6.15848],[-57.97308,6.15837],[-57.97302,6.15791],[-57.97255,6.15724],[-57.97205,6.15733],[-57.97186,6.15724],[-57.9717,6.15703],[-57.97159,6.15678],[-57.97158,6.15662],[-57.97161,6.15627],[-57.97169,6.15603],[-57.97167,6.15575],[-57.97155,6.15549],[-57.97114,6.15507],[-57.96991,6.15436],[-57.96824,6.15248],[-57.96817,6.15225],[-57.96819,6.15206],[-57.96838,6.15171],[-57.96848,6.15179],[-57.96892,6.1513],[-57.97206,6.1516],[-57.97406,6.148],[-57.97425,6.1445],[-57.97692,6.14382],[-57.97887,6.14629],[-57.98443,6.14562],[-57.98545,6.14783],[-57.98879,6.14301],[-57.99059,6.14304],[-57.99069,6.14242],[-57.99279,6.14208],[-57.99305,6.14203],[-57.99323,6.14177],[-57.99365,6.14148],[-57.9937,6.14129],[-57.99361,6.14117],[-57.99318,6.14085],[-57.99316,6.1407],[-57.99331,6.14059],[-57.99355,6.14062],[-57.99365,6.14051],[-57.99374,6.1404],[-57.99371,6.14022],[-57.99358,6.13996],[-57.99343,6.13988],[-57.99336,6.13966],[-57.9934,6.1395],[-57.99346,6.13938],[-57.99353,6.13929],[-57.99346,6.13909],[-57.9929,6.13882],[-57.99235,6.13864],[-57.99222,6.13854],[-57.99222,6.13834],[-57.99231,6.13824],[-57.99265,6.13826],[-57.99278,6.13822],[-57.99265,6.13806],[-57.99254,6.13796],[-57.99252,6.13785],[-57.99266,6.13779],[-57.99295,6.13782],[-57.99324,6.13762],[-57.99346,6.13814],[-57.99362,6.13749],[-57.99422,6.13709],[-57.99431,6.13685],[-57.99433,6.13671],[-57.99413,6.13611],[-57.99375,6.13588],[-57.9936,6.13471],[-57.99367,6.13452],[-57.99423,6.13422],[-57.99585,6.13471],[-57.99831,6.13553],[-58.00063,6.13249],[-58.00397,6.13233],[-58.00398,6.1291],[-58.00834,6.12859],[-58.01259,6.12443],[-58.01426,6.12545],[-58.01812,6.12258],[-58.02103,6.11889],[-58.0249,6.11002],[-58.02791,6.1049],[-58.03128,6.10115],[-58.03747,6.09728],[-58.03951,6.0938],[-58.04047,6.08907],[-58.04205,6.08543],[-58.04457,6.08188],[-58.04477,6.0812],[-58.04487,6.08054],[-58.04487,6.08022],[-58.04491,6.0797],[-58.04496,6.07911],[-58.04501,6.07856],[-58.0448,6.07694],[-58.04279,6.07107],[-58.0426,6.07012],[-58.04246,6.06937],[-58.04232,6.06854],[-58.04215,6.06758],[-58.04227,6.06655],[-58.04252,6.06516],[-58.04271,6.06443],[-58.0461,6.05718],[-58.04862,6.05545],[-58.05028,6.04794],[-58.05379,6.04238],[-58.05803,6.03744],[-58.05943,6.03259],[-58.0625,6.02732],[-58.06512,6.02558],[-58.06689,6.02252],[-58.06712,6.01875],[-58.07316,6.01204],[-58.07426,6.00485],[-58.07788,6.00368],[-58.08922,6.00255],[-58.09538,5.99892],[-58.09943,5.99742],[-58.10221,5.99487],[-58.10643,5.98736],[-58.10884,5.98199],[-58.10909,5.98132],[-58.10981,5.97895],[-58.10994,5.97839],[-58.11021,5.97755],[-58.11022,5.97749],[-58.0929,5.98014],[-58.072,5.97721],[-58.05228,5.96287],[-58.03667,5.95965],[-58.0146,5.95818],[-58.00194,5.95438],[-57.99428,5.94384],[-57.9831,5.93212],[-57.96543,5.93183],[-57.96376,5.9306]]]},"properties":{"ID":"512","NAME":"St Francis Mission","STATUS":"Neighbourhood Democratic Council","REGION":"Mahaica-Berbice"}},
{"type":"Feature","geometry":{"type":"Polygon","coordinates":[[[-57.64017,6.34055],[-57.63795,6.34245],[-57.63794,6.34244],[-57.63578,6.34435],[-57.63092,6.34855],[-57.61659,6.36149],[-57.60693,6.3706],[-57.60531,6.37177],[-57.60235,6.37428],[-57.59884,6.37749],[-57.59777,6.37847],[-57.59406,6.38184],[-57.58985,6.38567],[-57.58599,6.38921],[-57.59364,6.39993],[-57.59673,6.40539],[-57.6082,6.42153],[-57.6157,6.42986],[-57.61653,6.43181],[-57.62018,6.43535],[-57.62198,6.43901],[-57.62508,6.44292],[-57.64789,6.42258],[-57.67226,6.40096],[-57.67547,6.39801],[-57.67561,6.39801],[-57.67567,6.398],[-57.67564,6.39797],[-57.67207,6.39385],[-57.66839,6.38947],[-57.66538,6.38597],[-57.66356,6.38385],[-57.66356,6.38384],[-57.66146,6.38155],[-57.66114,6.38116],[-57.65921,6.37886],[-57.65894,6.37853],[-57.65533,6.37445],[-57.65461,6.37323],[-57.65417,6.3723],[-57.65415,6.37213],[-57.65403,6.37129],[-57.65396,6.37007],[-57.65432,6.36878],[-57.65482,6.36778],[-57.65605,6.36649],[-57.65659,6.36598],[-57.65713,6.36548],[-57.65908,6.36398],[-57.65917,6.3639],[-57.66081,6.36236],[-57.66392,6.35971],[-57.66976,6.35469],[-57.66997,6.3542],[-57.67027,6.35347],[-57.67056,6.35254],[-57.67056,6.35196],[-57.67054,6.35165],[-57.67048,6.35074],[-57.66969,6.34845],[-57.66601,6.34443],[-57.6646,6.34279],[-57.6644,6.34255],[-57.66435,6.34249],[-57.66374,6.3418],[-57.66153,6.33927],[-57.65872,6.33604],[-57.65727,6.33441],[-57.6528,6.32975],[-57.64017,6.34055]]]},"properties":{"ID":"505","NAME":"Union / Naarstigheid","STATUS":"Neighbourhood Democratic Council","REGION":"Mahaica-Berbice"}},
{"type":"Feature","geometry":{"type":"Polygon","coordinates":[[[-57.72247,6.43856],[-57.72247,6.43853],[-57.72243,6.43816],[-57.72223,6.43698],[-57.7213,6.4331],[-57.7191,6.42936],[-57.7138,6.42668],[-57.71117,6.42291],[-57.71018,6.42017],[-57.70966,6.4135],[-57.70681,6.40861],[-57.70584,6.40568],[-57.70549,6.40423],[-57.70535,6.40384],[-57.70514,6.40279],[-57.70514,6.40097],[-57.70546,6.39822],[-57.70791,6.39409],[-57.70821,6.39178],[-57.70823,6.39082],[-57.70836,6.38964],[-57.70834,6.38862],[-57.70823,6.38787],[-57.7072,6.38434],[-57.70372,6.3775],[-57.70305,6.37378],[-57.70265,6.36336],[-57.70173,6.35531],[-57.70153,6.35229],[-57.70166,6.34956],[-57.70193,6.34826],[-57.70212,6.34767],[-57.70226,6.34752],[-57.70231,6.34738],[-57.70232,6.34718],[-57.70224,6.3471],[-57.70219,6.34701],[-57.70222,6.34689],[-57.7023,6.34679],[-57.7024,6.34622],[-57.70243,6.34563],[-57.70244,6.34535],[-57.70242,6.34507],[-57.70235,6.34476],[-57.70173,6.34278],[-57.69822,6.33588],[-57.6977,6.33295],[-57.69743,6.33283],[-57.69739,6.33244],[-57.69731,6.33165],[-57.69738,6.33075],[-57.69777,6.3291],[-57.69891,6.32698],[-57.69935,6.32591],[-57.69968,6.32523],[-57.69968,6.32481],[-57.69962,6.32438],[-57.69209,6.31531],[-57.69031,6.31071],[-57.6897,6.3063],[-57.6896,6.30332],[-57.68963,6.30229],[-57.68979,6.30141],[-57.69056,6.29922],[-57.69166,6.29794],[-57.69326,6.29728],[-57.69376,6.29627],[-57.69368,6.2956],[-57.69374,6.29383],[-57.69379,6.29313],[-57.69378,6.29232],[-57.69374,6.29085],[-57.69363,6.29019],[-57.69368,6.28949],[-57.69352,6.28872],[-57.69334,6.28788],[-57.69312,6.28724],[-57.69334,6.28655],[-57.69328,6.28513],[-57.69326,6.28438],[-57.69332,6.28338],[-57.69348,6.28176],[-57.69407,6.27821],[-57.69528,6.2757],[-57.69532,6.27489],[-57.69541,6.27421],[-57.69541,6.27349],[-57.69539,6.27263],[-57.69511,6.27099],[-57.69468,6.26956],[-57.69461,6.26546],[-57.69476,6.26382],[-57.69476,6.2626],[-57.69487,6.26122],[-57.69487,6.26121],[-57.69463,6.2591],[-57.69414,6.25714],[-57.69405,6.25229],[-57.69353,6.24755],[-57.69323,6.24403],[-57.6932,6.24281],[-57.69337,6.24014],[-57.69348,6.23911],[-57.69362,6.23782],[-57.69346,6.23647],[-57.69321,6.23521],[-57.69124,6.23004],[-57.68991,6.22388],[-57.68925,6.21552],[-57.68842,6.21297],[-57.6844,6.20497],[-57.6838,6.20311],[-57.68339,6.20222],[-57.68337,6.2021],[-57.68358,6.20198],[-57.68367,6.20183],[-57.68341,6.20002],[-57.68362,6.19767],[-57.68417,6.19588],[-57.68434,6.19512],[-57.68439,6.1945],[-57.68423,6.19408],[-57.68413,6.19368],[-57.68416,6.19358],[-57.6843,6.19342],[-57.68443,6.19338],[-57.68519,6.1925],[-57.68617,6.19185],[-57.6915,6.19086],[-57.70059,6.18771],[-57.70143,6.1831],[-57.70208,6.18034],[-57.70247,6.17981],[-57.70256,6.1791],[-57.7027,6.17867],[-57.70252,6.17585],[-57.70142,6.17456],[-57.70117,6.17365],[-57.70117,6.17324],[-57.70121,6.17305],[-57.70124,6.17288],[-57.7013,6.17279],[-57.7033,6.17219],[-57.70646,6.17257],[-57.70994,6.17198],[-57.71322,6.17021],[-57.71746,6.16988],[-57.72013,6.16908],[-57.72051,6.16875],[-57.72057,6.16857],[-57.72059,6.16843],[-57.72062,6.16824],[-57.71971,6.16387],[-57.71762,6.15841],[-57.71685,6.15699],[-57.71656,6.15587],[-57.71626,6.15484],[-57.71624,6.15462],[-57.71624,6.15432],[-57.71626,6.15391],[-57.71641,6.15311],[-57.71642,6.15242],[-57.71635,6.15175],[-57.71604,6.15019],[-57.71573,6.14983],[-57.71488,6.14709],[-57.71444,6.14639],[-57.71391,6.14394],[-57.71256,6.141],[-57.71225,6.13885],[-57.70724,6.1253],[-57.70451,6.12255],[-57.70419,6.12183],[-57.70418,6.12166],[-57.70413,6.12151],[-57.70413,6.12136],[-57.70425,6.12121],[-57.70493,6.1209],[-57.7087,6.11944],[-57.71091,6.11778],[-57.71425,6.11784],[-57.71986,6.1165],[-57.72073,6.11571],[-57.72084,6.11545],[-57.72078,6.11506],[-57.72053,6.11459],[-57.7192,6.11382],[-57.71886,6.11313],[-57.71885,6.11238],[-57.71881,6.11215],[-57.71883,6.11183],[-57.7193,6.10858],[-57.72969,6.1052],[-57.73081,6.1071],[-57.73743,6.10926],[-57.73997,6.10718],[-57.74159,6.10653],[-57.74179,6.1064],[-57.74187,6.1063],[-57.74201,6.10608],[-57.74199,6.10575],[-57.74133,6.1051],[-57.73882,6.10444],[-57.73766,6.10038],[-57.73698,6.09941],[-57.73607,6.0986],[-57.73599,6.09847],[-57.73588,6.09816],[-57.73588,6.09815],[-57.73592,6.09777],[-57.73595,6.09759],[-57.73613,6.09678],[-57.7374,6.09358],[-57.7448,6.09645],[-57.7457,6.09647],[-57.74624,6.0962],[-57.74648,6.09579],[-57.7465,6.09562],[-57.74652,6.09547],[-57.74649,6.09536],[-57.74646,6.0951],[-57.74622,6.09448],[-57.74604,6.09292],[-57.74607,6.09259],[-57.74611,6.09247],[-57.74625,6.09228],[-57.75048,6.09005],[-57.75217,6.0917],[-57.75842,6.09217],[-57.75941,6.09121],[-57.7604,6.0861],[-57.76503,6.08222],[-57.76601,6.0788],[-57.77386,6.07588],[-57.7761,6.07367],[-57.77858,6.07284],[-57.77944,6.06795],[-57.78371,6.06941],[-57.78547,6.06869],[-57.79263,6.07132],[-57.79743,6.07103],[-57.79946,6.06991],[-57.80133,6.06446],[-57.80374,6.06285],[-57.80503,6.06257],[-57.80516,6.06241],[-57.80519,6.0623],[-57.80522,6.06218],[-57.80522,6.06206],[-57.80517,6.06182],[-57.8047,6.0604],[-57.804,6.05951],[-57.79911,6.05742],[-57.79704,6.05393],[-57.79469,6.04667],[-57.79353,6.04632],[-57.79116,6.05072],[-57.78851,6.05193],[-57.78637,6.04716],[-57.78521,6.04605],[-57.78496,6.04483],[-57.7847,6.04414],[-57.78467,6.04391],[-57.78472,6.04378],[-57.78486,6.04351],[-57.78498,6.04323],[-57.78506,6.04247],[-57.78527,6.04179],[-57.78548,6.04071],[-57.78552,6.04049],[-57.78553,6.04028],[-57.78548,6.04002],[-57.78543,6.03965],[-57.78502,6.03867],[-57.78445,6.03774],[-57.78211,6.03572],[-57.77805,6.03561],[-57.77655,6.03382],[-57.77428,6.02729],[-57.77417,6.02618],[-57.77414,6.02589],[-57.77415,6.02576],[-57.77417,6.02562],[-57.77457,6.02378],[-57.77457,6.02362],[-57.77461,6.0233],[-57.77463,6.02305],[-57.77462,6.02284],[-57.7746,6.02269],[-57.77459,6.02248],[-57.77457,6.02232],[-57.77447,6.02198],[-57.77288,6.02028],[-57.77155,6.01807],[-57.77142,6.0174],[-57.77135,6.01687],[-57.7714,6.01651],[-57.77155,6.01627],[-57.77197,6.01589],[-57.77545,6.01614],[-57.78144,6.01467],[-57.78551,6.01291],[-57.78791,6.01091],[-57.79638,6.00627],[-57.79681,6.00043],[-57.79967,5.9993],[-57.80334,5.99663],[-57.80589,5.99335],[-57.80613,5.99267],[-57.80621,5.99197],[-57.80631,5.99157],[-57.80635,5.99135],[-57.80636,5.99125],[-57.80634,5.99115],[-57.80631,5.99105],[-57.80628,5.99095],[-57.80602,5.99051],[-57.80504,5.98908],[-57.80375,5.98764],[-57.8034,5.98714],[-57.80325,5.98676],[-57.80324,5.98666],[-57.80324,5.98656],[-57.80324,5.98646],[-57.8033,5.98626],[-57.80425,5.98482],[-57.80432,5.98452],[-57.80488,5.98368],[-57.8049,5.98358],[-57.8049,5.98348],[-57.80489,5.98338],[-57.80481,5.98319],[-57.80468,5.98304],[-57.80347,5.98176],[-57.79871,5.98016],[-57.79776,5.97911],[-57.79732,5.9782],[-57.79726,5.97789],[-57.79724,5.97759],[-57.79724,5.97749],[-57.79733,5.97685],[-57.79743,5.97635],[-57.79803,5.97484],[-57.7981,5.97434],[-57.79818,5.97405],[-57.79819,5.97395],[-57.7982,5.97385],[-57.7982,5.97374],[-57.79818,5.97364],[-57.79814,5.97355],[-57.79799,5.97328],[-57.7975,5.97277],[-57.79479,5.97117],[-57.79445,5.97068],[-57.7944,5.97055],[-57.79438,5.97044],[-57.79463,5.96877],[-57.79501,5.96779],[-57.79649,5.96583],[-57.79651,5.96325],[-57.79692,5.96187],[-57.79817,5.95956],[-57.7982,5.95938],[-57.79823,5.95912],[-57.79827,5.95886],[-57.79828,5.95876],[-57.79825,5.9585],[-57.79823,5.9582],[-57.79793,5.95763],[-57.79641,5.9573],[-57.79614,5.95716],[-57.79593,5.95689],[-57.79575,5.95685],[-57.7953,5.95671],[-57.79585,5.95615],[-57.80275,5.94915],[-57.80306,5.94893],[-57.80368,5.94838],[-57.80399,5.94776],[-57.80501,5.94659],[-57.80709,5.94607],[-57.81067,5.94775],[-57.81382,5.94789],[-57.81629,5.94509],[-57.81989,5.94817],[-57.82259,5.94694],[-57.8237,5.94733],[-57.82382,5.94769],[-57.82385,5.94792],[-57.82391,5.94813],[-57.824,5.94856],[-57.82395,5.94871],[-57.82374,5.94897],[-57.82347,5.94941],[-57.82322,5.95002],[-57.82314,5.95032],[-57.82301,5.95055],[-57.82299,5.95066],[-57.82302,5.95081],[-57.82314,5.95107],[-57.8245,5.95117],[-57.82639,5.95053],[-57.82722,5.9525],[-57.8312,5.95332],[-57.83253,5.95266],[-57.8338,5.95516],[-57.83613,5.95458],[-57.83992,5.95618],[-57.84098,5.95894],[-57.84503,5.96062],[-57.84768,5.96077],[-57.85163,5.96308],[-57.85496,5.95685],[-57.85856,5.9538],[-57.86319,5.95085],[-57.86732,5.94948],[-57.8722,5.95049],[-57.87534,5.94981],[-57.8819,5.94953],[-57.88877,5.9504],[-57.89402,5.9471],[-57.89816,5.94556],[-57.90068,5.94325],[-57.90535,5.94084],[-57.9165,5.92775],[-57.91878,5.92545],[-57.92189,5.92046],[-57.92541,5.91754],[-57.9333,5.91337],[-57.93578,5.90963],[-57.94055,5.90629],[-57.94304,5.90546],[-57.94352,5.90489],[-57.94247,5.90489],[-57.93541,5.89611],[-57.93099,5.8841],[-57.93011,5.87678],[-57.91922,5.86946],[-57.89361,5.87034],[-57.88625,5.86876],[-57.88272,5.868],[-57.87477,5.85716],[-57.87447,5.84516],[-57.86652,5.84399],[-57.85652,5.84428],[-57.84445,5.85306],[-57.82149,5.87239],[-57.80942,5.87122],[-57.7944,5.87093],[-57.77026,5.86829],[-57.7529,5.87444],[-57.73317,5.87795],[-57.69461,5.8718],[-57.67016,5.86269],[-57.65885,5.86304],[-57.65572,5.86423],[-57.65358,5.86908],[-57.65332,5.8739],[-57.65331,5.87553],[-57.65369,5.87888],[-57.65396,5.88115],[-57.65441,5.88511],[-57.65686,5.88999],[-57.65969,5.89294],[-57.66782,5.90231],[-57.67484,5.91136],[-57.67872,5.91798],[-57.67946,5.92174],[-57.67986,5.9238],[-57.67994,5.92506],[-57.68046,5.93405],[-57.67806,5.94109],[-57.67795,5.94779],[-57.67941,5.95836],[-57.68211,5.96538],[-57.68872,5.97167],[-57.69398,5.97737],[-57.69782,5.98064],[-57.70237,5.98168],[-57.70423,5.98222],[-57.70821,5.98337],[-57.71072,5.98595],[-57.7116,5.98988],[-57.71055,5.99444],[-57.70791,5.99811],[-57.70209,6.00469],[-57.69716,6.01694],[-57.69422,6.01918],[-57.69164,6.01994],[-57.68544,6.01873],[-57.66388,6.01124],[-57.65877,6.00753],[-57.65641,6.00283],[-57.65469,5.99502],[-57.65173,5.99161],[-57.64778,5.9884],[-57.64405,5.98771],[-57.64197,5.98732],[-57.63817,5.98736],[-57.63401,5.99167],[-57.6307,5.99818],[-57.62482,6.01282],[-57.61916,6.01969],[-57.61628,6.02404],[-57.61413,6.02882],[-57.61113,6.04066],[-57.60916,6.04502],[-57.60491,6.05005],[-57.59766,6.05675],[-57.59249,6.06356],[-57.58909,6.06959],[-57.58776,6.07397],[-57.58852,6.07702],[-57.59066,6.08076],[-57.59418,6.08345],[-57.59918,6.08626],[-57.60409,6.08827],[-57.61019,6.08944],[-57.61987,6.09038],[-57.62579,6.09431],[-57.62776,6.098],[-57.62853,6.10216],[-57.6285,6.10294],[-57.62826,6.1083],[-57.6268,6.11526],[-57.62544,6.1255],[-57.62639,6.1313],[-57.63289,6.14095],[-57.63716,6.15364],[-57.63725,6.15746],[-57.6345,6.1626],[-57.62772,6.17293],[-57.62246,6.17828],[-57.61751,6.1799],[-57.61467,6.18033],[-57.60248,6.18216],[-57.58947,6.18204],[-57.57327,6.18222],[-57.56984,6.18241],[-57.5648,6.18269],[-57.55704,6.18312],[-57.5379,6.18509],[-57.53341,6.1876],[-57.53065,6.19131],[-57.52964,6.19425],[-57.52859,6.19733],[-57.52973,6.20906],[-57.53066,6.21611],[-57.53175,6.22439],[-57.53798,6.226],[-57.53753,6.22346],[-57.53738,6.22264],[-57.54063,6.22348],[-57.54262,6.22409],[-57.5556,6.22777],[-57.57565,6.23378],[-57.57362,6.2418],[-57.57289,6.2416],[-57.55966,6.23801],[-57.54836,6.23462],[-57.54656,6.2408],[-57.54437,6.24883],[-57.54212,6.25669],[-57.54211,6.2567],[-57.54466,6.25737],[-57.58799,6.26878],[-57.58786,6.26979],[-57.58656,6.27908],[-57.58876,6.28194],[-57.59186,6.28599],[-57.59249,6.28681],[-57.59575,6.2912],[-57.6004,6.29744],[-57.60551,6.30387],[-57.61979,6.3219],[-57.61984,6.32196],[-57.61986,6.32199],[-57.62056,6.32286],[-57.6231,6.32565],[-57.6242,6.32685],[-57.62458,6.32727],[-57.63019,6.33364],[-57.63524,6.33937],[-57.63794,6.34244],[-57.63795,6.34245],[-57.64017,6.34055],[-57.6528,6.32975],[-57.65727,6.33441],[-57.65872,6.33604],[-57.66153,6.33927],[-57.66374,6.3418],[-57.66435,6.34249],[-57.6644,6.34255],[-57.6646,6.34279],[-57.66601,6.34443],[-57.66969,6.34845],[-57.67048,6.35074],[-57.67054,6.35165],[-57.67056,6.35196],[-57.67056,6.35254],[-57.67027,6.35347],[-57.66997,6.3542],[-57.66976,6.35469],[-57.66392,6.35971],[-57.66081,6.36236],[-57.65917,6.3639],[-57.65908,6.36398],[-57.65713,6.36548],[-57.65659,6.36598],[-57.65605,6.36649],[-57.65482,6.36778],[-57.65432,6.36878],[-57.65396,6.37007],[-57.65403,6.37129],[-57.65415,6.37213],[-57.65417,6.3723],[-57.65461,6.37323],[-57.65533,6.37445],[-57.65894,6.37853],[-57.65921,6.37886],[-57.66114,6.38116],[-57.66146,6.38155],[-57.66356,6.38384],[-57.66356,6.38385],[-57.66538,6.38597],[-57.66839,6.38947],[-57.67207,6.39385],[-57.67564,6.39797],[-57.67572,6.39791],[-57.67756,6.40004],[-57.67767,6.40016],[-57.67906,6.40197],[-57.67887,6.40216],[-57.67909,6.40196],[-57.68064,6.40412],[-57.68211,6.40614],[-57.69029,6.41857],[-57.69054,6.41969],[-57.69144,6.42072],[-57.69106,6.42114],[-57.69147,6.42075],[-57.69188,6.42108],[-57.69208,6.42125],[-57.69533,6.42615],[-57.69627,6.42757],[-57.69737,6.42923],[-57.69738,6.42921],[-57.6974,6.4292],[-57.69876,6.4313],[-57.70016,6.43347],[-57.70017,6.43346],[-57.70018,6.43346],[-57.70324,6.43797],[-57.70464,6.44013],[-57.71018,6.44838],[-57.7104,6.4487],[-57.71066,6.44907],[-57.71167,6.44817],[-57.72185,6.43923],[-57.72247,6.43856]]]},"properties":{"ID":"511","NAME":"West Bank Berbice","STATUS":"Not Classified","REGION":"Mahaica-Berbice"}},
{"type":"Feature","geometry":{"type":"Polygon","coordinates":[[[-57.89755,6.61831],[-57.89756,6.61776],[-57.89681,6.61531],[-57.89557,6.61295],[-57.89526,6.61271],[-57.89496,6.61244],[-57.89259,6.60919],[-57.89191,6.60726],[-57.89191,6.60725],[-57.89181,6.60674],[-57.89188,6.60706],[-57.8919,6.6071],[-57.89184,6.60631],[-57.89175,6.60526],[-57.89175,6.60467],[-57.89156,6.60342],[-57.89159,6.60139],[-57.89157,6.60138],[-57.89152,6.60136],[-57.89003,6.60091],[-57.88899,6.60061],[-57.87595,6.59702],[-57.87424,6.59652],[-57.86997,6.59533],[-57.86995,6.59531],[-57.86995,6.5953],[-57.87028,6.59405],[-57.86581,6.59342],[-57.85515,6.59035],[-57.85336,6.58985],[-57.85245,6.58959],[-57.85212,6.5895],[-57.85191,6.58944],[-57.8521,6.58747],[-57.85255,6.58462],[-57.85266,6.58415],[-57.85267,6.58415],[-57.85386,6.58081],[-57.85471,6.5787],[-57.85364,6.57838],[-57.85145,6.57773],[-57.84693,6.57642],[-57.84505,6.5759],[-57.84323,6.57544],[-57.84277,6.57532],[-57.84258,6.57526],[-57.84203,6.5751],[-57.84152,6.57495],[-57.83808,6.57395],[-57.83807,6.57394],[-57.83693,6.57361],[-57.83555,6.57321],[-57.83383,6.57269],[-57.83091,6.57182],[-57.82994,6.57151],[-57.8291,6.57124],[-57.82688,6.57061],[-57.82658,6.57053],[-57.82598,6.57035],[-57.82555,6.57023],[-57.8245,6.56993],[-57.82295,6.56951],[-57.82092,6.56892],[-57.81906,6.56837],[-57.81812,6.5681],[-57.81463,6.56706],[-57.81027,6.56582],[-57.80736,6.56494],[-57.80484,6.56417],[-57.80402,6.56392],[-57.8039,6.56388],[-57.80217,6.56341],[-57.80164,6.56327],[-57.80111,6.56311],[-57.80017,6.56283],[-57.80007,6.5628],[-57.79938,6.56261],[-57.79899,6.5625],[-57.79871,6.56244],[-57.7987,6.56245],[-57.79849,6.56276],[-57.79848,6.56278],[-57.79817,6.56328],[-57.79805,6.56344],[-57.79803,6.56348],[-57.79725,6.56429],[-57.79802,6.56688],[-57.79808,6.56735],[-57.79813,6.56767],[-57.79823,6.56898],[-57.79823,6.569],[-57.79823,6.56901],[-57.79781,6.56946],[-57.79753,6.56971],[-57.79642,6.57077],[-57.79641,6.57077],[-57.7963,6.57088],[-57.79607,6.57103],[-57.79568,6.5713],[-57.79483,6.57213],[-57.79127,6.57911],[-57.79138,6.58155],[-57.79349,6.58356],[-57.79289,6.58713],[-57.79342,6.58762],[-57.79421,6.58773],[-57.79456,6.58779],[-57.79493,6.5876],[-57.79523,6.58746],[-57.79523,6.58745],[-57.79545,6.58738],[-57.79564,6.58733],[-57.79599,6.58734],[-57.79605,6.58735],[-57.79612,6.58736],[-57.79623,6.58742],[-57.79647,6.58755],[-57.79678,6.5878],[-57.79697,6.58797],[-57.7971,6.58808],[-57.79719,6.58833],[-57.79725,6.58845],[-57.79752,6.58896],[-57.79757,6.58912],[-57.79789,6.59018],[-57.79796,6.59041],[-57.79801,6.5906],[-57.79811,6.59098],[-57.79818,6.59128],[-57.79819,6.59128],[-57.79831,6.59148],[-57.79855,6.59217],[-57.79874,6.59251],[-57.79887,6.59275],[-57.80008,6.59512],[-57.79941,6.60105],[-57.80245,6.60685],[-57.80313,6.60959],[-57.81441,6.62248],[-57.81697,6.62336],[-57.82226,6.62691],[-57.82775,6.63253],[-57.84336,6.64746],[-57.85288,6.65736],[-57.8609,6.66419],[-57.86427,6.66607],[-57.86471,6.66527],[-57.87733,6.67716],[-57.87984,6.68013],[-57.88487,6.68458],[-57.89064,6.6889],[-57.89263,6.69223],[-57.89554,6.69386],[-57.89537,6.69709],[-57.90333,6.70216],[-57.90939,6.70441],[-57.91378,6.70682],[-57.91916,6.70786],[-57.92037,6.70655],[-57.91825,6.70294],[-57.919,6.69699],[-57.91789,6.69509],[-57.91419,6.69153],[-57.91362,6.68997],[-57.91537,6.68754],[-57.91606,6.6805],[-57.91731,6.6767],[-57.91918,6.67393],[-57.92269,6.67097],[-57.92486,6.66789],[-57.92316,6.66483],[-57.92132,6.6592],[-57.91971,6.65591],[-57.91817,6.65376],[-57.91424,6.65254],[-57.91221,6.65171],[-57.90973,6.64963],[-57.9075,6.64571],[-57.90709,6.64297],[-57.90725,6.64094],[-57.90652,6.63819],[-57.90444,6.63648],[-57.90009,6.63218],[-57.89893,6.6292],[-57.89804,6.62358],[-57.89808,6.62087],[-57.89777,6.6197],[-57.89755,6.61831]]]},"properties":{"ID":"510","NAME":"Woodlands / Farm","STATUS":"Neighbourhood Democratic Council","REGION":"Mahaica-Berbice"}},
{"type":"Feature","geometry":{"type":"Polygon","coordinates":[[[-57.72412,6.43678],[-57.72247,6.43856],[-57.72185,6.43923],[-57.71167,6.44817],[-57.71066,6.44907],[-57.71073,6.44917],[-57.69448,6.46331],[-57.69424,6.46352],[-57.68862,6.46856],[-57.68434,6.4724],[-57.67736,6.47845],[-57.6759,6.47975],[-57.67022,6.48486],[-57.67014,6.48486],[-57.67011,6.48482],[-57.66972,6.48517],[-57.68639,6.50284],[-57.69239,6.50963],[-57.70579,6.52062],[-57.70689,6.52024],[-57.7095,6.52299],[-57.71821,6.52772],[-57.72924,6.5366],[-57.73789,6.54427],[-57.73899,6.54567],[-57.74165,6.54516],[-57.7406,6.5415],[-57.73357,6.54013],[-57.73241,6.53795],[-57.73483,6.53484],[-57.73285,6.53347],[-57.73172,6.53038],[-57.73394,6.52968],[-57.73216,6.52833],[-57.73391,6.52504],[-57.73293,6.52068],[-57.7301,6.51974],[-57.73144,6.51753],[-57.72832,6.51277],[-57.7292,6.50948],[-57.72694,6.50847],[-57.72734,6.50548],[-57.72256,6.50356],[-57.72175,6.49917],[-57.71943,6.49784],[-57.7193,6.49616],[-57.71949,6.49552],[-57.72127,6.49289],[-57.72675,6.4924],[-57.7289,6.49937],[-57.73196,6.49996],[-57.73791,6.49599],[-57.74115,6.49278],[-57.74071,6.48991],[-57.73681,6.48934],[-57.7351,6.48732],[-57.73052,6.48821],[-57.72874,6.48622],[-57.72754,6.4828],[-57.72716,6.48174],[-57.72534,6.47771],[-57.7251,6.47663],[-57.72471,6.47199],[-57.72475,6.47142],[-57.72699,6.46841],[-57.72977,6.46849],[-57.73157,6.46704],[-57.73118,6.4637],[-57.72931,6.46038],[-57.72892,6.4601],[-57.72504,6.45829],[-57.72377,6.45469],[-57.72368,6.4478],[-57.72271,6.44198],[-57.7239,6.43777],[-57.72412,6.43678]]]},"properties":{"ID":"507","NAME":"Profit / Rising Sun","STATUS":"Neighbourhood Democratic Council","REGION":"Mahaica-Berbice"}},
{"type":"Feature","geometry":{"type":"Polygon","coordinates":[[[-57.85471,6.5787],[-57.85386,6.58081],[-57.85267,6.58415],[-57.85266,6.58415],[-57.85255,6.58462],[-57.8521,6.58747],[-57.85191,6.58944],[-57.85212,6.5895],[-57.85245,6.58959],[-57.85336,6.58985],[-57.85515,6.59035],[-57.86581,6.59342],[-57.87028,6.59405],[-57.86995,6.5953],[-57.86995,6.59531],[-57.86997,6.59533],[-57.87424,6.59652],[-57.87595,6.59702],[-57.88899,6.60061],[-57.89003,6.60091],[-57.89152,6.60136],[-57.89157,6.60138],[-57.89163,6.60106],[-57.89184,6.59995],[-57.8924,6.597],[-57.89297,6.59334],[-57.8944,6.58903],[-57.89461,6.58683],[-57.89361,6.58375],[-57.8924,6.58055],[-57.89077,6.57525],[-57.89013,6.56912],[-57.88905,6.56136],[-57.88776,6.55648],[-57.88314,6.54857],[-57.87934,6.54491],[-57.87807,6.5431],[-57.87747,6.54002],[-57.87735,6.53996],[-57.87817,6.53747],[-57.87941,6.53298],[-57.88057,6.5293],[-57.88229,6.52867],[-57.89287,6.52999],[-57.89557,6.52977],[-57.90183,6.52664],[-57.90538,6.52833],[-57.91043,6.53375],[-57.91448,6.53641],[-57.91825,6.53693],[-57.92114,6.53402],[-57.92311,6.52614],[-57.92476,6.52335],[-57.92709,6.52213],[-57.93225,6.52363],[-57.93386,6.53476],[-57.93719,6.53715],[-57.94809,6.53784],[-57.95162,6.53685],[-57.95634,6.53198],[-57.95635,6.53192],[-57.95798,6.52984],[-57.9577,6.52803],[-57.95408,6.52406],[-57.94678,6.52021],[-57.94471,6.51813],[-57.94096,6.50456],[-57.94056,6.50112],[-57.94088,6.49926],[-57.94155,6.49627],[-57.94466,6.49252],[-57.94887,6.48693],[-57.94948,6.48594],[-57.94932,6.48438],[-57.9483,6.48271],[-57.94387,6.47943],[-57.94265,6.47789],[-57.94257,6.47759],[-57.94218,6.47617],[-57.94217,6.47614],[-57.94252,6.47442],[-57.94339,6.47302],[-57.94639,6.46981],[-57.95046,6.47154],[-57.95419,6.47189],[-57.95492,6.47057],[-57.95533,6.46713],[-57.95569,6.46482],[-57.95605,6.46288],[-57.95624,6.46117],[-57.9568,6.4597],[-57.95654,6.45777],[-57.955,6.4573],[-57.95344,6.45785],[-57.95199,6.45955],[-57.9486,6.46052],[-57.94318,6.459],[-57.94161,6.45614],[-57.94147,6.45318],[-57.9414,6.45182],[-57.94206,6.44849],[-57.94256,6.44614],[-57.94693,6.44597],[-57.9512,6.44791],[-57.95545,6.44823],[-57.95756,6.446],[-57.96365,6.44556],[-57.96897,6.44151],[-57.97107,6.44414],[-57.97349,6.44511],[-57.97616,6.44777],[-57.97763,6.44682],[-57.9803,6.44078],[-57.98285,6.44274],[-57.98725,6.44146],[-57.98852,6.44444],[-57.99165,6.4461],[-57.99783,6.4468],[-58.00247,6.4506],[-58.00397,6.44941],[-58.00461,6.44327],[-58.00469,6.44144],[-58.0042,6.44059],[-58.00242,6.43771],[-58.00233,6.43647],[-58.00223,6.43522],[-58.00302,6.43358],[-58.00317,6.43351],[-58.00448,6.43291],[-58.00417,6.43079],[-58.00403,6.42989],[-58.00534,6.42741],[-58.00987,6.42993],[-58.01083,6.43308],[-58.01189,6.43446],[-58.01197,6.43551],[-58.01057,6.43636],[-58.01058,6.43659],[-58.01066,6.43797],[-58.01302,6.43959],[-58.01922,6.43916],[-58.02056,6.43837],[-58.05257,6.40452],[-58.07936,6.38443],[-58.09453,6.3563],[-58.09655,6.35077],[-58.10261,6.34073],[-58.11525,6.32314],[-58.11575,6.30858],[-58.11879,6.28245],[-58.12637,6.24527],[-58.13193,6.22718],[-58.14659,6.21311],[-58.1385,6.19201],[-58.13698,6.1694],[-58.13951,6.14829],[-58.13648,6.1302],[-58.1476,6.10708],[-58.15804,6.09508],[-58.15972,6.09314],[-58.13676,6.08699],[-58.13588,6.05304],[-58.13588,6.04447],[-58.13588,6.02815],[-58.14294,6.00883],[-58.13801,5.99083],[-58.13676,5.98629],[-58.11586,5.97663],[-58.11022,5.97749],[-58.11021,5.97755],[-58.10994,5.97839],[-58.10981,5.97895],[-58.10909,5.98132],[-58.10884,5.98199],[-58.10643,5.98736],[-58.10221,5.99487],[-58.09943,5.99742],[-58.09538,5.99892],[-58.08922,6.00255],[-58.07788,6.00368],[-58.07426,6.00485],[-58.07316,6.01204],[-58.06712,6.01875],[-58.06689,6.02252],[-58.06512,6.02558],[-58.0625,6.02732],[-58.05943,6.03259],[-58.05803,6.03744],[-58.05379,6.04238],[-58.05028,6.04794],[-58.04862,6.05545],[-58.0461,6.05718],[-58.04271,6.06443],[-58.04252,6.06516],[-58.04227,6.06655],[-58.04215,6.06758],[-58.04232,6.06854],[-58.04246,6.06937],[-58.0426,6.07012],[-58.04279,6.07107],[-58.0448,6.07694],[-58.04501,6.07856],[-58.04496,6.07911],[-58.04491,6.0797],[-58.04487,6.08022],[-58.04487,6.08054],[-58.04477,6.0812],[-58.04457,6.08188],[-58.04205,6.08543],[-58.04047,6.08907],[-58.03951,6.0938],[-58.03747,6.09728],[-58.03128,6.10115],[-58.02791,6.1049],[-58.0249,6.11002],[-58.02103,6.11889],[-58.01812,6.12258],[-58.01426,6.12545],[-58.01259,6.12443],[-58.00834,6.12859],[-58.00398,6.1291],[-58.00397,6.13233],[-58.00063,6.13249],[-57.99831,6.13553],[-57.99585,6.13471],[-57.99423,6.13422],[-57.99367,6.13452],[-57.9936,6.13471],[-57.99375,6.13588],[-57.99413,6.13611],[-57.99433,6.13671],[-57.99431,6.13685],[-57.99422,6.13709],[-57.99362,6.13749],[-57.99346,6.13814],[-57.99324,6.13762],[-57.99295,6.13782],[-57.99266,6.13779],[-57.99252,6.13785],[-57.99254,6.13796],[-57.99265,6.13806],[-57.99278,6.13822],[-57.99265,6.13826],[-57.99231,6.13824],[-57.99222,6.13834],[-57.99222,6.13854],[-57.99235,6.13864],[-57.9929,6.13882],[-57.99346,6.13909],[-57.99353,6.13929],[-57.99346,6.13938],[-57.9934,6.1395],[-57.99336,6.13966],[-57.99343,6.13988],[-57.99358,6.13996],[-57.99371,6.14022],[-57.99374,6.1404],[-57.99365,6.14051],[-57.99355,6.14062],[-57.99331,6.14059],[-57.99316,6.1407],[-57.99318,6.14085],[-57.99361,6.14117],[-57.9937,6.14129],[-57.99365,6.14148],[-57.99323,6.14177],[-57.99305,6.14203],[-57.99279,6.14208],[-57.99069,6.14242],[-57.99059,6.14304],[-57.98879,6.14301],[-57.98545,6.14783],[-57.98443,6.14562],[-57.97887,6.14629],[-57.97692,6.14382],[-57.97425,6.1445],[-57.97406,6.148],[-57.97206,6.1516],[-57.96892,6.1513],[-57.96848,6.15179],[-57.96838,6.15171],[-57.96819,6.15206],[-57.96817,6.15225],[-57.96824,6.15248],[-57.96991,6.15436],[-57.97114,6.15507],[-57.97155,6.15549],[-57.97167,6.15575],[-57.97169,6.15603],[-57.97161,6.15627],[-57.97158,6.15662],[-57.97159,6.15678],[-57.9717,6.15703],[-57.97186,6.15724],[-57.97205,6.15733],[-57.97255,6.15724],[-57.97302,6.15791],[-57.97308,6.15837],[-57.97304,6.15848],[-57.97273,6.15852],[-57.97234,6.15901],[-57.97106,6.15845],[-57.96777,6.15901],[-57.96346,6.15608],[-57.96177,6.15675],[-57.95795,6.15566],[-57.95697,6.15247],[-57.95437,6.15292],[-57.95303,6.15172],[-57.95202,6.154],[-57.94963,6.15545],[-57.94657,6.1552],[-57.9459,6.15546],[-57.94564,6.15596],[-57.94556,6.15658],[-57.94558,6.15669],[-57.94559,6.15686],[-57.94568,6.15701],[-57.94714,6.158],[-57.9479,6.1594],[-57.94794,6.1597],[-57.94795,6.15999],[-57.94791,6.16012],[-57.94785,6.1603],[-57.94736,6.16144],[-57.94486,6.16347],[-57.93976,6.16048],[-57.93669,6.16255],[-57.93587,6.1626],[-57.93453,6.16154],[-57.93447,6.16131],[-57.93443,6.16079],[-57.93443,6.16064],[-57.93443,6.16048],[-57.93442,6.16033],[-57.93444,6.15996],[-57.93446,6.15985],[-57.9345,6.15956],[-57.9345,6.15909],[-57.93459,6.15844],[-57.93479,6.15766],[-57.93482,6.15743],[-57.93484,6.15708],[-57.93484,6.15692],[-57.93484,6.15691],[-57.93484,6.15678],[-57.93483,6.15664],[-57.93478,6.15638],[-57.93462,6.15594],[-57.93329,6.15505],[-57.93182,6.15596],[-57.93161,6.1617],[-57.92955,6.16695],[-57.92932,6.16774],[-57.92929,6.16795],[-57.92929,6.16813],[-57.92931,6.16832],[-57.92934,6.16842],[-57.92937,6.16886],[-57.92942,6.16915],[-57.92995,6.17053],[-57.93019,6.17096],[-57.93023,6.1711],[-57.93023,6.17124],[-57.93021,6.17141],[-57.93017,6.17156],[-57.93007,6.17246],[-57.92979,6.17336],[-57.92411,6.17751],[-57.92348,6.18177],[-57.92212,6.18269],[-57.91713,6.18142],[-57.91549,6.18235],[-57.91504,6.18334],[-57.91502,6.18355],[-57.915,6.18382],[-57.915,6.18383],[-57.91502,6.18439],[-57.91507,6.18484],[-57.91548,6.18596],[-57.91584,6.1865],[-57.91597,6.18683],[-57.916,6.18695],[-57.91604,6.18721],[-57.91603,6.18733],[-57.91599,6.18743],[-57.91559,6.18783],[-57.91374,6.18888],[-57.91059,6.18743],[-57.90928,6.18405],[-57.90549,6.18615],[-57.90208,6.18459],[-57.89886,6.18651],[-57.89843,6.18786],[-57.89742,6.18823],[-57.89725,6.18851],[-57.89724,6.18862],[-57.89726,6.18887],[-57.89735,6.18917],[-57.89805,6.19005],[-57.89867,6.19025],[-57.90152,6.18921],[-57.90649,6.19298],[-57.9067,6.19351],[-57.90683,6.19401],[-57.90687,6.19423],[-57.90689,6.19433],[-57.90687,6.19445],[-57.90679,6.19466],[-57.90673,6.19499],[-57.90527,6.19669],[-57.90512,6.197],[-57.9049,6.19763],[-57.90489,6.19775],[-57.90489,6.19786],[-57.9049,6.19797],[-57.90491,6.19809],[-57.90499,6.19864],[-57.90593,6.20068],[-57.90696,6.2017],[-57.91048,6.20193],[-57.91114,6.20269],[-57.91116,6.2028],[-57.91117,6.20292],[-57.91121,6.20325],[-57.91121,6.20326],[-57.91121,6.20337],[-57.91119,6.20348],[-57.91063,6.20471],[-57.90862,6.20784],[-57.9048,6.20869],[-57.89988,6.20803],[-57.89822,6.20891],[-57.89799,6.20956],[-57.89798,6.20967],[-57.89796,6.20989],[-57.89796,6.21001],[-57.89798,6.21012],[-57.89799,6.21023],[-57.89876,6.21161],[-57.89974,6.21268],[-57.90722,6.21507],[-57.91098,6.21565],[-57.9133,6.21798],[-57.91532,6.22424],[-57.91966,6.22676],[-57.92038,6.22809],[-57.92042,6.22849],[-57.92044,6.22912],[-57.92037,6.22947],[-57.92031,6.23015],[-57.91883,6.23183],[-57.916,6.2315],[-57.91285,6.2292],[-57.91166,6.22965],[-57.91137,6.23],[-57.91121,6.23039],[-57.91119,6.23099],[-57.91125,6.23135],[-57.91181,6.23325],[-57.91227,6.23513],[-57.91228,6.2356],[-57.91225,6.23602],[-57.91222,6.2363],[-57.91168,6.23719],[-57.909,6.23748],[-57.90395,6.23552],[-57.90212,6.23747],[-57.90144,6.24156],[-57.90019,6.24362],[-57.8975,6.24367],[-57.89534,6.23998],[-57.8922,6.2369],[-57.88722,6.23637],[-57.88327,6.23882],[-57.88051,6.24268],[-57.87655,6.2423],[-57.87501,6.243],[-57.8749,6.24347],[-57.87491,6.24384],[-57.87495,6.24411],[-57.87575,6.24592],[-57.87622,6.24675],[-57.8777,6.24824],[-57.87788,6.2491],[-57.87787,6.24926],[-57.87782,6.24948],[-57.87754,6.25016],[-57.87683,6.25112],[-57.87402,6.25363],[-57.87386,6.25405],[-57.87372,6.25475],[-57.87374,6.25494],[-57.87379,6.25503],[-57.87441,6.25562],[-57.87553,6.25739],[-57.87692,6.26008],[-57.88032,6.26435],[-57.8825,6.26928],[-57.88292,6.26988],[-57.88311,6.27044],[-57.88329,6.27131],[-57.8834,6.27189],[-57.88341,6.27218],[-57.88341,6.27233],[-57.88339,6.27248],[-57.88286,6.2735],[-57.88042,6.27584],[-57.87978,6.27664],[-57.87964,6.2769],[-57.87946,6.27713],[-57.87939,6.27726],[-57.87938,6.27741],[-57.87939,6.27755],[-57.87976,6.27817],[-57.88049,6.28026],[-57.88227,6.28412],[-57.88227,6.28457],[-57.8823,6.28471],[-57.88232,6.28486],[-57.88233,6.28501],[-57.88233,6.28515],[-57.88215,6.28632],[-57.8821,6.28661],[-57.88205,6.28705],[-57.88015,6.29431],[-57.87966,6.2991],[-57.87856,6.3016],[-57.87462,6.30488],[-57.86962,6.30611],[-57.86789,6.30714],[-57.86783,6.30745],[-57.86705,6.30844],[-57.86684,6.30881],[-57.86674,6.30911],[-57.86675,6.30911],[-57.86675,6.30935],[-57.86697,6.30973],[-57.86706,6.31012],[-57.86707,6.31067],[-57.86706,6.31093],[-57.86702,6.31142],[-57.867,6.312],[-57.86695,6.31216],[-57.86698,6.3124],[-57.86694,6.31257],[-57.86692,6.31276],[-57.86694,6.31301],[-57.86707,6.31381],[-57.86738,6.31477],[-57.86751,6.31565],[-57.86753,6.31583],[-57.86753,6.31609],[-57.86749,6.31639],[-57.86744,6.31663],[-57.8638,6.31566],[-57.85706,6.31725],[-57.84997,6.32296],[-57.84324,6.32948],[-57.83448,6.33561],[-57.82915,6.33845],[-57.81868,6.34603],[-57.80906,6.35363],[-57.80187,6.35793],[-57.7994,6.35832],[-57.79513,6.35567],[-57.79282,6.35084],[-57.79179,6.34194],[-57.78918,6.33242],[-57.7869,6.32679],[-57.77803,6.30129],[-57.77669,6.29858],[-57.77655,6.29813],[-57.77647,6.29789],[-57.77936,6.29662],[-57.78579,6.28963],[-57.79025,6.28328],[-57.79503,6.2749],[-57.80034,6.26756],[-57.80243,6.26126],[-57.80642,6.25347],[-57.81124,6.24099],[-57.81522,6.2277],[-57.81539,6.22653],[-57.81552,6.22539],[-57.8155,6.22419],[-57.81559,6.22346],[-57.81579,6.22216],[-57.81564,6.22076],[-57.81532,6.21898],[-57.81523,6.21818],[-57.81516,6.21728],[-57.8151,6.2163],[-57.81512,6.21543],[-57.81523,6.21342],[-57.81524,6.21253],[-57.81522,6.21153],[-57.81461,6.20854],[-57.81452,6.20778],[-57.81441,6.20644],[-57.81443,6.20523],[-57.81455,6.20444],[-57.81578,6.19922],[-57.81606,6.1925],[-57.81803,6.18738],[-57.81827,6.18655],[-57.81818,6.18565],[-57.81805,6.18462],[-57.81753,6.18281],[-57.81603,6.17954],[-57.81527,6.1749],[-57.81339,6.16814],[-57.80785,6.16081],[-57.8073,6.15929],[-57.80719,6.15856],[-57.80717,6.15771],[-57.8076,6.15645],[-57.81202,6.14966],[-57.81456,6.14052],[-57.81719,6.13655],[-57.82156,6.13202],[-57.82479,6.12949],[-57.82908,6.12262],[-57.83247,6.12105],[-57.83337,6.11903],[-57.83469,6.11807],[-57.83583,6.1163],[-57.83604,6.11549],[-57.83562,6.11448],[-57.83549,6.11373],[-57.83566,6.11304],[-57.83661,6.1103],[-57.83758,6.10912],[-57.84638,6.10852],[-57.85225,6.10521],[-57.8576,6.09854],[-57.86506,6.09292],[-57.86752,6.0899],[-57.87004,6.08865],[-57.87653,6.08333],[-57.87896,6.08239],[-57.88418,6.08367],[-57.8887,6.08197],[-57.89175,6.07674],[-57.898,6.07175],[-57.89827,6.0711],[-57.8984,6.07045],[-57.89841,6.07029],[-57.8984,6.07008],[-57.89837,6.06961],[-57.89819,6.06874],[-57.89542,6.06358],[-57.89326,6.06106],[-57.89284,6.06033],[-57.89265,6.05981],[-57.89262,6.05968],[-57.89262,6.05939],[-57.89265,6.05923],[-57.89275,6.05898],[-57.89296,6.0586],[-57.89379,6.0579],[-57.89792,6.05688],[-57.90351,6.05347],[-57.91871,6.04984],[-57.9221,6.04773],[-57.92361,6.04616],[-57.92426,6.04511],[-57.92437,6.04485],[-57.92459,6.04403],[-57.92455,6.04378],[-57.92457,6.04356],[-57.9247,6.0431],[-57.92475,6.04255],[-57.92469,6.04192],[-57.92345,6.03755],[-57.92331,6.0363],[-57.92331,6.03579],[-57.92331,6.03503],[-57.92331,6.03454],[-57.92361,6.03309],[-57.92448,6.03064],[-57.92788,6.02577],[-57.92925,6.02348],[-57.92935,6.02279],[-57.92936,6.02251],[-57.92936,6.02221],[-57.92934,6.02183],[-57.92928,6.0211],[-57.92923,6.02064],[-57.929,6.01957],[-57.92714,6.0164],[-57.92329,6.01307],[-57.918,6.00612],[-57.91792,6.00434],[-57.91788,6.00411],[-57.91778,6.00387],[-57.91753,6.00298],[-57.91745,6.00275],[-57.91744,6.00262],[-57.91747,6.00251],[-57.91764,6.00233],[-57.9204,6.00116],[-57.92588,5.99684],[-57.93238,5.99452],[-57.93442,5.99305],[-57.935,5.99207],[-57.93544,5.99037],[-57.93544,5.99014],[-57.9355,5.9897],[-57.93555,5.98919],[-57.93554,5.989],[-57.93543,5.98855],[-57.93393,5.9852],[-57.93382,5.98471],[-57.93382,5.98451],[-57.93385,5.9843],[-57.93419,5.98333],[-57.9366,5.98026],[-57.93662,5.98],[-57.93662,5.97979],[-57.9366,5.97949],[-57.93649,5.97906],[-57.93634,5.97874],[-57.93503,5.97735],[-57.92672,5.97419],[-57.92266,5.97026],[-57.92132,5.96786],[-57.92118,5.96698],[-57.92117,5.96641],[-57.9212,5.96586],[-57.92127,5.96531],[-57.92173,5.96425],[-57.92603,5.96033],[-57.92882,5.95525],[-57.93011,5.95151],[-57.93404,5.94939],[-57.93678,5.94438],[-57.94206,5.9381],[-57.94517,5.93539],[-57.9516,5.93289],[-57.95596,5.93205],[-57.96281,5.93079],[-57.96376,5.9306],[-57.95866,5.92685],[-57.95631,5.91163],[-57.94777,5.90489],[-57.94352,5.90489],[-57.94304,5.90546],[-57.94055,5.90629],[-57.93578,5.90963],[-57.9333,5.91337],[-57.92541,5.91754],[-57.92189,5.92046],[-57.91878,5.92545],[-57.9165,5.92775],[-57.90535,5.94084],[-57.90068,5.94325],[-57.89816,5.94556],[-57.89402,5.9471],[-57.88877,5.9504],[-57.8819,5.94953],[-57.87534,5.94981],[-57.8722,5.95049],[-57.86732,5.94948],[-57.86319,5.95085],[-57.85856,5.9538],[-57.85496,5.95685],[-57.85163,5.96308],[-57.84768,5.96077],[-57.84503,5.96062],[-57.84098,5.95894],[-57.83992,5.95618],[-57.83613,5.95458],[-57.8338,5.95516],[-57.83253,5.95266],[-57.8312,5.95332],[-57.82722,5.9525],[-57.82639,5.95053],[-57.8245,5.95117],[-57.82314,5.95107],[-57.82302,5.95081],[-57.82299,5.95066],[-57.82301,5.95055],[-57.82314,5.95032],[-57.82322,5.95002],[-57.82347,5.94941],[-57.82374,5.94897],[-57.82395,5.94871],[-57.824,5.94856],[-57.82391,5.94813],[-57.82385,5.94792],[-57.82382,5.94769],[-57.8237,5.94733],[-57.82259,5.94694],[-57.81989,5.94817],[-57.81629,5.94509],[-57.81382,5.94789],[-57.81067,5.94775],[-57.80709,5.94607],[-57.80501,5.94659],[-57.80399,5.94776],[-57.80368,5.94838],[-57.80306,5.94893],[-57.80275,5.94915],[-57.79585,5.95615],[-57.7953,5.95671],[-57.79575,5.95685],[-57.79593,5.95689],[-57.79614,5.95716],[-57.79641,5.9573],[-57.79793,5.95763],[-57.79823,5.9582],[-57.79825,5.9585],[-57.79828,5.95876],[-57.79827,5.95886],[-57.79823,5.95912],[-57.7982,5.95938],[-57.79817,5.95956],[-57.79692,5.96187],[-57.79651,5.96325],[-57.79649,5.96583],[-57.79501,5.96779],[-57.79463,5.96877],[-57.79438,5.97044],[-57.7944,5.97055],[-57.79445,5.97068],[-57.79479,5.97117],[-57.7975,5.97277],[-57.79799,5.97328],[-57.79814,5.97355],[-57.79818,5.97364],[-57.7982,5.97374],[-57.7982,5.97385],[-57.79819,5.97395],[-57.79818,5.97405],[-57.7981,5.97434],[-57.79803,5.97484],[-57.79743,5.97635],[-57.79733,5.97685],[-57.79724,5.97749],[-57.79724,5.97759],[-57.79726,5.97789],[-57.79732,5.9782],[-57.79776,5.97911],[-57.79871,5.98016],[-57.80347,5.98176],[-57.80468,5.98304],[-57.80481,5.98319],[-57.80489,5.98338],[-57.8049,5.98348],[-57.8049,5.98358],[-57.80488,5.98368],[-57.80432,5.98452],[-57.80425,5.98482],[-57.8033,5.98626],[-57.80324,5.98646],[-57.80324,5.98656],[-57.80324,5.98666],[-57.80325,5.98676],[-57.8034,5.98714],[-57.80375,5.98764],[-57.80504,5.98908],[-57.80602,5.99051],[-57.80628,5.99095],[-57.80631,5.99105],[-57.80634,5.99115],[-57.80636,5.99125],[-57.80635,5.99135],[-57.80631,5.99157],[-57.80621,5.99197],[-57.80613,5.99267],[-57.80589,5.99335],[-57.80334,5.99663],[-57.79967,5.9993],[-57.79681,6.00043],[-57.79638,6.00627],[-57.78791,6.01091],[-57.78551,6.01291],[-57.78144,6.01467],[-57.77545,6.01614],[-57.77197,6.01589],[-57.77155,6.01627],[-57.7714,6.01651],[-57.77135,6.01687],[-57.77142,6.0174],[-57.77155,6.01807],[-57.77288,6.02028],[-57.77447,6.02198],[-57.77457,6.02232],[-57.77459,6.02248],[-57.7746,6.02269],[-57.77462,6.02284],[-57.77463,6.02305],[-57.77461,6.0233],[-57.77457,6.02362],[-57.77457,6.02378],[-57.77417,6.02562],[-57.77415,6.02576],[-57.77414,6.02589],[-57.77417,6.02618],[-57.77428,6.02729],[-57.77655,6.03382],[-57.77805,6.03561],[-57.78211,6.03572],[-57.78445,6.03774],[-57.78502,6.03867],[-57.78543,6.03965],[-57.78548,6.04002],[-57.78553,6.04028],[-57.78552,6.04049],[-57.78548,6.04071],[-57.78527,6.04179],[-57.78506,6.04247],[-57.78498,6.04323],[-57.78486,6.04351],[-57.78472,6.04378],[-57.78467,6.04391],[-57.7847,6.04414],[-57.78496,6.04483],[-57.78521,6.04605],[-57.78637,6.04716],[-57.78851,6.05193],[-57.79116,6.05072],[-57.79353,6.04632],[-57.79469,6.04667],[-57.79704,6.05393],[-57.79911,6.05742],[-57.804,6.05951],[-57.8047,6.0604],[-57.80517,6.06182],[-57.80522,6.06206],[-57.80522,6.06218],[-57.80519,6.0623],[-57.80516,6.06241],[-57.80503,6.06257],[-57.80374,6.06285],[-57.80133,6.06446],[-57.79946,6.06991],[-57.79743,6.07103],[-57.79263,6.07132],[-57.78547,6.06869],[-57.78371,6.06941],[-57.77944,6.06795],[-57.77858,6.07284],[-57.7761,6.07367],[-57.77386,6.07588],[-57.76601,6.0788],[-57.76503,6.08222],[-57.7604,6.0861],[-57.75941,6.09121],[-57.75842,6.09217],[-57.75217,6.0917],[-57.75048,6.09005],[-57.74625,6.09228],[-57.74611,6.09247],[-57.74607,6.09259],[-57.74604,6.09292],[-57.74622,6.09448],[-57.74646,6.0951],[-57.74649,6.09536],[-57.74652,6.09547],[-57.7465,6.09562],[-57.74648,6.09579],[-57.74624,6.0962],[-57.7457,6.09647],[-57.7448,6.09645],[-57.7374,6.09358],[-57.73613,6.09678],[-57.73595,6.09759],[-57.73592,6.09777],[-57.73588,6.09815],[-57.73588,6.09816],[-57.73599,6.09847],[-57.73607,6.0986],[-57.73698,6.09941],[-57.73766,6.10038],[-57.73882,6.10444],[-57.74133,6.1051],[-57.74199,6.10575],[-57.74201,6.10608],[-57.74187,6.1063],[-57.74179,6.1064],[-57.74159,6.10653],[-57.73997,6.10718],[-57.73743,6.10926],[-57.73081,6.1071],[-57.72969,6.1052],[-57.7193,6.10858],[-57.71883,6.11183],[-57.71881,6.11215],[-57.71885,6.11238],[-57.71886,6.11313],[-57.7192,6.11382],[-57.72053,6.11459],[-57.72078,6.11506],[-57.72084,6.11545],[-57.72073,6.11571],[-57.71986,6.1165],[-57.71425,6.11784],[-57.71091,6.11778],[-57.7087,6.11944],[-57.70493,6.1209],[-57.70425,6.12121],[-57.70413,6.12136],[-57.70413,6.12151],[-57.70418,6.12166],[-57.70419,6.12183],[-57.70451,6.12255],[-57.70724,6.1253],[-57.71225,6.13885],[-57.71256,6.141],[-57.71391,6.14394],[-57.71444,6.14639],[-57.71488,6.14709],[-57.71573,6.14983],[-57.71604,6.15019],[-57.71635,6.15175],[-57.71642,6.15242],[-57.71641,6.15311],[-57.71626,6.15391],[-57.71624,6.15432],[-57.71624,6.15462],[-57.71626,6.15484],[-57.71656,6.15587],[-57.71685,6.15699],[-57.71762,6.15841],[-57.71971,6.16387],[-57.72062,6.16824],[-57.72059,6.16843],[-57.72057,6.16857],[-57.72051,6.16875],[-57.72013,6.16908],[-57.71746,6.16988],[-57.71322,6.17021],[-57.70994,6.17198],[-57.70646,6.17257],[-57.7033,6.17219],[-57.7013,6.17279],[-57.70124,6.17288],[-57.70121,6.17305],[-57.70117,6.17324],[-57.70117,6.17365],[-57.70142,6.17456],[-57.70252,6.17585],[-57.7027,6.17867],[-57.70256,6.1791],[-57.70247,6.17981],[-57.70208,6.18034],[-57.70143,6.1831],[-57.70059,6.18771],[-57.6915,6.19086],[-57.68617,6.19185],[-57.68519,6.1925],[-57.68443,6.19338],[-57.6843,6.19342],[-57.68416,6.19358],[-57.68413,6.19368],[-57.68423,6.19408],[-57.68439,6.1945],[-57.68434,6.19512],[-57.68417,6.19588],[-57.68362,6.19767],[-57.68341,6.20002],[-57.68367,6.20183],[-57.68358,6.20198],[-57.68337,6.2021],[-57.68339,6.20222],[-57.6838,6.20311],[-57.6844,6.20497],[-57.68842,6.21297],[-57.68925,6.21552],[-57.68991,6.22388],[-57.69124,6.23004],[-57.69321,6.23521],[-57.69346,6.23647],[-57.69362,6.23782],[-57.69348,6.23911],[-57.69337,6.24014],[-57.6932,6.24281],[-57.69323,6.24403],[-57.69353,6.24755],[-57.69405,6.25229],[-57.69414,6.25714],[-57.69463,6.2591],[-57.69487,6.26121],[-57.69487,6.26122],[-57.69476,6.2626],[-57.69476,6.26382],[-57.69461,6.26546],[-57.69468,6.26956],[-57.69511,6.27099],[-57.69539,6.27263],[-57.69541,6.27349],[-57.69541,6.27421],[-57.69532,6.27489],[-57.69528,6.2757],[-57.69407,6.27821],[-57.69348,6.28176],[-57.69332,6.28338],[-57.69326,6.28438],[-57.69328,6.28513],[-57.69334,6.28655],[-57.69312,6.28724],[-57.69334,6.28788],[-57.69352,6.28872],[-57.69368,6.28949],[-57.69363,6.29019],[-57.69374,6.29085],[-57.69378,6.29232],[-57.69379,6.29313],[-57.69374,6.29383],[-57.69368,6.2956],[-57.69376,6.29627],[-57.69326,6.29728],[-57.69166,6.29794],[-57.69056,6.29922],[-57.68979,6.30141],[-57.68963,6.30229],[-57.6896,6.30332],[-57.6897,6.3063],[-57.69031,6.31071],[-57.69209,6.31531],[-57.69962,6.32438],[-57.69968,6.32481],[-57.69968,6.32523],[-57.69935,6.32591],[-57.69891,6.32698],[-57.69777,6.3291],[-57.69738,6.33075],[-57.69731,6.33165],[-57.69739,6.33244],[-57.69743,6.33283],[-57.6977,6.33295],[-57.69822,6.33588],[-57.70173,6.34278],[-57.70235,6.34476],[-57.70242,6.34507],[-57.70244,6.34535],[-57.70243,6.34563],[-57.7024,6.34622],[-57.7023,6.34679],[-57.70222,6.34689],[-57.70219,6.34701],[-57.70224,6.3471],[-57.70232,6.34718],[-57.70231,6.34738],[-57.70226,6.34752],[-57.70212,6.34767],[-57.70193,6.34826],[-57.70166,6.34956],[-57.70153,6.35229],[-57.70173,6.35531],[-57.70265,6.36336],[-57.70305,6.37378],[-57.70372,6.3775],[-57.7072,6.38434],[-57.70823,6.38787],[-57.70834,6.38862],[-57.70836,6.38964],[-57.70823,6.39082],[-57.70821,6.39178],[-57.70791,6.39409],[-57.70546,6.39822],[-57.70514,6.40097],[-57.70514,6.40279],[-57.70535,6.40384],[-57.70549,6.40423],[-57.70584,6.40568],[-57.70681,6.40861],[-57.70966,6.4135],[-57.71018,6.42017],[-57.71117,6.42291],[-57.7138,6.42668],[-57.7191,6.42936],[-57.7213,6.4331],[-57.72223,6.43698],[-57.72243,6.43816],[-57.72247,6.43853],[-57.72247,6.43856],[-57.72412,6.43678],[-57.73862,6.4406],[-57.74621,6.43896],[-57.75675,6.4364],[-57.76197,6.43539],[-57.76735,6.43439],[-57.77495,6.43277],[-57.77965,6.4318],[-57.79061,6.42962],[-57.79061,6.43088],[-57.78907,6.43732],[-57.78874,6.43956],[-57.7888,6.44196],[-57.79105,6.4531],[-57.79209,6.46107],[-57.7933,6.46353],[-57.7983,6.46926],[-57.80099,6.47303],[-57.80198,6.47538],[-57.80209,6.47685],[-57.80204,6.47844],[-57.80187,6.4798],[-57.80127,6.48084],[-57.80099,6.48221],[-57.80083,6.48308],[-57.80105,6.48477],[-57.80319,6.48925],[-57.80451,6.49231],[-57.80567,6.49542],[-57.80572,6.49624],[-57.80561,6.49766],[-57.80413,6.50224],[-57.80343,6.50299],[-57.80342,6.503],[-57.80336,6.50306],[-57.80259,6.50394],[-57.80173,6.50479],[-57.80171,6.50481],[-57.8014,6.50533],[-57.8012,6.50565],[-57.80106,6.50589],[-57.80105,6.5059],[-57.80069,6.50685],[-57.80064,6.50696],[-57.80061,6.50704],[-57.80061,6.50705],[-57.8006,6.50713],[-57.8006,6.5072],[-57.80056,6.50756],[-57.8005,6.50825],[-57.80045,6.50945],[-57.8005,6.51065],[-57.80067,6.51185],[-57.80067,6.51294],[-57.80067,6.51295],[-57.8011,6.51393],[-57.80116,6.51524],[-57.80083,6.51649],[-57.79993,6.51764],[-57.80228,6.5178],[-57.82382,6.52381],[-57.82912,6.52517],[-57.83238,6.52599],[-57.83621,6.52695],[-57.84373,6.52888],[-57.8489,6.53034],[-57.84859,6.53127],[-57.84859,6.53128],[-57.84938,6.53149],[-57.85052,6.53181],[-57.8585,6.53406],[-57.85716,6.53837],[-57.85626,6.54137],[-57.85442,6.54644],[-57.85327,6.55044],[-57.85083,6.55804],[-57.85003,6.5608],[-57.84825,6.56615],[-57.85735,6.56882],[-57.85697,6.57023],[-57.85554,6.57527],[-57.85471,6.5787]]]},"properties":{"ID":"513","NAME":"Rest of Region 5","STATUS":"Not Classified","REGION":"Mahaica-Berbice"}},
{"type":"Feature","geometry":{"type":"Polygon","coordinates":[[[-57.62392,6.3271],[-57.62316,6.32773],[-57.62282,6.32741],[-57.60729,6.32577],[-57.58186,6.32403],[-57.56623,6.32303],[-57.5614,6.3229],[-57.56042,6.32293],[-57.55977,6.32291],[-57.55937,6.32292],[-57.56026,6.32462],[-57.56055,6.32567],[-57.56132,6.32575],[-57.56514,6.33542],[-57.56775,6.34607],[-57.56777,6.34607],[-57.56982,6.34621],[-57.56983,6.34621],[-57.57636,6.34667],[-57.57777,6.34677],[-57.57872,6.34684],[-57.6005,6.34854],[-57.61521,6.33497],[-57.61619,6.33408],[-57.62392,6.3271]]]},"properties":{"ID":"503","NAME":"Woodlands - Bell Air","STATUS":"Neighbourhood Democratic Council","REGION":"Mahaica-Berbice"}},
{"type":"Feature","geometry":{"type":"Polygon","coordinates":[[[-57.62392,6.3271],[-57.62419,6.32688],[-57.62418,6.32687],[-57.6242,6.32685],[-57.6231,6.32565],[-57.62056,6.32286],[-57.61986,6.32199],[-57.61984,6.32196],[-57.61979,6.3219],[-57.60551,6.30387],[-57.6004,6.29744],[-57.59575,6.2912],[-57.59249,6.28681],[-57.59186,6.28599],[-57.59176,6.28629],[-57.59165,6.28616],[-57.56178,6.27782],[-57.55433,6.27584],[-57.54441,6.27304],[-57.54106,6.27211],[-57.5406,6.27198],[-57.53962,6.27136],[-57.53805,6.27073],[-57.53685,6.27012],[-57.53643,6.2699],[-57.53549,6.26948],[-57.53469,6.26915],[-57.53461,6.26911],[-57.53365,6.27312],[-57.53387,6.27826],[-57.53498,6.2811],[-57.53479,6.28569],[-57.53619,6.29224],[-57.54575,6.30319],[-57.54908,6.30916],[-57.55593,6.31888],[-57.5565,6.32295],[-57.55785,6.3229],[-57.55912,6.32293],[-57.55937,6.32292],[-57.55977,6.32291],[-57.56042,6.32293],[-57.5614,6.3229],[-57.56623,6.32303],[-57.58186,6.32403],[-57.60729,6.32577],[-57.62282,6.32741],[-57.62316,6.32773],[-57.62392,6.3271]]]},"properties":{"ID":"502","NAME":"Zeelust / Rosignol","STATUS":"Neighbourhood Democratic Council","REGION":"Mahaica-Berbice"}},
{"type":"Feature","geometry":{"type":"Polygon","coordinates":[[[-58.07346,4.69677],[-58.06827,4.6816],[-58.06263,4.66444],[-58.05603,4.6629],[-58.05464,4.66217],[-58.0491,4.65927],[-58.04656,4.65794],[-58.03731,4.65436],[-58.02529,4.651],[-57.99637,4.64293],[-57.98721,4.64055],[-57.97645,4.63583],[-57.95837,4.62921],[-57.93799,4.62235],[-57.92906,4.61904],[-57.92151,4.61551],[-57.91259,4.6108],[-57.9048,4.60796],[-57.89358,4.60558],[-57.88235,4.60459],[-57.87294,4.60756],[-57.86445,4.61241],[-57.85419,4.61513],[-57.84889,4.62417],[-57.84472,4.63361],[-57.84361,4.63917],[-57.84139,4.64389],[-57.83861,4.65472],[-57.83778,4.66083],[-57.83861,4.66694],[-57.84,4.6725],[-57.84389,4.68222],[-57.84778,4.68556],[-57.85028,4.68972],[-57.85389,4.69306],[-57.8675,4.71361],[-57.86944,4.71833],[-57.87194,4.7225],[-57.875,4.73333],[-57.87583,4.73944],[-57.87833,4.75028],[-57.88444,4.76472],[-57.88722,4.76889],[-57.89056,4.77222],[-57.90028,4.77639],[-57.90583,4.77778],[-57.91194,4.77833],[-57.9175,4.77972],[-57.92083,4.78306],[-57.92444,4.79333],[-57.92639,4.805],[-57.92444,4.81667],[-57.92278,4.82194],[-57.91806,4.83167],[-57.91,4.84389],[-57.90417,4.85222],[-57.90083,4.85556],[-57.89806,4.85972],[-57.88806,4.87],[-57.88444,4.87333],[-57.88194,4.8775],[-57.875,4.88417],[-57.87194,4.88833],[-57.86389,4.89639],[-57.85306,4.91278],[-57.84972,4.91639],[-57.84389,4.92444],[-57.84056,4.92806],[-57.83667,4.93056],[-57.83167,4.93139],[-57.82611,4.93139],[-57.81528,4.92861],[-57.80556,4.92444],[-57.79472,4.92194],[-57.78861,4.92111],[-57.77611,4.92111],[-57.76667,4.92528],[-57.75833,4.93056],[-57.755,4.93417],[-57.75306,4.93889],[-57.75361,4.945],[-57.75556,4.94972],[-57.755,4.95583],[-57.74944,4.96417],[-57.74611,4.9675],[-57.74278,4.96944],[-57.73028,4.97778],[-57.72694,4.98111],[-57.72278,4.98389],[-57.71528,4.99],[-57.71194,4.99333],[-57.69944,5.00167],[-57.69611,5.005],[-57.68778,5.01056],[-57.6825,5.01194],[-57.67639,5.0125],[-57.67,5.01194],[-57.66528,5.00972],[-57.65972,5.00833],[-57.655,5.00639],[-57.64417,5.00361],[-57.63389,5.00028],[-57.62389,4.99611],[-57.62,4.99333],[-57.60778,4.99194],[-57.59528,4.99333],[-57.58972,4.99472],[-57.58028,4.99889],[-57.57472,5.00028],[-57.56768,5.0007],[-57.54999,5.00405],[-57.54558,5.00901],[-57.53215,5.01057],[-57.52625,5.00958],[-57.52111,5.00786],[-57.51808,5.00493],[-57.51658,5.00103],[-57.51292,4.99605],[-57.50568,4.99404],[-57.49667,4.99333],[-57.49111,4.99194],[-57.48639,4.99],[-57.48028,4.98944],[-57.47333,4.98944],[-57.45562,4.99195],[-57.45024,4.99351],[-57.44194,4.99472],[-57.43639,4.99333],[-57.43167,4.99139],[-57.42611,4.99],[-57.42,4.98944],[-57.41389,4.99],[-57.40889,4.99194],[-57.40472,4.99472],[-57.40139,4.99833],[-57.39333,5.00361],[-57.39038,5.00767],[-57.38602,5.00946],[-57.37886,5.01399],[-57.37114,5.01576],[-57.36384,5.014],[-57.35889,5.01207],[-57.35361,5.01194],[-57.34861,5.01389],[-57.34265,5.01518],[-57.33884,5.01867],[-57.33581,5.02361],[-57.33556,5.0314],[-57.33041,5.03517],[-57.31995,5.03291],[-57.31379,5.02769],[-57.30755,5.0169],[-57.30134,5.01282],[-57.2926,5.01319],[-57.28717,5.01541],[-57.285,5.02],[-57.28417,5.02611],[-57.28596,5.03815],[-57.29025,5.04488],[-57.29417,5.04945],[-57.29912,5.05266],[-57.3046,5.054],[-57.31311,5.05681],[-57.3161,5.05867],[-57.32194,5.06389],[-57.32314,5.08247],[-57.32234,5.08946],[-57.32075,5.0938],[-57.31759,5.09956],[-57.31483,5.10318],[-57.30718,5.11182],[-57.30139,5.11778],[-57.29778,5.12778],[-57.2975,5.13417],[-57.29667,5.14028],[-57.29667,5.16083],[-57.29598,5.16806],[-57.29142,5.17547],[-57.28833,5.17779],[-57.2711,5.18047],[-57.26359,5.18219],[-57.25795,5.17968],[-57.25417,5.17583],[-57.24076,5.16694],[-57.23545,5.16183],[-57.23462,5.15653],[-57.23509,5.15167],[-57.2337,5.14627],[-57.23278,5.13841],[-57.22982,5.13066],[-57.22046,5.13057],[-57.21325,5.13641],[-57.20962,5.14891],[-57.20624,5.15176],[-57.1865,5.15623],[-57.1785,5.16107],[-57.17628,5.16942],[-57.17728,5.17974],[-57.18029,5.19577],[-57.18431,5.2001],[-57.1883,5.20531],[-57.1949,5.21077],[-57.19999,5.21813],[-57.20697,5.22434],[-57.21201,5.2345],[-57.21326,5.23975],[-57.21441,5.25156],[-57.21952,5.25888],[-57.22207,5.26325],[-57.22616,5.26669],[-57.23747,5.27303],[-57.24205,5.27636],[-57.2525,5.27905],[-57.25802,5.27725],[-57.26387,5.27368],[-57.26709,5.2701],[-57.26878,5.26466],[-57.26917,5.25472],[-57.26778,5.24944],[-57.26444,5.24611],[-57.25917,5.23778],[-57.25611,5.23361],[-57.255,5.22833],[-57.25766,5.22409],[-57.26119,5.22268],[-57.26747,5.2226],[-57.27688,5.22507],[-57.28152,5.23257],[-57.28654,5.23978],[-57.29111,5.25083],[-57.29111,5.26444],[-57.28917,5.28278],[-57.28639,5.29389],[-57.285,5.30611],[-57.28537,5.31445],[-57.28672,5.32016],[-57.29152,5.32576],[-57.29769,5.32699],[-57.30456,5.32414],[-57.31191,5.31927],[-57.31722,5.31643],[-57.32513,5.31397],[-57.33485,5.31667],[-57.3374,5.32123],[-57.33778,5.32574],[-57.33592,5.33058],[-57.33111,5.33615],[-57.32667,5.34301],[-57.31585,5.3521],[-57.30833,5.35528],[-57.29944,5.36],[-57.29111,5.36528],[-57.28639,5.3675],[-57.27806,5.37306],[-57.27027,5.37996],[-57.26737,5.38402],[-57.26518,5.39722],[-57.265,5.40778],[-57.26361,5.41306],[-57.26306,5.41917],[-57.26433,5.43194],[-57.26394,5.43705],[-57.26488,5.44872],[-57.2661,5.456],[-57.26372,5.47192],[-57.25911,5.48227],[-57.23535,5.50222],[-57.22281,5.5103],[-57.21491,5.52354],[-57.20294,5.5398],[-57.18937,5.55996],[-57.18051,5.57645],[-57.16601,5.60462],[-57.15772,5.63164],[-57.14564,5.65752],[-57.13943,5.69256],[-57.1392,5.71889],[-57.14449,5.75141],[-57.13874,5.78347],[-57.13602,5.80759],[-57.13609,5.8076],[-57.18351,5.81005],[-57.25003,5.82699],[-57.29207,5.83763],[-57.29351,5.84373],[-57.29455,5.86467],[-57.29614,5.87636],[-57.29615,5.88301],[-57.29455,5.88893],[-57.29024,5.89454],[-57.28883,5.8987],[-57.28887,5.90264],[-57.28938,5.90603],[-57.28944,5.90646],[-57.25393,5.89774],[-57.24886,5.89776],[-57.24844,5.90406],[-57.24797,5.9122],[-57.24831,5.91413],[-57.24117,5.91339],[-57.2313,5.91365],[-57.21684,5.91257],[-57.20038,5.91192],[-57.20033,5.91191],[-57.2015,5.9174],[-57.20191,5.91873],[-57.20385,5.92744],[-57.20437,5.93006],[-57.20537,5.93467],[-57.20679,5.94079],[-57.20895,5.95091],[-57.20902,5.95162],[-57.2092,5.95261],[-57.21379,5.97471],[-57.2148,5.97946],[-57.21921,6.00026],[-57.22071,6.0073],[-57.22167,6.01052],[-57.22572,6.02822],[-57.22613,6.03022],[-57.22614,6.03023],[-57.22614,6.03024],[-57.22616,6.03023],[-57.22618,6.03022],[-57.22868,6.0294],[-57.23186,6.02837],[-57.2333,6.02788],[-57.23609,6.02699],[-57.27778,6.01378],[-57.2799,6.01748],[-57.29211,6.03963],[-57.29476,6.04448],[-57.30088,6.05568],[-57.30581,6.0651],[-57.30916,6.07151],[-57.31201,6.07702],[-57.31685,6.08602],[-57.31847,6.08905],[-57.32163,6.09499],[-57.33016,6.11098],[-57.33034,6.1113],[-57.33348,6.1172],[-57.33371,6.11763],[-57.33415,6.12089],[-57.3343,6.12206],[-57.33431,6.12205],[-57.34175,6.11884],[-57.34497,6.11408],[-57.34987,6.10886],[-57.36466,6.0993],[-57.37229,6.11273],[-57.39091,6.14494],[-57.39733,6.15666],[-57.39734,6.16107],[-57.38944,6.15926],[-57.3719,6.22431],[-57.36848,6.23598],[-57.36117,6.26267],[-57.35617,6.27834],[-57.36361,6.28293],[-57.36772,6.28703],[-57.3756,6.29118],[-57.37979,6.29427],[-57.38186,6.28593],[-57.38886,6.26042],[-57.39441,6.23971],[-57.39722,6.24029],[-57.3979,6.2485],[-57.39682,6.25249],[-57.40328,6.25623],[-57.40567,6.28379],[-57.42336,6.28334],[-57.4218,6.26566],[-57.43491,6.2695],[-57.4322,6.23654],[-57.42785,6.23505],[-57.41524,6.22005],[-57.41341,6.20875],[-57.42661,6.20939],[-57.4371,6.21036],[-57.45254,6.20594],[-57.46446,6.20979],[-57.47284,6.2248],[-57.47536,6.22319],[-57.4777,6.22758],[-57.47431,6.23036],[-57.47787,6.23559],[-57.4807,6.23532],[-57.48322,6.23966],[-57.48184,6.24058],[-57.48487,6.24507],[-57.48025,6.24794],[-57.48057,6.25005],[-57.49048,6.2531],[-57.49767,6.24841],[-57.50131,6.24711],[-57.50453,6.24389],[-57.50562,6.24363],[-57.50616,6.24401],[-57.50648,6.2443],[-57.50822,6.2408],[-57.50933,6.23377],[-57.50819,6.22405],[-57.51009,6.21144],[-57.51116,6.21126],[-57.50466,6.18898],[-57.50008,6.18996],[-57.49575,6.18834],[-57.49189,6.1837],[-57.48591,6.17466],[-57.47474,6.157],[-57.47503,6.15258],[-57.48092,6.14951],[-57.48594,6.14554],[-57.48367,6.13941],[-57.48406,6.11546],[-57.48608,6.07939],[-57.48635,6.07773],[-57.53317,6.08303],[-57.56386,6.17928],[-57.5648,6.18269],[-57.56984,6.18241],[-57.57327,6.18222],[-57.58947,6.18204],[-57.60248,6.18216],[-57.61467,6.18033],[-57.61751,6.1799],[-57.62246,6.17828],[-57.62772,6.17293],[-57.6345,6.1626],[-57.63725,6.15746],[-57.63716,6.15364],[-57.63289,6.14095],[-57.62639,6.1313],[-57.62544,6.1255],[-57.6268,6.11526],[-57.62826,6.1083],[-57.6285,6.10294],[-57.62853,6.10216],[-57.62776,6.098],[-57.62579,6.09431],[-57.61987,6.09038],[-57.61019,6.08944],[-57.60409,6.08827],[-57.59918,6.08626],[-57.59418,6.08345],[-57.59066,6.08076],[-57.58852,6.07702],[-57.58776,6.07397],[-57.58909,6.06959],[-57.59249,6.06356],[-57.59766,6.05675],[-57.60491,6.05005],[-57.60916,6.04502],[-57.61113,6.04066],[-57.61413,6.02882],[-57.61628,6.02404],[-57.61916,6.01969],[-57.62482,6.01282],[-57.6307,5.99818],[-57.63401,5.99167],[-57.63817,5.98736],[-57.64197,5.98732],[-57.64405,5.98771],[-57.64778,5.9884],[-57.65173,5.99161],[-57.65469,5.99502],[-57.65641,6.00283],[-57.65877,6.00753],[-57.66388,6.01124],[-57.68544,6.01873],[-57.69164,6.01994],[-57.69422,6.01918],[-57.69716,6.01694],[-57.70209,6.00469],[-57.70791,5.99811],[-57.71055,5.99444],[-57.7116,5.98988],[-57.71072,5.98595],[-57.70821,5.98337],[-57.70423,5.98222],[-57.70237,5.98168],[-57.69782,5.98064],[-57.69398,5.97737],[-57.68872,5.97167],[-57.68211,5.96538],[-57.67941,5.95836],[-57.67795,5.94779],[-57.67806,5.94109],[-57.68046,5.93405],[-57.67994,5.92506],[-57.67986,5.9238],[-57.67946,5.92174],[-57.67872,5.91798],[-57.67484,5.91136],[-57.66782,5.90231],[-57.65969,5.89294],[-57.65686,5.88999],[-57.65441,5.88511],[-57.65396,5.88115],[-57.65369,5.87888],[-57.65331,5.87553],[-57.65332,5.8739],[-57.65358,5.86908],[-57.65572,5.86423],[-57.65885,5.86304],[-57.67016,5.86269],[-57.67299,5.86122],[-57.67602,5.85776],[-57.67872,5.85279],[-57.67975,5.84773],[-57.67909,5.84399],[-57.67619,5.84056],[-57.66684,5.8342],[-57.6613,5.82954],[-57.65632,5.82337],[-57.65233,5.81723],[-57.64731,5.80312],[-57.64519,5.80015],[-57.64216,5.79782],[-57.63602,5.79562],[-57.63351,5.79389],[-57.6322,5.7914],[-57.63109,5.7864],[-57.6311,5.78622],[-57.63122,5.78424],[-57.63128,5.77608],[-57.64668,5.72753],[-57.66611,5.66865],[-57.68436,5.55908],[-57.70467,5.47939],[-57.70585,5.42136],[-57.74265,5.33021],[-57.78003,5.29563],[-57.79387,5.27218],[-57.80093,5.21648],[-57.84686,5.15257],[-57.86871,5.09525],[-57.88476,5.04511],[-57.90492,5.01168],[-57.98853,4.9259],[-58.01531,4.88263],[-58.03577,4.84084],[-58.04534,4.81986],[-58.05564,4.77219],[-58.05844,4.74653],[-58.06286,4.72731],[-58.06992,4.70633],[-58.07346,4.69677]]]},"properties":{"ID":"620","NAME":"Corentyne River","STATUS":"Not Classified","REGION":"East Berbice-Corentyne"}},
{"type":"Feature","geometry":{"type":"Polygon","coordinates":[[[-57.24844,5.90406],[-57.24879,5.89791],[-57.23403,5.89805],[-57.23364,5.89807],[-57.23179,5.89807],[-57.21095,5.89803],[-57.19969,5.89813],[-57.19958,5.89813],[-57.20905,5.87859],[-57.19514,5.87221],[-57.19557,5.8714],[-57.18335,5.86694],[-57.16255,5.85854],[-57.15099,5.85426],[-57.14308,5.85159],[-57.14223,5.85135],[-57.13059,5.84808],[-57.1224,5.88088],[-57.11911,5.89903],[-57.12733,5.91435],[-57.1358,5.91902],[-57.1392,5.91805],[-57.13922,5.91803],[-57.15823,5.91256],[-57.1596,5.91222],[-57.16446,5.91103],[-57.1649,5.91092],[-57.16797,5.91009],[-57.17565,5.91062],[-57.20036,5.91179],[-57.20036,5.91182],[-57.20038,5.91192],[-57.21684,5.91257],[-57.2313,5.91365],[-57.24117,5.91339],[-57.24831,5.91413],[-57.24797,5.9122],[-57.24844,5.90406]]]},"properties":{"ID":"617","NAME":"Corriverton","STATUS":"Municipality","REGION":"East Berbice-Corentyne"}},
{"type":"Feature","geometry":{"type":"Polygon","coordinates":[[[-58.07346,4.69677],[-58.07361,4.69638],[-58.0738,4.69587],[-58.07846,4.6833],[-58.09112,4.66218],[-58.09936,4.65528],[-58.12703,4.64795],[-58.14219,4.63988],[-58.15985,4.64003],[-58.18414,4.64091],[-58.20077,4.64443],[-58.21078,4.65],[-58.23919,4.64736],[-58.28202,4.64883],[-58.29753,4.64864],[-58.30572,4.64853],[-58.31572,4.64472],[-58.3161,4.64017],[-58.31887,4.61882],[-58.3224,4.60324],[-58.3282,4.58741],[-58.34685,4.556],[-58.38037,4.50147],[-58.40331,4.46956],[-58.41062,4.45498],[-58.40986,4.43312],[-58.40936,4.39014],[-58.42222,4.36953],[-58.44616,4.32756],[-58.45448,4.30996],[-58.46154,4.29212],[-58.46809,4.27628],[-58.46482,4.25668],[-58.44339,4.22676],[-58.40382,4.17623],[-58.38567,4.15939],[-58.38138,4.13752],[-58.37231,4.11715],[-58.36021,4.091],[-58.35668,4.06561],[-58.35265,4.03242],[-58.35214,3.97735],[-58.3597,3.96151],[-58.3655,3.9517],[-58.36071,3.92605],[-58.35567,3.92027],[-58.3529,3.9087],[-58.34534,3.89487],[-58.34332,3.88607],[-58.34206,3.86695],[-58.33803,3.86016],[-58.33702,3.83225],[-58.33172,3.81389],[-58.32719,3.79502],[-58.31988,3.76937],[-58.30047,3.74799],[-58.28963,3.73088],[-58.28963,3.71378],[-58.28509,3.70347],[-58.26619,3.67907],[-58.23795,3.65341],[-58.22258,3.63681],[-58.21451,3.61416],[-58.2009,3.58725],[-58.19183,3.5714],[-58.18956,3.5475],[-58.17771,3.53643],[-58.16712,3.51655],[-58.16511,3.48334],[-58.16586,3.46372],[-58.16057,3.43981],[-58.15402,3.42195],[-58.14923,3.40308],[-58.1457,3.38269],[-58.1394,3.37112],[-58.13713,3.35829],[-58.13612,3.34596],[-58.14015,3.33463],[-58.13814,3.30267],[-58.14267,3.29034],[-58.1404,3.26266],[-58.13284,3.22919],[-58.1215,3.20478],[-58.09705,3.16099],[-58.07209,3.12877],[-58.05647,3.11895],[-58.05067,3.10763],[-58.03882,3.08523],[-58.02042,3.05905],[-57.9937,3.02532],[-57.98034,2.99461],[-57.97404,2.97321],[-57.97152,2.95383],[-57.96194,2.93369],[-57.95337,2.91053],[-57.94934,2.88536],[-57.95791,2.85943],[-57.97379,2.83576],[-58.00378,2.78742],[-58.02647,2.76023],[-58.0426,2.73404],[-58.05168,2.71164],[-58.05369,2.66405],[-58.04638,2.61898],[-58.04437,2.58196],[-58.03958,2.54645],[-58.03907,2.50994],[-58.04865,2.47217],[-58.05495,2.44824],[-58.11167,2.35027],[-58.12377,2.3334],[-58.13562,2.31048],[-58.16158,2.23819],[-58.18502,2.18051],[-58.19989,2.12837],[-58.23191,2.02912],[-58.24905,1.98756],[-58.26039,1.947],[-58.27904,1.90266],[-58.29568,1.8558],[-58.30778,1.8296],[-58.36222,1.75074],[-58.37584,1.71597],[-58.39146,1.67994],[-58.40382,1.63937],[-58.41717,1.60259],[-58.45902,1.54917],[-58.48649,1.51238],[-58.51397,1.47861],[-58.50873,1.46295],[-58.49342,1.4682],[-58.48833,1.46205],[-58.47277,1.46107],[-58.46192,1.46605],[-58.44844,1.45602],[-58.44426,1.45648],[-58.43939,1.46444],[-58.41277,1.47268],[-58.40398,1.4697],[-58.38559,1.46999],[-58.37175,1.48157],[-58.37667,1.48799],[-58.38517,1.48862],[-58.39031,1.49631],[-58.39153,1.50634],[-58.38358,1.51087],[-58.39373,1.51991],[-58.39472,1.52651],[-58.38954,1.53538],[-58.36309,1.53802],[-58.35942,1.54634],[-58.36039,1.56018],[-58.34345,1.56652],[-58.34453,1.57574],[-58.33739,1.58118],[-58.33237,1.59068],[-58.32237,1.59701],[-58.31433,1.59394],[-58.31714,1.56844],[-58.29281,1.56429],[-58.28816,1.57243],[-58.27173,1.56738],[-58.26226,1.57073],[-58.25723,1.56911],[-58.25447,1.56187],[-58.24134,1.5541],[-58.236,1.54669],[-58.21286,1.56479],[-58.19734,1.56715],[-58.19303,1.57222],[-58.18381,1.56526],[-58.16064,1.56011],[-58.15659,1.54366],[-58.15362,1.54302],[-58.1552,1.53],[-58.14606,1.51535],[-58.14956,1.51001],[-58.12943,1.49889],[-58.11131,1.50117],[-58.09759,1.51393],[-58.0855,1.51484],[-58.08495,1.50796],[-58.06945,1.50734],[-58.06523,1.52227],[-58.06093,1.52534],[-58.04056,1.52092],[-58.02717,1.50862],[-58.02387,1.5108],[-58.00423,1.50303],[-58.0055,1.51677],[-58.00045,1.52076],[-58.00123,1.52817],[-57.99492,1.53876],[-57.99028,1.54057],[-57.98937,1.54763],[-57.99431,1.55314],[-57.98881,1.56246],[-57.98986,1.56735],[-57.98254,1.56581],[-57.97856,1.57278],[-57.98387,1.58626],[-57.98136,1.5963],[-57.98528,1.61674],[-57.98203,1.61783],[-57.98031,1.63321],[-58.00261,1.64568],[-58.00236,1.64948],[-57.9902,1.65147],[-57.99009,1.65844],[-57.98103,1.65935],[-57.97884,1.65591],[-57.97042,1.65438],[-57.96186,1.6571],[-57.95778,1.6542],[-57.95942,1.65113],[-57.9502,1.6476],[-57.92676,1.64481],[-57.91351,1.64762],[-57.90472,1.65568],[-57.90209,1.66771],[-57.89498,1.67431],[-57.88923,1.67423],[-57.88465,1.6697],[-57.87715,1.67179],[-57.87712,1.68029],[-57.85206,1.66782],[-57.85306,1.67786],[-57.84698,1.68103],[-57.84417,1.6889],[-57.84006,1.68356],[-57.83639,1.68655],[-57.8195,1.68384],[-57.80909,1.68837],[-57.79979,1.68521],[-57.79637,1.691],[-57.80365,1.70185],[-57.79689,1.70321],[-57.79226,1.72664],[-57.78037,1.71923],[-57.77431,1.72973],[-57.76673,1.72258],[-57.76023,1.72268],[-57.75823,1.7187],[-57.74497,1.72286],[-57.73115,1.71889],[-57.71964,1.72287],[-57.71645,1.7207],[-57.7184,1.71546],[-57.71014,1.71763],[-57.70817,1.72071],[-57.7119,1.72858],[-57.70509,1.73093],[-57.69712,1.7208],[-57.69804,1.71374],[-57.68701,1.70642],[-57.67506,1.70597],[-57.67239,1.71086],[-57.6695,1.69991],[-57.66053,1.68915],[-57.65552,1.69042],[-57.65042,1.68237],[-57.63292,1.69142],[-57.62934,1.69848],[-57.62195,1.69975],[-57.6194,1.69577],[-57.60476,1.69297],[-57.59783,1.70048],[-57.58393,1.70202],[-57.58173,1.70609],[-57.57604,1.70266],[-57.57709,1.69035],[-57.57264,1.68873],[-57.5645,1.69587],[-57.55323,1.69244],[-57.55034,1.70067],[-57.5376,1.7005],[-57.53418,1.70819],[-57.54129,1.7204],[-57.53184,1.72149],[-57.52609,1.728],[-57.51887,1.72113],[-57.51423,1.72303],[-57.5167,1.73171],[-57.51451,1.74727],[-57.50851,1.75741],[-57.50179,1.75795],[-57.49729,1.76682],[-57.50187,1.78609],[-57.4937,1.79251],[-57.48703,1.79252],[-57.48514,1.79993],[-57.47765,1.79469],[-57.47621,1.79894],[-57.47401,1.79587],[-57.4509,1.80636],[-57.45179,1.81143],[-57.44884,1.81198],[-57.44476,1.82229],[-57.43776,1.82681],[-57.44499,1.84111],[-57.43192,1.85848],[-57.43237,1.86934],[-57.42923,1.87386],[-57.43612,1.88055],[-57.43248,1.89087],[-57.43343,1.90598],[-57.4277,1.90941],[-57.40287,1.91268],[-57.39842,1.92182],[-57.38503,1.92743],[-57.37573,1.92228],[-57.36768,1.92372],[-57.35704,1.94716],[-57.36815,1.95213],[-57.36912,1.95638],[-57.35423,1.96109],[-57.35623,1.97041],[-57.34562,1.98027],[-57.33818,1.9753],[-57.32926,1.97964],[-57.3132,1.9772],[-57.30712,1.99665],[-57.27723,1.983],[-57.26881,1.98363],[-57.26781,1.97983],[-57.27343,1.97413],[-57.26229,1.96174],[-57.25645,1.96111],[-57.25542,1.95034],[-57.22923,1.93759],[-57.22912,1.95351],[-57.21473,1.96129],[-57.1999,1.97866],[-57.18334,1.97957],[-57.17909,1.99016],[-57.16395,1.99477],[-57.14746,1.98907],[-57.14084,2.00102],[-57.11997,2.01015],[-57.11632,2.01486],[-57.11659,2.02789],[-57.11163,2.02952],[-57.09629,2.01785],[-57.08668,2.02644],[-57.08157,2.01884],[-57.08254,2.00753],[-57.07345,2.00238],[-57.07112,1.99659],[-57.07121,1.96872],[-57.06393,1.95597],[-57.05645,1.95678],[-57.05379,1.95244],[-57.04737,1.95316],[-57.03195,1.94692],[-57.02493,1.93977],[-57.0244,1.92783],[-57.01421,1.91489],[-57.00915,1.91697],[-57.0007,1.90729],[-56.98282,1.90729],[-56.9761,1.90295],[-56.97148,1.90557],[-56.9682,1.91661],[-56.95917,1.92439],[-56.95051,1.92267],[-56.94982,1.91941],[-56.91971,1.93036],[-56.90629,1.91516],[-56.90721,1.91046],[-56.89348,1.89933],[-56.89145,1.90186],[-56.88682,1.89688],[-56.86659,1.89308],[-56.86454,1.89661],[-56.85865,1.89525],[-56.85957,1.89055],[-56.85626,1.88919],[-56.84582,1.89326],[-56.83782,1.88801],[-56.83095,1.88883],[-56.82862,1.88159],[-56.82157,1.88322],[-56.82093,1.87924],[-56.80926,1.87372],[-56.79885,1.87254],[-56.80102,1.86602],[-56.79576,1.86132],[-56.79793,1.85336],[-56.78804,1.85435],[-56.78865,1.86412],[-56.77385,1.86883],[-56.76812,1.87597],[-56.7649,1.88837],[-56.75354,1.89262],[-56.74976,1.90284],[-56.7376,1.90863],[-56.73473,1.91722],[-56.72685,1.91849],[-56.72096,1.92581],[-56.70465,1.92391],[-56.68235,1.91233],[-56.67915,1.92092],[-56.67346,1.91269],[-56.65104,1.91712],[-56.64915,1.93114],[-56.64102,1.93132],[-56.62993,1.94244],[-56.62145,1.94588],[-56.60784,1.93429],[-56.5984,1.93646],[-56.59643,1.92588],[-56.57976,1.90588],[-56.56095,1.91103],[-56.55554,1.91727],[-56.54665,1.91537],[-56.52491,1.92468],[-56.51799,1.93228],[-56.49557,1.93797],[-56.48285,1.95407],[-56.46895,1.94918],[-56.4764,1.95944],[-56.47834,1.96444],[-56.48112,1.96861],[-56.48917,1.97389],[-56.50028,1.97667],[-56.50667,1.9775],[-56.51112,1.97944],[-56.51945,1.985],[-56.52223,1.98917],[-56.52556,1.9925],[-56.52778,1.99722],[-56.5314,2.00056],[-56.5339,2.00472],[-56.53723,2.00833],[-56.54556,2.01361],[-56.54917,2.01722],[-56.55362,2.01917],[-56.55778,2.02194],[-56.56278,2.02389],[-56.57362,2.02667],[-56.58584,2.02806],[-56.64612,2.02806],[-56.65112,2.0275],[-56.65806,2.0275],[-56.67028,2.02611],[-56.69084,2.02611],[-56.69167,2.02944],[-56.69556,2.03639],[-56.69862,2.04028],[-56.70056,2.04389],[-56.7039,2.04722],[-56.70584,2.05194],[-56.70862,2.05611],[-56.71056,2.06083],[-56.7164,2.06917],[-56.71834,2.07389],[-56.72084,2.07806],[-56.72667,2.08639],[-56.73001,2.08972],[-56.73278,2.09389],[-56.73612,2.09722],[-56.7389,2.10139],[-56.75917,2.12194],[-56.76223,2.12611],[-56.76556,2.12944],[-56.76834,2.13361],[-56.77167,2.13694],[-56.78528,2.1575],[-56.79917,2.17806],[-56.80167,2.18222],[-56.80751,2.19028],[-56.81001,2.19444],[-56.81695,2.20139],[-56.81945,2.20528],[-56.82112,2.21083],[-56.82167,2.21694],[-56.82112,2.22333],[-56.82167,2.22944],[-56.82167,2.23611],[-56.82334,2.24861],[-56.82362,2.25472],[-56.8264,2.26556],[-56.83667,2.27583],[-56.84501,2.28139],[-56.84973,2.28361],[-56.86084,2.28611],[-56.87723,2.29028],[-56.8814,2.29306],[-56.88417,2.29722],[-56.88612,2.30194],[-56.88667,2.30806],[-56.88556,2.31361],[-56.88334,2.33222],[-56.88334,2.34583],[-56.88417,2.35194],[-56.88556,2.3575],[-56.88751,2.36222],[-56.89028,2.36639],[-56.89778,2.3725],[-56.90612,2.37806],[-56.92528,2.38611],[-56.92917,2.38889],[-56.93473,2.39722],[-56.93556,2.40333],[-56.93556,2.40889],[-56.93417,2.41417],[-56.93223,2.42444],[-56.93056,2.43],[-56.93001,2.43611],[-56.93251,2.44028],[-56.93667,2.44306],[-56.94251,2.44444],[-56.94667,2.44722],[-56.95195,2.45528],[-56.95612,2.465],[-56.95751,2.47056],[-56.95806,2.47667],[-56.95751,2.48278],[-56.95612,2.48833],[-56.95001,2.5025],[-56.94917,2.50861],[-56.95001,2.515],[-56.95334,2.51833],[-56.95945,2.51889],[-56.96445,2.51694],[-56.96778,2.51361],[-56.97195,2.51083],[-56.97528,2.5075],[-56.97917,2.50472],[-56.98417,2.5025],[-56.98945,2.5025],[-56.99362,2.50528],[-56.99667,2.50944],[-56.99862,2.51417],[-56.99917,2.52583],[-56.99778,2.53139],[-56.99584,2.54306],[-56.99584,2.54972],[-56.99695,2.55528],[-56.99917,2.55861],[-57.00112,2.56361],[-57.0039,2.56778],[-57.00723,2.57111],[-57.0114,2.57389],[-57.0164,2.57583],[-57.02306,2.58278],[-57.02723,2.59222],[-57.02862,2.60444],[-57.02806,2.61083],[-57.02667,2.61611],[-57.02112,2.62444],[-57.01917,2.62917],[-57.01778,2.63472],[-57.02056,2.63889],[-57.02473,2.64167],[-57.03084,2.64222],[-57.03695,2.64167],[-57.0464,2.6375],[-57.05056,2.63472],[-57.05612,2.63472],[-57.06028,2.6375],[-57.06223,2.64222],[-57.06362,2.64778],[-57.06362,2.65444],[-57.06223,2.66],[-57.06028,2.67167],[-57.06084,2.67778],[-57.06501,2.6875],[-57.07056,2.69556],[-57.0739,2.69917],[-57.07528,2.70333],[-57.08195,2.71417],[-57.08556,2.7175],[-57.0939,2.72306],[-57.10056,2.72972],[-57.10278,2.73472],[-57.10334,2.74083],[-57.10278,2.74556],[-57.09973,2.74972],[-57.0964,2.75306],[-57.09112,2.76139],[-57.08917,2.76611],[-57.09028,2.77167],[-57.09862,2.77694],[-57.11084,2.77833],[-57.11778,2.77833],[-57.12751,2.77444],[-57.1314,2.77167],[-57.13778,2.77083],[-57.14195,2.77361],[-57.14445,2.77778],[-57.1464,2.7825],[-57.14584,2.78861],[-57.14445,2.79417],[-57.14028,2.80389],[-57.13778,2.80778],[-57.12945,2.81333],[-57.12612,2.81667],[-57.12473,2.82222],[-57.12751,2.82639],[-57.1314,2.82917],[-57.13695,2.83056],[-57.14306,2.83111],[-57.14917,2.83056],[-57.15417,2.82833],[-57.16306,2.82361],[-57.16695,2.82083],[-57.17667,2.81667],[-57.18278,2.81611],[-57.18778,2.81806],[-57.18973,2.82306],[-57.18973,2.82972],[-57.19112,2.83528],[-57.1939,2.83944],[-57.19806,2.84222],[-57.20251,2.84417],[-57.20612,2.8475],[-57.20834,2.8525],[-57.20612,2.86278],[-57.20612,2.86944],[-57.20751,2.875],[-57.21362,2.88111],[-57.21501,2.88444],[-57.21862,2.88806],[-57.22278,2.8975],[-57.2239,2.90306],[-57.22195,2.90778],[-57.21917,2.91194],[-57.21584,2.91528],[-57.21167,2.91806],[-57.20667,2.92],[-57.19445,2.92833],[-57.19112,2.93167],[-57.18556,2.94],[-57.18362,2.95167],[-57.1864,2.95583],[-57.19112,2.95778],[-57.19723,2.95833],[-57.20834,2.95583],[-57.22056,2.95444],[-57.22612,2.95583],[-57.22806,2.96056],[-57.22806,2.96722],[-57.23028,2.97222],[-57.23028,2.9775],[-57.22473,2.98528],[-57.22112,2.98861],[-57.22001,2.99417],[-57.22195,2.99889],[-57.22723,3.00694],[-57.2289,3.0125],[-57.22806,3.01722],[-57.22473,3.02083],[-57.21917,3.02222],[-57.21278,3.02278],[-57.20751,3.02139],[-57.20473,3.02556],[-57.20612,3.03111],[-57.20834,3.03583],[-57.21084,3.04667],[-57.21084,3.06056],[-57.21251,3.06583],[-57.21501,3.07],[-57.22112,3.07611],[-57.23028,3.08083],[-57.24667,3.08778],[-57.24917,3.09194],[-57.25084,3.0975],[-57.2489,3.10889],[-57.24473,3.11722],[-57.2389,3.12528],[-57.23695,3.13028],[-57.2364,3.13639],[-57.23834,3.14111],[-57.24306,3.14333],[-57.24806,3.14111],[-57.2514,3.13778],[-57.26362,3.12944],[-57.26973,3.12889],[-57.27473,3.12944],[-57.27945,3.13167],[-57.28306,3.135],[-57.28501,3.13972],[-57.28501,3.14528],[-57.28306,3.15],[-57.27473,3.16306],[-57.27695,3.16778],[-57.28223,3.16917],[-57.2864,3.17194],[-57.28973,3.17528],[-57.29056,3.18167],[-57.28834,3.2],[-57.28723,3.20556],[-57.28417,3.23],[-57.28306,3.23556],[-57.28306,3.2425],[-57.28417,3.24778],[-57.29251,3.26694],[-57.2939,3.2725],[-57.29473,3.27861],[-57.28723,3.285],[-57.28417,3.28889],[-57.28362,3.295],[-57.28501,3.30056],[-57.28723,3.30528],[-57.28501,3.31028],[-57.2814,3.31361],[-57.27945,3.31833],[-57.2789,3.32444],[-57.28028,3.33],[-57.28556,3.33833],[-57.28973,3.34778],[-57.29528,3.35611],[-57.29862,3.35944],[-57.30001,3.36472],[-57.30001,3.37167],[-57.29945,3.37778],[-57.30001,3.38417],[-57.30334,3.3875],[-57.30834,3.38944],[-57.31306,3.3875],[-57.31723,3.38472],[-57.32251,3.37639],[-57.32584,3.37306],[-57.3289,3.36889],[-57.33695,3.36361],[-57.34667,3.35944],[-57.35778,3.35806],[-57.36223,3.36],[-57.3739,3.36222],[-57.38778,3.36222],[-57.39251,3.36417],[-57.40473,3.3725],[-57.41167,3.37917],[-57.4164,3.38139],[-57.42195,3.38278],[-57.42417,3.37778],[-57.42417,3.37111],[-57.42612,3.36639],[-57.42751,3.36083],[-57.43028,3.35667],[-57.43501,3.35472],[-57.44723,3.35333],[-57.45278,3.35194],[-57.45751,3.34972],[-57.46584,3.34444],[-57.46917,3.34083],[-57.47334,3.33833],[-57.4789,3.33833],[-57.48278,3.34083],[-57.48556,3.345],[-57.48973,3.34778],[-57.50001,3.35111],[-57.51251,3.35944],[-57.51584,3.36278],[-57.52056,3.36472],[-57.52695,3.36417],[-57.53723,3.36083],[-57.5439,3.35389],[-57.54667,3.34972],[-57.55001,3.34639],[-57.55501,3.34444],[-57.56112,3.34361],[-57.57362,3.345],[-57.58028,3.345],[-57.5864,3.34444],[-57.59751,3.34167],[-57.60361,3.34222],[-57.60833,3.34444],[-57.61944,3.34722],[-57.63833,3.35528],[-57.64667,3.36083],[-57.65361,3.36778],[-57.65639,3.37167],[-57.65972,3.375],[-57.66611,3.38944],[-57.66639,3.39556],[-57.66528,3.40111],[-57.65972,3.40944],[-57.65778,3.41417],[-57.655,3.41833],[-57.64667,3.4375],[-57.64139,3.44556],[-57.63722,3.45528],[-57.63639,3.46139],[-57.63806,3.46694],[-57.65028,3.49556],[-57.65167,3.50111],[-57.65278,3.51333],[-57.65417,3.51889],[-57.65639,3.52361],[-57.66194,3.53167],[-57.66861,3.53861],[-57.6975,3.55083],[-57.70222,3.55306],[-57.70639,3.55583],[-57.70972,3.55917],[-57.7125,3.56333],[-57.71472,3.56806],[-57.71722,3.57972],[-57.71889,3.585],[-57.72278,3.59472],[-57.72833,3.60306],[-57.73167,3.60639],[-57.73444,3.61028],[-57.74194,3.61528],[-57.74694,3.61722],[-57.755,3.62278],[-57.76056,3.62417],[-57.76472,3.62694],[-57.77417,3.63083],[-57.79333,3.63917],[-57.7975,3.64194],[-57.81167,3.64806],[-57.81583,3.65083],[-57.82083,3.65278],[-57.825,3.65556],[-57.82833,3.65889],[-57.8325,3.66167],[-57.83583,3.665],[-57.83861,3.66917],[-57.84278,3.67889],[-57.84556,3.68972],[-57.84611,3.69583],[-57.84611,3.70278],[-57.84694,3.70889],[-57.84694,3.7225],[-57.84806,3.735],[-57.84889,3.74111],[-57.85028,3.74639],[-57.85389,3.75667],[-57.85778,3.76639],[-57.85917,3.77194],[-57.86111,3.77667],[-57.86389,3.78083],[-57.86944,3.79583],[-57.87194,3.79972],[-57.87611,3.80944],[-57.88194,3.8175],[-57.89,3.83],[-57.89361,3.83333],[-57.89611,3.8375],[-57.89972,3.84083],[-57.90222,3.845],[-57.90917,3.85194],[-57.9175,3.86417],[-57.92167,3.87361],[-57.92694,3.88194],[-57.92889,3.88667],[-57.93722,3.89889],[-57.94333,3.90639],[-57.95056,3.91333],[-57.95694,3.92028],[-57.96111,3.92278],[-57.96472,3.92639],[-57.97278,3.93194],[-57.97639,3.93528],[-57.98472,3.94056],[-57.98806,3.94417],[-57.99639,3.94944],[-58.00861,3.95778],[-58.01194,3.96111],[-58.01611,3.96389],[-58.01889,3.96806],[-58.02222,3.97139],[-58.02778,3.97972],[-58.03139,3.98306],[-58.03389,3.98722],[-58.03722,3.99056],[-58.04,3.99472],[-58.04333,3.99806],[-58.04694,4.00833],[-58.04917,4.02694],[-58.04944,4.03306],[-58.04944,4.05361],[-58.04833,4.06583],[-58.04833,4.0725],[-58.04917,4.07889],[-58.05167,4.08972],[-58.05528,4.1],[-58.05667,4.10528],[-58.06472,4.12472],[-58.06889,4.14111],[-58.06944,4.14722],[-58.07083,4.1525],[-58.07083,4.15944],[-58.06944,4.165],[-58.06556,4.17444],[-58.06278,4.17861],[-58.05972,4.18139],[-58.05778,4.18611],[-58.05528,4.19028],[-58.05167,4.19361],[-58.04694,4.2025],[-58.04333,4.20583],[-58.04083,4.21],[-58.03389,4.21694],[-58.025,4.22167],[-58.01278,4.22972],[-58.0025,4.24],[-57.99417,4.2525],[-57.98389,4.2625],[-57.97972,4.26528],[-57.97639,4.26889],[-57.96667,4.27361],[-57.95917,4.27972],[-57.95361,4.28806],[-57.9525,4.29333],[-57.95083,4.30556],[-57.95056,4.31194],[-57.94889,4.31722],[-57.94889,4.32972],[-57.94833,4.33583],[-57.94833,4.34944],[-57.94972,4.35472],[-57.95583,4.36917],[-57.95694,4.37472],[-57.95917,4.37944],[-57.96056,4.39167],[-57.96,4.39778],[-57.95861,4.40333],[-57.95056,4.41556],[-57.94667,4.41917],[-57.94139,4.42722],[-57.93806,4.43083],[-57.92778,4.44083],[-57.92222,4.44917],[-57.91806,4.45861],[-57.91528,4.46889],[-57.91417,4.47444],[-57.91194,4.47917],[-57.91056,4.48472],[-57.90222,4.50389],[-57.89972,4.50778],[-57.89556,4.5175],[-57.89417,4.52306],[-57.89222,4.52778],[-57.88944,4.53861],[-57.88722,4.54333],[-57.88611,4.54889],[-57.88389,4.55361],[-57.8825,4.55917],[-57.87833,4.56861],[-57.87694,4.57417],[-57.87278,4.58361],[-57.87,4.58778],[-57.8675,4.59472],[-57.85639,4.61111],[-57.85419,4.61513],[-57.86445,4.61241],[-57.87294,4.60756],[-57.88235,4.60459],[-57.89358,4.60558],[-57.9048,4.60796],[-57.91259,4.6108],[-57.92151,4.61551],[-57.92906,4.61904],[-57.93799,4.62235],[-57.95837,4.62921],[-57.97645,4.63583],[-57.98721,4.64055],[-57.99637,4.64293],[-58.02529,4.651],[-58.03731,4.65436],[-58.04656,4.65794],[-58.0491,4.65927],[-58.05464,4.66217],[-58.05603,4.6629],[-58.06263,4.66444],[-58.06827,4.6816],[-58.07346,4.69677]]]},"properties":{"ID":"622","NAME":"East Bank Berbice","STATUS":"Not Classified","REGION":"East Berbice-Corentyne"}},
{"type":"Feature","geometry":{"type":"MultiPolygon","coordinates":[[[[-57.5648,6.18269],[-57.56386,6.17928],[-57.53317,6.08303],[-57.48635,6.07773],[-57.48608,6.07939],[-57.48406,6.11546],[-57.48367,6.13941],[-57.48594,6.14554],[-57.48092,6.14951],[-57.47503,6.15258],[-57.47474,6.157],[-57.48591,6.17466],[-57.49189,6.1837],[-57.49575,6.18834],[-57.50008,6.18996],[-57.50466,6.18898],[-57.5137,6.18701],[-57.51419,6.18808],[-57.51956,6.18881],[-57.53234,6.18497],[-57.53797,6.18497],[-57.53336,6.18745],[-57.53052,6.19147],[-57.52964,6.19425],[-57.53065,6.19131],[-57.53341,6.1876],[-57.5379,6.18509],[-57.55704,6.18312],[-57.5648,6.18269]]],[[[-57.53066,6.21611],[-57.53064,6.21694],[-57.5317,6.22422],[-57.53175,6.22439],[-57.53066,6.21611]]]]},"properties":{"ID":"616","NAME":"Enfield / New Doe Park","STATUS":"Neighbourhood Democratic Council","REGION":"East Berbice-Corentyne"}},
{"type":"Feature","geometry":{"type":"Polygon","coordinates":[[[-57.37979,6.29427],[-57.39684,6.30492],[-57.40772,6.31084],[-57.40567,6.28379],[-57.40328,6.25623],[-57.39682,6.25249],[-57.3979,6.2485],[-57.39722,6.24029],[-57.39441,6.23971],[-57.38886,6.26042],[-57.38186,6.28593],[-57.37979,6.29427]]]},"properties":{"ID":"611","NAME":"Fyrish / Gibraltar","STATUS":"Neighbourhood Democratic Council","REGION":"East Berbice-Corentyne"}},
{"type":"Feature","geometry":{"type":"Polygon","coordinates":[[[-57.38944,6.15926],[-57.38514,6.15828],[-57.37749,6.18653],[-57.37441,6.19741],[-57.36905,6.2175],[-57.36077,6.2471],[-57.35441,6.2691],[-57.35481,6.26932],[-57.35479,6.26934],[-57.35412,6.27125],[-57.35218,6.27527],[-57.35617,6.27834],[-57.36117,6.26267],[-57.36848,6.23598],[-57.3719,6.22431],[-57.38944,6.15926]]]},"properties":{"ID":"610","NAME":"Hampshire / Kilcoy","STATUS":"Neighbourhood Democratic Council","REGION":"East Berbice-Corentyne"}},
{"type":"Feature","geometry":{"type":"Polygon","coordinates":[[[-57.30663,6.24334],[-57.31144,6.22506],[-57.31187,6.22424],[-57.3215,6.18803],[-57.32514,6.17892],[-57.31698,6.17206],[-57.31144,6.1652],[-57.30084,6.15418],[-57.29484,6.15932],[-57.29009,6.17855],[-57.28751,6.18806],[-57.27802,6.22056],[-57.2849,6.22625],[-57.29347,6.23236],[-57.2943,6.23403],[-57.30663,6.24334]]]},"properties":{"ID":"607","NAME":"Hogstye / Lancaster","STATUS":"Neighbourhood Democratic Council","REGION":"East Berbice-Corentyne"}},
{"type":"Feature","geometry":{"type":"Polygon","coordinates":[[[-57.36466,6.0993],[-57.36255,6.10081],[-57.35829,6.11561],[-57.35271,6.13753],[-57.34823,6.15181],[-57.34023,6.18372],[-57.32909,6.22442],[-57.32164,6.25172],[-57.3215,6.25211],[-57.32138,6.25242],[-57.32131,6.25256],[-57.32091,6.25325],[-57.32092,6.25326],[-57.32103,6.25331],[-57.32191,6.25445],[-57.32458,6.25665],[-57.33147,6.26108],[-57.34669,6.2729],[-57.349,6.27311],[-57.35081,6.26531],[-57.35696,6.24147],[-57.37228,6.18587],[-57.3801,6.15686],[-57.38514,6.15828],[-57.38944,6.15926],[-57.39734,6.16107],[-57.39733,6.15666],[-57.39091,6.14494],[-57.37229,6.11273],[-57.36466,6.0993]]]},"properties":{"ID":"609","NAME":"John / Port Mourant","STATUS":"Neighbourhood Democratic Council","REGION":"East Berbice-Corentyne"}},
{"type":"Feature","geometry":{"type":"Polygon","coordinates":[[[-57.18604,6.12183],[-57.18775,6.12364],[-57.1988,6.13986],[-57.20042,6.14014],[-57.20125,6.14403],[-57.2043,6.14736],[-57.2043,6.14852],[-57.20958,6.15514],[-57.21235,6.15753],[-57.22633,6.17292],[-57.229,6.17531],[-57.23482,6.15394],[-57.24335,6.12193],[-57.24748,6.10688],[-57.24509,6.10489],[-57.23668,6.10512],[-57.22825,6.10451],[-57.22366,6.10338],[-57.21012,6.09013],[-57.2035,6.09852],[-57.18604,6.12183]]]},"properties":{"ID":"604","NAME":"Joppa / Macedonia","STATUS":"Neighbourhood Democratic Council","REGION":"East Berbice-Corentyne"}},
{"type":"Feature","geometry":{"type":"Polygon","coordinates":[[[-57.52964,6.19425],[-57.53052,6.19147],[-57.53336,6.18745],[-57.53797,6.18497],[-57.53234,6.18497],[-57.51956,6.18881],[-57.51419,6.18808],[-57.5137,6.18701],[-57.50466,6.18898],[-57.51116,6.21126],[-57.51009,6.21144],[-57.50819,6.22405],[-57.50933,6.23377],[-57.50822,6.2408],[-57.50648,6.2443],[-57.50648,6.24431],[-57.50851,6.25037],[-57.50878,6.25497],[-57.50772,6.25749],[-57.50956,6.25998],[-57.51392,6.26056],[-57.51888,6.26021],[-57.52223,6.25854],[-57.52297,6.25281],[-57.52551,6.24073],[-57.52664,6.22543],[-57.52645,6.22343],[-57.5317,6.22422],[-57.53064,6.21694],[-57.53066,6.21611],[-57.52973,6.20906],[-57.52859,6.19733],[-57.52964,6.19425]]]},"properties":{"ID":"619","NAME":"New Amsterdam","STATUS":"Municipality","REGION":"East Berbice-Corentyne"}},
{"type":"Feature","geometry":{"type":"Polygon","coordinates":[[[-57.50648,6.2443],[-57.50616,6.24401],[-57.50562,6.24363],[-57.50453,6.24389],[-57.50131,6.24711],[-57.49767,6.24841],[-57.49048,6.2531],[-57.48057,6.25005],[-57.46718,6.24652],[-57.45311,6.24216],[-57.44154,6.23909],[-57.42661,6.20939],[-57.41341,6.20875],[-57.41524,6.22005],[-57.42785,6.23505],[-57.4322,6.23654],[-57.43491,6.2695],[-57.47661,6.28102],[-57.50753,6.28988],[-57.50943,6.29162],[-57.51383,6.29308],[-57.51818,6.29323],[-57.51847,6.29027],[-57.52105,6.28089],[-57.52195,6.27227],[-57.52225,6.25854],[-57.51888,6.26021],[-57.51392,6.26056],[-57.50956,6.25998],[-57.50772,6.25749],[-57.50878,6.25497],[-57.50851,6.25037],[-57.50648,6.24431],[-57.50648,6.2443]]]},"properties":{"ID":"613","NAME":"Ordnance / Fortlands","STATUS":"Neighbourhood Democratic Council","REGION":"East Berbice-Corentyne"}},
{"type":"Feature","geometry":{"type":"Polygon","coordinates":[[[-57.22614,6.03023],[-57.21827,6.0327],[-57.21531,6.03362],[-57.18496,6.04313],[-57.16932,6.04804],[-57.16515,6.04952],[-57.16219,6.0506],[-57.16452,6.0577],[-57.16532,6.06298],[-57.16476,6.06558],[-57.16733,6.07483],[-57.16697,6.07619],[-57.16914,6.08593],[-57.17994,6.1131],[-57.18604,6.12183],[-57.2035,6.09852],[-57.21012,6.09013],[-57.22709,6.06734],[-57.22958,6.06112],[-57.22972,6.05398],[-57.23074,6.05079],[-57.22908,6.0435],[-57.22842,6.04043],[-57.22669,6.03256],[-57.22616,6.03023],[-57.22614,6.03024],[-57.22614,6.03023]]]},"properties":{"ID":"603","NAME":"No.51 Village / Good Hope","STATUS":"Neighbourhood Democratic Council","REGION":"East Berbice-Corentyne"}},
{"type":"Feature","geometry":{"type":"Polygon","coordinates":[[[-57.38514,6.15828],[-57.3801,6.15686],[-57.37228,6.18587],[-57.35696,6.24147],[-57.35081,6.26531],[-57.349,6.27311],[-57.35218,6.27526],[-57.35412,6.27125],[-57.35479,6.26934],[-57.35481,6.26932],[-57.35441,6.2691],[-57.36077,6.2471],[-57.36905,6.2175],[-57.37441,6.19741],[-57.37749,6.18653],[-57.38514,6.15828]]]},"properties":{"ID":"618","NAME":"Rose Hall","STATUS":"Municipality","REGION":"East Berbice-Corentyne"}},
{"type":"Feature","geometry":{"type":"Polygon","coordinates":[[[-57.229,6.17531],[-57.23458,6.18014],[-57.23958,6.18514],[-57.24514,6.18958],[-57.24597,6.19125],[-57.25486,6.19931],[-57.2578,6.18804],[-57.2648,6.16265],[-57.26761,6.15186],[-57.27368,6.12991],[-57.25957,6.11732],[-57.24748,6.10688],[-57.24335,6.12193],[-57.23482,6.15394],[-57.229,6.17531]]]},"properties":{"ID":"605","NAME":"Tarlogie / Maida","STATUS":"Neighbourhood Democratic Council","REGION":"East Berbice-Corentyne"}},
{"type":"Feature","geometry":{"type":"Polygon","coordinates":[[[-57.34175,6.11884],[-57.3315,6.15187],[-57.32514,6.17892],[-57.3215,6.18803],[-57.31187,6.22424],[-57.31144,6.22506],[-57.30663,6.24334],[-57.31452,6.24955],[-57.31781,6.25047],[-57.32092,6.25327],[-57.32092,6.25326],[-57.32091,6.25325],[-57.32131,6.25256],[-57.32138,6.25242],[-57.3215,6.25211],[-57.32164,6.25172],[-57.32909,6.22442],[-57.34023,6.18372],[-57.34823,6.15181],[-57.35271,6.13753],[-57.35829,6.11561],[-57.36255,6.10081],[-57.36466,6.0993],[-57.34987,6.10886],[-57.34497,6.11408],[-57.34175,6.11884]]]},"properties":{"ID":"608","NAME":"Whim / Bloomfield","STATUS":"Neighbourhood Democratic Council","REGION":"East Berbice-Corentyne"}},
{"type":"Feature","geometry":{"type":"Polygon","coordinates":[[[-57.22616,6.03023],[-57.22669,6.03256],[-57.22842,6.04043],[-57.22908,6.0435],[-57.23074,6.05079],[-57.22972,6.05398],[-57.22958,6.06112],[-57.22709,6.06734],[-57.21012,6.09013],[-57.22366,6.10338],[-57.22825,6.10451],[-57.23668,6.10512],[-57.24509,6.10489],[-57.24748,6.10688],[-57.25957,6.11732],[-57.27368,6.12991],[-57.27931,6.13471],[-57.28805,6.14141],[-57.29028,6.14404],[-57.30084,6.15418],[-57.31144,6.1652],[-57.31698,6.17206],[-57.32514,6.17892],[-57.3315,6.15187],[-57.34175,6.11884],[-57.33431,6.12205],[-57.3343,6.12206],[-57.33415,6.12089],[-57.33371,6.11763],[-57.33348,6.1172],[-57.33034,6.1113],[-57.33016,6.11098],[-57.32163,6.09499],[-57.31847,6.08905],[-57.31685,6.08602],[-57.31201,6.07702],[-57.30916,6.07151],[-57.30581,6.0651],[-57.30088,6.05568],[-57.29476,6.04448],[-57.29211,6.03963],[-57.2799,6.01748],[-57.27778,6.01378],[-57.23609,6.02699],[-57.2333,6.02788],[-57.23186,6.02837],[-57.22868,6.0294],[-57.22618,6.03022],[-57.22616,6.03023]]]},"properties":{"ID":"615","NAME":"Black Bush Polder land Development Scheme","STATUS":"Neighbourhood Democratic Council","REGION":"East Berbice-Corentyne"}},
{"type":"Feature","geometry":{"type":"Polygon","coordinates":[[[-57.40567,6.28379],[-57.40772,6.31084],[-57.41525,6.31542],[-57.42506,6.32043],[-57.44209,6.32871],[-57.44847,6.33014],[-57.45097,6.332],[-57.45875,6.33478],[-57.47097,6.33815],[-57.48111,6.34027],[-57.48665,6.33982],[-57.49193,6.3384],[-57.49547,6.33382],[-57.50208,6.33027],[-57.50979,6.31731],[-57.51763,6.31135],[-57.51752,6.30133],[-57.51818,6.29323],[-57.51383,6.29308],[-57.50943,6.29162],[-57.50753,6.28988],[-57.47661,6.28102],[-57.43491,6.2695],[-57.4218,6.26566],[-57.42336,6.28334],[-57.40567,6.28379]]]},"properties":{"ID":"612","NAME":"Borlam ( No.37 ) / Kintyre","STATUS":"Neighbourhood Democratic Council","REGION":"East Berbice-Corentyne"}},
{"type":"Feature","geometry":{"type":"Polygon","coordinates":[[[-57.30084,6.15418],[-57.29028,6.14404],[-57.28805,6.14141],[-57.27931,6.13471],[-57.27368,6.12991],[-57.26761,6.15186],[-57.2648,6.16265],[-57.2578,6.18804],[-57.25486,6.19931],[-57.25903,6.20208],[-57.2593,6.20375],[-57.26236,6.20542],[-57.26597,6.20986],[-57.26903,6.21181],[-57.27431,6.21847],[-57.27802,6.22056],[-57.28751,6.18806],[-57.29009,6.17855],[-57.29484,6.15932],[-57.30084,6.15418]]]},"properties":{"ID":"606","NAME":"Bush Lot / Adventure","STATUS":"Neighbourhood Democratic Council","REGION":"East Berbice-Corentyne"}},
{"type":"Feature","geometry":{"type":"Polygon","coordinates":[[[-57.42661,6.20939],[-57.44154,6.23909],[-57.45311,6.24216],[-57.46718,6.24652],[-57.48057,6.25005],[-57.48025,6.24794],[-57.48487,6.24507],[-57.48184,6.24058],[-57.48322,6.23966],[-57.4807,6.23532],[-57.47787,6.23559],[-57.47431,6.23036],[-57.4777,6.22758],[-57.47536,6.22319],[-57.47284,6.2248],[-57.46446,6.20979],[-57.45254,6.20594],[-57.4371,6.21036],[-57.42661,6.20939]]]},"properties":{"ID":"614","NAME":"Cane Field / Enterprise","STATUS":"Neighbourhood Democratic Council","REGION":"East Berbice-Corentyne"}},
{"type":"Feature","geometry":{"type":"Polygon","coordinates":[[[-57.20038,5.91192],[-57.20036,5.91182],[-57.20036,5.91179],[-57.17565,5.91062],[-57.16797,5.91009],[-57.1649,5.91092],[-57.16446,5.91103],[-57.1596,5.91222],[-57.15823,5.91256],[-57.13922,5.91803],[-57.1392,5.91805],[-57.13813,5.91886],[-57.1398,5.92539],[-57.14082,5.9436],[-57.13988,5.94804],[-57.14012,5.95201],[-57.14223,5.95785],[-57.14434,5.9658],[-57.14293,5.96603],[-57.1427,5.98379],[-57.14599,5.99874],[-57.15304,6.01182],[-57.15773,6.03028],[-57.15938,6.03588],[-57.16079,6.04546],[-57.16211,6.05028],[-57.16478,6.04947],[-57.16932,6.04804],[-57.18496,6.04313],[-57.21531,6.03362],[-57.21827,6.0327],[-57.22614,6.03023],[-57.22613,6.03022],[-57.22572,6.02822],[-57.22167,6.01052],[-57.22071,6.0073],[-57.21921,6.00026],[-57.2148,5.97946],[-57.21379,5.97471],[-57.2092,5.95261],[-57.20902,5.95162],[-57.20895,5.95091],[-57.20679,5.94079],[-57.20537,5.93467],[-57.20437,5.93006],[-57.20385,5.92744],[-57.20191,5.91873],[-57.2015,5.9174],[-57.20033,5.91191],[-57.20038,5.91192]]]},"properties":{"ID":"21","NAME":"","STATUS":"Neighbourhood Democratic Council","REGION":"East Berbice-Corentyne"}},
{"type":"Feature","geometry":{"type":"Polygon","coordinates":[[[-57.13609,5.8076],[-57.13469,5.82151],[-57.13352,5.82919],[-57.13305,5.83548],[-57.13041,5.84794],[-57.14223,5.85135],[-57.14308,5.85159],[-57.15099,5.85426],[-57.16255,5.85854],[-57.18335,5.86694],[-57.19557,5.8714],[-57.19514,5.87221],[-57.20905,5.87859],[-57.19958,5.89813],[-57.19969,5.89813],[-57.21095,5.89803],[-57.23179,5.89807],[-57.23364,5.89807],[-57.23403,5.89805],[-57.24879,5.89791],[-57.24844,5.90406],[-57.24886,5.89776],[-57.25393,5.89774],[-57.28944,5.90646],[-57.28938,5.90603],[-57.28887,5.90264],[-57.28883,5.8987],[-57.29024,5.89454],[-57.29455,5.88893],[-57.29615,5.88301],[-57.29614,5.87636],[-57.29455,5.86467],[-57.29351,5.84373],[-57.29207,5.83763],[-57.25003,5.82699],[-57.18351,5.81005],[-57.13609,5.8076]]]},"properties":{"ID":"601","NAME":"Jackson Creek / Crabwood Creek","STATUS":"Neighbourhood Democratic Council","REGION":"East Berbice-Corentyne"}},
{"type":"Feature","geometry":{"type":"Polygon","coordinates":[[[-58.19154,6.69665],[-58.19182,6.69635],[-58.19459,6.6933],[-58.19556,6.69266],[-58.1958,6.69251],[-58.19662,6.69238],[-58.19787,6.69222],[-58.20136,6.69333],[-58.20154,6.69337],[-58.20315,6.69378],[-58.20764,6.69487],[-58.20847,6.6951],[-58.21439,6.69681],[-58.21649,6.69632],[-58.23052,6.69774],[-58.23149,6.69779],[-58.23439,6.69806],[-58.26795,6.70065],[-58.27485,6.70121],[-58.27492,6.70121],[-58.28329,6.70187],[-58.28374,6.7019],[-58.28389,6.70191],[-58.28623,6.7021],[-58.29878,6.70335],[-58.30575,6.70398],[-58.30564,6.70351],[-58.30547,6.70333],[-58.30544,6.70329],[-58.30543,6.70312],[-58.30596,6.70212],[-58.30691,6.70109],[-58.30695,6.70106],[-58.30703,6.70096],[-58.30861,6.69984],[-58.31072,6.6985],[-58.31915,6.69528],[-58.32972,6.69432],[-58.33244,6.69325],[-58.33377,6.69219],[-58.33402,6.69187],[-58.33455,6.69141],[-58.33472,6.6912],[-58.33528,6.69044],[-58.33554,6.69014],[-58.33613,6.68913],[-58.33699,6.6881],[-58.33808,6.68637],[-58.33972,6.68498],[-58.34334,6.67928],[-58.34546,6.67266],[-58.34641,6.67087],[-58.34694,6.67012],[-58.34725,6.66976],[-58.34733,6.66969],[-58.34737,6.66964],[-58.348,6.66907],[-58.34896,6.6684],[-58.35439,6.66656],[-58.35977,6.66805],[-58.36239,6.66742],[-58.36401,6.6664],[-58.36436,6.66614],[-58.36472,6.66581],[-58.36501,6.66548],[-58.36536,6.66508],[-58.3664,6.66381],[-58.36659,6.66352],[-58.36942,6.65724],[-58.37049,6.65573],[-58.3706,6.65564],[-58.37062,6.65561],[-58.37104,6.65522],[-58.37151,6.65487],[-58.37306,6.65447],[-58.37733,6.65437],[-58.3827,6.65536],[-58.38792,6.65408],[-58.3934,6.65074],[-58.39833,6.64946],[-58.40227,6.64993],[-58.40625,6.64898],[-58.40693,6.64843],[-58.4073,6.64801],[-58.40751,6.64778],[-58.40777,6.64718],[-58.40819,6.64487],[-58.40825,6.64281],[-58.40707,6.63786],[-58.40802,6.63342],[-58.41061,6.62827],[-58.41377,6.62368],[-58.41416,6.62323],[-58.41448,6.62289],[-58.41456,6.62281],[-58.4146,6.62277],[-58.41534,6.62206],[-58.41576,6.6217],[-58.41714,6.62084],[-58.42227,6.61976],[-58.42341,6.61924],[-58.42389,6.61895],[-58.42475,6.61837],[-58.42598,6.61686],[-58.42606,6.61676],[-58.42654,6.61595],[-58.42903,6.60849],[-58.42947,6.60321],[-58.42921,6.5957],[-58.42998,6.59335],[-58.43071,6.59228],[-58.43078,6.59224],[-58.43105,6.59207],[-58.43132,6.5919],[-58.43419,6.59121],[-58.43562,6.59113],[-58.43711,6.59027],[-58.43721,6.59016],[-58.43729,6.59007],[-58.43763,6.5897],[-58.43781,6.5895],[-58.43788,6.58944],[-58.43793,6.58938],[-58.43818,6.58915],[-58.43844,6.58883],[-58.43923,6.58702],[-58.43678,6.57877],[-58.43653,6.57577],[-58.43763,6.57086],[-58.43735,6.56722],[-58.43563,6.56421],[-58.43168,6.56291],[-58.42231,6.56518],[-58.41958,6.56321],[-58.41804,6.56044],[-58.41851,6.55764],[-58.41916,6.55673],[-58.42018,6.55554],[-58.42024,6.55552],[-58.4203,6.55542],[-58.42217,6.5541],[-58.42512,6.55243],[-58.42923,6.55105],[-58.43049,6.55007],[-58.43126,6.54981],[-58.43203,6.54936],[-58.43297,6.54868],[-58.43365,6.54824],[-58.43383,6.54804],[-58.43462,6.54722],[-58.4377,6.54312],[-58.43972,6.5385],[-58.44132,6.52821],[-58.44076,6.52497],[-58.43854,6.51983],[-58.43478,6.51749],[-58.43163,6.51329],[-58.43062,6.50707],[-58.43111,6.50565],[-58.43364,6.50237],[-58.43375,6.50226],[-58.43376,6.50225],[-58.43531,6.50079],[-58.44043,6.49816],[-58.44167,6.49738],[-58.44341,6.4959],[-58.44341,6.49326],[-58.44146,6.48781],[-58.44386,6.48168],[-58.4436,6.47877],[-58.43993,6.46803],[-58.43944,6.46213],[-58.44056,6.45549],[-58.43969,6.44812],[-58.43829,6.44542],[-58.43428,6.4404],[-58.43567,6.4338],[-58.43512,6.42696],[-58.43271,6.42273],[-58.42362,6.41487],[-58.42292,6.41331],[-58.42356,6.40424],[-58.42332,6.39721],[-58.42189,6.39048],[-58.41902,6.38625],[-58.41397,6.38413],[-58.40987,6.38404],[-58.40545,6.38186],[-58.39998,6.37415],[-58.39454,6.36581],[-58.3925,6.3609],[-58.3903,6.35218],[-58.3899,6.34125],[-58.39242,6.33385],[-58.3961,6.32656],[-58.40041,6.31598],[-58.40432,6.30892],[-58.40908,6.30187],[-58.41468,6.29263],[-58.41683,6.28957],[-58.41777,6.28836],[-58.41817,6.28784],[-58.42002,6.28545],[-58.42269,6.28191],[-58.41992,6.27609],[-58.41589,6.24306],[-58.40755,6.22232],[-58.40204,6.19403],[-58.39727,6.16144],[-58.39131,6.13745],[-58.38749,6.13507],[-58.36986,6.12411],[-58.34393,6.12293],[-58.32426,6.11434],[-58.29655,6.1013],[-58.28566,6.09518],[-58.28089,6.0991],[-58.27363,6.10641],[-58.26822,6.11243],[-58.26666,6.11497],[-58.26321,6.12503],[-58.25962,6.13322],[-58.25876,6.13644],[-58.25868,6.14107],[-58.25957,6.14405],[-58.26741,6.1504],[-58.27294,6.15872],[-58.27769,6.16381],[-58.27877,6.16842],[-58.2776,6.17517],[-58.27773,6.18362],[-58.27884,6.19218],[-58.28008,6.19742],[-58.28332,6.20134],[-58.28946,6.20217],[-58.29407,6.20344],[-58.29956,6.20787],[-58.2996,6.21252],[-58.29614,6.21903],[-58.29298,6.22716],[-58.28879,6.23907],[-58.28689,6.24247],[-58.27491,6.25451],[-58.27269,6.25778],[-58.27101,6.26317],[-58.27104,6.26594],[-58.27265,6.27023],[-58.27238,6.27407],[-58.2689,6.28029],[-58.26751,6.28379],[-58.26698,6.2895],[-58.26748,6.29344],[-58.26919,6.29637],[-58.27413,6.29983],[-58.28102,6.30575],[-58.29367,6.3158],[-58.30159,6.32086],[-58.31014,6.32908],[-58.31231,6.33411],[-58.31258,6.33806],[-58.31037,6.35078],[-58.31073,6.35631],[-58.3131,6.36227],[-58.3143,6.36756],[-58.31422,6.37242],[-58.31087,6.37865],[-58.30314,6.39017],[-58.29559,6.39767],[-58.29233,6.40279],[-58.29199,6.40689],[-58.29199,6.4219],[-58.29336,6.43384],[-58.29611,6.43844],[-58.30246,6.44493],[-58.3064,6.44697],[-58.31138,6.45226],[-58.31344,6.45635],[-58.31413,6.45959],[-58.31413,6.46829],[-58.31173,6.47802],[-58.30932,6.48074],[-58.30194,6.48484],[-58.29199,6.49303],[-58.28151,6.50377],[-58.26074,6.5239],[-58.2493,6.53363],[-58.24737,6.53554],[-58.24225,6.54062],[-58.23122,6.56056],[-58.2259,6.57182],[-58.22332,6.57949],[-58.22291,6.58358],[-58.22246,6.58802],[-58.22057,6.59961],[-58.21817,6.60848],[-58.21474,6.61598],[-58.20667,6.63491],[-58.20118,6.64616],[-58.19174,6.67089],[-58.18899,6.68572],[-58.1905,6.69457],[-58.19154,6.69665]]]},"properties":{"ID":"315","NAME":"","STATUS":"Not Classified","REGION":"Essequibo Islands-West Demerara"}},
{"type":"Feature","geometry":{"type":"Polygon","coordinates":[[[-58.23439,6.69806],[-58.23237,6.72343],[-58.2318,6.72876],[-58.25622,6.73086],[-58.25814,6.7055],[-58.26642,6.70647],[-58.27488,6.70683],[-58.27492,6.70121],[-58.27485,6.70121],[-58.26795,6.70065],[-58.23439,6.69806]]]},"properties":{"ID":"316","NAME":"","STATUS":"Not Classified","REGION":"Essequibo Islands-West Demerara"}},
{"type":"Feature","geometry":{"type":"Polygon","coordinates":[[[-58.27492,6.70121],[-58.27488,6.70683],[-58.26642,6.70647],[-58.25814,6.7055],[-58.25622,6.73086],[-58.2318,6.72876],[-58.23056,6.74623],[-58.2264,6.7454],[-58.22607,6.74906],[-58.22496,6.76095],[-58.22482,6.76282],[-58.22479,6.76311],[-58.23634,6.76437],[-58.24207,6.76488],[-58.23938,6.79085],[-58.24184,6.79102],[-58.24396,6.79112],[-58.25064,6.79158],[-58.25068,6.79158],[-58.26082,6.79262],[-58.26893,6.79337],[-58.2709,6.79356],[-58.29201,6.7956],[-58.29847,6.79653],[-58.30288,6.73825],[-58.30575,6.70398],[-58.29878,6.70335],[-58.28623,6.7021],[-58.28389,6.70191],[-58.28374,6.7019],[-58.28329,6.70187],[-58.27492,6.70121]]]},"properties":{"ID":"302","NAME":"Canals Polder","STATUS":"Neighbourhood Democratic Council","REGION":"Essequibo Islands-West Demerara"}},
{"type":"Feature","geometry":{"type":"Polygon","coordinates":[[[-58.40531,6.84193],[-58.40305,6.84372],[-58.3985,6.8474],[-58.3953,6.84717],[-58.38968,6.84686],[-58.38636,6.84808],[-58.38249,6.84769],[-58.38238,6.84937],[-58.38213,6.8532],[-58.38176,6.85628],[-58.38182,6.85656],[-58.38202,6.85753],[-58.38118,6.8641],[-58.38082,6.86736],[-58.38066,6.86874],[-58.38022,6.87296],[-58.38396,6.87359],[-58.39734,6.86968],[-58.39757,6.86891],[-58.41405,6.86529],[-58.41976,6.86538],[-58.40531,6.84193]]]},"properties":{"ID":"311","NAME":"Good Hope / Hydronie","STATUS":"Neighbourhood Democratic Council","REGION":"Essequibo Islands-West Demerara"}},
{"type":"Feature","geometry":{"type":"Polygon","coordinates":[[[-58.45181,6.92125],[-58.45625,6.91847],[-58.46125,6.91681],[-58.4632,6.91264],[-58.46764,6.89764],[-58.47042,6.88542],[-58.47181,6.88181],[-58.47236,6.87736],[-58.47375,6.87486],[-58.4743,6.87042],[-58.47236,6.8707],[-58.46819,6.87403],[-58.46181,6.88125],[-58.45875,6.88208],[-58.45542,6.88431],[-58.45125,6.88486],[-58.44958,6.88764],[-58.44208,6.89208],[-58.43875,6.89708],[-58.43014,6.9032],[-58.42486,6.9043],[-58.4243,6.90542],[-58.4193,6.90653],[-58.41681,6.90792],[-58.41403,6.91097],[-58.40736,6.91292],[-58.40319,6.91264],[-58.39542,6.91486],[-58.39431,6.91681],[-58.38736,6.91986],[-58.38514,6.9193],[-58.38125,6.92125],[-58.37597,6.92264],[-58.37458,6.92486],[-58.36986,6.92847],[-58.36986,6.93014],[-58.36681,6.93403],[-58.36236,6.93653],[-58.35986,6.93903],[-58.35486,6.93875],[-58.34958,6.94236],[-58.3457,6.94375],[-58.34625,6.94653],[-58.35014,6.94792],[-58.35931,6.95236],[-58.3618,6.95486],[-58.36847,6.95486],[-58.37208,6.95764],[-58.37958,6.95903],[-58.38653,6.96264],[-58.3918,6.96403],[-58.39736,6.96403],[-58.40764,6.96125],[-58.40764,6.95903],[-58.41292,6.95375],[-58.41792,6.94736],[-58.42319,6.94292],[-58.42514,6.94014],[-58.43319,6.93375],[-58.43542,6.93097],[-58.44153,6.92764],[-58.44403,6.92542],[-58.45181,6.92125]]]},"properties":{"ID":"313","NAME":"Leguan","STATUS":"Neighbourhood Democratic Council","REGION":"Essequibo Islands-West Demerara"}},
{"type":"Feature","geometry":{"type":"Polygon","coordinates":[[[-58.18191,6.78277],[-58.18199,6.7828],[-58.17619,6.79853],[-58.18184,6.79893],[-58.19191,6.79974],[-58.1917,6.80321],[-58.20497,6.80431],[-58.23915,6.80684],[-58.24094,6.80695],[-58.24184,6.79102],[-58.23938,6.79085],[-58.24207,6.76488],[-58.23634,6.76437],[-58.22479,6.76311],[-58.22406,6.76303],[-58.22232,6.78061],[-58.20472,6.77899],[-58.19456,6.7782],[-58.19247,6.77807],[-58.18383,6.77739],[-58.18358,6.77812],[-58.18199,6.78249],[-58.18191,6.78277]]]},"properties":{"ID":"304","NAME":"Malgre Tout / Meer Zorgen","STATUS":"Neighbourhood Democratic Council","REGION":"Essequibo Islands-West Demerara"}},
{"type":"Feature","geometry":{"type":"Polygon","coordinates":[[[-58.18383,6.77739],[-58.19247,6.77807],[-58.19456,6.7782],[-58.20472,6.77899],[-58.22232,6.78061],[-58.22406,6.76303],[-58.22479,6.76311],[-58.22482,6.76282],[-58.22496,6.76095],[-58.22607,6.74906],[-58.20205,6.74728],[-58.19528,6.74634],[-58.19494,6.74727],[-58.19278,6.75307],[-58.19294,6.75314],[-58.19109,6.75768],[-58.19033,6.75968],[-58.18538,6.77301],[-58.18428,6.77604],[-58.18383,6.77739]]]},"properties":{"ID":"303","NAME":"Nismes / La Grange","STATUS":"Neighbourhood Democratic Council","REGION":"Essequibo Islands-West Demerara"}},
{"type":"Feature","geometry":{"type":"Polygon","coordinates":[[[-58.19528,6.74634],[-58.20205,6.74728],[-58.22607,6.74906],[-58.2264,6.7454],[-58.23056,6.74623],[-58.2318,6.72876],[-58.23237,6.72343],[-58.23439,6.69806],[-58.23149,6.69779],[-58.23052,6.69774],[-58.21649,6.69632],[-58.21439,6.69681],[-58.20847,6.6951],[-58.20764,6.69487],[-58.20315,6.69378],[-58.20154,6.69337],[-58.20136,6.69333],[-58.19787,6.69222],[-58.19662,6.69238],[-58.1958,6.69251],[-58.19556,6.69266],[-58.19459,6.6933],[-58.19182,6.69635],[-58.19154,6.69665],[-58.19155,6.69667],[-58.19322,6.70002],[-58.19317,6.70001],[-58.19328,6.70022],[-58.19332,6.70022],[-58.19633,6.70624],[-58.19883,6.71579],[-58.19951,6.73039],[-58.1957,6.74486],[-58.19553,6.74554],[-58.19534,6.74624],[-58.19528,6.74634]]]},"properties":{"ID":"301","NAME":"Toevlugt / Patentia","STATUS":"Neighbourhood Democratic Council","REGION":"Essequibo Islands-West Demerara"}},
{"type":"Feature","geometry":{"type":"Polygon","coordinates":[[[-58.5168,6.89125],[-58.51042,6.89153],[-58.50347,6.8932],[-58.49736,6.89625],[-58.4868,6.90597],[-58.4818,6.91181],[-58.47458,6.9193],[-58.47347,6.9218],[-58.47097,6.92319],[-58.46875,6.92681],[-58.46458,6.93014],[-58.46292,6.93264],[-58.45625,6.93681],[-58.45292,6.94014],[-58.44403,6.94653],[-58.43903,6.95181],[-58.43514,6.95792],[-58.4318,6.96153],[-58.43097,6.96403],[-58.42764,6.96764],[-58.42542,6.97153],[-58.42319,6.97375],[-58.41597,6.97903],[-58.41208,6.98097],[-58.40403,6.98403],[-58.40014,6.98847],[-58.4007,6.99208],[-58.40236,6.99403],[-58.40486,6.99458],[-58.40625,6.99792],[-58.40736,6.99792],[-58.41153,7.00153],[-58.41208,7.00375],[-58.41431,7.00375],[-58.42208,7.01097],[-58.42458,7.01208],[-58.42681,7.01569],[-58.43764,7.02347],[-58.44042,7.02375],[-58.44486,7.01931],[-58.44736,7.01458],[-58.44903,7.00819],[-58.45042,7.00653],[-58.45042,7.00375],[-58.45236,6.99375],[-58.45458,6.98847],[-58.45764,6.98319],[-58.46153,6.97514],[-58.46764,6.96764],[-58.47125,6.96125],[-58.47597,6.95625],[-58.47709,6.95181],[-58.47931,6.94931],[-58.47931,6.94764],[-58.48542,6.93653],[-58.48903,6.93125],[-58.49708,6.92097],[-58.49903,6.91736],[-58.50208,6.91403],[-58.50514,6.90931],[-58.50764,6.90708],[-58.51125,6.9018],[-58.51292,6.90097],[-58.51597,6.89708],[-58.5182,6.89542],[-58.51931,6.89264],[-58.5168,6.89125]]]},"properties":{"ID":"314","NAME":"Wakenaam","STATUS":"Neighbourhood Democratic Council","REGION":"Essequibo Islands-West Demerara"}},
{"type":"Feature","geometry":{"type":"Polygon","coordinates":[[[-58.17283,6.80763],[-58.17704,6.80782],[-58.1773,6.81263],[-58.18265,6.81338],[-58.18882,6.81678],[-58.19363,6.81722],[-58.19387,6.81885],[-58.19867,6.8194],[-58.20408,6.82345],[-58.20462,6.81684],[-58.20506,6.81153],[-58.21375,6.81251],[-58.23247,6.81361],[-58.2357,6.81411],[-58.23628,6.80898],[-58.23912,6.80899],[-58.23915,6.80684],[-58.20497,6.80431],[-58.1917,6.80321],[-58.19191,6.79974],[-58.18184,6.79893],[-58.17619,6.79853],[-58.17283,6.80763]]]},"properties":{"ID":"305","NAME":"Best / Klein Pouderoyen","STATUS":"Neighbourhood Democratic Council","REGION":"Essequibo Islands-West Demerara"}},
{"type":"Feature","geometry":{"type":"Polygon","coordinates":[[[-58.24184,6.79102],[-58.24094,6.80695],[-58.23915,6.80684],[-58.23912,6.80899],[-58.23628,6.80898],[-58.2357,6.81411],[-58.23247,6.81361],[-58.21375,6.81251],[-58.20506,6.81153],[-58.20462,6.81684],[-58.2041,6.82353],[-58.2205,6.8383],[-58.22276,6.8407],[-58.23772,6.85016],[-58.24015,6.85253],[-58.24552,6.8544],[-58.24623,6.84825],[-58.24699,6.83801],[-58.24737,6.83385],[-58.24792,6.82774],[-58.24883,6.81854],[-58.25039,6.80156],[-58.25068,6.79158],[-58.25064,6.79158],[-58.24396,6.79112],[-58.24184,6.79102]]]},"properties":{"ID":"306","NAME":"La Jalousie / Nouvelle Flanders","STATUS":"Neighbourhood Democratic Council","REGION":"Essequibo Islands-West Demerara"}},
{"type":"Feature","geometry":{"type":"Polygon","coordinates":[[[-58.25068,6.79158],[-58.25039,6.80156],[-58.24883,6.81854],[-58.24792,6.82774],[-58.24737,6.83385],[-58.24701,6.83793],[-58.24624,6.84827],[-58.24552,6.85437],[-58.24901,6.85681],[-58.2536,6.85896],[-58.26077,6.86428],[-58.26372,6.86511],[-58.26381,6.86501],[-58.26429,6.86444],[-58.26459,6.86408],[-58.26617,6.86228],[-58.26629,6.86027],[-58.26638,6.85867],[-58.26646,6.85722],[-58.26662,6.85402],[-58.26707,6.84756],[-58.26711,6.8466],[-58.2672,6.84442],[-58.26733,6.84311],[-58.26737,6.84256],[-58.26738,6.84245],[-58.26766,6.83853],[-58.26771,6.83777],[-58.26881,6.82291],[-58.26918,6.81706],[-58.26938,6.81389],[-58.26944,6.81303],[-58.26944,6.81302],[-58.27028,6.80191],[-58.27035,6.80101],[-58.27046,6.79956],[-58.2709,6.79357],[-58.2709,6.79356],[-58.26893,6.79337],[-58.26082,6.79262],[-58.25068,6.79158]]]},"properties":{"ID":"307","NAME":"Hague / Blankenburg","STATUS":"Neighbourhood Democratic Council","REGION":"Essequibo Islands-West Demerara"}},
{"type":"Feature","geometry":{"type":"Polygon","coordinates":[[[-58.2709,6.79356],[-58.2709,6.79357],[-58.27046,6.79956],[-58.27035,6.80101],[-58.27028,6.80191],[-58.26944,6.81302],[-58.26944,6.81303],[-58.26938,6.81389],[-58.26918,6.81706],[-58.26881,6.82291],[-58.26771,6.83777],[-58.26766,6.83853],[-58.26738,6.84245],[-58.26737,6.84256],[-58.26733,6.84311],[-58.2672,6.84442],[-58.26711,6.8466],[-58.26707,6.84756],[-58.26662,6.85402],[-58.26646,6.85722],[-58.26638,6.85867],[-58.26629,6.86027],[-58.26617,6.86228],[-58.26459,6.86408],[-58.26429,6.86444],[-58.26381,6.86501],[-58.2637,6.86513],[-58.26897,6.86819],[-58.27703,6.87127],[-58.2812,6.87364],[-58.28178,6.8752],[-58.28568,6.87322],[-58.29209,6.87495],[-58.29544,6.87691],[-58.29858,6.87823],[-58.29858,6.8782],[-58.29865,6.87686],[-58.29866,6.87671],[-58.29872,6.87582],[-58.29868,6.87436],[-58.29917,6.87219],[-58.3057,6.79702],[-58.29847,6.79653],[-58.29201,6.7956],[-58.2709,6.79356]]]},"properties":{"ID":"308","NAME":"Stewartville / Cornelia Ida","STATUS":"Neighbourhood Democratic Council","REGION":"Essequibo Islands-West Demerara"}},
{"type":"Feature","geometry":{"type":"Polygon","coordinates":[[[-58.29858,6.87823],[-58.29902,6.87831],[-58.30056,6.87843],[-58.3009,6.87853],[-58.31222,6.88281],[-58.32622,6.88232],[-58.33435,6.88418],[-58.33648,6.88343],[-58.34603,6.88299],[-58.3488,6.88237],[-58.35039,6.88283],[-58.35162,6.88254],[-58.35209,6.88248],[-58.3526,6.88237],[-58.35261,6.88237],[-58.35262,6.88236],[-58.35275,6.88133],[-58.35294,6.88013],[-58.35313,6.87869],[-58.3532,6.87811],[-58.35326,6.87766],[-58.35371,6.87508],[-58.35374,6.87491],[-58.35393,6.87404],[-58.35402,6.87354],[-58.35435,6.8716],[-58.35436,6.87152],[-58.35514,6.8667],[-58.35519,6.86602],[-58.3552,6.86598],[-58.35642,6.85812],[-58.35703,6.85537],[-58.357,6.85536],[-58.35728,6.85396],[-58.3574,6.85331],[-58.35747,6.85297],[-58.35757,6.85236],[-58.35766,6.85178],[-58.35803,6.84979],[-58.35892,6.84528],[-58.35905,6.83731],[-58.35926,6.82942],[-58.36244,6.83071],[-58.36615,6.82914],[-58.37202,6.82146],[-58.37424,6.81583],[-58.37573,6.8137],[-58.37421,6.80662],[-58.36951,6.80284],[-58.35651,6.8015],[-58.31774,6.798],[-58.3057,6.79702],[-58.29917,6.87219],[-58.29868,6.87436],[-58.29872,6.87582],[-58.29866,6.87671],[-58.29865,6.87686],[-58.29858,6.8782],[-58.29858,6.87823]]]},"properties":{"ID":"309","NAME":"Uitvlught / Tuschen","STATUS":"Neighbourhood Democratic Council","REGION":"Essequibo Islands-West Demerara"}},
{"type":"Feature","geometry":{"type":"Polygon","coordinates":[[[-58.38249,6.84769],[-58.38244,6.84768],[-58.37749,6.84726],[-58.37589,6.84713],[-58.37391,6.84682],[-58.37266,6.84677],[-58.37217,6.84676],[-58.365,6.84605],[-58.35893,6.84529],[-58.35823,6.84879],[-58.35766,6.85183],[-58.35757,6.85236],[-58.35747,6.85297],[-58.3574,6.85331],[-58.35728,6.85396],[-58.357,6.85536],[-58.35703,6.85537],[-58.35642,6.85812],[-58.3552,6.86598],[-58.35519,6.86602],[-58.35514,6.8667],[-58.35436,6.87152],[-58.35435,6.8716],[-58.35402,6.87354],[-58.35393,6.87404],[-58.35374,6.87491],[-58.35371,6.87508],[-58.35326,6.87766],[-58.3532,6.87811],[-58.35313,6.87869],[-58.35294,6.88013],[-58.35275,6.88133],[-58.35262,6.88236],[-58.35423,6.88147],[-58.35663,6.88035],[-58.35867,6.87755],[-58.36597,6.87656],[-58.368,6.87436],[-58.38024,6.87254],[-58.38065,6.86875],[-58.38082,6.86736],[-58.38118,6.8641],[-58.38202,6.85753],[-58.38182,6.85656],[-58.38176,6.85628],[-58.38213,6.8532],[-58.38238,6.84937],[-58.38249,6.84769]]]},"properties":{"ID":"310","NAME":"Greenwich Park / Vergenoegen","STATUS":"Neighbourhood Democratic Council","REGION":"Essequibo Islands-West Demerara"}},
{"type":"Feature","geometry":{"type":"Polygon","coordinates":[[[-58.40531,6.84193],[-58.41976,6.86538],[-58.42465,6.8634],[-58.42769,6.85936],[-58.4359,6.85262],[-58.43957,6.8483],[-58.44646,6.84124],[-58.44676,6.84118],[-58.44668,6.841],[-58.44677,6.84091],[-58.44625,6.84037],[-58.44443,6.83888],[-58.43297,6.82885],[-58.42816,6.82469],[-58.42515,6.82542],[-58.42449,6.82714],[-58.40531,6.84193]]]},"properties":{"ID":"312","NAME":"Mora / Parika","STATUS":"Neighbourhood Democratic Council","REGION":"Essequibo Islands-West Demerara"}},
{"type":"Feature","geometry":{"type":"MultiPolygon","coordinates":[[[[-58.58625,6.48327],[-58.58625,6.48319],[-58.58031,6.47615],[-58.57066,6.47071],[-58.56888,6.46973],[-58.55923,6.46429],[-58.5569,6.45863],[-58.55616,6.4568],[-58.5547,6.45326],[-58.54986,6.44153],[-58.54979,6.44127],[-58.54709,6.42906],[-58.54678,6.4275],[-58.54637,6.42501],[-58.54615,6.42362],[-58.5457,6.42097],[-58.54565,6.4205],[-58.54548,6.41959],[-58.54519,6.41787],[-58.54504,6.41692],[-58.54485,6.41568],[-58.54462,6.41437],[-58.54448,6.41351],[-58.54439,6.41179],[-58.54429,6.4093],[-58.54416,6.40727],[-58.54406,6.40531],[-58.544,6.40394],[-58.54373,6.39879],[-58.53747,6.38312],[-58.53737,6.38298],[-58.53684,6.38217],[-58.53469,6.37897],[-58.5301,6.3727],[-58.52743,6.37088],[-58.52321,6.36772],[-58.51813,6.36413],[-58.51726,6.36349],[-58.50443,6.35377],[-58.48512,6.34414],[-58.48449,6.34387],[-58.48248,6.34302],[-58.47734,6.34149],[-58.47701,6.34139],[-58.47049,6.33944],[-58.4445,6.31963],[-58.44228,6.31643],[-58.44148,6.31526],[-58.43884,6.31138],[-58.43233,6.30205],[-58.4227,6.2819],[-58.42269,6.28191],[-58.42002,6.28545],[-58.41817,6.28784],[-58.41777,6.28836],[-58.41683,6.28957],[-58.41468,6.29263],[-58.40908,6.30187],[-58.40432,6.30892],[-58.40041,6.31598],[-58.3961,6.32656],[-58.39242,6.33385],[-58.3899,6.34125],[-58.3903,6.35218],[-58.3925,6.3609],[-58.39454,6.36581],[-58.39998,6.37415],[-58.40545,6.38186],[-58.40987,6.38404],[-58.41397,6.38413],[-58.41902,6.38625],[-58.42189,6.39048],[-58.42332,6.39721],[-58.42356,6.40424],[-58.42292,6.41331],[-58.42362,6.41487],[-58.43271,6.42273],[-58.43512,6.42696],[-58.43567,6.4338],[-58.43428,6.4404],[-58.43829,6.44542],[-58.43969,6.44812],[-58.44056,6.45549],[-58.43944,6.46213],[-58.43993,6.46803],[-58.4436,6.47877],[-58.44386,6.48168],[-58.44146,6.48781],[-58.44341,6.49326],[-58.44341,6.4959],[-58.44167,6.49738],[-58.44043,6.49816],[-58.43531,6.50079],[-58.43376,6.50225],[-58.43375,6.50226],[-58.43364,6.50237],[-58.43111,6.50565],[-58.43062,6.50707],[-58.43163,6.51329],[-58.43478,6.51749],[-58.43854,6.51983],[-58.44076,6.52497],[-58.44132,6.52821],[-58.43972,6.5385],[-58.4377,6.54312],[-58.43462,6.54722],[-58.43383,6.54804],[-58.43365,6.54824],[-58.43297,6.54868],[-58.43203,6.54936],[-58.43126,6.54981],[-58.43049,6.55007],[-58.42923,6.55105],[-58.42512,6.55243],[-58.42217,6.5541],[-58.4203,6.55542],[-58.42024,6.55552],[-58.42018,6.55554],[-58.41916,6.55673],[-58.41851,6.55764],[-58.41804,6.56044],[-58.41958,6.56321],[-58.42231,6.56518],[-58.43168,6.56291],[-58.43563,6.56421],[-58.43735,6.56722],[-58.43763,6.57086],[-58.43653,6.57577],[-58.43678,6.57877],[-58.43923,6.58702],[-58.43844,6.58883],[-58.43818,6.58915],[-58.43793,6.58938],[-58.43788,6.58944],[-58.43781,6.5895],[-58.43763,6.5897],[-58.43729,6.59007],[-58.43721,6.59016],[-58.43711,6.59027],[-58.43562,6.59113],[-58.43419,6.59121],[-58.43132,6.5919],[-58.43105,6.59207],[-58.43078,6.59224],[-58.43071,6.59228],[-58.42998,6.59335],[-58.42921,6.5957],[-58.42947,6.60321],[-58.42903,6.60849],[-58.42654,6.61595],[-58.42606,6.61676],[-58.42598,6.61686],[-58.42475,6.61837],[-58.42389,6.61895],[-58.42341,6.61924],[-58.42227,6.61976],[-58.41714,6.62084],[-58.41576,6.6217],[-58.41534,6.62206],[-58.4146,6.62277],[-58.41456,6.62281],[-58.41448,6.62289],[-58.41416,6.62323],[-58.41377,6.62368],[-58.41061,6.62827],[-58.40802,6.63342],[-58.40707,6.63786],[-58.40825,6.64281],[-58.40819,6.64487],[-58.40777,6.64718],[-58.40751,6.64778],[-58.4073,6.64801],[-58.40693,6.64843],[-58.40625,6.64898],[-58.40227,6.64993],[-58.39833,6.64946],[-58.3934,6.65074],[-58.38792,6.65408],[-58.3827,6.65536],[-58.37733,6.65437],[-58.37306,6.65447],[-58.37151,6.65487],[-58.37104,6.65522],[-58.37062,6.65561],[-58.3706,6.65564],[-58.37049,6.65573],[-58.36942,6.65724],[-58.36659,6.66352],[-58.3664,6.66381],[-58.36536,6.66508],[-58.36501,6.66548],[-58.36472,6.66581],[-58.36436,6.66614],[-58.36401,6.6664],[-58.36239,6.66742],[-58.35977,6.66805],[-58.35439,6.66656],[-58.34896,6.6684],[-58.348,6.66907],[-58.34737,6.66964],[-58.34733,6.66969],[-58.34725,6.66976],[-58.34694,6.67012],[-58.34641,6.67087],[-58.34546,6.67266],[-58.34334,6.67928],[-58.33972,6.68498],[-58.33808,6.68637],[-58.33699,6.6881],[-58.33613,6.68913],[-58.33554,6.69014],[-58.33528,6.69044],[-58.33472,6.6912],[-58.33455,6.69141],[-58.33402,6.69187],[-58.33377,6.69219],[-58.33244,6.69325],[-58.32972,6.69432],[-58.31915,6.69528],[-58.31072,6.6985],[-58.30861,6.69984],[-58.30703,6.70096],[-58.30695,6.70106],[-58.30691,6.70109],[-58.30596,6.70212],[-58.30543,6.70312],[-58.30544,6.70329],[-58.30547,6.70333],[-58.30564,6.70351],[-58.30575,6.70398],[-58.30288,6.73825],[-58.29847,6.79653],[-58.3057,6.79702],[-58.31774,6.798],[-58.35651,6.8015],[-58.36951,6.80284],[-58.37421,6.80662],[-58.37573,6.8137],[-58.37424,6.81583],[-58.37202,6.82146],[-58.36615,6.82914],[-58.36244,6.83071],[-58.35926,6.82942],[-58.35905,6.83731],[-58.35892,6.84528],[-58.35803,6.84979],[-58.35766,6.85178],[-58.35757,6.85236],[-58.35766,6.85183],[-58.35823,6.84879],[-58.35893,6.84529],[-58.365,6.84605],[-58.37217,6.84676],[-58.37266,6.84677],[-58.37391,6.84682],[-58.37589,6.84713],[-58.37749,6.84726],[-58.38244,6.84768],[-58.38249,6.84769],[-58.38636,6.84808],[-58.38968,6.84686],[-58.3953,6.84717],[-58.3985,6.8474],[-58.40305,6.84372],[-58.40531,6.84193],[-58.42449,6.82714],[-58.42515,6.82542],[-58.42816,6.82469],[-58.43297,6.82885],[-58.44443,6.83888],[-58.44625,6.84037],[-58.44677,6.84091],[-58.44686,6.84099],[-58.44971,6.83875],[-58.45375,6.83597],[-58.45653,6.83542],[-58.46569,6.82708],[-58.46569,6.82597],[-58.47014,6.82125],[-58.47042,6.81986],[-58.47542,6.81292],[-58.48042,6.80792],[-58.48236,6.80708],[-58.48653,6.80097],[-58.48875,6.79931],[-58.4907,6.79569],[-58.49903,6.78347],[-58.50431,6.76903],[-58.50491,6.76178],[-58.50819,6.75153],[-58.50983,6.7507],[-58.51569,6.74458],[-58.51764,6.7432],[-58.52153,6.73708],[-58.52347,6.73514],[-58.52819,6.72458],[-58.53569,6.70958],[-58.53903,6.70625],[-58.54403,6.70264],[-58.54736,6.69736],[-58.5493,6.69569],[-58.55236,6.69097],[-58.55486,6.68875],[-58.55736,6.6832],[-58.55847,6.68292],[-58.56097,6.67625],[-58.56153,6.67153],[-58.56569,6.66042],[-58.56681,6.65375],[-58.56847,6.65069],[-58.57069,6.64236],[-58.57097,6.63681],[-58.57319,6.62708],[-58.57319,6.61792],[-58.57375,6.61097],[-58.57375,6.58542],[-58.57514,6.57875],[-58.57764,6.57458],[-58.57764,6.57264],[-58.57986,6.57069],[-58.5807,6.56625],[-58.5793,6.56208],[-58.57903,6.55875],[-58.58208,6.55486],[-58.58403,6.54903],[-58.58403,6.54375],[-58.58208,6.53569],[-58.57792,6.52792],[-58.57597,6.51931],[-58.5757,6.50792],[-58.57819,6.50042],[-58.58153,6.49792],[-58.58042,6.4932],[-58.5843,6.48625],[-58.58625,6.48486],[-58.58625,6.48345],[-58.58625,6.48327]]],[[[-58.62151,6.51018],[-58.62159,6.51394],[-58.62,6.5158],[-58.61635,6.51738],[-58.61392,6.51721],[-58.61224,6.51864],[-58.61326,6.52205],[-58.61224,6.52261],[-58.61236,6.52597],[-58.61347,6.52625],[-58.61708,6.53236],[-58.61875,6.53875],[-58.61875,6.54264],[-58.62014,6.54875],[-58.61958,6.55486],[-58.61986,6.55986],[-58.61708,6.56514],[-58.61347,6.56653],[-58.61375,6.57069],[-58.61236,6.57319],[-58.61042,6.57403],[-58.61292,6.57625],[-58.61292,6.57847],[-58.61486,6.58125],[-58.61625,6.58792],[-58.61625,6.59181],[-58.61736,6.5957],[-58.61764,6.60125],[-58.6193,6.60347],[-58.62097,6.60931],[-58.62069,6.61375],[-58.62181,6.61625],[-58.62014,6.61653],[-58.62125,6.62125],[-58.62125,6.62486],[-58.61903,6.62903],[-58.61681,6.63542],[-58.61319,6.65208],[-58.61264,6.66153],[-58.61347,6.66375],[-58.61042,6.66958],[-58.61014,6.67458],[-58.60903,6.67819],[-58.60764,6.68625],[-58.60653,6.68819],[-58.6068,6.69319],[-58.60625,6.69847],[-58.60403,6.70236],[-58.60153,6.71097],[-58.60069,6.71986],[-58.59986,6.72208],[-58.60014,6.72792],[-58.59875,6.7343],[-58.59875,6.74653],[-58.59764,6.74986],[-58.59792,6.75903],[-58.59986,6.76458],[-58.60097,6.76958],[-58.60264,6.78319],[-58.60264,6.7882],[-58.59986,6.79403],[-58.59819,6.79542],[-58.59681,6.79931],[-58.59319,6.80458],[-58.59292,6.80931],[-58.59097,6.81403],[-58.59097,6.81736],[-58.5882,6.82653],[-58.58625,6.83042],[-58.58458,6.83181],[-58.58292,6.83958],[-58.58292,6.84375],[-58.5807,6.85375],[-58.57625,6.86569],[-58.57542,6.86903],[-58.57514,6.87458],[-58.57403,6.87653],[-58.57319,6.88208],[-58.57208,6.88292],[-58.56736,6.89292],[-58.56458,6.89989],[-58.56208,6.90875],[-58.56042,6.91236],[-58.55819,6.92014],[-58.55587,6.92615],[-58.657,6.8773],[-58.67657,6.85275],[-58.71502,6.86128],[-58.71948,6.86025],[-58.73802,6.84355],[-58.74454,6.81423],[-58.74729,6.79548],[-58.76617,6.77264],[-58.80051,6.75764],[-58.829,6.74503],[-58.84112,6.73085],[-58.83934,6.71872],[-58.83263,6.70939],[-58.82861,6.69933],[-58.83472,6.65686],[-58.84008,6.6505],[-58.84336,6.61513],[-58.84723,6.60462],[-58.85155,6.59648],[-58.85587,6.58493],[-58.85409,6.56954],[-58.84261,6.55829],[-58.83323,6.55444],[-58.81922,6.55252],[-58.80611,6.55207],[-58.78689,6.55577],[-58.78123,6.55562],[-58.75277,6.5389],[-58.73146,6.5241],[-58.72223,6.51936],[-58.70673,6.51951],[-58.70226,6.51092],[-58.69481,6.50278],[-58.68796,6.49804],[-58.67961,6.49345],[-58.67216,6.49286],[-58.66784,6.49479],[-58.65548,6.5047],[-58.64132,6.51255],[-58.63566,6.51388],[-58.62791,6.51359],[-58.62151,6.51018]]],[[[-58.58292,6.56319],[-58.58541,6.56069],[-58.58597,6.55708],[-58.58486,6.55653],[-58.58208,6.55931],[-58.58292,6.56319]]],[[[-58.5182,6.95625],[-58.52375,6.9557],[-58.52653,6.94569],[-58.51792,6.95181],[-58.51569,6.95403],[-58.5182,6.95625]]],[[[-58.52681,6.95431],[-58.53069,6.95403],[-58.53931,6.94653],[-58.54347,6.94069],[-58.55014,6.92653],[-58.55153,6.92292],[-58.5532,6.92125],[-58.55486,6.91458],[-58.55347,6.91458],[-58.54708,6.92319],[-58.54347,6.92875],[-58.53431,6.93931],[-58.5293,6.94403],[-58.52764,6.94681],[-58.52625,6.95153],[-58.52681,6.95431]]],[[[-58.51292,6.94708],[-58.51708,6.94681],[-58.52125,6.94292],[-58.52069,6.94042],[-58.51375,6.94347],[-58.51236,6.94524],[-58.51292,6.94708]]],[[[-58.50375,6.94292],[-58.51792,6.93931],[-58.52153,6.93736],[-58.52792,6.92986],[-58.53153,6.92708],[-58.53542,6.92236],[-58.54208,6.91597],[-58.54736,6.90875],[-58.54958,6.90458],[-58.55292,6.89597],[-58.55431,6.89014],[-58.55597,6.88681],[-58.56236,6.86569],[-58.56625,6.85708],[-58.56792,6.85458],[-58.57042,6.84736],[-58.57069,6.84403],[-58.56681,6.84597],[-58.56264,6.85125],[-58.55931,6.86097],[-58.55819,6.86181],[-58.55653,6.86653],[-58.55514,6.86736],[-58.55097,6.87347],[-58.54903,6.87486],[-58.54514,6.88014],[-58.54014,6.88847],[-58.53931,6.89236],[-58.53542,6.89597],[-58.53042,6.90292],[-58.52125,6.91069],[-58.51875,6.91403],[-58.51264,6.92014],[-58.50708,6.93097],[-58.50708,6.93319],[-58.50347,6.94125],[-58.50375,6.94292]]],[[[-58.54486,6.78236],[-58.53875,6.78736],[-58.53097,6.79542],[-58.53069,6.79708],[-58.52764,6.80042],[-58.52375,6.80903],[-58.52014,6.81264],[-58.51986,6.81486],[-58.51486,6.82014],[-58.51514,6.82208],[-58.51069,6.82653],[-58.50597,6.83597],[-58.50486,6.83653],[-58.50514,6.84042],[-58.50375,6.8418],[-58.50264,6.84792],[-58.49736,6.85569],[-58.49319,6.85847],[-58.49097,6.86458],[-58.48458,6.87125],[-58.48069,6.87375],[-58.47958,6.87597],[-58.47958,6.88069],[-58.48069,6.88542],[-58.48403,6.89014],[-58.48764,6.89125],[-58.49181,6.89125],[-58.49292,6.89014],[-58.5018,6.88819],[-58.50208,6.88736],[-58.51208,6.88681],[-58.51347,6.88597],[-58.52097,6.88431],[-58.52597,6.88181],[-58.53431,6.87181],[-58.53569,6.87097],[-58.54292,6.85875],[-58.54375,6.85431],[-58.54319,6.84625],[-58.54319,6.83736],[-58.54625,6.82403],[-58.55042,6.81347],[-58.55347,6.80986],[-58.55625,6.80542],[-58.55847,6.80042],[-58.56403,6.79347],[-58.56542,6.78986],[-58.56542,6.77347],[-58.56486,6.76042],[-58.56514,6.75597],[-58.56681,6.74931],[-58.56792,6.74708],[-58.56847,6.73958],[-58.56792,6.73125],[-58.56931,6.72236],[-58.57125,6.7143],[-58.56986,6.7143],[-58.56708,6.71958],[-58.56375,6.73014],[-58.55875,6.74208],[-58.55736,6.74736],[-58.55542,6.74986],[-58.55153,6.7657],[-58.55153,6.76764],[-58.54958,6.77181],[-58.54875,6.77597],[-58.54681,6.78014],[-58.54486,6.78236]]],[[[-58.55597,6.85847],[-58.55847,6.85736],[-58.55875,6.85542],[-58.56264,6.84764],[-58.56681,6.84347],[-58.56792,6.84125],[-58.57347,6.83458],[-58.57431,6.83042],[-58.57792,6.82069],[-58.57792,6.81569],[-58.57681,6.81486],[-58.57403,6.81903],[-58.56958,6.82792],[-58.56625,6.83653],[-58.55847,6.84847],[-58.55819,6.85042],[-58.55542,6.85597],[-58.55597,6.85847]]],[[[-58.54903,6.84736],[-58.55486,6.84347],[-58.55625,6.83958],[-58.55875,6.83597],[-58.56153,6.82875],[-58.56597,6.82014],[-58.56708,6.81597],[-58.56958,6.81153],[-58.57069,6.80236],[-58.56875,6.79736],[-58.56625,6.79931],[-58.5643,6.80375],[-58.56208,6.80542],[-58.55597,6.81264],[-58.55403,6.81625],[-58.55208,6.82181],[-58.55125,6.82764],[-58.54986,6.82931],[-58.54792,6.83875],[-58.54792,6.84375],[-58.54903,6.84736]]],[[[-58.58319,6.81097],[-58.58347,6.81347],[-58.58653,6.80764],[-58.5882,6.80236],[-58.58792,6.79403],[-58.58514,6.79403],[-58.58375,6.79903],[-58.58319,6.81097]]],[[[-58.5757,6.80292],[-58.57764,6.80042],[-58.57819,6.79653],[-58.58097,6.78903],[-58.58208,6.78181],[-58.58236,6.77153],[-58.58153,6.76514],[-58.57958,6.76153],[-58.57847,6.75597],[-58.57708,6.75264],[-58.57542,6.75236],[-58.57403,6.75708],[-58.57292,6.76625],[-58.57264,6.77486],[-58.57208,6.77764],[-58.57264,6.79208],[-58.57347,6.79708],[-58.5757,6.80292]]],[[[-58.54458,6.74653],[-58.54653,6.7432],[-58.55097,6.73125],[-58.55431,6.72486],[-58.55486,6.72181],[-58.5493,6.72653],[-58.54625,6.73236],[-58.54097,6.73819],[-58.53708,6.74431],[-58.53292,6.74764],[-58.53069,6.75153],[-58.52764,6.75458],[-58.52014,6.76681],[-58.51514,6.77403],[-58.51375,6.77431],[-58.50625,6.78431],[-58.50542,6.78903],[-58.50597,6.79375],[-58.51181,6.79375],[-58.51403,6.7918],[-58.51625,6.78736],[-58.5168,6.78431],[-58.52542,6.76931],[-58.5293,6.76486],[-58.5332,6.75792],[-58.53708,6.75347],[-58.53736,6.75125],[-58.54042,6.75097],[-58.54458,6.74653]]],[[[-58.59403,6.79264],[-58.5957,6.79208],[-58.59986,6.78653],[-58.59986,6.78125],[-58.59431,6.75625],[-58.59431,6.75208],[-58.5918,6.75208],[-58.59069,6.75736],[-58.58958,6.75931],[-58.58875,6.76514],[-58.58903,6.77292],[-58.58986,6.77514],[-58.59125,6.78736],[-58.59403,6.79264]]],[[[-58.53069,6.77736],[-58.52958,6.78014],[-58.5332,6.77958],[-58.53292,6.77542],[-58.53069,6.77736]]],[[[-58.53569,6.77764],[-58.54042,6.77681],[-58.54125,6.77319],[-58.54264,6.77181],[-58.54486,6.76403],[-58.54736,6.75764],[-58.54736,6.75542],[-58.54458,6.75653],[-58.5368,6.76764],[-58.53514,6.77292],[-58.53486,6.77708],[-58.53569,6.77764]]],[[[-58.51431,6.76542],[-58.51764,6.76375],[-58.51875,6.75764],[-58.51486,6.75958],[-58.51292,6.7632],[-58.51431,6.76542]]],[[[-58.58347,6.75903],[-58.58458,6.75764],[-58.58458,6.75181],[-58.58653,6.74653],[-58.58681,6.74125],[-58.58264,6.74375],[-58.5807,6.74681],[-58.58042,6.75069],[-58.58153,6.75319],[-58.58181,6.75764],[-58.58347,6.75903]]],[[[-58.51153,6.75875],[-58.5132,6.75792],[-58.52431,6.74708],[-58.52736,6.7432],[-58.52875,6.73708],[-58.52264,6.74153],[-58.52236,6.74264],[-58.51597,6.74819],[-58.51069,6.75208],[-58.51042,6.75708],[-58.51153,6.75875]]],[[[-58.58903,6.75042],[-58.59292,6.74569],[-58.59292,6.74181],[-58.58986,6.7432],[-58.58875,6.74681],[-58.58903,6.75042]]],[[[-58.58986,6.73875],[-58.58958,6.74208],[-58.59264,6.73986],[-58.59264,6.73347],[-58.59153,6.73347],[-58.58986,6.73875]]],[[[-58.57625,6.74069],[-58.57764,6.73958],[-58.57847,6.73375],[-58.57958,6.73153],[-58.57986,6.72625],[-58.5807,6.72486],[-58.58125,6.71792],[-58.5807,6.71569],[-58.57903,6.71597],[-58.57681,6.71958],[-58.57431,6.72681],[-58.57403,6.7318],[-58.57625,6.74069]]],[[[-58.55542,6.70153],[-58.54764,6.71486],[-58.54708,6.72069],[-58.54347,6.72708],[-58.54125,6.72931],[-58.53819,6.73792],[-58.54236,6.7343],[-58.54736,6.72708],[-58.55292,6.72069],[-58.55431,6.71986],[-58.55653,6.71486],[-58.5568,6.70986],[-58.55875,6.70403],[-58.55847,6.70042],[-58.55542,6.70153]]],[[[-58.52542,6.73542],[-58.52653,6.73625],[-58.53069,6.73153],[-58.53069,6.73042],[-58.53792,6.72069],[-58.54042,6.71347],[-58.54375,6.70792],[-58.54292,6.70542],[-58.53792,6.70903],[-58.53625,6.71153],[-58.53347,6.71847],[-58.52958,6.72514],[-58.52847,6.72931],[-58.52542,6.73542]]],[[[-58.58208,6.73125],[-58.58653,6.72486],[-58.58736,6.72069],[-58.58708,6.71625],[-58.58569,6.71569],[-58.58208,6.72486],[-58.58208,6.73125]]],[[[-58.5918,6.71792],[-58.59403,6.71542],[-58.59458,6.70681],[-58.59236,6.70542],[-58.59125,6.70958],[-58.59125,6.71681],[-58.5918,6.71792]]],[[[-58.60153,6.70375],[-58.60292,6.7032],[-58.60347,6.70042],[-58.60542,6.69708],[-58.60514,6.6893],[-58.60764,6.6807],[-58.60653,6.68042],[-58.60236,6.68458],[-58.60097,6.68792],[-58.60069,6.69931],[-58.60153,6.70375]]],[[[-58.57875,6.67319],[-58.57986,6.67264],[-58.58097,6.66819],[-58.57903,6.66736],[-58.57819,6.67042],[-58.57875,6.67319]]],[[[-58.58125,6.66736],[-58.58319,6.66653],[-58.58403,6.66403],[-58.5843,6.65708],[-58.58764,6.65042],[-58.5882,6.64681],[-58.58458,6.63708],[-58.58319,6.63708],[-58.57958,6.64514],[-58.57847,6.6518],[-58.57847,6.65625],[-58.5807,6.6632],[-58.58125,6.66736]]],[[[-58.58875,6.6493],[-58.58569,6.65569],[-58.58653,6.65764],[-58.5918,6.64569],[-58.59153,6.63819],[-58.59069,6.63347],[-58.58875,6.62958],[-58.58541,6.63153],[-58.58514,6.63625],[-58.58792,6.64264],[-58.58875,6.6493]]],[[[-58.5993,6.59486],[-58.59958,6.60125],[-58.60042,6.59597],[-58.5993,6.59486]]],[[[-58.61514,6.5493],[-58.61347,6.54653],[-58.61292,6.55764],[-58.61514,6.55847],[-58.61597,6.55097],[-58.61514,6.5493]]],[[[-58.61514,6.5493],[-58.61653,6.55014],[-58.61681,6.54069],[-58.61542,6.53681],[-58.61403,6.53625],[-58.61514,6.5493]]]]},"properties":{"ID":"317","NAME":"Sparta / Bonasika and Rest of Essequibo Islands","STATUS":"Not Classified","REGION":"Essequibo Islands-West Demerara"}},
{"type":"Feature","geometry":{"type":"Polygon","coordinates":[[[-58.55751,7.33727],[-58.54506,7.30132],[-58.54471,7.29917],[-58.54447,7.29777],[-58.54426,7.2967],[-58.54368,7.29342],[-58.54236,7.28822],[-58.54198,7.28742],[-58.5418,7.28709],[-58.54165,7.28678],[-58.54162,7.28672],[-58.5413,7.28612],[-58.53841,7.27715],[-58.53838,7.27671],[-58.53834,7.27586],[-58.53783,7.27406],[-58.53677,7.27164],[-58.53529,7.26791],[-58.53529,7.2679],[-58.53505,7.26629],[-58.5351,7.26495],[-58.53179,7.2544],[-58.53092,7.25259],[-58.53072,7.25219],[-58.52972,7.25056],[-58.52882,7.24899],[-58.5283,7.24697],[-58.52811,7.24634],[-58.52776,7.24528],[-58.52727,7.24424],[-58.52629,7.24181],[-58.52605,7.24126],[-58.52481,7.24119],[-58.52411,7.24115],[-58.52234,7.23524],[-58.5223,7.23509],[-58.52145,7.23191],[-58.52141,7.23178],[-58.52138,7.23165],[-58.52126,7.23126],[-58.51781,7.23115],[-58.51156,7.23086],[-58.51,7.23076],[-58.50563,7.23045],[-58.50443,7.23035],[-58.5015,7.23017],[-58.498,7.22994],[-58.49196,7.22953],[-58.48784,7.22923],[-58.48675,7.22914],[-58.48363,7.22892],[-58.48358,7.22892],[-58.48258,7.23978],[-58.48207,7.23978],[-58.47992,7.255],[-58.47928,7.25525],[-58.47866,7.2617],[-58.4775,7.26221],[-58.47635,7.26763],[-58.47612,7.27639],[-58.47543,7.28343],[-58.4762,7.28975],[-58.47619,7.30955],[-58.47751,7.31264],[-58.47801,7.3221],[-58.47994,7.32385],[-58.47995,7.32957],[-58.48108,7.33258],[-58.4955,7.33324],[-58.52192,7.33564],[-58.55751,7.33727]]]},"properties":{"ID":"206","NAME":"Anna Regina","STATUS":"Municipality","REGION":"Pomeroon-Supenaam"}},
{"type":"Feature","geometry":{"type":"Polygon","coordinates":[[[-58.5141,6.97001],[-58.50258,6.97768],[-58.50045,6.98019],[-58.49535,6.98909],[-58.49123,7.00033],[-58.49085,7.00393],[-58.48881,7.00987],[-58.48711,7.0129],[-58.48489,7.02143],[-58.48114,7.05067],[-58.48049,7.05269],[-58.48567,7.05425],[-58.48873,7.05512],[-58.49538,7.05725],[-58.50467,7.06011],[-58.50469,7.06012],[-58.50519,7.06024],[-58.50611,7.06023],[-58.50599,7.05935],[-58.50752,7.05405],[-58.50298,7.05205],[-58.50121,7.04866],[-58.50189,7.04373],[-58.50424,7.03259],[-58.50585,7.02316],[-58.50653,7.01418],[-58.50764,7.00635],[-58.50975,7.00276],[-58.51598,7.00051],[-58.52564,6.99645],[-58.52568,6.99643],[-58.52617,6.99171],[-58.52267,6.98667],[-58.5225,6.98151],[-58.52065,6.97768],[-58.51799,6.97594],[-58.51578,6.97291],[-58.51489,6.97133],[-58.5141,6.97001]]]},"properties":{"ID":"201","NAME":"Good Hope / Pomona","STATUS":"Neighbourhood Democratic Council","REGION":"Pomeroon-Supenaam"}},
{"type":"Feature","geometry":{"type":"Polygon","coordinates":[[[-58.48108,7.33258],[-58.4836,7.34278],[-58.48708,7.34748],[-58.49074,7.35597],[-58.50032,7.36775],[-58.50846,7.3748],[-58.51677,7.38337],[-58.51859,7.38934],[-58.52457,7.39641],[-58.52975,7.40184],[-58.53537,7.41085],[-58.53818,7.41314],[-58.53942,7.4141],[-58.53943,7.4141],[-58.54069,7.41317],[-58.54071,7.41315],[-58.54118,7.41272],[-58.54358,7.40979],[-58.54627,7.40717],[-58.5508,7.40324],[-58.55549,7.39926],[-58.55618,7.39869],[-58.56532,7.39061],[-58.57449,7.38237],[-58.58297,7.37475],[-58.58643,7.37138],[-58.58646,7.37135],[-58.5867,7.37111],[-58.58669,7.3711],[-58.5819,7.3677],[-58.58156,7.3675],[-58.57325,7.36251],[-58.57258,7.36216],[-58.56736,7.35944],[-58.56331,7.35729],[-58.5633,7.35728],[-58.5627,7.35508],[-58.55996,7.34508],[-58.55965,7.34406],[-58.55946,7.34307],[-58.55824,7.33952],[-58.55824,7.3395],[-58.5578,7.33814],[-58.55751,7.33727],[-58.52192,7.33564],[-58.4955,7.33324],[-58.48108,7.33258]]]},"properties":{"ID":"204","NAME":"Evergreen / Paradise","STATUS":"Neighbourhood Democratic Council","REGION":"Pomeroon-Supenaam"}},
{"type":"Feature","geometry":{"type":"Polygon","coordinates":[[[-58.52138,7.23165],[-58.52135,7.23156],[-58.52102,7.23039],[-58.5187,7.22211],[-58.51804,7.21998],[-58.51613,7.21379],[-58.51441,7.20835],[-58.51424,7.20775],[-58.51408,7.20724],[-58.51371,7.20629],[-58.50751,7.19206],[-58.50758,7.19067],[-58.50758,7.19066],[-58.50763,7.18929],[-58.50763,7.18926],[-58.50764,7.18826],[-58.50744,7.18802],[-58.50729,7.18761],[-58.50724,7.18748],[-58.50616,7.18403],[-58.50486,7.17973],[-58.50363,7.1762],[-58.50389,7.17621],[-58.50467,7.17622],[-58.50459,7.17385],[-58.50421,7.17314],[-58.50413,7.17298],[-58.50184,7.1729],[-58.49163,7.17196],[-58.49125,7.17193],[-58.48551,7.17152],[-58.48329,7.17137],[-58.48806,7.18651],[-58.48841,7.18979],[-58.48818,7.204],[-58.487,7.20445],[-58.48574,7.20853],[-58.48552,7.21809],[-58.48436,7.22113],[-58.48393,7.22586],[-58.48376,7.22814],[-58.48363,7.22892],[-58.48675,7.22914],[-58.48784,7.22923],[-58.49196,7.22953],[-58.498,7.22994],[-58.5015,7.23017],[-58.50443,7.23035],[-58.50563,7.23045],[-58.51,7.23076],[-58.51156,7.23086],[-58.51781,7.23115],[-58.52126,7.23126],[-58.52138,7.23165]]]},"properties":{"ID":"203","NAME":"Aberdeen / Zorg-en-Vlygt","STATUS":"Neighbourhood Democratic Council","REGION":"Pomeroon-Supenaam"}},
{"type":"Feature","geometry":{"type":"Polygon","coordinates":[[[-58.53942,7.4141],[-58.5394,7.41412],[-58.5444,7.42085],[-58.55127,7.42907],[-58.56699,7.45359],[-58.58083,7.44175],[-58.59183,7.43264],[-58.60185,7.42381],[-58.61103,7.41608],[-58.61623,7.41223],[-58.61609,7.41061],[-58.6183,7.40672],[-58.61636,7.40192],[-58.61344,7.39751],[-58.60862,7.3928],[-58.59973,7.388],[-58.59994,7.3856],[-58.60964,7.38098],[-58.61196,7.38091],[-58.61861,7.37401],[-58.61287,7.36881],[-58.61049,7.37299],[-58.60879,7.37425],[-58.59726,7.37795],[-58.58671,7.37112],[-58.5867,7.37111],[-58.58646,7.37135],[-58.58643,7.37138],[-58.58297,7.37475],[-58.57449,7.38237],[-58.56532,7.39061],[-58.55618,7.39869],[-58.55549,7.39926],[-58.5508,7.40324],[-58.54627,7.40717],[-58.54358,7.40979],[-58.54118,7.41272],[-58.54071,7.41315],[-58.54069,7.41317],[-58.53943,7.4141],[-58.53942,7.4141]]]},"properties":{"ID":"205","NAME":"Charity / Urasara","STATUS":"Neighbourhood Democratic Council","REGION":"Pomeroon-Supenaam"}},
{"type":"Feature","geometry":{"type":"Polygon","coordinates":[[[-58.50611,7.06023],[-58.50519,7.06024],[-58.50469,7.06012],[-58.50467,7.06011],[-58.49538,7.05725],[-58.48873,7.05512],[-58.48567,7.05425],[-58.4805,7.0527],[-58.47781,7.08103],[-58.47774,7.09907],[-58.47698,7.10114],[-58.47629,7.11614],[-58.47582,7.11729],[-58.47386,7.14131],[-58.47331,7.14207],[-58.47435,7.1495],[-58.47904,7.16304],[-58.48009,7.16299],[-58.48318,7.17128],[-58.49125,7.17193],[-58.49163,7.17196],[-58.50184,7.1729],[-58.50413,7.17298],[-58.50413,7.17297],[-58.50412,7.17296],[-58.50414,7.17297],[-58.50415,7.17298],[-58.50204,7.16844],[-58.49842,7.16886],[-58.4986,7.16378],[-58.49836,7.15936],[-58.49788,7.15063],[-58.49776,7.14925],[-58.4974,7.14722],[-58.49565,7.13728],[-58.49414,7.12903],[-58.49227,7.12084],[-58.49107,7.11449],[-58.48673,7.09566],[-58.49059,7.09581],[-58.49083,7.09222],[-58.4924,7.09037],[-58.49294,7.08953],[-58.49294,7.08594],[-58.4942,7.08056],[-58.49481,7.07285],[-58.49432,7.06708],[-58.49481,7.06618],[-58.49578,7.06745],[-58.4967,7.06757],[-58.49699,7.06758],[-58.49707,7.06759],[-58.49734,7.06759],[-58.49775,7.06763],[-58.49806,7.06753],[-58.49923,7.06785],[-58.49998,7.06687],[-58.50155,7.06691],[-58.50199,7.06723],[-58.50173,7.06848],[-58.50194,7.06861],[-58.50235,7.06883],[-58.50282,7.06882],[-58.50322,7.06883],[-58.50336,7.06884],[-58.50356,7.06885],[-58.5037,7.06886],[-58.50392,7.06889],[-58.50496,7.06886],[-58.50543,7.06664],[-58.5059,7.06518],[-58.50591,7.06515],[-58.50592,7.06511],[-58.50633,7.06398],[-58.50628,7.06327],[-58.50625,7.06291],[-58.50622,7.0622],[-58.50627,7.06173],[-58.50612,7.06032],[-58.50611,7.06023]]]},"properties":{"ID":"202","NAME":"Charity / Urasara","STATUS":"Neighbourhood Democratic Council","REGION":"Pomeroon-Supenaam"}},
{"type":"Feature","geometry":{"type":"Polygon","coordinates":[[[-58.84112,6.73085],[-58.829,6.74503],[-58.80051,6.75764],[-58.76617,6.77264],[-58.74729,6.79548],[-58.74454,6.81423],[-58.73802,6.84355],[-58.71948,6.86025],[-58.71502,6.86128],[-58.67657,6.85275],[-58.657,6.8773],[-58.55587,6.92615],[-58.5533,6.93131],[-58.54919,6.93814],[-58.54175,6.94913],[-58.53687,6.95456],[-58.52915,6.96116],[-58.5141,6.97001],[-58.51489,6.97133],[-58.51578,6.97291],[-58.51799,6.97594],[-58.52065,6.97768],[-58.5225,6.98151],[-58.52267,6.98667],[-58.52617,6.99171],[-58.52568,6.99643],[-58.52564,6.99645],[-58.51598,7.00051],[-58.50975,7.00276],[-58.50764,7.00635],[-58.50653,7.01418],[-58.50585,7.02316],[-58.50424,7.03259],[-58.50189,7.04373],[-58.50121,7.04866],[-58.50298,7.05205],[-58.50752,7.05405],[-58.50599,7.05935],[-58.50611,7.06023],[-58.50612,7.06032],[-58.50627,7.06173],[-58.50622,7.0622],[-58.50625,7.06291],[-58.50628,7.06327],[-58.50633,7.06398],[-58.50592,7.06511],[-58.50591,7.06515],[-58.5059,7.06518],[-58.50543,7.06664],[-58.50496,7.06886],[-58.50392,7.06889],[-58.5037,7.06886],[-58.50356,7.06885],[-58.50336,7.06884],[-58.50322,7.06883],[-58.50282,7.06882],[-58.50235,7.06883],[-58.50194,7.06861],[-58.50173,7.06848],[-58.50199,7.06723],[-58.50155,7.06691],[-58.49998,7.06687],[-58.49923,7.06785],[-58.49806,7.06753],[-58.49775,7.06763],[-58.49734,7.06759],[-58.49707,7.06759],[-58.49699,7.06758],[-58.4967,7.06757],[-58.49578,7.06745],[-58.49481,7.06618],[-58.49432,7.06708],[-58.49481,7.07285],[-58.4942,7.08056],[-58.49294,7.08594],[-58.49294,7.08953],[-58.4924,7.09037],[-58.49083,7.09222],[-58.49059,7.09581],[-58.48673,7.09566],[-58.49107,7.11449],[-58.49227,7.12084],[-58.49414,7.12903],[-58.49565,7.13728],[-58.4974,7.14722],[-58.49776,7.14925],[-58.49788,7.15063],[-58.49836,7.15936],[-58.4986,7.16378],[-58.49842,7.16886],[-58.50204,7.16844],[-58.50415,7.17298],[-58.50414,7.17297],[-58.50412,7.17296],[-58.50413,7.17297],[-58.50413,7.17298],[-58.50421,7.17314],[-58.50459,7.17385],[-58.50467,7.17622],[-58.50389,7.17621],[-58.50363,7.1762],[-58.50486,7.17973],[-58.50616,7.18403],[-58.50724,7.18748],[-58.50729,7.18761],[-58.50744,7.18802],[-58.50764,7.18826],[-58.50763,7.18926],[-58.50763,7.18929],[-58.50758,7.19066],[-58.50758,7.19067],[-58.50751,7.19206],[-58.51371,7.20629],[-58.51408,7.20724],[-58.51424,7.20775],[-58.51441,7.20835],[-58.51613,7.21379],[-58.51804,7.21998],[-58.5187,7.22211],[-58.52102,7.23039],[-58.52135,7.23156],[-58.52138,7.23165],[-58.52141,7.23178],[-58.52145,7.23191],[-58.5223,7.23509],[-58.52234,7.23524],[-58.52411,7.24115],[-58.52481,7.24119],[-58.52605,7.24126],[-58.52629,7.24181],[-58.52727,7.24424],[-58.52776,7.24528],[-58.52811,7.24634],[-58.5283,7.24697],[-58.52882,7.24899],[-58.52972,7.25056],[-58.53072,7.25219],[-58.53092,7.25259],[-58.53179,7.2544],[-58.5351,7.26495],[-58.53505,7.26629],[-58.53529,7.2679],[-58.53529,7.26791],[-58.53677,7.27164],[-58.53783,7.27406],[-58.53834,7.27586],[-58.53838,7.27671],[-58.53841,7.27715],[-58.5413,7.28612],[-58.54162,7.28672],[-58.54165,7.28678],[-58.5418,7.28709],[-58.54198,7.28742],[-58.54236,7.28822],[-58.54368,7.29342],[-58.54426,7.2967],[-58.54447,7.29777],[-58.54471,7.29917],[-58.54506,7.30132],[-58.55751,7.33727],[-58.5578,7.33814],[-58.55824,7.3395],[-58.55824,7.33952],[-58.55946,7.34307],[-58.55965,7.34406],[-58.55996,7.34508],[-58.5627,7.35508],[-58.5633,7.35728],[-58.56331,7.35729],[-58.56736,7.35944],[-58.57258,7.36216],[-58.57325,7.36251],[-58.58156,7.3675],[-58.5819,7.3677],[-58.58669,7.3711],[-58.5867,7.37111],[-58.58671,7.37112],[-58.59726,7.37795],[-58.60879,7.37425],[-58.61049,7.37299],[-58.61287,7.36881],[-58.61861,7.37401],[-58.61196,7.38091],[-58.60964,7.38098],[-58.59994,7.3856],[-58.59973,7.388],[-58.60862,7.3928],[-58.61344,7.39751],[-58.61636,7.40192],[-58.6183,7.40672],[-58.61609,7.41061],[-58.61623,7.41223],[-58.61103,7.41608],[-58.60185,7.42381],[-58.59183,7.43264],[-58.58083,7.44175],[-58.56699,7.45359],[-58.57128,7.45963],[-58.57549,7.47047],[-58.57973,7.4756],[-58.58518,7.48017],[-58.58979,7.48308],[-58.5961,7.48961],[-58.59651,7.48745],[-58.599,7.49152],[-58.60533,7.49852],[-58.60813,7.50074],[-58.61165,7.50491],[-58.61233,7.50735],[-58.61659,7.50872],[-58.6188,7.51069],[-58.6179,7.51222],[-58.62547,7.52103],[-58.62633,7.52353],[-58.62949,7.52777],[-58.63282,7.52995],[-58.63287,7.53204],[-58.63518,7.53276],[-58.63826,7.53641],[-58.63983,7.54023],[-58.64138,7.54048],[-58.64191,7.54409],[-58.64398,7.54692],[-58.64657,7.54871],[-58.65158,7.55617],[-58.65291,7.56024],[-58.65231,7.56298],[-58.65559,7.56413],[-58.65799,7.56614],[-58.66272,7.57542],[-58.66427,7.57713],[-58.66713,7.58642],[-58.66822,7.5865],[-58.67139,7.59022],[-58.67149,7.59252],[-58.6786,7.60112],[-58.68365,7.60407],[-58.68636,7.60383],[-58.68597,7.60564],[-58.68786,7.60752],[-58.69093,7.60813],[-58.69305,7.6103],[-58.69683,7.61143],[-58.69859,7.61062],[-58.71062,7.61311],[-58.71336,7.61476],[-58.71372,7.61728],[-58.71913,7.61926],[-58.73014,7.62589],[-58.73107,7.62522],[-58.73465,7.62861],[-58.73831,7.6293],[-58.74284,7.63124],[-58.74551,7.62616],[-58.75146,7.62226],[-58.75644,7.62336],[-58.76776,7.62738],[-58.77349,7.63519],[-58.77615,7.638],[-58.77905,7.64328],[-58.78203,7.64584],[-58.78127,7.64816],[-58.78514,7.64918],[-58.78517,7.65485],[-58.78699,7.65896],[-58.78958,7.65998],[-58.78959,7.66385],[-58.79357,7.66454],[-58.79218,7.66616],[-58.79503,7.6655],[-58.79415,7.67182],[-58.7966,7.67181],[-58.79804,7.67695],[-58.79934,7.67901],[-58.80205,7.67697],[-58.81123,7.67006],[-58.83734,7.64649],[-58.86069,7.62542],[-58.87231,7.6151],[-58.8863,7.60266],[-58.89772,7.59957],[-58.9046,7.5977],[-58.90602,7.58049],[-58.92737,7.56769],[-58.944,7.55773],[-59.03236,7.53],[-59.0575,7.508],[-59.09972,7.47105],[-59.11462,7.45815],[-59.11827,7.45499],[-59.12592,7.41792],[-59.10855,7.39048],[-59.10119,7.35195],[-59.1377,7.28917],[-59.18156,7.18229],[-59.19274,7.09729],[-59.19392,7.05259],[-59.18097,7.02513],[-59.17874,7.00237],[-59.17807,6.97944],[-59.18329,6.96525],[-59.1964,6.94217],[-59.20772,6.91348],[-59.2104,6.88745],[-59.19685,6.87487],[-59.17301,6.87118],[-59.14306,6.86008],[-59.1377,6.85505],[-59.11937,6.84869],[-59.1003,6.8444],[-59.07959,6.8447],[-59.06305,6.84632],[-59.04979,6.85564],[-59.0401,6.86526],[-59.03474,6.87221],[-59.01984,6.8762],[-59.00017,6.87532],[-58.98721,6.86984],[-58.97768,6.85979],[-58.97231,6.85032],[-58.96546,6.79884],[-58.95443,6.78641],[-58.94683,6.78138],[-58.92866,6.77472],[-58.91674,6.77931],[-58.89722,6.78315],[-58.87755,6.77812],[-58.87651,6.76762],[-58.87725,6.75445],[-58.87144,6.74616],[-58.86161,6.74039],[-58.85297,6.73743],[-58.84626,6.73418],[-58.84112,6.73085]]]},"properties":{"ID":"207","NAME":"Rest of Region 2","STATUS":"Not Classified","REGION":"Pomeroon-Supenaam"}},
{"type":"Feature","geometry":{"type":"Polygon","coordinates":[[[-59.14478,7.85251],[-59.14355,7.85328],[-59.14433,7.85674],[-59.14234,7.86332],[-59.13755,7.86837],[-59.13288,7.87049],[-59.13112,7.87264],[-59.12997,7.87617],[-59.12154,7.88119],[-59.12146,7.88587],[-59.12438,7.897],[-59.12915,7.90869],[-59.13476,7.91969],[-59.14017,7.92864],[-59.14856,7.9412],[-59.16042,7.95447],[-59.16907,7.96165],[-59.17724,7.96988],[-59.19739,7.98558],[-59.21416,8.00008],[-59.24321,8.01872],[-59.24598,8.01689],[-59.25124,8.01151],[-59.25735,8.00254],[-59.2607,8.00029],[-59.26433,7.9957],[-59.27186,7.98222],[-59.28048,7.96556],[-59.28312,7.95744],[-59.28794,7.93991],[-59.29262,7.92789],[-59.29692,7.91846],[-59.30046,7.91215],[-59.30198,7.90825],[-59.3031,7.90116],[-59.30417,7.89108],[-59.3058,7.88311],[-59.30819,7.87928],[-59.31216,7.87689],[-59.30914,7.87166],[-59.30757,7.866],[-59.30937,7.86259],[-59.31293,7.85987],[-59.31705,7.8548],[-59.31744,7.85253],[-59.31654,7.84761],[-59.26931,7.84935],[-59.2393,7.82525],[-59.23635,7.82404],[-59.23006,7.81724],[-59.22776,7.81349],[-59.22362,7.81219],[-59.21966,7.80837],[-59.21977,7.80455],[-59.21763,7.80183],[-59.2148,7.80156],[-59.20867,7.80282],[-59.20514,7.8023],[-59.19865,7.79878],[-59.19513,7.79585],[-59.18882,7.79419],[-59.1778,7.81685],[-59.17331,7.82107],[-59.16999,7.82582],[-59.16788,7.83228],[-59.16563,7.83406],[-59.16291,7.83879],[-59.16193,7.83919],[-59.15839,7.83692],[-59.1554,7.83739],[-59.15227,7.8498],[-59.14847,7.85219],[-59.14478,7.85251]]]},"properties":{"ID":"104","NAME":"Waini","STATUS":"Not Classified","REGION":"Barima-Waini"}},
{"type":"Feature","geometry":{"type":"Polygon","coordinates":[[[-59.17874,7.00237],[-59.18097,7.02513],[-59.19392,7.05259],[-59.19274,7.09729],[-59.18156,7.18229],[-59.1377,7.28917],[-59.10119,7.35195],[-59.10855,7.39048],[-59.12592,7.41792],[-59.11827,7.45499],[-59.11462,7.45815],[-59.09972,7.47105],[-59.0575,7.508],[-59.03236,7.53],[-58.944,7.55773],[-58.92737,7.56769],[-58.90602,7.58049],[-58.9046,7.5977],[-58.89772,7.59957],[-58.8863,7.60266],[-58.87231,7.6151],[-58.86069,7.62542],[-58.83734,7.64649],[-58.81123,7.67006],[-58.80205,7.67697],[-58.79934,7.67901],[-58.79976,7.67925],[-58.79979,7.68079],[-58.80169,7.68411],[-58.80223,7.6864],[-58.80519,7.69075],[-58.8063,7.69367],[-58.81241,7.70146],[-58.81464,7.70621],[-58.81717,7.70934],[-58.8178,7.71193],[-58.82159,7.71705],[-58.82238,7.72066],[-58.82394,7.72168],[-58.82472,7.72451],[-58.83106,7.73206],[-58.83313,7.73289],[-58.83468,7.73532],[-58.837,7.73539],[-58.84335,7.73995],[-58.84541,7.74231],[-58.84949,7.74398],[-58.85065,7.74604],[-58.85374,7.74469],[-58.85918,7.74781],[-58.86254,7.74857],[-58.86773,7.75293],[-58.86928,7.75318],[-58.87421,7.75857],[-58.87682,7.76397],[-58.88201,7.76807],[-58.88539,7.77501],[-58.88695,7.77655],[-58.89057,7.77756],[-58.89213,7.77936],[-58.89266,7.78271],[-58.89863,7.78526],[-58.89915,7.78835],[-58.90536,7.79142],[-58.9077,7.79359],[-58.91339,7.79498],[-58.91366,7.79807],[-58.91859,7.80217],[-58.92197,7.8086],[-58.92405,7.81117],[-58.9269,7.81141],[-58.93519,7.81743],[-58.93622,7.81729],[-58.93908,7.82089],[-58.94169,7.82654],[-58.94637,7.83142],[-58.94793,7.83425],[-58.95286,7.83886],[-58.95559,7.84297],[-58.95715,7.84734],[-58.96015,7.85067],[-58.96588,7.85967],[-58.96639,7.85967],[-58.97237,7.86711],[-58.98197,7.87608],[-58.98509,7.87968],[-58.98846,7.88224],[-58.99341,7.88968],[-59.00459,7.90329],[-59.00614,7.90379],[-59.00797,7.90739],[-59.01004,7.90867],[-59.01407,7.91483],[-59.01862,7.92022],[-59.02329,7.92355],[-59.029,7.92868],[-59.03238,7.93355],[-59.03471,7.93432],[-59.04069,7.9406],[-59.05264,7.95419],[-59.05784,7.95971],[-59.06825,7.97383],[-59.07969,7.98691],[-59.08722,7.99499],[-59.08852,7.99549],[-59.10385,8.01126],[-59.11268,8.01972],[-59.11501,8.02125],[-59.12073,8.02716],[-59.12591,8.03073],[-59.12774,8.03278],[-59.13733,8.03943],[-59.1407,8.04096],[-59.15186,8.04913],[-59.15498,8.05325],[-59.16277,8.05965],[-59.16147,8.05708],[-59.17312,8.06217],[-59.18168,8.0683],[-59.18894,8.07136],[-59.1931,8.07521],[-59.19828,8.07827],[-59.2001,8.08031],[-59.20737,8.08594],[-59.21385,8.08951],[-59.21412,8.0908],[-59.21879,8.09322],[-59.22579,8.09782],[-59.23201,8.10049],[-59.23383,8.10203],[-59.25534,8.1117],[-59.25872,8.11348],[-59.2652,8.11886],[-59.27663,8.12652],[-59.2831,8.13009],[-59.28493,8.1324],[-59.28959,8.13495],[-59.29297,8.13802],[-59.29945,8.14082],[-59.30438,8.14414],[-59.31085,8.14668],[-59.31785,8.14999],[-59.31942,8.15178],[-59.32589,8.15432],[-59.32927,8.15713],[-59.33731,8.16198],[-59.33757,8.16275],[-59.34536,8.16734],[-59.35055,8.17169],[-59.35885,8.17577],[-59.37182,8.18342],[-59.37182,8.18393],[-59.38168,8.18928],[-59.38194,8.19005],[-59.39153,8.19412],[-59.39491,8.19668],[-59.40321,8.20075],[-59.40659,8.20382],[-59.41463,8.20815],[-59.42137,8.21223],[-59.43124,8.21887],[-59.44109,8.22396],[-59.44421,8.22703],[-59.45408,8.23341],[-59.45746,8.23648],[-59.46549,8.23902],[-59.4725,8.24386],[-59.4821,8.24946],[-59.4821,8.24998],[-59.48884,8.25148],[-59.49532,8.25479],[-59.5083,8.26244],[-59.5153,8.26625],[-59.52022,8.26957],[-59.52516,8.27133],[-59.52852,8.27337],[-59.54668,8.28074],[-59.5485,8.28253],[-59.57158,8.29371],[-59.57315,8.29525],[-59.57885,8.2983],[-59.59156,8.30414],[-59.60326,8.31044],[-59.61442,8.31732],[-59.62091,8.32165],[-59.6243,8.32472],[-59.63079,8.32931],[-59.6378,8.33339],[-59.6417,8.33619],[-59.65206,8.34186],[-59.65623,8.34492],[-59.65856,8.34748],[-59.66349,8.35028],[-59.66376,8.35131],[-59.67181,8.35615],[-59.67493,8.35871],[-59.68505,8.36404],[-59.69491,8.36861],[-59.69829,8.37142],[-59.7014,8.37294],[-59.70634,8.37677],[-59.71958,8.38363],[-59.73125,8.38922],[-59.73956,8.39405],[-59.75434,8.39936],[-59.75434,8.39987],[-59.76781,8.40312],[-59.77195,8.40284],[-59.79289,8.40269],[-59.7991,8.40342],[-59.80427,8.40325],[-59.80815,8.40232],[-59.81201,8.39998],[-59.81262,8.39534],[-59.81608,8.39068],[-59.81401,8.39069],[-59.80699,8.38508],[-59.80698,8.38431],[-59.80178,8.38074],[-59.79763,8.37897],[-59.78543,8.37107],[-59.7724,8.36367],[-59.76594,8.35859],[-59.76,8.35304],[-59.76398,8.34978],[-59.76541,8.35098],[-59.77263,8.35286],[-59.77728,8.35297],[-59.78089,8.35179],[-59.78255,8.34817],[-59.78049,8.34483],[-59.78144,8.34253],[-59.78208,8.34236],[-59.77465,8.33823],[-59.77125,8.33758],[-59.76852,8.33624],[-59.76579,8.33423],[-59.76101,8.33223],[-59.75555,8.33024],[-59.75282,8.32666],[-59.752,8.32596],[-59.75135,8.32591],[-59.75005,8.32599],[-59.74279,8.32073],[-59.74156,8.31849],[-59.73979,8.31644],[-59.73584,8.31153],[-59.72241,8.29691],[-59.71559,8.29043],[-59.7135,8.28824],[-59.7014,8.27445],[-59.68631,8.26237],[-59.68293,8.25967],[-59.67042,8.25044],[-59.66866,8.24927],[-59.66715,8.24872],[-59.66713,8.24872],[-59.66599,8.24874],[-59.66475,8.24876],[-59.66474,8.24876],[-59.66328,8.24831],[-59.662,8.24799],[-59.65825,8.24712],[-59.65357,8.24401],[-59.645,8.23616],[-59.63926,8.23306],[-59.6353,8.22928],[-59.62515,8.22244],[-59.61787,8.21851],[-59.60834,8.21419],[-59.60019,8.21114],[-59.595,8.21015],[-59.59048,8.20997],[-59.59047,8.20997],[-59.58731,8.21011],[-59.58482,8.21023],[-59.58258,8.21042],[-59.58168,8.21031],[-59.58061,8.21008],[-59.57889,8.20992],[-59.5624,8.20606],[-59.55085,8.20012],[-59.54091,8.19384],[-59.52917,8.18239],[-59.51814,8.17297],[-59.5111,8.16828],[-59.50566,8.16369],[-59.50229,8.16268],[-59.49866,8.1598],[-59.4995,8.15681],[-59.49596,8.15417],[-59.49289,8.15024],[-59.49076,8.14886],[-59.48146,8.14083],[-59.47332,8.1359],[-59.46042,8.12628],[-59.45438,8.12145],[-59.44724,8.11503],[-59.43847,8.10904],[-59.43433,8.10699],[-59.4324,8.10647],[-59.42955,8.10605],[-59.42719,8.10587],[-59.42718,8.10587],[-59.42477,8.10614],[-59.42236,8.10629],[-59.41966,8.10673],[-59.41367,8.10679],[-59.41365,8.10679],[-59.41085,8.10678],[-59.40882,8.10667],[-59.4052,8.10544],[-59.40149,8.10312],[-59.39145,8.09199],[-59.38646,8.08771],[-59.37983,8.08074],[-59.3676,8.06917],[-59.36168,8.06067],[-59.35039,8.0454],[-59.34348,8.03436],[-59.33969,8.02155],[-59.33857,8.01346],[-59.33883,8.00726],[-59.34117,7.99992],[-59.3424,7.99889],[-59.34253,7.98768],[-59.34386,7.97993],[-59.34678,7.97242],[-59.35119,7.96412],[-59.35632,7.95679],[-59.36077,7.95265],[-59.36322,7.95119],[-59.37264,7.94715],[-59.37856,7.94223],[-59.38228,7.93839],[-59.38589,7.93306],[-59.38641,7.9313],[-59.387,7.92004],[-59.38578,7.91614],[-59.37936,7.90855],[-59.37667,7.9013],[-59.37566,7.89529],[-59.37543,7.88545],[-59.37653,7.88283],[-59.38162,7.87738],[-59.38757,7.87327],[-59.40098,7.8622],[-59.40367,7.85885],[-59.40532,7.85533],[-59.40718,7.84767],[-59.40704,7.84301],[-59.40505,7.83773],[-59.40317,7.83525],[-59.39575,7.82802],[-59.39226,7.8234],[-59.38961,7.8179],[-59.38824,7.80951],[-59.38914,7.80269],[-59.39136,7.79714],[-59.39295,7.79532],[-59.40008,7.79044],[-59.40583,7.7872],[-59.41137,7.78363],[-59.41251,7.78375],[-59.41074,7.78629],[-59.40477,7.78962],[-59.4027,7.79274],[-59.40666,7.79776],[-59.40588,7.80065],[-59.40335,7.80299],[-59.4021,7.80553],[-59.40189,7.8092],[-59.4035,7.81338],[-59.40438,7.81358],[-59.4044,7.81357],[-59.4044,7.81358],[-59.40553,7.81343],[-59.40711,7.81271],[-59.40785,7.8122],[-59.40883,7.81163],[-59.40989,7.81163],[-59.41072,7.81199],[-59.41383,7.8177],[-59.41267,7.82311],[-59.41111,7.82431],[-59.41251,7.82836],[-59.41438,7.83061],[-59.41533,7.83095],[-59.41534,7.83095],[-59.41617,7.83074],[-59.41936,7.82927],[-59.4213,7.82687],[-59.42211,7.82638],[-59.42298,7.82603],[-59.42397,7.82639],[-59.42497,7.83016],[-59.42064,7.83822],[-59.4212,7.84091],[-59.43258,7.85038],[-59.43357,7.85086],[-59.43444,7.85102],[-59.43445,7.85102],[-59.43446,7.85102],[-59.43532,7.85098],[-59.43636,7.85058],[-59.4379,7.8498],[-59.43899,7.84947],[-59.43905,7.84945],[-59.43961,7.84925],[-59.43948,7.84832],[-59.43939,7.84771],[-59.44226,7.84135],[-59.45123,7.82949],[-59.45322,7.82768],[-59.45329,7.82762],[-59.45533,7.82655],[-59.46187,7.82542],[-59.46432,7.82546],[-59.46524,7.82571],[-59.46642,7.82602],[-59.46643,7.82602],[-59.46644,7.82603],[-59.46757,7.82698],[-59.47108,7.82884],[-59.47121,7.82892],[-59.47271,7.82981],[-59.47274,7.82981],[-59.47342,7.82992],[-59.47484,7.83012],[-59.47542,7.83007],[-59.47601,7.83003],[-59.47727,7.82989],[-59.47876,7.82948],[-59.48124,7.82837],[-59.48401,7.82857],[-59.48402,7.82857],[-59.48501,7.82823],[-59.48502,7.82822],[-59.4866,7.82874],[-59.49021,7.83126],[-59.49594,7.8327],[-59.5027,7.83304],[-59.50782,7.83628],[-59.51075,7.83917],[-59.51404,7.84096],[-59.51662,7.84603],[-59.517,7.84893],[-59.51844,7.85044],[-59.51845,7.85045],[-59.52224,7.84562],[-59.52531,7.84424],[-59.52684,7.844],[-59.52821,7.8442],[-59.53113,7.84486],[-59.53363,7.84562],[-59.53486,7.8458],[-59.53488,7.8458],[-59.53588,7.8458],[-59.53699,7.84566],[-59.53811,7.84523],[-59.54379,7.84063],[-59.54498,7.83729],[-59.54649,7.82992],[-59.54793,7.82788],[-59.55226,7.82725],[-59.5641,7.82448],[-59.56716,7.8231],[-59.57395,7.81699],[-59.57376,7.81352],[-59.57198,7.8081],[-59.57594,7.80277],[-59.58265,7.79752],[-59.58356,7.79411],[-59.58125,7.78827],[-59.58094,7.78383],[-59.58175,7.78],[-59.5812,7.77673],[-59.57718,7.76694],[-59.57669,7.7628],[-59.57526,7.75993],[-59.57373,7.75334],[-59.57292,7.75294],[-59.57147,7.75266],[-59.57058,7.7526],[-59.56858,7.75295],[-59.56767,7.75296],[-59.56766,7.75296],[-59.56634,7.75289],[-59.56538,7.75213],[-59.56655,7.74792],[-59.56979,7.74665],[-59.57167,7.74447],[-59.57323,7.74041],[-59.57687,7.72517],[-59.58167,7.72141],[-59.58781,7.71805],[-59.58909,7.71652],[-59.58882,7.71368],[-59.5864,7.70915],[-59.5866,7.70318],[-59.59333,7.69639],[-59.59412,7.69485],[-59.59358,7.68879],[-59.59039,7.68469],[-59.58741,7.68304],[-59.58041,7.68271],[-59.57948,7.68212],[-59.57322,7.67159],[-59.57042,7.66336],[-59.57048,7.65638],[-59.56971,7.64771],[-59.56763,7.64305],[-59.56422,7.64033],[-59.54943,7.63282],[-59.54172,7.62711],[-59.53944,7.62582],[-59.53887,7.62452],[-59.54025,7.62471],[-59.54199,7.62488],[-59.54286,7.62492],[-59.54288,7.62492],[-59.54375,7.62492],[-59.54549,7.62481],[-59.55063,7.62376],[-59.55711,7.61935],[-59.56693,7.61071],[-59.57238,7.60807],[-59.57481,7.60555],[-59.58006,7.60246],[-59.58588,7.6006],[-59.59086,7.59712],[-59.59159,7.59439],[-59.591,7.59097],[-59.5928,7.58881],[-59.59235,7.58719],[-59.58595,7.58442],[-59.58387,7.58162],[-59.58365,7.57734],[-59.58569,7.57451],[-59.59104,7.57161],[-59.59696,7.57022],[-59.59958,7.56755],[-59.60104,7.56161],[-59.60157,7.55378],[-59.60342,7.54372],[-59.61164,7.53246],[-59.61544,7.52887],[-59.61923,7.52668],[-59.62917,7.52337],[-59.63082,7.5228],[-59.63246,7.52221],[-59.63656,7.52071],[-59.63823,7.52021],[-59.64161,7.51929],[-59.64494,7.51827],[-59.64749,7.51765],[-59.66168,7.51331],[-59.66339,7.51296],[-59.66513,7.51271],[-59.666,7.51261],[-59.66685,7.51269],[-59.66848,7.51328],[-59.67237,7.5153],[-59.6749,7.51595],[-59.67662,7.51624],[-59.67748,7.5164],[-59.67835,7.51653],[-59.67837,7.51653],[-59.67923,7.51651],[-59.68177,7.51585],[-59.68784,7.51467],[-59.68956,7.51443],[-59.69069,7.51434],[-59.69179,7.51439],[-59.69871,7.51821],[-59.70913,7.5227],[-59.71495,7.52454],[-59.71972,7.52671],[-59.72135,7.52953],[-59.72137,7.52952],[-59.72137,7.52953],[-59.72277,7.52916],[-59.72427,7.52826],[-59.72557,7.52387],[-59.72631,7.51607],[-59.72972,7.50203],[-59.73595,7.50114],[-59.73638,7.49684],[-59.73421,7.49102],[-59.73119,7.48771],[-59.72656,7.484],[-59.71962,7.48025],[-59.71836,7.47711],[-59.71867,7.47397],[-59.71955,7.47285],[-59.72105,7.47202],[-59.72291,7.47208],[-59.7269,7.47292],[-59.72691,7.47292],[-59.72692,7.47292],[-59.72821,7.47284],[-59.73071,7.47131],[-59.73259,7.47071],[-59.7336,7.47086],[-59.73482,7.47133],[-59.73803,7.47184],[-59.74391,7.47245],[-59.74614,7.47472],[-59.74968,7.47623],[-59.75183,7.47782],[-59.75336,7.47843],[-59.75427,7.47869],[-59.75428,7.47869],[-59.75709,7.47846],[-59.75954,7.47818],[-59.76245,7.47688],[-59.7676,7.47093],[-59.77119,7.46759],[-59.78159,7.4604],[-59.7845,7.45334],[-59.78423,7.44756],[-59.78582,7.4407],[-59.7874,7.43829],[-59.79244,7.43489],[-59.79929,7.43228],[-59.80223,7.43181],[-59.80411,7.43171],[-59.80577,7.43158],[-59.80742,7.43176],[-59.80958,7.43207],[-59.8146,7.43309],[-59.81735,7.43465],[-59.82555,7.43752],[-59.82901,7.43924],[-59.83831,7.44729],[-59.84183,7.44904],[-59.84414,7.44968],[-59.84624,7.44975],[-59.84625,7.44975],[-59.84626,7.44975],[-59.85031,7.44936],[-59.85126,7.44916],[-59.85351,7.44797],[-59.85462,7.44771],[-59.85463,7.4477],[-59.85565,7.44781],[-59.85703,7.44813],[-59.86021,7.45125],[-59.86107,7.45472],[-59.86315,7.45854],[-59.86577,7.46042],[-59.87956,7.46194],[-59.88596,7.46512],[-59.88888,7.46746],[-59.88984,7.47008],[-59.89513,7.47419],[-59.90228,7.47798],[-59.90313,7.48054],[-59.90784,7.4858],[-59.90635,7.49548],[-59.90324,7.50016],[-59.90401,7.50333],[-59.90593,7.50634],[-59.90929,7.50889],[-59.91188,7.51582],[-59.91581,7.52221],[-59.91591,7.52341],[-59.92128,7.5313],[-59.92655,7.54252],[-59.92849,7.54292],[-59.93642,7.54608],[-59.94363,7.5455],[-59.95242,7.54771],[-59.9542,7.54789],[-59.95761,7.54804],[-59.96325,7.54644],[-59.96468,7.54176],[-59.96504,7.53898],[-59.965,7.5346],[-59.96606,7.52866],[-59.96871,7.52538],[-59.97116,7.5244],[-59.97457,7.52351],[-59.97601,7.52311],[-59.98024,7.52113],[-59.98232,7.52043],[-59.98302,7.52019],[-59.98489,7.51978],[-59.9868,7.51906],[-59.98825,7.51752],[-59.98957,7.5156],[-59.99129,7.50923],[-59.99198,7.50269],[-59.99274,7.50021],[-59.9931,7.49998],[-59.99369,7.49961],[-59.99547,7.49889],[-59.99868,7.49994],[-60.00401,7.50025],[-60.00614,7.49989],[-60.01075,7.49737],[-60.01181,7.49594],[-60.01429,7.49521],[-60.02,7.49766],[-60.02534,7.49869],[-60.02748,7.50045],[-60.03212,7.50325],[-60.0325,7.50538],[-60.03534,7.50607],[-60.03752,7.49967],[-60.03836,7.49871],[-60.03939,7.49806],[-60.04682,7.49649],[-60.04819,7.49533],[-60.04918,7.49405],[-60.05373,7.48222],[-60.05448,7.47809],[-60.05579,7.47598],[-60.05605,7.47527],[-60.05639,7.47365],[-60.05603,7.47116],[-60.05436,7.46836],[-60.05272,7.46513],[-60.05455,7.46134],[-60.05856,7.46047],[-60.06242,7.46207],[-60.06565,7.4603],[-60.06737,7.45955],[-60.07119,7.45951],[-60.07205,7.45969],[-60.07276,7.45966],[-60.0743,7.45915],[-60.07493,7.45873],[-60.07546,7.4584],[-60.0757,7.45826],[-60.07655,7.45786],[-60.0778,7.45728],[-60.08127,7.45325],[-60.083,7.45079],[-60.08338,7.44954],[-60.08366,7.4483],[-60.08316,7.44507],[-60.08237,7.4418],[-60.08205,7.43852],[-60.08255,7.43526],[-60.08537,7.431],[-60.08584,7.42876],[-60.08588,7.42603],[-60.08696,7.42425],[-60.0875,7.42388],[-60.09347,7.41984],[-60.09545,7.41874],[-60.09732,7.41821],[-60.10188,7.41926],[-60.1068,7.42226],[-60.11013,7.42183],[-60.11747,7.41773],[-60.1201,7.41741],[-60.12423,7.41789],[-60.13021,7.41985],[-60.13241,7.42029],[-60.13445,7.41986],[-60.13505,7.4192],[-60.13605,7.4174],[-60.13652,7.41671],[-60.13759,7.41579],[-60.13789,7.41566],[-60.13885,7.41559],[-60.14088,7.41542],[-60.14188,7.41264],[-60.14245,7.41142],[-60.14426,7.41091],[-60.14488,7.41069],[-60.14518,7.41017],[-60.14627,7.40786],[-60.14751,7.40625],[-60.1498,7.40509],[-60.15158,7.40466],[-60.1534,7.40355],[-60.15454,7.40211],[-60.1554,7.40123],[-60.15577,7.40074],[-60.1571,7.39721],[-60.15934,7.39423],[-60.16055,7.39404],[-60.16216,7.3947],[-60.16372,7.39968],[-60.16512,7.40187],[-60.17117,7.40631],[-60.17299,7.40691],[-60.17345,7.40702],[-60.17543,7.40699],[-60.1788,7.40736],[-60.18119,7.41006],[-60.18206,7.41181],[-60.18318,7.41583],[-60.18332,7.41698],[-60.18496,7.42427],[-60.18511,7.42501],[-60.18767,7.42893],[-60.18871,7.43258],[-60.18978,7.43431],[-60.19046,7.43644],[-60.19022,7.43879],[-60.18419,7.4454],[-60.17879,7.44977],[-60.17037,7.45621],[-60.16659,7.45967],[-60.16475,7.46175],[-60.16265,7.46532],[-60.16164,7.46762],[-60.16033,7.47501],[-60.16143,7.47889],[-60.16315,7.48008],[-60.16536,7.48096],[-60.16697,7.48119],[-60.16982,7.48184],[-60.17086,7.48198],[-60.17596,7.48145],[-60.1834,7.48169],[-60.18732,7.48108],[-60.1894,7.48066],[-60.19279,7.47921],[-60.19328,7.47913],[-60.19369,7.47906],[-60.19377,7.47904],[-60.19498,7.47922],[-60.19661,7.47955],[-60.19829,7.48074],[-60.1983,7.4813],[-60.19803,7.48348],[-60.19875,7.48628],[-60.19932,7.48816],[-60.1996,7.48966],[-60.19961,7.49082],[-60.19932,7.49158],[-60.1992,7.49188],[-60.19902,7.49236],[-60.19847,7.4928],[-60.19603,7.49379],[-60.19215,7.49357],[-60.185,7.49462],[-60.1814,7.4956],[-60.17965,7.49595],[-60.17225,7.49609],[-60.16925,7.49696],[-60.16744,7.50035],[-60.1705,7.50434],[-60.17297,7.50626],[-60.17488,7.50769],[-60.17939,7.51149],[-60.18209,7.51762],[-60.18302,7.52203],[-60.18325,7.52554],[-60.18114,7.53579],[-60.18135,7.53807],[-60.18221,7.53961],[-60.18414,7.54269],[-60.18395,7.54774],[-60.18319,7.55265],[-60.18386,7.55547],[-60.18854,7.55635],[-60.18982,7.55394],[-60.19145,7.55275],[-60.1966,7.54878],[-60.19859,7.54824],[-60.20163,7.54987],[-60.20457,7.55109],[-60.20825,7.55117],[-60.21214,7.55432],[-60.21706,7.55687],[-60.21906,7.56069],[-60.22173,7.56415],[-60.2228,7.56461],[-60.22514,7.56506],[-60.22852,7.56627],[-60.22905,7.56705],[-60.22957,7.56687],[-60.22982,7.56659],[-60.23039,7.56666],[-60.23087,7.56696],[-60.23075,7.56776],[-60.2305,7.56804],[-60.23078,7.56883],[-60.23158,7.56851],[-60.2329,7.56918],[-60.23316,7.56968],[-60.23336,7.57041],[-60.23341,7.57078],[-60.23339,7.57116],[-60.23319,7.5717],[-60.23233,7.57197],[-60.23158,7.57208],[-60.23133,7.57247],[-60.23144,7.573],[-60.23153,7.57317],[-60.23133,7.57476],[-60.23122,7.57532],[-60.23126,7.57552],[-60.2318,7.5757],[-60.23246,7.57574],[-60.23246,7.5765],[-60.23229,7.57685],[-60.2322,7.57701],[-60.23203,7.57754],[-60.23209,7.5783],[-60.23215,7.57905],[-60.23216,7.57924],[-60.23217,7.57961],[-60.23217,7.57999],[-60.23211,7.58074],[-60.23201,7.58111],[-60.2319,7.58241],[-60.23222,7.58288],[-60.23257,7.58294],[-60.23313,7.58278],[-60.23347,7.58263],[-60.23432,7.5822],[-60.23571,7.5824],[-60.236,7.58286],[-60.2355,7.58342],[-60.23516,7.58359],[-60.23481,7.58373],[-60.23426,7.5839],[-60.23372,7.58404],[-60.23353,7.58408],[-60.2326,7.58422],[-60.23241,7.58424],[-60.23166,7.5843],[-60.23128,7.58434],[-60.23072,7.58441],[-60.23034,7.58446],[-60.22978,7.58451],[-60.2294,7.58454],[-60.22902,7.58454],[-60.22865,7.58461],[-60.2282,7.58495],[-60.22837,7.58567],[-60.22913,7.58578],[-60.23006,7.58661],[-60.23009,7.58737],[-60.23011,7.58775],[-60.23029,7.58867],[-60.23215,7.58944],[-60.23234,7.58948],[-60.23288,7.58965],[-60.23291,7.59052],[-60.23272,7.59126],[-60.23259,7.59219],[-60.23257,7.59238],[-60.23255,7.59275],[-60.23256,7.59294],[-60.23263,7.59332],[-60.23293,7.59378],[-60.23333,7.59419],[-60.23376,7.59531],[-60.23357,7.59564],[-60.23322,7.59609],[-60.23285,7.59652],[-60.23266,7.59684],[-60.23249,7.59718],[-60.23238,7.59754],[-60.23231,7.59791],[-60.23228,7.5981],[-60.23225,7.59847],[-60.23223,7.59866],[-60.23221,7.59923],[-60.2322,7.5996],[-60.2322,7.59998],[-60.2322,7.60055],[-60.23222,7.60093],[-60.23223,7.60111],[-60.23228,7.60224],[-60.23227,7.60243],[-60.23221,7.60318],[-60.23216,7.60356],[-60.23201,7.60429],[-60.23119,7.60553],[-60.23083,7.60565],[-60.23064,7.60566],[-60.23001,7.60627],[-60.22996,7.60665],[-60.22996,7.60703],[-60.23037,7.60847],[-60.23029,7.6092],[-60.23019,7.60936],[-60.23009,7.60991],[-60.22829,7.61159],[-60.22662,7.61235],[-60.22204,7.61518],[-60.21838,7.61711],[-60.21221,7.618],[-60.20962,7.61705],[-60.20476,7.61708],[-60.20156,7.61841],[-60.2005,7.62018],[-60.19973,7.62203],[-60.19922,7.62457],[-60.19696,7.62431],[-60.19548,7.6242],[-60.19511,7.62591],[-60.19522,7.62699],[-60.19392,7.62849],[-60.19001,7.6294],[-60.18343,7.62751],[-60.18223,7.6293],[-60.18367,7.63048],[-60.18606,7.63185],[-60.18226,7.63426],[-60.17721,7.63477],[-60.1758,7.63376],[-60.17259,7.63552],[-60.17142,7.6363],[-60.17125,7.63757],[-60.17232,7.63932],[-60.17154,7.64016],[-60.1769,7.64563],[-60.17991,7.64618],[-60.18194,7.64901],[-60.18324,7.6496],[-60.18432,7.64962],[-60.18433,7.64962],[-60.18531,7.64961],[-60.18699,7.64951],[-60.18824,7.64942],[-60.18825,7.64942],[-60.18959,7.6495],[-60.18961,7.6495],[-60.19061,7.6494],[-60.1915,7.64939],[-60.19152,7.64939],[-60.19287,7.64954],[-60.19749,7.65062],[-60.19961,7.65139],[-60.20108,7.65162],[-60.20109,7.65162],[-60.20266,7.65125],[-60.20489,7.65064],[-60.20763,7.64863],[-60.20998,7.64775],[-60.21547,7.64639],[-60.21698,7.64638],[-60.21857,7.64683],[-60.22144,7.64946],[-60.22344,7.65807],[-60.22664,7.66199],[-60.22985,7.66325],[-60.24289,7.66394],[-60.24462,7.66488],[-60.24928,7.6702],[-60.2501,7.67191],[-60.25493,7.67509],[-60.25882,7.67548],[-60.26231,7.67948],[-60.26698,7.68279],[-60.2684,7.68533],[-60.26758,7.68837],[-60.26392,7.69602],[-60.26225,7.70395],[-60.26028,7.70741],[-60.25927,7.71187],[-60.25987,7.71363],[-60.26411,7.71865],[-60.27159,7.72309],[-60.27763,7.72413],[-60.28186,7.72611],[-60.28546,7.73029],[-60.29439,7.73627],[-60.29655,7.74259],[-60.29696,7.7481],[-60.29393,7.75704],[-60.28992,7.76494],[-60.29279,7.77214],[-60.29814,7.78036],[-60.30884,7.79006],[-60.31143,7.79361],[-60.31413,7.79922],[-60.31982,7.80524],[-60.32988,7.81047],[-60.3381,7.81122],[-60.33812,7.81122],[-60.34342,7.81111],[-60.34644,7.8108],[-60.34843,7.81063],[-60.34845,7.81063],[-60.35186,7.81097],[-60.35694,7.81162],[-60.3618,7.81279],[-60.36406,7.81531],[-60.36634,7.82248],[-60.3669,7.82731],[-60.36818,7.82791],[-60.37087,7.83305],[-60.37287,7.83219],[-60.37663,7.83313],[-60.37715,7.83666],[-60.3795,7.83981],[-60.37988,7.83669],[-60.38218,7.83318],[-60.38719,7.83085],[-60.38893,7.82886],[-60.39321,7.82971],[-60.3969,7.82727],[-60.39969,7.82766],[-60.40218,7.82627],[-60.40138,7.82358],[-60.40482,7.82079],[-60.40686,7.82288],[-60.40721,7.82547],[-60.4099,7.82423],[-60.41049,7.82532],[-60.41358,7.82482],[-60.41542,7.82637],[-60.41806,7.82642],[-60.42135,7.82507],[-60.42314,7.82901],[-60.42792,7.82881],[-60.42917,7.83075],[-60.4345,7.82712],[-60.43719,7.83085],[-60.43763,7.83613],[-60.44181,7.838],[-60.44819,7.83957],[-60.44959,7.83693],[-60.45257,7.83543],[-60.45576,7.83653],[-60.45731,7.83533],[-60.46522,7.83598],[-60.46507,7.83837],[-60.46697,7.83832],[-60.47105,7.83409],[-60.47294,7.83508],[-60.47588,7.83399],[-60.47586,7.83124],[-60.48002,7.83333],[-60.48169,7.83118],[-60.4838,7.8316],[-60.48836,7.8298],[-60.49075,7.83181],[-60.49501,7.82915],[-60.4957,7.83141],[-60.49908,7.82981],[-60.49934,7.83377],[-60.50117,7.83503],[-60.50346,7.83305],[-60.50778,7.83213],[-60.50798,7.82934],[-60.51035,7.8272],[-60.51406,7.83007],[-60.51601,7.82923],[-60.51646,7.82502],[-60.51929,7.82426],[-60.52079,7.82231],[-60.52572,7.82307],[-60.53123,7.82158],[-60.53069,7.82028],[-60.53517,7.81894],[-60.53738,7.81672],[-60.53971,7.81607],[-60.54151,7.81103],[-60.53922,7.80758],[-60.53539,7.80491],[-60.5371,7.80298],[-60.53473,7.80133],[-60.5345,7.799],[-60.53235,7.79803],[-60.53223,7.79509],[-60.53821,7.79109],[-60.53847,7.78793],[-60.54143,7.78774],[-60.54372,7.78528],[-60.54367,7.78317],[-60.54609,7.78203],[-60.54929,7.78251],[-60.54938,7.78098],[-60.55207,7.77807],[-60.55116,7.7752],[-60.55147,7.76991],[-60.55339,7.7689],[-60.55598,7.77048],[-60.55891,7.77019],[-60.56004,7.76717],[-60.5624,7.7655],[-60.56171,7.76348],[-60.56382,7.76093],[-60.56294,7.75725],[-60.56417,7.75567],[-60.56382,7.75303],[-60.5677,7.74717],[-60.56707,7.74436],[-60.57198,7.74014],[-60.575,7.74197],[-60.57674,7.73838],[-60.57914,7.73652],[-60.58143,7.73838],[-60.58364,7.73422],[-60.58275,7.73214],[-60.5843,7.73028],[-60.58267,7.72822],[-60.57969,7.72833],[-60.57834,7.72634],[-60.57617,7.72627],[-60.57471,7.72296],[-60.57642,7.72081],[-60.57538,7.71856],[-60.57069,7.71482],[-60.57095,7.71157],[-60.56866,7.70912],[-60.56994,7.70696],[-60.56814,7.7056],[-60.57086,7.70231],[-60.57442,7.70125],[-60.57534,7.69888],[-60.57942,7.69625],[-60.57942,7.69221],[-60.57745,7.68892],[-60.5803,7.68848],[-60.58188,7.68654],[-60.58078,7.68466],[-60.58219,7.68386],[-60.58212,7.6787],[-60.58473,7.67845],[-60.58967,7.67953],[-60.59026,7.67714],[-60.59338,7.6739],[-60.59253,7.67291],[-60.59278,7.66753],[-60.58981,7.66575],[-60.59047,7.6642],[-60.58772,7.66065],[-60.59158,7.65721],[-60.58931,7.65409],[-60.59222,7.6497],[-60.58985,7.64365],[-60.59123,7.64169],[-60.59082,7.63695],[-60.58838,7.6353],[-60.59032,7.63148],[-60.59284,7.63127],[-60.59717,7.6342],[-60.59779,7.63736],[-60.60124,7.63965],[-60.60506,7.63787],[-60.6077,7.64039],[-60.61001,7.64105],[-60.61236,7.64347],[-60.61784,7.64268],[-60.62202,7.63825],[-60.6252,7.6331],[-60.6251,7.62635],[-60.6261,7.62331],[-60.62431,7.62092],[-60.6205,7.61898],[-60.61953,7.61694],[-60.62247,7.61234],[-60.62292,7.61002],[-60.62728,7.60971],[-60.62856,7.60605],[-60.62783,7.6047],[-60.6297,7.60325],[-60.63959,7.60072],[-60.63845,7.59719],[-60.64087,7.59603],[-60.6423,7.5928],[-60.64171,7.58916],[-60.6398,7.58635],[-60.63914,7.5832],[-60.6369,7.58253],[-60.63887,7.57758],[-60.64316,7.5744],[-60.64599,7.57523],[-60.64624,7.57097],[-60.65104,7.56955],[-60.65471,7.56668],[-60.65751,7.56637],[-60.66035,7.56457],[-60.66239,7.569],[-60.6645,7.56883],[-60.66557,7.57063],[-60.67242,7.56876],[-60.67335,7.56634],[-60.6756,7.56489],[-60.67924,7.56599],[-60.68252,7.5681],[-60.68349,7.57281],[-60.6856,7.57502],[-60.68574,7.5781],[-60.68944,7.5782],[-60.69234,7.57557],[-60.69044,7.57142],[-60.69079,7.56955],[-60.68857,7.56655],[-60.68885,7.56274],[-60.6901,7.56087],[-60.68768,7.55811],[-60.69262,7.55575],[-60.6938,7.55779],[-60.70213,7.55904],[-60.70469,7.56025],[-60.70743,7.55838],[-60.70656,7.55631],[-60.70846,7.55468],[-60.71002,7.55558],[-60.71165,7.55312],[-60.70957,7.54932],[-60.7122,7.547],[-60.71082,7.54538],[-60.71441,7.54078],[-60.71725,7.54136],[-60.72036,7.53884],[-60.71794,7.53496],[-60.714,7.53441],[-60.71372,7.53137],[-60.71144,7.52971],[-60.71355,7.52566],[-60.70867,7.52303],[-60.70698,7.51732],[-60.70843,7.51708],[-60.7103,7.51386],[-60.70833,7.51065],[-60.70639,7.51072],[-60.70431,7.50677],[-60.70431,7.50158],[-60.70566,7.49557],[-60.70411,7.49384],[-60.70044,7.48723],[-60.69778,7.48584],[-60.69653,7.48256],[-60.69764,7.47906],[-60.69501,7.47775],[-60.69283,7.47453],[-60.68934,7.47453],[-60.6856,7.47585],[-60.68249,7.47036],[-60.68397,7.46925],[-60.68328,7.46274],[-60.6774,7.45928],[-60.67228,7.45375],[-60.67111,7.4554],[-60.66671,7.45689],[-60.66488,7.4599],[-60.65997,7.45838],[-60.65845,7.45655],[-60.65561,7.45565],[-60.65564,7.45399],[-60.65191,7.45215],[-60.64838,7.45292],[-60.64423,7.44925],[-60.63921,7.44724],[-60.64056,7.4443],[-60.638,7.44302],[-60.63904,7.44017],[-60.63713,7.43392],[-60.63977,7.43203],[-60.63964,7.42959],[-60.6424,7.42796],[-60.64121,7.42269],[-60.64311,7.41839],[-60.64154,7.41661],[-60.6381,7.41646],[-60.63677,7.41397],[-60.62871,7.4089],[-60.62744,7.40949],[-60.62447,7.40476],[-60.62533,7.40262],[-60.62266,7.4012],[-60.61943,7.40156],[-60.6173,7.3975],[-60.61398,7.39518],[-60.6098,7.3967],[-60.60722,7.39357],[-60.61256,7.39032],[-60.61119,7.38843],[-60.61158,7.3833],[-60.60888,7.38007],[-60.60731,7.37568],[-60.60903,7.37379],[-60.61134,7.3691],[-60.60879,7.36685],[-60.60642,7.36146],[-60.60153,7.35657],[-60.5988,7.35633],[-60.59584,7.35449],[-60.59374,7.3518],[-60.59341,7.34738],[-60.59498,7.34371],[-60.59803,7.33888],[-60.59145,7.33173],[-60.59341,7.32335],[-60.59119,7.32086],[-60.58982,7.31739],[-60.58805,7.31641],[-60.58813,7.31428],[-60.59142,7.31093],[-60.59243,7.30791],[-60.59913,7.30752],[-60.60141,7.30853],[-60.60695,7.30731],[-60.60817,7.30233],[-60.61048,7.30278],[-60.61202,7.29993],[-60.61543,7.29869],[-60.61493,7.29243],[-60.61291,7.28808],[-60.61404,7.28513],[-60.61632,7.28354],[-60.61617,7.27791],[-60.62272,7.2764],[-60.62719,7.27314],[-60.62782,7.27125],[-60.63037,7.27113],[-60.63226,7.26695],[-60.63617,7.26173],[-60.63466,7.25708],[-60.63443,7.25352],[-60.63671,7.25106],[-60.63668,7.24763],[-60.63795,7.24599],[-60.63499,7.24208],[-60.63546,7.23945],[-60.63214,7.23488],[-60.62868,7.2315],[-60.62771,7.22767],[-60.62876,7.22492],[-60.62545,7.21734],[-60.62447,7.21097],[-60.62088,7.2091],[-60.61824,7.20456],[-60.61229,7.20284],[-60.61072,7.20451],[-60.6063,7.20587],[-60.60378,7.20504],[-60.59941,7.20137],[-60.59798,7.19304],[-60.59914,7.19127],[-60.59943,7.18437],[-60.59605,7.18262],[-60.59374,7.1785],[-60.58858,7.17572],[-60.58381,7.17652],[-60.5817,7.17504],[-60.57794,7.17453],[-60.57604,7.17021],[-60.57219,7.16668],[-60.56846,7.1622],[-60.56623,7.15808],[-60.56155,7.15515],[-60.55868,7.15435],[-60.55888,7.15234],[-60.55737,7.15008],[-60.55794,7.14774],[-60.55542,7.14493],[-60.55162,7.13592],[-60.54934,7.13429],[-60.54765,7.12738],[-60.54507,7.12439],[-60.54184,7.12483],[-60.53959,7.12374],[-60.53716,7.12673],[-60.53969,7.13049],[-60.5358,7.13482],[-60.5274,7.13802],[-60.52666,7.14008],[-60.52955,7.14356],[-60.5277,7.14613],[-60.52856,7.14872],[-60.52517,7.15018],[-60.52257,7.15513],[-60.52022,7.15647],[-60.52192,7.15879],[-60.52135,7.16121],[-60.52198,7.16478],[-60.51986,7.16702],[-60.5162,7.16365],[-60.51134,7.16562],[-60.51204,7.16944],[-60.50927,7.17202],[-60.50292,7.17247],[-60.50527,7.17725],[-60.50374,7.17946],[-60.50475,7.18159],[-60.50251,7.18484],[-60.50154,7.1888],[-60.50023,7.18962],[-60.49851,7.1879],[-60.49776,7.1851],[-60.49597,7.18458],[-60.49477,7.18626],[-60.49231,7.18645],[-60.48943,7.18402],[-60.48827,7.18588],[-60.4839,7.18413],[-60.48267,7.18719],[-60.4753,7.1894],[-60.47236,7.19131],[-60.47116,7.19448],[-60.46705,7.196],[-60.46601,7.19458],[-60.46491,7.19697],[-60.462,7.19972],[-60.4618,7.20186],[-60.4595,7.20477],[-60.4574,7.20283],[-60.45371,7.20471],[-60.45089,7.20387],[-60.4495,7.20481],[-60.444,7.20099],[-60.44248,7.1982],[-60.43921,7.19781],[-60.43846,7.20066],[-60.43574,7.19956],[-60.43312,7.20095],[-60.43027,7.19959],[-60.42804,7.19493],[-60.42519,7.19409],[-60.42477,7.19004],[-60.42289,7.18742],[-60.42066,7.17645],[-60.41528,7.17758],[-60.41253,7.17709],[-60.40942,7.17331],[-60.40632,7.1759],[-60.40334,7.17716],[-60.3991,7.17648],[-60.39518,7.17703],[-60.3922,7.1791],[-60.38553,7.1813],[-60.38314,7.17998],[-60.3809,7.18192],[-60.37522,7.18281],[-60.36711,7.18479],[-60.36494,7.18173],[-60.36391,7.18287],[-60.36068,7.18163],[-60.35692,7.17623],[-60.35696,7.1733],[-60.35397,7.16926],[-60.35023,7.17064],[-60.34728,7.1684],[-60.34878,7.16464],[-60.34702,7.16203],[-60.3473,7.15739],[-60.34481,7.15758],[-60.34504,7.15472],[-60.34014,7.1536],[-60.33269,7.15791],[-60.32744,7.15461],[-60.32592,7.15445],[-60.32347,7.1518],[-60.31795,7.15173],[-60.31442,7.14757],[-60.31125,7.1461],[-60.31045,7.14418],[-60.30761,7.14461],[-60.30759,7.14215],[-60.30371,7.14199],[-60.30344,7.1392],[-60.30038,7.13961],[-60.29844,7.13516],[-60.29703,7.13572],[-60.27638,7.12376],[-60.25845,7.10021],[-60.25612,7.09715],[-60.25319,7.09556],[-60.24226,7.08961],[-60.23124,7.08828],[-60.20591,7.09715],[-60.19836,7.10121],[-60.1916,7.10484],[-60.18466,7.10317],[-60.17805,7.10158],[-60.17607,7.09971],[-60.16091,7.08532],[-60.15258,7.0766],[-60.15004,7.07394],[-60.11711,7.06359],[-60.10994,7.06442],[-60.10191,7.06536],[-60.08299,7.08103],[-60.0666,7.10765],[-60.0587,7.12317],[-60.02488,7.12421],[-60.00775,7.1211],[-59.99434,7.11105],[-59.98599,7.10824],[-59.97899,7.11267],[-59.95724,7.13086],[-59.9398,7.14402],[-59.9325,7.15318],[-59.93233,7.15368],[-59.92884,7.16349],[-59.92281,7.19093],[-59.92246,7.19113],[-59.90928,7.19896],[-59.90163,7.20147],[-59.85761,7.20254],[-59.85672,7.20256],[-59.85668,7.20255],[-59.851,7.20142],[-59.83653,7.19855],[-59.82636,7.18938],[-59.82175,7.18437],[-59.81852,7.18142],[-59.80249,7.16797],[-59.77732,7.15192],[-59.73928,7.12859],[-59.73911,7.12849],[-59.72176,7.12035],[-59.71706,7.11814],[-59.71399,7.11665],[-59.70127,7.11046],[-59.68964,7.10868],[-59.67832,7.10942],[-59.64971,7.11016],[-59.62781,7.10868],[-59.6077,7.09804],[-59.59727,7.08813],[-59.58356,7.07364],[-59.55734,7.0488],[-59.53335,7.02706],[-59.50906,7.01449],[-59.49044,7.00606],[-59.47062,7.00251],[-59.45602,6.99098],[-59.44753,6.98721],[-59.43367,6.98107],[-59.39791,6.96835],[-59.3867,6.96503],[-59.38093,6.96332],[-59.37344,6.96232],[-59.36767,6.96155],[-59.35888,6.9651],[-59.35187,6.96732],[-59.3516,6.96754],[-59.3407,6.97634],[-59.33383,6.98472],[-59.32833,6.99142],[-59.3239,7.00089],[-59.32133,7.00636],[-59.31803,7.01194],[-59.31433,7.01819],[-59.30793,7.02216],[-59.29958,7.02736],[-59.29521,7.02843],[-59.2887,7.03002],[-59.27231,7.02632],[-59.26515,7.02371],[-59.25935,7.02159],[-59.25065,7.01994],[-59.23983,7.01789],[-59.23379,7.01448],[-59.23223,7.0136],[-59.20512,7.00355],[-59.19349,7.00222],[-59.1853,7.00222],[-59.18266,7.00228],[-59.17874,7.00237]],[[-59.14478,7.85251],[-59.14847,7.85219],[-59.15227,7.8498],[-59.1554,7.83739],[-59.15839,7.83692],[-59.16193,7.83919],[-59.16291,7.83879],[-59.16563,7.83406],[-59.16788,7.83228],[-59.16999,7.82582],[-59.17331,7.82107],[-59.1778,7.81685],[-59.18882,7.79419],[-59.19513,7.79585],[-59.19865,7.79878],[-59.20514,7.8023],[-59.20867,7.80282],[-59.2148,7.80156],[-59.21763,7.80183],[-59.21977,7.80455],[-59.21966,7.80837],[-59.22362,7.81219],[-59.22776,7.81349],[-59.23006,7.81724],[-59.23635,7.82404],[-59.2393,7.82525],[-59.26931,7.84935],[-59.31654,7.84761],[-59.31744,7.85253],[-59.31705,7.8548],[-59.31293,7.85987],[-59.30937,7.86259],[-59.30757,7.866],[-59.30914,7.87166],[-59.31216,7.87689],[-59.30819,7.87928],[-59.3058,7.88311],[-59.30417,7.89108],[-59.3031,7.90116],[-59.30198,7.90825],[-59.30046,7.91215],[-59.29692,7.91846],[-59.29262,7.92789],[-59.28794,7.93991],[-59.28312,7.95744],[-59.28048,7.96556],[-59.27186,7.98222],[-59.26433,7.9957],[-59.2607,8.00029],[-59.25735,8.00254],[-59.25124,8.01151],[-59.24598,8.01689],[-59.24321,8.01872],[-59.21416,8.00008],[-59.19739,7.98558],[-59.17724,7.96988],[-59.16907,7.96165],[-59.16042,7.95447],[-59.14856,7.9412],[-59.14017,7.92864],[-59.13476,7.91969],[-59.12915,7.90869],[-59.12438,7.897],[-59.12146,7.88587],[-59.12154,7.88119],[-59.12997,7.87617],[-59.13112,7.87264],[-59.13288,7.87049],[-59.13755,7.86837],[-59.14234,7.86332],[-59.14433,7.85674],[-59.14355,7.85328],[-59.14478,7.85251]]]},"properties":{"ID":"105","NAME":"Rest of Region 1","STATUS":"Not Classified","REGION":"Barima-Waini"}},
{"type":"Feature","geometry":{"type":"Polygon","coordinates":[[[-59.92655,7.54252],[-59.92548,7.54546],[-59.92074,7.54767],[-59.91805,7.55066],[-59.91817,7.55889],[-59.91763,7.56104],[-59.9181,7.56584],[-59.91981,7.57058],[-59.91837,7.57369],[-59.91829,7.58042],[-59.92067,7.58698],[-59.9216,7.59295],[-59.92106,7.59761],[-59.91947,7.60073],[-59.91901,7.60609],[-59.92046,7.60919],[-59.92081,7.61285],[-59.92634,7.61571],[-59.92947,7.62032],[-59.93001,7.62381],[-59.92833,7.62629],[-59.92374,7.62777],[-59.92068,7.63156],[-59.91776,7.63664],[-59.916,7.63759],[-59.91504,7.6377],[-59.91503,7.6377],[-59.91502,7.6377],[-59.91403,7.63754],[-59.91312,7.63716],[-59.90937,7.63418],[-59.90888,7.63404],[-59.90844,7.63401],[-59.90842,7.63401],[-59.90816,7.63418],[-59.90791,7.63479],[-59.90812,7.63679],[-59.90764,7.63766],[-59.90684,7.6377],[-59.90682,7.63771],[-59.90463,7.63559],[-59.90368,7.63509],[-59.9032,7.63499],[-59.90319,7.63499],[-59.90285,7.63523],[-59.9026,7.63818],[-59.90216,7.63911],[-59.90138,7.63901],[-59.90084,7.63819],[-59.90033,7.63809],[-59.90031,7.63809],[-59.89838,7.64158],[-59.89752,7.64202],[-59.89751,7.64203],[-59.89667,7.64158],[-59.89672,7.64058],[-59.89766,7.63883],[-59.89751,7.63855],[-59.89708,7.63855],[-59.89629,7.63911],[-59.89486,7.64049],[-59.89246,7.64222],[-59.89183,7.6441],[-59.89109,7.64443],[-59.89108,7.64443],[-59.8901,7.64406],[-59.88923,7.64359],[-59.88824,7.64333],[-59.88791,7.64357],[-59.88753,7.6439],[-59.88738,7.64488],[-59.88815,7.64755],[-59.88652,7.64873],[-59.88557,7.64897],[-59.88356,7.64905],[-59.88354,7.64905],[-59.88285,7.6487],[-59.88239,7.64671],[-59.88163,7.646],[-59.88092,7.64632],[-59.87941,7.64761],[-59.8777,7.64838],[-59.87664,7.65004],[-59.87585,7.65066],[-59.87497,7.65112],[-59.87496,7.65112],[-59.87495,7.65112],[-59.874,7.65105],[-59.87383,7.65002],[-59.8732,7.64938],[-59.87234,7.64967],[-59.87105,7.65241],[-59.86978,7.65395],[-59.86883,7.65405],[-59.86883,7.65404],[-59.86881,7.65405],[-59.86808,7.65343],[-59.86799,7.65145],[-59.86721,7.65111],[-59.8672,7.65111],[-59.86622,7.65141],[-59.86325,7.65155],[-59.86145,7.65242],[-59.86057,7.65262],[-59.86055,7.65262],[-59.86008,7.65171],[-59.85997,7.6507],[-59.85573,7.64835],[-59.85532,7.64639],[-59.85439,7.64633],[-59.85341,7.64655],[-59.85247,7.64687],[-59.84973,7.64805],[-59.84878,7.64833],[-59.8478,7.64847],[-59.84778,7.64847],[-59.84679,7.64842],[-59.84481,7.64817],[-59.84384,7.64797],[-59.84288,7.64782],[-59.84287,7.64782],[-59.84189,7.64804],[-59.84109,7.64866],[-59.8403,7.64916],[-59.8403,7.64917],[-59.83932,7.64888],[-59.83672,7.64744],[-59.83593,7.64674],[-59.83625,7.6449],[-59.83553,7.6447],[-59.83552,7.6447],[-59.83366,7.6455],[-59.83168,7.6458],[-59.83088,7.64637],[-59.83035,7.64728],[-59.82982,7.64753],[-59.82981,7.64753],[-59.82898,7.64681],[-59.8281,7.64634],[-59.827,7.64639],[-59.8258,7.647],[-59.8261,7.64966],[-59.83187,7.66027],[-59.8321,7.6629],[-59.8338,7.66675],[-59.8371,7.6714],[-59.83992,7.67352],[-59.83954,7.67726],[-59.83707,7.67854],[-59.8359,7.67861],[-59.83493,7.67864],[-59.83491,7.67864],[-59.83247,7.67846],[-59.83247,7.67845],[-59.83057,7.67848],[-59.82649,7.67906],[-59.82477,7.67927],[-59.82476,7.67927],[-59.8219,7.67914],[-59.81844,7.67733],[-59.81276,7.67208],[-59.80796,7.6696],[-59.80518,7.66867],[-59.8025,7.66827],[-59.8004,7.66831],[-59.79501,7.66857],[-59.77408,7.67142],[-59.76165,7.67681],[-59.7567,7.68035],[-59.75362,7.68424],[-59.75187,7.68802],[-59.75175,7.69055],[-59.75301,7.69323],[-59.75652,7.6957],[-59.75954,7.69644],[-59.7621,7.69849],[-59.77203,7.70191],[-59.77612,7.70546],[-59.78338,7.70956],[-59.78558,7.71491],[-59.78619,7.72094],[-59.78389,7.73032],[-59.78401,7.73356],[-59.78609,7.73852],[-59.78889,7.74192],[-59.79006,7.75008],[-59.7921,7.75205],[-59.7942,7.75353],[-59.79627,7.75351],[-59.79866,7.7538],[-59.79868,7.7538],[-59.80075,7.75378],[-59.80284,7.75347],[-59.80552,7.75286],[-59.80731,7.75255],[-59.80732,7.75255],[-59.80911,7.75313],[-59.80912,7.75313],[-59.81239,7.75281],[-59.81686,7.75159],[-59.81687,7.75159],[-59.81956,7.75246],[-59.82135,7.75305],[-59.82137,7.75305],[-59.82404,7.75303],[-59.82912,7.7524],[-59.83269,7.75148],[-59.83598,7.75117],[-59.83772,7.75167],[-59.83897,7.75204],[-59.84257,7.7547],[-59.84259,7.7547],[-59.84586,7.75467],[-59.85121,7.75196],[-59.8545,7.75194],[-59.85452,7.75194],[-59.85691,7.75251],[-59.85989,7.75339],[-59.86257,7.75278],[-59.86495,7.75157],[-59.8745,7.75061],[-59.87815,7.74996],[-59.87986,7.74939],[-59.88086,7.7493],[-59.88177,7.74966],[-59.88343,7.7497],[-59.88344,7.7497],[-59.8843,7.74921],[-59.88498,7.7485],[-59.889,7.74676],[-59.89087,7.74171],[-59.89196,7.74072],[-59.89311,7.7402],[-59.89415,7.74006],[-59.89416,7.74006],[-59.89632,7.74038],[-59.89914,7.74103],[-59.90047,7.74121],[-59.90048,7.74121],[-59.90172,7.74115],[-59.9026,7.74093],[-59.90712,7.73791],[-59.90953,7.73774],[-59.9166,7.73494],[-59.92426,7.7291],[-59.92966,7.72726],[-59.93209,7.72366],[-59.93606,7.72134],[-59.94243,7.713],[-59.94723,7.7079],[-59.95238,7.70402],[-59.95316,7.70251],[-59.95837,7.69735],[-59.9659,7.6909],[-59.97001,7.68802],[-59.97739,7.68502],[-59.9829,7.68327],[-59.98663,7.68248],[-59.99053,7.68214],[-59.99672,7.68117],[-59.99874,7.68093],[-59.99876,7.68093],[-59.99967,7.6817],[-60.0003,7.68233],[-60.00116,7.68202],[-60.00202,7.68186],[-60.00396,7.68184],[-60.00585,7.68238],[-60.00892,7.68353],[-60.0145,7.68496],[-60.01662,7.68509],[-60.01664,7.68509],[-60.01862,7.68507],[-60.02171,7.68442],[-60.02716,7.68255],[-60.03126,7.68022],[-60.03336,7.67936],[-60.03469,7.67888],[-60.0347,7.67888],[-60.03552,7.67942],[-60.03742,7.68101],[-60.04042,7.68311],[-60.04176,7.68463],[-60.04357,7.69288],[-60.0454,7.69697],[-60.04766,7.69917],[-60.05212,7.70665],[-60.05438,7.71122],[-60.06071,7.71203],[-60.06148,7.71674],[-60.05789,7.72447],[-60.05849,7.72838],[-60.05945,7.72955],[-60.06041,7.73037],[-60.0614,7.73041],[-60.06239,7.73021],[-60.06313,7.72972],[-60.06453,7.7291],[-60.06455,7.72911],[-60.06559,7.72939],[-60.0667,7.73063],[-60.06746,7.73273],[-60.06712,7.74026],[-60.06917,7.74592],[-60.07198,7.74867],[-60.07278,7.74896],[-60.0728,7.74896],[-60.07392,7.74878],[-60.07627,7.74762],[-60.07813,7.74627],[-60.08379,7.74121],[-60.08865,7.73448],[-60.0907,7.72962],[-60.0891,7.72456],[-60.08937,7.72139],[-60.09109,7.71835],[-60.0966,7.71209],[-60.09795,7.70868],[-60.10106,7.70495],[-60.10818,7.70143],[-60.11243,7.69473],[-60.11818,7.69159],[-60.12019,7.68881],[-60.12573,7.68719],[-60.12774,7.68362],[-60.12747,7.67768],[-60.126,7.67519],[-60.12662,7.67306],[-60.12986,7.66934],[-60.13251,7.66343],[-60.13585,7.65979],[-60.13698,7.65473],[-60.13662,7.65181],[-60.13753,7.65146],[-60.13754,7.65146],[-60.13849,7.65259],[-60.14141,7.65395],[-60.14142,7.65395],[-60.14225,7.65367],[-60.14263,7.65254],[-60.1443,7.65137],[-60.14696,7.64868],[-60.15088,7.64407],[-60.15081,7.64165],[-60.14891,7.63571],[-60.14957,7.63121],[-60.15041,7.63058],[-60.15171,7.63032],[-60.15265,7.63062],[-60.15343,7.6316],[-60.15597,7.63541],[-60.15925,7.63557],[-60.16116,7.63704],[-60.16251,7.64173],[-60.1642,7.64495],[-60.16531,7.64544],[-60.16532,7.64544],[-60.16629,7.64537],[-60.16725,7.64523],[-60.16779,7.64447],[-60.16749,7.64042],[-60.16812,7.63907],[-60.16905,7.63882],[-60.16906,7.63883],[-60.16907,7.63882],[-60.17029,7.63934],[-60.17154,7.64016],[-60.17232,7.63932],[-60.17125,7.63757],[-60.17142,7.6363],[-60.17259,7.63552],[-60.1758,7.63376],[-60.17721,7.63477],[-60.18226,7.63426],[-60.18606,7.63185],[-60.18367,7.63048],[-60.18223,7.6293],[-60.18343,7.62751],[-60.19001,7.6294],[-60.19392,7.62849],[-60.19522,7.62699],[-60.19511,7.62591],[-60.19548,7.6242],[-60.19696,7.62431],[-60.19922,7.62457],[-60.19973,7.62203],[-60.2005,7.62018],[-60.20156,7.61841],[-60.20476,7.61708],[-60.20962,7.61705],[-60.21221,7.618],[-60.21838,7.61711],[-60.22204,7.61518],[-60.22662,7.61235],[-60.22829,7.61159],[-60.23009,7.60991],[-60.23019,7.60936],[-60.23029,7.6092],[-60.23037,7.60847],[-60.22996,7.60703],[-60.22996,7.60665],[-60.23001,7.60627],[-60.23064,7.60566],[-60.23083,7.60565],[-60.23119,7.60553],[-60.23201,7.60429],[-60.23216,7.60356],[-60.23221,7.60318],[-60.23227,7.60243],[-60.23228,7.60224],[-60.23223,7.60111],[-60.23222,7.60093],[-60.2322,7.60055],[-60.2322,7.59998],[-60.2322,7.5996],[-60.23221,7.59923],[-60.23223,7.59866],[-60.23225,7.59847],[-60.23228,7.5981],[-60.23231,7.59791],[-60.23238,7.59754],[-60.23249,7.59718],[-60.23266,7.59684],[-60.23285,7.59652],[-60.23322,7.59609],[-60.23357,7.59564],[-60.23376,7.59531],[-60.23333,7.59419],[-60.23293,7.59378],[-60.23263,7.59332],[-60.23256,7.59294],[-60.23255,7.59275],[-60.23257,7.59238],[-60.23259,7.59219],[-60.23272,7.59126],[-60.23291,7.59052],[-60.23288,7.58965],[-60.23234,7.58948],[-60.23215,7.58944],[-60.23029,7.58867],[-60.23011,7.58775],[-60.23009,7.58737],[-60.23006,7.58661],[-60.22913,7.58578],[-60.22837,7.58567],[-60.2282,7.58495],[-60.22865,7.58461],[-60.22902,7.58454],[-60.2294,7.58454],[-60.22978,7.58451],[-60.23034,7.58446],[-60.23072,7.58441],[-60.23128,7.58434],[-60.23166,7.5843],[-60.23241,7.58424],[-60.2326,7.58422],[-60.23353,7.58408],[-60.23372,7.58404],[-60.23426,7.5839],[-60.23481,7.58373],[-60.23516,7.58359],[-60.2355,7.58342],[-60.236,7.58286],[-60.23571,7.5824],[-60.23432,7.5822],[-60.23347,7.58263],[-60.23313,7.58278],[-60.23257,7.58294],[-60.23222,7.58288],[-60.2319,7.58241],[-60.23201,7.58111],[-60.23211,7.58074],[-60.23217,7.57999],[-60.23217,7.57961],[-60.23216,7.57924],[-60.23215,7.57905],[-60.23209,7.5783],[-60.23203,7.57754],[-60.2322,7.57701],[-60.23229,7.57685],[-60.23246,7.5765],[-60.23246,7.57574],[-60.2318,7.5757],[-60.23126,7.57552],[-60.23122,7.57532],[-60.23133,7.57476],[-60.23153,7.57317],[-60.23144,7.573],[-60.23133,7.57247],[-60.23158,7.57208],[-60.23233,7.57197],[-60.23319,7.5717],[-60.23339,7.57116],[-60.23341,7.57078],[-60.23336,7.57041],[-60.23316,7.56968],[-60.2329,7.56918],[-60.23158,7.56851],[-60.23078,7.56883],[-60.2305,7.56804],[-60.23075,7.56776],[-60.23087,7.56696],[-60.23039,7.56666],[-60.22982,7.56659],[-60.22957,7.56687],[-60.22905,7.56705],[-60.22852,7.56627],[-60.22514,7.56506],[-60.2228,7.56461],[-60.22173,7.56415],[-60.21906,7.56069],[-60.21706,7.55687],[-60.21214,7.55432],[-60.20825,7.55117],[-60.20457,7.55109],[-60.20163,7.54987],[-60.19859,7.54824],[-60.1966,7.54878],[-60.19145,7.55275],[-60.18982,7.55394],[-60.18854,7.55635],[-60.18386,7.55547],[-60.18319,7.55265],[-60.18395,7.54774],[-60.18414,7.54269],[-60.18221,7.53961],[-60.18135,7.53807],[-60.18114,7.53579],[-60.18325,7.52554],[-60.18302,7.52203],[-60.18209,7.51762],[-60.17939,7.51149],[-60.17488,7.50769],[-60.17297,7.50626],[-60.1705,7.50434],[-60.16744,7.50035],[-60.16925,7.49696],[-60.17225,7.49609],[-60.17965,7.49595],[-60.1814,7.4956],[-60.185,7.49462],[-60.19215,7.49357],[-60.19603,7.49379],[-60.19847,7.4928],[-60.19902,7.49236],[-60.1992,7.49188],[-60.19932,7.49158],[-60.19961,7.49082],[-60.1996,7.48966],[-60.19932,7.48816],[-60.19875,7.48628],[-60.19803,7.48348],[-60.1983,7.4813],[-60.19829,7.48074],[-60.19661,7.47955],[-60.19498,7.47922],[-60.19377,7.47904],[-60.19369,7.47906],[-60.19328,7.47913],[-60.19279,7.47921],[-60.1894,7.48066],[-60.18732,7.48108],[-60.1834,7.48169],[-60.17596,7.48145],[-60.17086,7.48198],[-60.16982,7.48184],[-60.16697,7.48119],[-60.16536,7.48096],[-60.16315,7.48008],[-60.16143,7.47889],[-60.16033,7.47501],[-60.16164,7.46762],[-60.16265,7.46532],[-60.16475,7.46175],[-60.16659,7.45967],[-60.17037,7.45621],[-60.17879,7.44977],[-60.18419,7.4454],[-60.19022,7.43879],[-60.19046,7.43644],[-60.18978,7.43431],[-60.18871,7.43258],[-60.18767,7.42893],[-60.18511,7.42501],[-60.18496,7.42427],[-60.18332,7.41698],[-60.18318,7.41583],[-60.18206,7.41181],[-60.18119,7.41006],[-60.1788,7.40736],[-60.17543,7.40699],[-60.17345,7.40702],[-60.17299,7.40691],[-60.17117,7.40631],[-60.16512,7.40187],[-60.16372,7.39968],[-60.16216,7.3947],[-60.16055,7.39404],[-60.15934,7.39423],[-60.1571,7.39721],[-60.15577,7.40074],[-60.1554,7.40123],[-60.15454,7.40211],[-60.1534,7.40355],[-60.15158,7.40466],[-60.1498,7.40509],[-60.14751,7.40625],[-60.14627,7.40786],[-60.14518,7.41017],[-60.14488,7.41069],[-60.14426,7.41091],[-60.14245,7.41142],[-60.14188,7.41264],[-60.14088,7.41542],[-60.13885,7.41559],[-60.13789,7.41566],[-60.13759,7.41579],[-60.13652,7.41671],[-60.13605,7.4174],[-60.13505,7.4192],[-60.13445,7.41986],[-60.13241,7.42029],[-60.13021,7.41985],[-60.12423,7.41789],[-60.1201,7.41741],[-60.11747,7.41773],[-60.11013,7.42183],[-60.1068,7.42226],[-60.10188,7.41926],[-60.09732,7.41821],[-60.09545,7.41874],[-60.09347,7.41984],[-60.0875,7.42388],[-60.08696,7.42425],[-60.08588,7.42603],[-60.08584,7.42876],[-60.08537,7.431],[-60.08255,7.43526],[-60.08205,7.43852],[-60.08237,7.4418],[-60.08316,7.44507],[-60.08366,7.4483],[-60.08338,7.44954],[-60.083,7.45079],[-60.08127,7.45325],[-60.0778,7.45728],[-60.07655,7.45786],[-60.0757,7.45826],[-60.07546,7.4584],[-60.07493,7.45873],[-60.0743,7.45915],[-60.07276,7.45966],[-60.07205,7.45969],[-60.07119,7.45951],[-60.06737,7.45955],[-60.06565,7.4603],[-60.06242,7.46207],[-60.05856,7.46047],[-60.05455,7.46134],[-60.05272,7.46513],[-60.05436,7.46836],[-60.05603,7.47116],[-60.05639,7.47365],[-60.05605,7.47527],[-60.05579,7.47598],[-60.05448,7.47809],[-60.05373,7.48222],[-60.04918,7.49405],[-60.04819,7.49533],[-60.04682,7.49649],[-60.03939,7.49806],[-60.03836,7.49871],[-60.03752,7.49967],[-60.03534,7.50607],[-60.0325,7.50538],[-60.03212,7.50325],[-60.02748,7.50045],[-60.02534,7.49869],[-60.02,7.49766],[-60.01429,7.49521],[-60.01181,7.49594],[-60.01075,7.49737],[-60.00614,7.49989],[-60.00401,7.50025],[-59.99868,7.49994],[-59.99547,7.49889],[-59.99369,7.49961],[-59.9931,7.49998],[-59.99274,7.50021],[-59.99198,7.50269],[-59.99129,7.50923],[-59.98957,7.5156],[-59.98825,7.51752],[-59.9868,7.51906],[-59.98489,7.51978],[-59.98302,7.52019],[-59.98232,7.52043],[-59.98024,7.52113],[-59.97601,7.52311],[-59.97457,7.52351],[-59.97116,7.5244],[-59.96871,7.52538],[-59.96606,7.52866],[-59.965,7.5346],[-59.96504,7.53898],[-59.96468,7.54176],[-59.96325,7.54644],[-59.95761,7.54804],[-59.9542,7.54789],[-59.95242,7.54771],[-59.94363,7.5455],[-59.93642,7.54608],[-59.92849,7.54292],[-59.92655,7.54252]]]},"properties":{"ID":"102","NAME":"Matthews Ridge / Arakaka (Matakai) / Port Kaituma","STATUS":"Neighbourhood Democratic Council","REGION":"Barima-Waini"}},
{"type":"Feature","geometry":{"type":"Polygon","coordinates":[[[-59.78144,8.34253],[-59.80253,8.35236],[-59.80505,8.35299],[-59.81356,8.35715],[-59.81895,8.35821],[-59.82208,8.36064],[-59.82539,8.35944],[-59.82978,8.35985],[-59.83099,8.35873],[-59.83732,8.36014],[-59.83938,8.35936],[-59.84574,8.36343],[-59.84689,8.36569],[-59.85264,8.36943],[-59.85419,8.36968],[-59.8581,8.37311],[-59.8582,8.37514],[-59.86227,8.37696],[-59.86375,8.37875],[-59.86429,8.38208],[-59.86826,8.38387],[-59.87212,8.39005],[-59.87765,8.3959],[-59.88236,8.40403],[-59.88736,8.41431],[-59.88847,8.41783],[-59.89042,8.42014],[-59.8947,8.42847],[-59.89613,8.42949],[-59.90192,8.44207],[-59.90886,8.45386],[-59.91597,8.46208],[-59.92135,8.47061],[-59.92263,8.47034],[-59.92721,8.4761],[-59.92995,8.48033],[-59.93375,8.48403],[-59.93681,8.48883],[-59.94431,8.49597],[-59.95188,8.50091],[-59.95724,8.5067],[-59.96516,8.51365],[-59.96802,8.51759],[-59.97385,8.52163],[-59.97503,8.52604],[-59.97938,8.53094],[-59.98672,8.52838],[-59.98111,8.51833],[-59.94389,8.4725],[-59.92944,8.45444],[-59.915,8.43667],[-59.90056,8.41861],[-59.88611,8.40083],[-59.87194,8.38278],[-59.8575,8.365],[-59.84306,8.34694],[-59.82861,8.32917],[-59.815,8.31139],[-59.81417,8.30917],[-59.80917,8.30083],[-59.8075,8.29583],[-59.80472,8.29167],[-59.80139,8.275],[-59.80444,8.27083],[-59.80861,8.26833],[-59.81944,8.25861],[-59.82306,8.24778],[-59.82389,8.24167],[-59.82556,8.23611],[-59.83194,8.22889],[-59.84333,8.22667],[-59.84678,8.22552],[-59.84679,8.22551],[-59.84676,8.22552],[-59.84816,8.22415],[-59.84909,8.22034],[-59.84894,8.20876],[-59.84641,8.19567],[-59.84409,8.19135],[-59.8423,8.17855],[-59.84043,8.17003],[-59.84126,8.16204],[-59.84324,8.15926],[-59.84417,8.15685],[-59.84532,8.15267],[-59.84552,8.15188],[-59.84563,8.1512],[-59.84411,8.15125],[-59.84331,8.15132],[-59.84112,8.15163],[-59.84078,8.15148],[-59.8392,8.15077],[-59.83654,8.14977],[-59.83531,8.14898],[-59.83474,8.14861],[-59.8347,8.14858],[-59.83341,8.14804],[-59.83287,8.14782],[-59.83211,8.14744],[-59.831,8.14708],[-59.82975,8.14686],[-59.82937,8.14686],[-59.82825,8.14682],[-59.82822,8.14682],[-59.82671,8.14755],[-59.82624,8.14777],[-59.82526,8.14788],[-59.82417,8.148],[-59.82343,8.14806],[-59.82266,8.14811],[-59.82258,8.14801],[-59.82257,8.14801],[-59.82114,8.14636],[-59.81713,8.14187],[-59.8166,8.14126],[-59.81591,8.14054],[-59.81551,8.13996],[-59.81513,8.1394],[-59.81481,8.13881],[-59.81448,8.13822],[-59.81391,8.1369],[-59.81729,8.13349],[-59.81772,8.13237],[-59.81795,8.13162],[-59.81792,8.13157],[-59.81679,8.12975],[-59.81393,8.12784],[-59.81375,8.1278],[-59.81191,8.12759],[-59.81038,8.12863],[-59.80953,8.1297],[-59.80863,8.12998],[-59.80859,8.13008],[-59.80816,8.1319],[-59.80795,8.13278],[-59.80611,8.14845],[-59.80314,8.1595],[-59.79973,8.16949],[-59.79743,8.17904],[-59.79773,8.18515],[-59.7971,8.19199],[-59.79466,8.19421],[-59.79333,8.19452],[-59.79332,8.19452],[-59.79168,8.19449],[-59.78872,8.19406],[-59.78612,8.19332],[-59.78067,8.18945],[-59.77314,8.18637],[-59.77159,8.18625],[-59.76869,8.18632],[-59.76612,8.18683],[-59.76473,8.18741],[-59.76217,8.18984],[-59.75779,8.19618],[-59.7541,8.20344],[-59.74936,8.20858],[-59.73985,8.21559],[-59.73822,8.21773],[-59.715,8.24174],[-59.70543,8.2504],[-59.70193,8.25209],[-59.69651,8.25619],[-59.68631,8.26237],[-59.7014,8.27445],[-59.7135,8.28824],[-59.71559,8.29043],[-59.72241,8.29691],[-59.73584,8.31153],[-59.73979,8.31644],[-59.74156,8.31849],[-59.74279,8.32073],[-59.75005,8.32599],[-59.75135,8.32591],[-59.752,8.32596],[-59.75282,8.32666],[-59.75555,8.33024],[-59.76101,8.33223],[-59.76579,8.33423],[-59.76852,8.33624],[-59.77125,8.33758],[-59.77465,8.33823],[-59.78208,8.34236],[-59.78144,8.34253]]]},"properties":{"ID":"101","NAME":"Mabaruma / Kumaka / Hosororo","STATUS":"Municipality","REGION":"Barima-Waini"}},
{"type":"Feature","geometry":{"type":"Polygon","coordinates":[[[-59.68631,8.26237],[-59.69651,8.25619],[-59.70193,8.25209],[-59.70543,8.2504],[-59.715,8.24174],[-59.73822,8.21773],[-59.73985,8.21559],[-59.74936,8.20858],[-59.7541,8.20344],[-59.75779,8.19618],[-59.76217,8.18984],[-59.76473,8.18741],[-59.76612,8.18683],[-59.76869,8.18632],[-59.77159,8.18625],[-59.77314,8.18637],[-59.78067,8.18945],[-59.78612,8.19332],[-59.78872,8.19406],[-59.79168,8.19449],[-59.79332,8.19452],[-59.79333,8.19452],[-59.79466,8.19421],[-59.7971,8.19199],[-59.79773,8.18515],[-59.79743,8.17904],[-59.79973,8.16949],[-59.80314,8.1595],[-59.80611,8.14845],[-59.80795,8.13278],[-59.80816,8.1319],[-59.80859,8.13008],[-59.80863,8.12998],[-59.80953,8.1297],[-59.81038,8.12863],[-59.81191,8.12759],[-59.81375,8.1278],[-59.81393,8.12784],[-59.81679,8.12975],[-59.81792,8.13157],[-59.81795,8.13162],[-59.81772,8.13237],[-59.81729,8.13349],[-59.81391,8.1369],[-59.81448,8.13822],[-59.81481,8.13881],[-59.81513,8.1394],[-59.81551,8.13996],[-59.81591,8.14054],[-59.8166,8.14126],[-59.81713,8.14187],[-59.82114,8.14636],[-59.82257,8.14801],[-59.82258,8.14801],[-59.82266,8.14811],[-59.82343,8.14806],[-59.82417,8.148],[-59.82526,8.14788],[-59.82624,8.14777],[-59.82671,8.14755],[-59.82822,8.14682],[-59.82825,8.14682],[-59.82937,8.14686],[-59.82975,8.14686],[-59.831,8.14708],[-59.83211,8.14744],[-59.83287,8.14782],[-59.83341,8.14804],[-59.8347,8.14858],[-59.83474,8.14861],[-59.83531,8.14898],[-59.83654,8.14977],[-59.8392,8.15077],[-59.84078,8.15148],[-59.84112,8.15163],[-59.84331,8.15132],[-59.84411,8.15125],[-59.84563,8.1512],[-59.84552,8.15188],[-59.84532,8.15267],[-59.84417,8.15685],[-59.84324,8.15926],[-59.84126,8.16204],[-59.84043,8.17003],[-59.8423,8.17855],[-59.84409,8.19135],[-59.84641,8.19567],[-59.84894,8.20876],[-59.84909,8.22034],[-59.84816,8.22415],[-59.84676,8.22552],[-59.84679,8.22551],[-59.84831,8.225],[-59.8547,8.22444],[-59.86165,8.22472],[-59.8672,8.22361],[-59.87193,8.22194],[-59.87915,8.22222],[-59.88887,8.21861],[-59.90026,8.21639],[-59.9079,8.2174],[-59.92976,8.21531],[-59.94601,8.21346],[-59.94552,8.20537],[-59.94595,8.19762],[-59.94839,8.195],[-59.96502,8.19156],[-59.97274,8.18862],[-59.97601,8.18797],[-59.97972,8.18118],[-59.98263,8.16842],[-59.9864,8.16347],[-59.99339,8.1582],[-59.99451,8.15497],[-59.99331,8.15157],[-59.98816,8.14529],[-59.98181,8.13883],[-59.98043,8.13475],[-59.98061,8.13271],[-59.98593,8.1271],[-59.99125,8.12387],[-59.99417,8.11963],[-59.99585,8.10936],[-59.99983,8.10025],[-60,8.096],[-59.99844,8.08972],[-59.99949,8.08326],[-59.9995,8.07533],[-60.00576,8.07209],[-60.0064,8.06948],[-60.00534,8.06506],[-60.00578,8.06009],[-60.00876,8.05606],[-60.01947,8.0489],[-60.02378,8.04506],[-60.03188,8.03333],[-60.0362,8.03293],[-60.04094,8.03613],[-60.04464,8.03278],[-60.04841,8.02717],[-60.05253,8.0248],[-60.06126,8.02343],[-60.06752,8.02505],[-60.07109,8.02798],[-60.07288,8.02823],[-60.07783,8.03244],[-60.08215,8.03244],[-60.08269,8.03028],[-60.08605,8.03161],[-60.08754,8.0351],[-60.08891,8.03584],[-60.09726,8.0355],[-60.10029,8.03484],[-60.10228,8.03301],[-60.10411,8.02946],[-60.10903,8.03049],[-60.11281,8.02834],[-60.11672,8.02801],[-60.12008,8.02908],[-60.12171,8.02805],[-60.12215,8.02053],[-60.1242,8.01648],[-60.12714,8.01442],[-60.12894,8.01141],[-60.13117,8.00414],[-60.1342,7.99887],[-60.13468,7.99647],[-60.14032,7.9929],[-60.14032,7.99038],[-60.14273,7.99014],[-60.14843,7.9868],[-60.14952,7.98473],[-60.15326,7.98438],[-60.15527,7.98242],[-60.16082,7.98014],[-60.16499,7.97401],[-60.16729,7.9724],[-60.17178,7.97382],[-60.17396,7.97267],[-60.17707,7.96899],[-60.18345,7.96432],[-60.18834,7.96293],[-60.19001,7.96138],[-60.19219,7.96579],[-60.1961,7.9655],[-60.19776,7.96733],[-60.19845,7.96486],[-60.19661,7.96308],[-60.19943,7.95906],[-60.20317,7.95853],[-60.21024,7.95868],[-60.21397,7.95942],[-60.21905,7.95776],[-60.22278,7.954],[-60.23203,7.94594],[-60.23464,7.94421],[-60.23349,7.93979],[-60.22997,7.93791],[-60.23101,7.93498],[-60.23348,7.93485],[-60.23348,7.93273],[-60.23595,7.93175],[-60.23802,7.93272],[-60.24207,7.93167],[-60.2439,7.92811],[-60.24287,7.92254],[-60.24523,7.92116],[-60.24466,7.91898],[-60.24568,7.91306],[-60.24735,7.91294],[-60.24775,7.9107],[-60.25051,7.9142],[-60.25309,7.91511],[-60.25493,7.91305],[-60.25724,7.90608],[-60.25988,7.9055],[-60.26023,7.90154],[-60.26231,7.90354],[-60.26356,7.90141],[-60.26259,7.89872],[-60.26701,7.89584],[-60.26874,7.89704],[-60.27023,7.89497],[-60.27403,7.8922],[-60.27466,7.88944],[-60.2788,7.88507],[-60.28145,7.885],[-60.28277,7.8827],[-60.28484,7.88223],[-60.28604,7.88436],[-60.28785,7.88303],[-60.28714,7.88016],[-60.28806,7.87844],[-60.29116,7.87958],[-60.29388,7.879],[-60.29421,7.87572],[-60.29662,7.87571],[-60.30111,7.87139],[-60.30375,7.87254],[-60.30645,7.87104],[-60.31214,7.86947],[-60.31356,7.86706],[-60.3145,7.86119],[-60.31761,7.85958],[-60.31755,7.85745],[-60.32037,7.8571],[-60.32077,7.85463],[-60.32681,7.85295],[-60.32802,7.85036],[-60.33096,7.84962],[-60.3329,7.84167],[-60.33756,7.83839],[-60.34405,7.83705],[-60.34783,7.83391],[-60.34823,7.83128],[-60.35263,7.82894],[-60.35691,7.82883],[-60.35823,7.82637],[-60.36085,7.82477],[-60.36245,7.82523],[-60.36354,7.8282],[-60.36688,7.82731],[-60.36632,7.82248],[-60.36404,7.81531],[-60.36178,7.81279],[-60.35692,7.81162],[-60.35185,7.81097],[-60.35088,7.81094],[-60.34843,7.81063],[-60.34644,7.8108],[-60.34342,7.81111],[-60.33812,7.81122],[-60.3381,7.81122],[-60.32988,7.81047],[-60.31982,7.80524],[-60.31413,7.79922],[-60.31143,7.79361],[-60.30884,7.79006],[-60.29814,7.78036],[-60.29279,7.77214],[-60.28992,7.76494],[-60.29393,7.75704],[-60.29696,7.7481],[-60.29655,7.74259],[-60.29439,7.73627],[-60.28546,7.73029],[-60.28186,7.72611],[-60.27763,7.72413],[-60.27159,7.72309],[-60.26411,7.71865],[-60.25987,7.71363],[-60.25927,7.71187],[-60.26028,7.70741],[-60.26225,7.70395],[-60.26392,7.69602],[-60.26758,7.68837],[-60.2684,7.68533],[-60.26698,7.68279],[-60.26231,7.67948],[-60.25882,7.67548],[-60.25493,7.67509],[-60.2501,7.67191],[-60.24928,7.6702],[-60.24462,7.66488],[-60.24289,7.66394],[-60.22985,7.66325],[-60.22664,7.66199],[-60.22344,7.65807],[-60.22144,7.64946],[-60.21857,7.64683],[-60.21698,7.64638],[-60.21547,7.64639],[-60.20998,7.64775],[-60.20763,7.64863],[-60.20489,7.65064],[-60.20266,7.65125],[-60.20109,7.65162],[-60.20108,7.65162],[-60.19961,7.65139],[-60.19749,7.65062],[-60.19287,7.64954],[-60.19152,7.64939],[-60.1915,7.64939],[-60.19061,7.6494],[-60.18961,7.6495],[-60.18959,7.6495],[-60.18825,7.64942],[-60.18824,7.64942],[-60.18699,7.64951],[-60.18531,7.64961],[-60.18433,7.64962],[-60.18432,7.64962],[-60.18324,7.6496],[-60.18194,7.64901],[-60.17991,7.64618],[-60.1769,7.64563],[-60.17154,7.64016],[-60.17029,7.63934],[-60.16907,7.63882],[-60.16906,7.63883],[-60.16905,7.63882],[-60.16812,7.63907],[-60.16749,7.64042],[-60.16779,7.64447],[-60.16725,7.64523],[-60.16629,7.64537],[-60.16532,7.64544],[-60.16531,7.64544],[-60.1642,7.64495],[-60.16251,7.64173],[-60.16116,7.63704],[-60.15925,7.63557],[-60.15597,7.63541],[-60.15343,7.6316],[-60.15265,7.63062],[-60.15171,7.63032],[-60.15041,7.63058],[-60.14957,7.63121],[-60.14891,7.63571],[-60.15081,7.64165],[-60.15088,7.64407],[-60.14696,7.64868],[-60.1443,7.65137],[-60.14263,7.65254],[-60.14225,7.65367],[-60.14142,7.65395],[-60.14141,7.65395],[-60.13849,7.65259],[-60.13754,7.65146],[-60.13753,7.65146],[-60.13662,7.65181],[-60.13698,7.65473],[-60.13585,7.65979],[-60.13251,7.66343],[-60.12986,7.66934],[-60.12662,7.67306],[-60.126,7.67519],[-60.12747,7.67768],[-60.12774,7.68362],[-60.12573,7.68719],[-60.12019,7.68881],[-60.11818,7.69159],[-60.11243,7.69473],[-60.10818,7.70143],[-60.10106,7.70495],[-60.09795,7.70868],[-60.0966,7.71209],[-60.09109,7.71835],[-60.08937,7.72139],[-60.0891,7.72456],[-60.0907,7.72962],[-60.08865,7.73448],[-60.08379,7.74121],[-60.07813,7.74627],[-60.07627,7.74762],[-60.07392,7.74878],[-60.0728,7.74896],[-60.07278,7.74896],[-60.07198,7.74867],[-60.06917,7.74592],[-60.06712,7.74026],[-60.06746,7.73273],[-60.0667,7.73063],[-60.06559,7.72939],[-60.06455,7.72911],[-60.06453,7.7291],[-60.06313,7.72972],[-60.06239,7.73021],[-60.0614,7.73041],[-60.06041,7.73037],[-60.05945,7.72955],[-60.05849,7.72838],[-60.05789,7.72447],[-60.06148,7.71674],[-60.06071,7.71203],[-60.05438,7.71122],[-60.05212,7.70665],[-60.04766,7.69917],[-60.0454,7.69697],[-60.04357,7.69288],[-60.04176,7.68463],[-60.04042,7.68311],[-60.03742,7.68101],[-60.03552,7.67942],[-60.0347,7.67888],[-60.03469,7.67888],[-60.03336,7.67936],[-60.03126,7.68022],[-60.02716,7.68255],[-60.02171,7.68442],[-60.01862,7.68507],[-60.01664,7.68509],[-60.01662,7.68509],[-60.0145,7.68496],[-60.00892,7.68353],[-60.00585,7.68238],[-60.00396,7.68184],[-60.00202,7.68186],[-60.00116,7.68202],[-60.0003,7.68233],[-59.99967,7.6817],[-59.99876,7.68093],[-59.99874,7.68093],[-59.99672,7.68117],[-59.99053,7.68214],[-59.98663,7.68248],[-59.9829,7.68327],[-59.97739,7.68502],[-59.97001,7.68802],[-59.9659,7.6909],[-59.95837,7.69735],[-59.95316,7.70251],[-59.95238,7.70402],[-59.94723,7.7079],[-59.94243,7.713],[-59.93606,7.72134],[-59.93209,7.72366],[-59.92966,7.72726],[-59.92426,7.7291],[-59.9166,7.73494],[-59.90953,7.73774],[-59.90712,7.73791],[-59.9026,7.74093],[-59.90172,7.74115],[-59.90048,7.74121],[-59.90047,7.74121],[-59.89914,7.74103],[-59.89632,7.74038],[-59.89416,7.74006],[-59.89415,7.74006],[-59.89311,7.7402],[-59.89196,7.74072],[-59.89087,7.74171],[-59.889,7.74676],[-59.88498,7.7485],[-59.8843,7.74921],[-59.88344,7.7497],[-59.88343,7.7497],[-59.88177,7.74966],[-59.88086,7.7493],[-59.87986,7.74939],[-59.87815,7.74996],[-59.8745,7.75061],[-59.86495,7.75157],[-59.86257,7.75278],[-59.85989,7.75339],[-59.85691,7.75251],[-59.85452,7.75194],[-59.8545,7.75194],[-59.85121,7.75196],[-59.84586,7.75467],[-59.84259,7.7547],[-59.84257,7.7547],[-59.83897,7.75204],[-59.83772,7.75167],[-59.83598,7.75117],[-59.83269,7.75148],[-59.82912,7.7524],[-59.82404,7.75303],[-59.82137,7.75305],[-59.82135,7.75305],[-59.81956,7.75246],[-59.81687,7.75159],[-59.81686,7.75159],[-59.81239,7.75281],[-59.80912,7.75313],[-59.80911,7.75313],[-59.80732,7.75255],[-59.80731,7.75255],[-59.80552,7.75286],[-59.80284,7.75347],[-59.80075,7.75378],[-59.79868,7.7538],[-59.79866,7.7538],[-59.79627,7.75351],[-59.7942,7.75353],[-59.7921,7.75205],[-59.79006,7.75008],[-59.78889,7.74192],[-59.78609,7.73852],[-59.78401,7.73356],[-59.78389,7.73032],[-59.78619,7.72094],[-59.78558,7.71491],[-59.78338,7.70956],[-59.77612,7.70546],[-59.77203,7.70191],[-59.7621,7.69849],[-59.75954,7.69644],[-59.75652,7.6957],[-59.75301,7.69323],[-59.75175,7.69055],[-59.75187,7.68802],[-59.75362,7.68424],[-59.7567,7.68035],[-59.76165,7.67681],[-59.77408,7.67142],[-59.79501,7.66857],[-59.8004,7.66831],[-59.8025,7.66827],[-59.80518,7.66867],[-59.80796,7.6696],[-59.81276,7.67208],[-59.81844,7.67733],[-59.8219,7.67914],[-59.82476,7.67927],[-59.82477,7.67927],[-59.82649,7.67906],[-59.83057,7.67848],[-59.83247,7.67845],[-59.83247,7.67846],[-59.83491,7.67864],[-59.83493,7.67864],[-59.8359,7.67861],[-59.83707,7.67854],[-59.83954,7.67726],[-59.83992,7.67352],[-59.8371,7.6714],[-59.8338,7.66675],[-59.8321,7.6629],[-59.83187,7.66027],[-59.8261,7.64966],[-59.8258,7.647],[-59.827,7.64639],[-59.8281,7.64634],[-59.82898,7.64681],[-59.82981,7.64753],[-59.82982,7.64753],[-59.83035,7.64728],[-59.83088,7.64637],[-59.83168,7.6458],[-59.83366,7.6455],[-59.83552,7.6447],[-59.83553,7.6447],[-59.83625,7.6449],[-59.83593,7.64674],[-59.83672,7.64744],[-59.83932,7.64888],[-59.8403,7.64917],[-59.8403,7.64916],[-59.84109,7.64866],[-59.84189,7.64804],[-59.84287,7.64782],[-59.84288,7.64782],[-59.84384,7.64797],[-59.84481,7.64817],[-59.84679,7.64842],[-59.84778,7.64847],[-59.8478,7.64847],[-59.84878,7.64833],[-59.84973,7.64805],[-59.85247,7.64687],[-59.85341,7.64655],[-59.85439,7.64633],[-59.85532,7.64639],[-59.85573,7.64835],[-59.85997,7.6507],[-59.86008,7.65171],[-59.86055,7.65262],[-59.86057,7.65262],[-59.86145,7.65242],[-59.86325,7.65155],[-59.86622,7.65141],[-59.8672,7.65111],[-59.86721,7.65111],[-59.86799,7.65145],[-59.86808,7.65343],[-59.86881,7.65405],[-59.86883,7.65404],[-59.86883,7.65405],[-59.86978,7.65395],[-59.87105,7.65241],[-59.87234,7.64967],[-59.8732,7.64938],[-59.87383,7.65002],[-59.874,7.65105],[-59.87495,7.65112],[-59.87496,7.65112],[-59.87497,7.65112],[-59.87585,7.65066],[-59.87664,7.65004],[-59.8777,7.64838],[-59.87941,7.64761],[-59.88092,7.64632],[-59.88163,7.646],[-59.88239,7.64671],[-59.88285,7.6487],[-59.88354,7.64905],[-59.88356,7.64905],[-59.88557,7.64897],[-59.88652,7.64873],[-59.88815,7.64755],[-59.88738,7.64488],[-59.88753,7.6439],[-59.88791,7.64357],[-59.88824,7.64333],[-59.88923,7.64359],[-59.8901,7.64406],[-59.89108,7.64443],[-59.89109,7.64443],[-59.89183,7.6441],[-59.89246,7.64222],[-59.89486,7.64049],[-59.89629,7.63911],[-59.89708,7.63855],[-59.89751,7.63855],[-59.89766,7.63883],[-59.89672,7.64058],[-59.89667,7.64158],[-59.89751,7.64203],[-59.89752,7.64202],[-59.89838,7.64158],[-59.90031,7.63809],[-59.90033,7.63809],[-59.90084,7.63819],[-59.90138,7.63901],[-59.90216,7.63911],[-59.9026,7.63818],[-59.90285,7.63523],[-59.90319,7.63499],[-59.9032,7.63499],[-59.90368,7.63509],[-59.90463,7.63559],[-59.90682,7.63771],[-59.90684,7.6377],[-59.90764,7.63766],[-59.90812,7.63679],[-59.90791,7.63479],[-59.90816,7.63418],[-59.90842,7.63401],[-59.90844,7.63401],[-59.90888,7.63404],[-59.90937,7.63418],[-59.91312,7.63716],[-59.91403,7.63754],[-59.91502,7.6377],[-59.91503,7.6377],[-59.91504,7.6377],[-59.916,7.63759],[-59.91776,7.63664],[-59.92068,7.63156],[-59.92374,7.62777],[-59.92833,7.62629],[-59.93001,7.62381],[-59.92947,7.62032],[-59.92634,7.61571],[-59.92081,7.61285],[-59.92046,7.60919],[-59.91901,7.60609],[-59.91947,7.60073],[-59.92106,7.59761],[-59.9216,7.59295],[-59.92067,7.58698],[-59.91829,7.58042],[-59.91837,7.57369],[-59.91981,7.57058],[-59.9181,7.56584],[-59.91763,7.56104],[-59.91817,7.55889],[-59.91805,7.55066],[-59.92074,7.54767],[-59.92548,7.54546],[-59.92655,7.54252],[-59.92128,7.5313],[-59.91591,7.52341],[-59.91581,7.52221],[-59.91188,7.51582],[-59.90929,7.50889],[-59.90593,7.50634],[-59.90401,7.50333],[-59.90324,7.50016],[-59.90635,7.49548],[-59.90784,7.4858],[-59.90313,7.48054],[-59.90228,7.47798],[-59.89513,7.47419],[-59.88984,7.47008],[-59.88888,7.46746],[-59.88596,7.46512],[-59.87956,7.46194],[-59.86577,7.46042],[-59.86315,7.45854],[-59.86107,7.45472],[-59.86021,7.45125],[-59.85703,7.44813],[-59.85565,7.44781],[-59.85463,7.4477],[-59.85462,7.44771],[-59.85351,7.44797],[-59.85126,7.44916],[-59.85031,7.44936],[-59.84626,7.44975],[-59.84625,7.44975],[-59.84624,7.44975],[-59.84414,7.44968],[-59.84183,7.44904],[-59.83831,7.44729],[-59.82901,7.43924],[-59.82555,7.43752],[-59.81735,7.43465],[-59.8146,7.43309],[-59.80958,7.43207],[-59.80742,7.43176],[-59.80577,7.43158],[-59.80411,7.43171],[-59.80223,7.43181],[-59.79929,7.43228],[-59.79244,7.43489],[-59.7874,7.43829],[-59.78582,7.4407],[-59.78423,7.44756],[-59.7845,7.45334],[-59.78159,7.4604],[-59.77119,7.46759],[-59.7676,7.47093],[-59.76245,7.47688],[-59.75954,7.47818],[-59.75709,7.47846],[-59.75428,7.47869],[-59.75427,7.47869],[-59.75336,7.47843],[-59.75183,7.47782],[-59.74968,7.47623],[-59.74614,7.47472],[-59.74391,7.47245],[-59.73803,7.47184],[-59.73482,7.47133],[-59.7336,7.47086],[-59.73259,7.47071],[-59.73071,7.47131],[-59.72821,7.47284],[-59.72692,7.47292],[-59.72691,7.47292],[-59.7269,7.47292],[-59.72291,7.47208],[-59.72105,7.47202],[-59.71955,7.47285],[-59.71867,7.47397],[-59.71836,7.47711],[-59.71962,7.48025],[-59.72656,7.484],[-59.73119,7.48771],[-59.73421,7.49102],[-59.73638,7.49684],[-59.73595,7.50114],[-59.72972,7.50203],[-59.72631,7.51607],[-59.72557,7.52387],[-59.72427,7.52826],[-59.72277,7.52916],[-59.72137,7.52953],[-59.72137,7.52952],[-59.72135,7.52953],[-59.71972,7.52671],[-59.71495,7.52454],[-59.70913,7.5227],[-59.69871,7.51821],[-59.69179,7.51439],[-59.69069,7.51434],[-59.68956,7.51443],[-59.68784,7.51467],[-59.68177,7.51585],[-59.67923,7.51651],[-59.67837,7.51653],[-59.67835,7.51653],[-59.67748,7.5164],[-59.67662,7.51624],[-59.6749,7.51595],[-59.67237,7.5153],[-59.66848,7.51328],[-59.66685,7.51269],[-59.666,7.51261],[-59.66513,7.51271],[-59.66339,7.51296],[-59.66168,7.51331],[-59.64749,7.51765],[-59.64494,7.51827],[-59.64161,7.51929],[-59.63823,7.52021],[-59.63656,7.52071],[-59.63246,7.52221],[-59.63082,7.5228],[-59.62917,7.52337],[-59.61923,7.52668],[-59.61544,7.52887],[-59.61164,7.53246],[-59.60342,7.54372],[-59.60157,7.55378],[-59.60104,7.56161],[-59.59958,7.56755],[-59.59696,7.57022],[-59.59104,7.57161],[-59.58569,7.57451],[-59.58365,7.57734],[-59.58387,7.58162],[-59.58595,7.58442],[-59.59235,7.58719],[-59.5928,7.58881],[-59.591,7.59097],[-59.59159,7.59439],[-59.59086,7.59712],[-59.58588,7.6006],[-59.58006,7.60246],[-59.57481,7.60555],[-59.57238,7.60807],[-59.56693,7.61071],[-59.55711,7.61935],[-59.55063,7.62376],[-59.54549,7.62481],[-59.54375,7.62492],[-59.54288,7.62492],[-59.54286,7.62492],[-59.54199,7.62488],[-59.54025,7.62471],[-59.53887,7.62452],[-59.53944,7.62582],[-59.54172,7.62711],[-59.54943,7.63282],[-59.56422,7.64033],[-59.56763,7.64305],[-59.56971,7.64771],[-59.57048,7.65638],[-59.57042,7.66336],[-59.57322,7.67159],[-59.57948,7.68212],[-59.58041,7.68271],[-59.58741,7.68304],[-59.59039,7.68469],[-59.59358,7.68879],[-59.59412,7.69485],[-59.59333,7.69639],[-59.5866,7.70318],[-59.5864,7.70915],[-59.58882,7.71368],[-59.58909,7.71652],[-59.58781,7.71805],[-59.58167,7.72141],[-59.57687,7.72517],[-59.57323,7.74041],[-59.57167,7.74447],[-59.56979,7.74665],[-59.56655,7.74792],[-59.56538,7.75213],[-59.56634,7.75289],[-59.56766,7.75296],[-59.56767,7.75296],[-59.56858,7.75295],[-59.57058,7.7526],[-59.57147,7.75266],[-59.57292,7.75294],[-59.57373,7.75334],[-59.57526,7.75993],[-59.57669,7.7628],[-59.57718,7.76694],[-59.5812,7.77673],[-59.58175,7.78],[-59.58094,7.78383],[-59.58125,7.78827],[-59.58356,7.79411],[-59.58265,7.79752],[-59.57594,7.80277],[-59.57198,7.8081],[-59.57376,7.81352],[-59.57395,7.81699],[-59.56716,7.8231],[-59.5641,7.82448],[-59.55226,7.82725],[-59.54793,7.82788],[-59.54649,7.82992],[-59.54498,7.83729],[-59.54379,7.84063],[-59.53811,7.84523],[-59.53699,7.84566],[-59.53588,7.8458],[-59.53488,7.8458],[-59.53486,7.8458],[-59.53363,7.84562],[-59.53113,7.84486],[-59.52821,7.8442],[-59.52684,7.844],[-59.52531,7.84424],[-59.52224,7.84562],[-59.51845,7.85045],[-59.51844,7.85044],[-59.517,7.84893],[-59.51662,7.84603],[-59.51404,7.84096],[-59.51075,7.83917],[-59.50782,7.83628],[-59.5027,7.83304],[-59.49594,7.8327],[-59.49021,7.83126],[-59.4866,7.82874],[-59.48502,7.82822],[-59.48501,7.82823],[-59.48402,7.82857],[-59.48401,7.82857],[-59.48124,7.82837],[-59.47876,7.82948],[-59.47727,7.82989],[-59.47601,7.83003],[-59.47542,7.83007],[-59.47484,7.83012],[-59.47342,7.82992],[-59.47274,7.82981],[-59.47271,7.82981],[-59.47121,7.82892],[-59.47108,7.82884],[-59.46757,7.82698],[-59.46644,7.82603],[-59.46643,7.82602],[-59.46642,7.82602],[-59.46524,7.82571],[-59.46432,7.82546],[-59.46187,7.82542],[-59.45533,7.82655],[-59.45329,7.82762],[-59.45322,7.82768],[-59.45123,7.82949],[-59.44226,7.84135],[-59.43939,7.84771],[-59.43948,7.84832],[-59.43961,7.84925],[-59.43905,7.84945],[-59.43899,7.84947],[-59.4379,7.8498],[-59.43636,7.85058],[-59.43532,7.85098],[-59.43446,7.85102],[-59.43445,7.85102],[-59.43444,7.85102],[-59.43357,7.85086],[-59.43258,7.85038],[-59.4212,7.84091],[-59.42064,7.83822],[-59.42497,7.83016],[-59.42397,7.82639],[-59.42298,7.82603],[-59.42211,7.82638],[-59.4213,7.82687],[-59.41936,7.82927],[-59.41617,7.83074],[-59.41534,7.83095],[-59.41533,7.83095],[-59.41438,7.83061],[-59.41251,7.82836],[-59.41111,7.82431],[-59.41267,7.82311],[-59.41383,7.8177],[-59.41072,7.81199],[-59.40989,7.81163],[-59.40883,7.81163],[-59.40785,7.8122],[-59.40711,7.81271],[-59.40553,7.81343],[-59.4044,7.81358],[-59.4044,7.81357],[-59.40438,7.81358],[-59.4035,7.81338],[-59.40189,7.8092],[-59.4021,7.80553],[-59.40335,7.80299],[-59.40588,7.80065],[-59.40666,7.79776],[-59.4027,7.79274],[-59.40477,7.78962],[-59.41074,7.78629],[-59.41251,7.78375],[-59.41137,7.78363],[-59.40583,7.7872],[-59.40008,7.79044],[-59.39295,7.79532],[-59.39136,7.79714],[-59.38914,7.80269],[-59.38824,7.80951],[-59.38961,7.8179],[-59.39226,7.8234],[-59.39575,7.82802],[-59.40317,7.83525],[-59.40505,7.83773],[-59.40704,7.84301],[-59.40718,7.84767],[-59.40532,7.85533],[-59.40367,7.85885],[-59.40098,7.8622],[-59.38757,7.87327],[-59.38162,7.87738],[-59.37653,7.88283],[-59.37543,7.88545],[-59.37566,7.89529],[-59.37667,7.9013],[-59.37936,7.90855],[-59.38578,7.91614],[-59.387,7.92004],[-59.38641,7.9313],[-59.38589,7.93306],[-59.38228,7.93839],[-59.37856,7.94223],[-59.37264,7.94715],[-59.36322,7.95119],[-59.36077,7.95265],[-59.35632,7.95679],[-59.35119,7.96412],[-59.34678,7.97242],[-59.34386,7.97993],[-59.34253,7.98768],[-59.3424,7.99889],[-59.34117,7.99992],[-59.33883,8.00726],[-59.33857,8.01346],[-59.33969,8.02155],[-59.34348,8.03436],[-59.35039,8.0454],[-59.36168,8.06067],[-59.3676,8.06917],[-59.37983,8.08074],[-59.38646,8.08771],[-59.39145,8.09199],[-59.40149,8.10312],[-59.4052,8.10544],[-59.40882,8.10667],[-59.41085,8.10678],[-59.41365,8.10679],[-59.41367,8.10679],[-59.41966,8.10673],[-59.42236,8.10629],[-59.42477,8.10614],[-59.42718,8.10587],[-59.42719,8.10587],[-59.42955,8.10605],[-59.4324,8.10647],[-59.43433,8.10699],[-59.43847,8.10904],[-59.44724,8.11503],[-59.45438,8.12145],[-59.46042,8.12628],[-59.47332,8.1359],[-59.48146,8.14083],[-59.49076,8.14886],[-59.49289,8.15024],[-59.49596,8.15417],[-59.4995,8.15681],[-59.49866,8.1598],[-59.50229,8.16268],[-59.50566,8.16369],[-59.5111,8.16828],[-59.51814,8.17297],[-59.52917,8.18239],[-59.54091,8.19384],[-59.55085,8.20012],[-59.5624,8.20606],[-59.57889,8.20992],[-59.58061,8.21008],[-59.58168,8.21031],[-59.58258,8.21042],[-59.58482,8.21023],[-59.58731,8.21011],[-59.59047,8.20997],[-59.59048,8.20997],[-59.595,8.21015],[-59.60019,8.21114],[-59.60834,8.21419],[-59.61787,8.21851],[-59.62515,8.22244],[-59.6353,8.22928],[-59.63926,8.23306],[-59.645,8.23616],[-59.65357,8.24401],[-59.65825,8.24712],[-59.662,8.24799],[-59.66328,8.24831],[-59.66474,8.24876],[-59.66475,8.24876],[-59.66599,8.24874],[-59.66713,8.24872],[-59.66715,8.24872],[-59.66866,8.24927],[-59.67042,8.25044],[-59.68293,8.25967],[-59.68631,8.26237]]]},"properties":{"ID":"103","NAME":"Barima / Amakura","STATUS":"Not Classified","REGION":"Barima-Waini"}}
]}