{"type":"FeatureCollection", "features": [
{"type":"Feature","geometry":{"type":"Polygon","coordinates":[[[-59.50649,3.36633],[-59.50656,3.36954],[-59.50677,3.37185],[-59.50663,3.37307],[-59.50707,3.37719],[-59.50699,3.3778],[-59.50805,3.37948],[-59.5086,3.38139],[-59.50976,3.38272],[-59.51087,3.38363],[-59.51127,3.38449],[-59.51251,3.386],[-59.51255,3.38705],[-59.51437,3.38908],[-59.51531,3.38899],[-59.51545,3.38999],[-59.51637,3.39132],[-59.51661,3.39287],[-59.51756,3.39406],[-59.52004,3.39549],[-59.52167,3.39492],[-59.52284,3.39494],[-59.52607,3.39418],[-59.52703,3.39433],[-59.5276,3.39485],[-59.52822,3.39612],[-59.52908,3.39666],[-59.53096,3.39738],[-59.53145,3.39716],[-59.53265,3.39802],[-59.5323,3.39931],[-59.53152,3.40017],[-59.5309,3.40022],[-59.53019,3.40112],[-59.53106,3.40187],[-59.53129,3.40394],[-59.53107,3.40509],[-59.5316,3.40555],[-59.53163,3.40689],[-59.53273,3.40845],[-59.53218,3.40904],[-59.53251,3.41077],[-59.53233,3.41115],[-59.53064,3.41243],[-59.53074,3.41345],[-59.53196,3.41412],[-59.53234,3.41476],[-59.53209,3.4184],[-59.53182,3.41924],[-59.53244,3.42178],[-59.53128,3.42289],[-59.53143,3.42496],[-59.53078,3.42644],[-59.53051,3.42832],[-59.52996,3.42917],[-59.53057,3.42985],[-59.52958,3.43079],[-59.52943,3.43148],[-59.53063,3.43268],[-59.53001,3.43406],[-59.53036,3.4356],[-59.53024,3.43634],[-59.53121,3.43854],[-59.5301,3.43992],[-59.52986,3.44171],[-59.53053,3.44315],[-59.53013,3.44473],[-59.52956,3.4453],[-59.52986,3.44718],[-59.53038,3.44753],[-59.53047,3.44847],[-59.52985,3.44907],[-59.52977,3.45011],[-59.53046,3.4509],[-59.53242,3.45157],[-59.53245,3.45264],[-59.53297,3.45297],[-59.5331,3.45425],[-59.53354,3.45488],[-59.53373,3.4559],[-59.5342,3.45616],[-59.53414,3.45694],[-59.53536,3.45808],[-59.53548,3.45914],[-59.53607,3.4593],[-59.53612,3.46026],[-59.53701,3.46108],[-59.53566,3.46287],[-59.53725,3.46369],[-59.53766,3.46477],[-59.53757,3.46556],[-59.5379,3.46676],[-59.53745,3.46791],[-59.53885,3.46944],[-59.53996,3.4696],[-59.54039,3.47098],[-59.53948,3.47236],[-59.53986,3.47351],[-59.54083,3.47433],[-59.54202,3.47396],[-59.5434,3.47471],[-59.54403,3.47592],[-59.54475,3.47593],[-59.54528,3.47657],[-59.54573,3.47625],[-59.54783,3.47705],[-59.54948,3.47871],[-59.55018,3.4802],[-59.55093,3.48074],[-59.55166,3.48194],[-59.55263,3.4826],[-59.55292,3.48337],[-59.55366,3.484],[-59.5539,3.48498],[-59.55248,3.48715],[-59.55234,3.48886],[-59.55187,3.48939],[-59.55192,3.49017],[-59.55292,3.4907],[-59.55312,3.49126],[-59.55267,3.49291],[-59.55295,3.49427],[-59.55355,3.49601],[-59.5552,3.49693],[-59.55514,3.49846],[-59.5558,3.49886],[-59.55693,3.49868],[-59.5581,3.49972],[-59.55877,3.50147],[-59.55974,3.50156],[-59.56194,3.5012],[-59.56658,3.50186],[-59.56832,3.50178],[-59.57103,3.50251],[-59.5722,3.50249],[-59.57386,3.50172],[-59.57517,3.5008],[-59.57659,3.50033],[-59.57796,3.49947],[-59.57971,3.49802],[-59.58103,3.49755],[-59.58166,3.49775],[-59.58459,3.49996],[-59.58647,3.50223],[-59.67324,3.50395],[-59.6736,3.42281],[-59.67388,3.36175],[-59.55659,3.36247],[-59.50649,3.36633]]]},"properties":{"Name":"Nappi","Region":9,"Grant_No":"G7743","Acres":60403,"Plan_Numbe":23599}},
{"type":"Feature","geometry":{"type":"Polygon","coordinates":[[[-58.92155,2.70384],[-58.92138,2.70427],[-58.92232,2.70497],[-58.92256,2.70583],[-58.92184,2.7065],[-58.92237,2.7084],[-58.9234,2.7089],[-58.92332,2.71024],[-58.92444,2.7108],[-58.92359,2.71217],[-58.92405,2.71226],[-58.92414,2.71149],[-58.92549,2.71106],[-58.92597,2.71144],[-58.92533,2.71355],[-58.92564,2.71417],[-58.92531,2.71527],[-58.92395,2.71587],[-58.92258,2.71803],[-58.92277,2.71855],[-58.92341,2.71817],[-58.9247,2.7187],[-58.9256,2.71774],[-58.92626,2.71876],[-58.92548,2.71974],[-58.92636,2.72008],[-58.92682,2.71923],[-58.92755,2.71865],[-58.92836,2.71897],[-58.92862,2.72067],[-58.9298,2.7205],[-58.9306,2.72069],[-58.93138,2.72198],[-58.93262,2.72157],[-58.93312,2.72193],[-58.93344,2.7232],[-58.93479,2.72367],[-58.93553,2.72566],[-58.93529,2.72691],[-58.93522,2.7294],[-58.93456,2.73004],[-58.93301,2.72794],[-58.93242,2.72815],[-58.93198,2.72925],[-58.93199,2.73024],[-58.93273,2.73174],[-58.93216,2.73233],[-58.93082,2.73241],[-58.93032,2.73313],[-58.93057,2.73414],[-58.93124,2.73445],[-58.93196,2.7342],[-58.93309,2.73456],[-58.93306,2.7359],[-58.93364,2.736],[-58.93467,2.73514],[-58.93445,2.73384],[-58.93496,2.73386],[-58.93638,2.73482],[-58.93776,2.73474],[-58.93898,2.73418],[-58.94044,2.73415],[-58.94161,2.73522],[-58.94149,2.73619],[-58.94235,2.73703],[-58.94263,2.73773],[-58.94234,2.73828],[-58.94112,2.73855],[-58.93841,2.73941],[-58.93729,2.74056],[-58.93689,2.74051],[-58.93627,2.73963],[-58.93574,2.74008],[-58.93535,2.74106],[-58.93545,2.74269],[-58.93694,2.74456],[-58.93789,2.74458],[-58.9383,2.74498],[-58.93796,2.74578],[-58.93704,2.74566],[-58.93658,2.74649],[-58.93686,2.74704],[-58.93794,2.74769],[-58.93964,2.74758],[-58.9393,2.74891],[-58.93802,2.74989],[-58.93687,2.75031],[-58.93645,2.75088],[-58.9365,2.75219],[-58.93558,2.7522],[-58.93529,2.75109],[-58.93476,2.7508],[-58.9335,2.75145],[-58.93237,2.75128],[-58.93091,2.75213],[-58.9326,2.75335],[-58.93144,2.75474],[-58.93235,2.75524],[-58.93232,2.75612],[-58.93146,2.75619],[-58.93096,2.75693],[-58.92991,2.7569],[-58.92938,2.75606],[-58.92916,2.75682],[-58.9294,2.75775],[-58.92997,2.75852],[-58.92966,2.76093],[-58.93066,2.76273],[-58.93017,2.76407],[-58.93079,2.76537],[-58.93038,2.76603],[-58.9286,2.76582],[-58.92802,2.76603],[-58.92747,2.76695],[-58.92901,2.77079],[-58.92902,2.77175],[-58.92842,2.77392],[-58.92855,2.77526],[-58.93117,2.77866],[-58.93206,2.78015],[-58.93221,2.78102],[-58.93141,2.7824],[-58.93129,2.78301],[-58.93196,2.78531],[-58.9333,2.79147],[-58.93446,2.79255],[-58.93504,2.7937],[-58.93486,2.79466],[-58.93419,2.79535],[-58.9342,2.79646],[-58.93508,2.79759],[-58.93558,2.79868],[-58.93607,2.80053],[-58.93744,2.80259],[-58.93775,2.80478],[-58.93773,2.80607],[-58.93809,2.80829],[-58.95834,2.80719],[-58.96447,2.80685],[-59.10551,2.79916],[-59.20687,2.79362],[-59.22878,2.7507],[-59.22782,2.74983],[-59.22758,2.74864],[-59.22668,2.74781],[-59.22593,2.74772],[-59.2245,2.74705],[-59.22401,2.74627],[-59.22346,2.74281],[-59.22307,2.74175],[-59.2215,2.73992],[-59.22055,2.73945],[-59.21952,2.73825],[-59.21859,2.73684],[-59.21735,2.73562],[-59.21695,2.73486],[-59.21391,2.73421],[-59.21328,2.73343],[-59.21249,2.73314],[-59.21081,2.73317],[-59.20893,2.7318],[-59.20736,2.73124],[-59.20497,2.73077],[-59.2038,2.72974],[-59.20162,2.72871],[-59.19874,2.72651],[-59.19736,2.72627],[-59.19663,2.72532],[-59.19653,2.72496],[-59.1959,2.72382],[-59.19462,2.72313],[-59.19138,2.72244],[-59.19035,2.7209],[-59.18986,2.71968],[-59.18873,2.7181],[-59.18681,2.7161],[-59.18625,2.71502],[-59.18462,2.71421],[-59.18356,2.71173],[-59.18193,2.70854],[-59.18096,2.70797],[-59.17958,2.70772],[-59.17884,2.70649],[-59.17665,2.70496],[-59.17482,2.70501],[-59.173,2.70587],[-59.17207,2.70572],[-59.17053,2.70475],[-59.16938,2.70482],[-59.16754,2.70596],[-59.16662,2.70602],[-59.16256,2.70467],[-59.16035,2.70423],[-59.15882,2.70373],[-59.15657,2.70258],[-59.12448,2.70276],[-59.08722,2.70296],[-59.03351,2.70325],[-59.00868,2.70338],[-58.96752,2.7036],[-58.92659,2.70381],[-58.92155,2.70384]]]},"properties":{"Name":"Maruranau","Region":9,"Grant_No":"G7735","Acres":82427,"Plan_Numbe":23597}},
{"type":"Feature","geometry":{"type":"Polygon","coordinates":[[[-58.95834,2.80719],[-58.93803,2.80829],[-58.93912,2.81243],[-58.93982,2.81398],[-58.94177,2.81423],[-58.94415,2.81473],[-58.94487,2.8151],[-58.94642,2.81681],[-58.94701,2.81903],[-58.94705,2.82143],[-58.94838,2.82363],[-58.9487,2.8262],[-58.94855,2.82824],[-58.94937,2.82898],[-58.953,2.82883],[-58.95383,2.82926],[-58.9547,2.83104],[-58.95525,2.8315],[-58.95736,2.83256],[-58.95868,2.83358],[-58.95896,2.83408],[-58.95965,2.83751],[-58.96149,2.83813],[-58.96265,2.83981],[-58.96436,2.84111],[-58.96621,2.84349],[-58.96796,2.84498],[-58.9698,2.84496],[-58.97094,2.84449],[-58.97177,2.84449],[-58.97272,2.84501],[-58.97414,2.84529],[-58.97536,2.84607],[-58.97644,2.84591],[-58.97777,2.84825],[-58.97979,2.84902],[-58.9809,2.84983],[-58.9814,2.8514],[-58.98209,2.85245],[-58.98222,2.85551],[-58.98191,2.85696],[-58.98198,2.85867],[-58.98293,2.86052],[-58.98323,2.86225],[-58.98319,2.86347],[-58.98266,2.86492],[-58.98258,2.86742],[-58.98276,2.86856],[-58.98232,2.87028],[-58.98134,2.87174],[-58.98097,2.8732],[-58.98132,2.87614],[-58.98095,2.87731],[-58.98069,2.88049],[-58.97953,2.88263],[-58.97919,2.88443],[-58.97904,2.88666],[-58.97674,2.89402],[-58.97534,2.89702],[-58.97334,2.8977],[-58.97194,2.89886],[-58.97159,2.90266],[-58.9716,2.90378],[-58.97236,2.90497],[-58.97226,2.90635],[-58.97253,2.90849],[-58.97221,2.91],[-58.97141,2.91132],[-58.96911,2.91325],[-58.96711,2.9147],[-58.96666,2.91574],[-58.96564,2.91985],[-58.96594,2.92098],[-58.96574,2.92332],[-58.96534,2.92568],[-58.96501,2.92666],[-58.96519,2.92773],[-58.96669,2.92966],[-58.96849,2.93321],[-58.9689,2.93368],[-58.96987,2.93666],[-58.96994,2.93881],[-58.97027,2.93937],[-58.97112,2.94264],[-58.9706,2.94415],[-58.9695,2.94458],[-59.06773,2.94613],[-59.21829,2.9485],[-59.20089,2.84827],[-59.19678,2.82455],[-59.20687,2.79362],[-59.10551,2.79916],[-58.96447,2.80685],[-58.95834,2.80719]]]},"properties":{"Name":"Shea","Region":9,"Grant_No":"G7747","Acres":105762,"Plan_Numbe":23600}},
{"type":"Feature","geometry":{"type":"Polygon","coordinates":[[[-59.24158,3.65362],[-59.24156,3.70307],[-59.24841,3.70316],[-59.24845,3.70316],[-59.45975,3.70575],[-59.46104,3.65363],[-59.44802,3.65359],[-59.33285,3.65331],[-59.29381,3.65321],[-59.24158,3.65307],[-59.24158,3.65362]]]},"properties":{"Name":"Yupukari","Region":9,"Grant_No":"G7741","Acres":33951,"Plan_Numbe":23630}},
{"type":"Feature","geometry":{"type":"Polygon","coordinates":[[[-59.60479,3.2676],[-59.60601,3.26943],[-59.60796,3.27141],[-59.6084,3.2722],[-59.60967,3.27309],[-59.61031,3.27297],[-59.61302,3.27055],[-59.61477,3.26883],[-59.61701,3.26764],[-59.61826,3.26752],[-59.61998,3.26845],[-59.62159,3.2701],[-59.6222,3.27008],[-59.624,3.26887],[-59.62494,3.26777],[-59.62576,3.26568],[-59.62538,3.26268],[-59.62552,3.26079],[-59.62587,3.25989],[-59.62676,3.25906],[-59.62736,3.25804],[-59.62848,3.2572],[-59.62963,3.25719],[-59.63346,3.25843],[-59.63551,3.25896],[-59.63719,3.26044],[-59.63874,3.26231],[-59.63972,3.26255],[-59.64026,3.26224],[-59.64068,3.26122],[-59.64209,3.26082],[-59.64315,3.26014],[-59.64589,3.25868],[-59.64703,3.25856],[-59.6486,3.25911],[-59.65006,3.2608],[-59.65164,3.26123],[-59.65263,3.2609],[-59.65487,3.26094],[-59.65745,3.26049],[-59.65915,3.26061],[-59.66076,3.26135],[-59.6611,3.26216],[-59.66104,3.26301],[-59.66034,3.2658],[-59.66036,3.2676],[-59.66151,3.26859],[-59.66334,3.26837],[-59.6652,3.26692],[-59.66612,3.26594],[-59.66814,3.26464],[-59.66972,3.2651],[-59.67186,3.26794],[-59.67303,3.26837],[-59.67441,3.26825],[-59.67469,3.26729],[-59.6735,3.26591],[-59.67324,3.26524],[-59.67347,3.26452],[-59.67497,3.26454],[-59.67757,3.26549],[-59.68018,3.26733],[-59.68175,3.26857],[-59.68354,3.27029],[-59.68484,3.27205],[-59.68749,3.27318],[-59.68943,3.27459],[-59.69058,3.277],[-59.69123,3.27757],[-59.6931,3.27813],[-59.69425,3.27885],[-59.69534,3.2799],[-59.69618,3.27984],[-59.69666,3.27904],[-59.69763,3.27948],[-59.69796,3.28045],[-59.69867,3.28048],[-59.6997,3.28154],[-59.69963,3.28219],[-59.70079,3.28237],[-59.70117,3.2836],[-59.70183,3.28439],[-59.70241,3.28424],[-59.70256,3.28491],[-59.70343,3.28556],[-59.70514,3.28531],[-59.74855,3.23132],[-59.74725,3.18084],[-59.74687,3.18129],[-59.74557,3.18181],[-59.74487,3.18177],[-59.74415,3.18124],[-59.74352,3.18017],[-59.74205,3.17894],[-59.74113,3.17842],[-59.74031,3.17732],[-59.7388,3.17617],[-59.73735,3.17542],[-59.73608,3.17413],[-59.73523,3.17367],[-59.73099,3.17054],[-59.73035,3.17022],[-59.7275,3.16807],[-59.72714,3.16728],[-59.72575,3.16611],[-59.72403,3.16508],[-59.72238,3.16349],[-59.72034,3.1623],[-59.7186,3.16158],[-59.71549,3.15804],[-59.71525,3.15788],[-59.71499,3.15765],[-59.71485,3.15749],[-59.71473,3.15732],[-59.71448,3.15702],[-59.71427,3.1568],[-59.71346,3.15614],[-59.71274,3.15605],[-59.71272,3.15606],[-59.71199,3.15604],[-59.71111,3.15545],[-59.71005,3.15549],[-59.71004,3.15549],[-59.70746,3.15562],[-59.70732,3.1556],[-59.70719,3.15558],[-59.70712,3.15556],[-59.70705,3.15555],[-59.70692,3.1555],[-59.70653,3.15533],[-59.70634,3.15524],[-59.70596,3.15506],[-59.70514,3.15463],[-59.704,3.1539],[-59.70194,3.15141],[-59.70164,3.15119],[-59.70126,3.15101],[-59.70111,3.15093],[-59.70103,3.15088],[-59.70096,3.15083],[-59.70074,3.15068],[-59.70044,3.15063],[-59.70026,3.15065],[-59.70023,3.15066],[-59.7002,3.15068],[-59.70017,3.15069],[-59.70014,3.1507],[-59.70008,3.1507],[-59.70002,3.1507],[-59.69993,3.15068],[-59.69988,3.15065],[-59.69983,3.15062],[-59.69979,3.15057],[-59.69944,3.15016],[-59.69841,3.14997],[-59.6984,3.14997],[-59.69707,3.14932],[-59.69599,3.14881],[-59.69598,3.14882],[-59.69593,3.14884],[-59.6959,3.1489],[-59.69589,3.14891],[-59.69578,3.14906],[-59.69572,3.14914],[-59.69568,3.14918],[-59.69566,3.14919],[-59.69565,3.1492],[-59.69504,3.14874],[-59.69501,3.14876],[-59.69366,3.14842],[-59.69365,3.14842],[-59.6931,3.1484],[-59.69309,3.1484],[-59.69297,3.14848],[-59.69295,3.14851],[-59.69294,3.14853],[-59.69292,3.1486],[-59.69292,3.14861],[-59.69294,3.14911],[-59.69293,3.14914],[-59.69292,3.14914],[-59.69291,3.14916],[-59.6929,3.14917],[-59.69263,3.14921],[-59.69146,3.14899],[-59.6913,3.14913],[-59.69114,3.1493],[-59.69113,3.14932],[-59.69105,3.14941],[-59.69102,3.14945],[-59.69067,3.14929],[-59.6905,3.14871],[-59.69032,3.14845],[-59.69028,3.14838],[-59.69024,3.14831],[-59.69021,3.14823],[-59.69019,3.14815],[-59.69019,3.14811],[-59.69018,3.14798],[-59.68996,3.14778],[-59.68983,3.14776],[-59.68974,3.14778],[-59.68969,3.14778],[-59.68958,3.14778],[-59.68953,3.14777],[-59.68933,3.14773],[-59.68876,3.14753],[-59.68869,3.14755],[-59.68866,3.14757],[-59.68858,3.14762],[-59.68778,3.14735],[-59.68775,3.14735],[-59.68676,3.14692],[-59.68671,3.1469],[-59.68666,3.14688],[-59.68657,3.14683],[-59.68653,3.1468],[-59.68644,3.14674],[-59.68637,3.14667],[-59.6863,3.14659],[-59.68561,3.14589],[-59.68468,3.14413],[-59.68415,3.1439],[-59.68438,3.14502],[-59.68434,3.14508],[-59.68429,3.14515],[-59.68419,3.14524],[-59.68416,3.14526],[-59.68405,3.14531],[-59.68403,3.14532],[-59.68393,3.14538],[-59.68391,3.1454],[-59.68382,3.14549],[-59.68377,3.14558],[-59.68377,3.14559],[-59.68329,3.14666],[-59.68321,3.14677],[-59.68311,3.1469],[-59.68306,3.14698],[-59.68275,3.148],[-59.68273,3.14805],[-59.68264,3.14825],[-59.68261,3.14829],[-59.68256,3.14837],[-59.68246,3.14848],[-59.6824,3.14852],[-59.68239,3.14853],[-59.68234,3.14857],[-59.68226,3.14862],[-59.68224,3.14864],[-59.68165,3.1488],[-59.68146,3.14892],[-59.68141,3.14901],[-59.68141,3.14902],[-59.68133,3.14927],[-59.68131,3.14931],[-59.68125,3.14941],[-59.68124,3.14943],[-59.68113,3.1496],[-59.68109,3.14965],[-59.68105,3.1497],[-59.68081,3.14981],[-59.68074,3.14986],[-59.68069,3.14988],[-59.68019,3.15056],[-59.68018,3.15058],[-59.68014,3.15063],[-59.6801,3.15067],[-59.67998,3.15078],[-59.67983,3.15088],[-59.6798,3.1509],[-59.67971,3.15093],[-59.67967,3.15095],[-59.67959,3.15097],[-59.67957,3.15098],[-59.67952,3.151],[-59.67945,3.15104],[-59.67941,3.15109],[-59.67937,3.15113],[-59.67933,3.15121],[-59.67928,3.15157],[-59.67927,3.15163],[-59.67907,3.152],[-59.67902,3.15204],[-59.67896,3.15209],[-59.67894,3.1521],[-59.67889,3.15217],[-59.67886,3.15221],[-59.6786,3.15244],[-59.67785,3.15271],[-59.67773,3.15276],[-59.67771,3.15277],[-59.6775,3.15289],[-59.67678,3.15313],[-59.67674,3.15313],[-59.67652,3.15321],[-59.67647,3.15324],[-59.67635,3.15332],[-59.67628,3.15339],[-59.67624,3.15343],[-59.67623,3.15344],[-59.67601,3.15355],[-59.67593,3.15359],[-59.675,3.15402],[-59.67459,3.1542],[-59.67424,3.15435],[-59.67392,3.15449],[-59.67111,3.15541],[-59.66846,3.15588],[-59.66844,3.15588],[-59.66772,3.15604],[-59.66764,3.15607],[-59.6659,3.15616],[-59.66556,3.1562],[-59.66533,3.15623],[-59.66511,3.15628],[-59.66432,3.15649],[-59.66421,3.15652],[-59.66358,3.15669],[-59.66355,3.15669],[-59.66262,3.15697],[-59.66257,3.15698],[-59.66179,3.15736],[-59.66137,3.15761],[-59.66076,3.15799],[-59.6595,3.1578],[-59.65947,3.15781],[-59.65907,3.15807],[-59.65903,3.15809],[-59.65886,3.15817],[-59.65886,3.15818],[-59.65863,3.15826],[-59.65852,3.1583],[-59.65838,3.15836],[-59.65837,3.15836],[-59.65701,3.15852],[-59.65526,3.15833],[-59.65506,3.15884],[-59.655,3.15895],[-59.65495,3.15902],[-59.65485,3.15913],[-59.65473,3.15926],[-59.65465,3.15931],[-59.65463,3.15933],[-59.65443,3.15943],[-59.6538,3.15953],[-59.6537,3.15963],[-59.65364,3.15968],[-59.65358,3.15972],[-59.65341,3.15982],[-59.65338,3.15983],[-59.65331,3.15986],[-59.65329,3.15986],[-59.65323,3.15989],[-59.65312,3.15997],[-59.6525,3.16038],[-59.65244,3.16041],[-59.65213,3.16062],[-59.65192,3.1608],[-59.65166,3.16101],[-59.65151,3.16113],[-59.65047,3.16105],[-59.65043,3.16107],[-59.65039,3.1611],[-59.65035,3.16113],[-59.65022,3.16134],[-59.65022,3.16135],[-59.65009,3.16211],[-59.65003,3.16228],[-59.64997,3.16244],[-59.64995,3.16247],[-59.64938,3.16344],[-59.64937,3.16348],[-59.64944,3.16427],[-59.64942,3.16431],[-59.64939,3.16436],[-59.64936,3.16438],[-59.64931,3.16441],[-59.64914,3.16448],[-59.64908,3.16449],[-59.64733,3.1638],[-59.64725,3.16382],[-59.64723,3.16383],[-59.64716,3.16385],[-59.64711,3.16388],[-59.6471,3.16388],[-59.64705,3.16391],[-59.64687,3.16405],[-59.64682,3.1641],[-59.64676,3.16416],[-59.64666,3.16433],[-59.64649,3.16472],[-59.64521,3.16459],[-59.64519,3.16462],[-59.64508,3.16475],[-59.64499,3.16484],[-59.64494,3.16489],[-59.64479,3.16501],[-59.64474,3.16505],[-59.64465,3.16511],[-59.64448,3.16519],[-59.64447,3.16519],[-59.64425,3.16525],[-59.64417,3.16527],[-59.64365,3.16538],[-59.64358,3.16553],[-59.64356,3.16557],[-59.64348,3.16567],[-59.64346,3.1657],[-59.64332,3.16583],[-59.64328,3.16587],[-59.64318,3.16593],[-59.64163,3.16633],[-59.64161,3.16634],[-59.64146,3.16653],[-59.64142,3.16658],[-59.64136,3.1667],[-59.64122,3.16717],[-59.64121,3.16721],[-59.64115,3.16732],[-59.64112,3.16735],[-59.6411,3.16737],[-59.64104,3.16741],[-59.64103,3.16741],[-59.64005,3.16743],[-59.63996,3.16747],[-59.63899,3.16791],[-59.63891,3.16794],[-59.63768,3.16843],[-59.63721,3.16859],[-59.63577,3.16915],[-59.63565,3.1692],[-59.63362,3.16994],[-59.63352,3.16999],[-59.63311,3.17014],[-59.63303,3.17017],[-59.63289,3.17021],[-59.63287,3.17024],[-59.63285,3.17027],[-59.63281,3.17031],[-59.63276,3.17035],[-59.63176,3.17033],[-59.6309,3.1714],[-59.63086,3.17142],[-59.63082,3.17144],[-59.63056,3.17153],[-59.63051,3.17155],[-59.6296,3.17162],[-59.62933,3.1716],[-59.62921,3.17161],[-59.62918,3.17162],[-59.62887,3.17173],[-59.62881,3.17176],[-59.62868,3.17185],[-59.62862,3.1719],[-59.62857,3.17195],[-59.62852,3.172],[-59.62847,3.17206],[-59.62839,3.17213],[-59.62827,3.17222],[-59.62827,3.17223],[-59.62826,3.17224],[-59.62821,3.17227],[-59.62631,3.17234],[-59.62617,3.17244],[-59.62442,3.17345],[-59.62427,3.17354],[-59.62415,3.17362],[-59.62406,3.17367],[-59.62385,3.17377],[-59.62372,3.17381],[-59.62363,3.17384],[-59.62349,3.17386],[-59.62267,3.17386],[-59.62266,3.17386],[-59.62237,3.17395],[-59.62235,3.17396],[-59.62231,3.17399],[-59.62226,3.17403],[-59.62222,3.17407],[-59.6222,3.17409],[-59.62216,3.17417],[-59.62211,3.17425],[-59.62175,3.17486],[-59.62168,3.17496],[-59.6216,3.17521],[-59.62159,3.17525],[-59.62139,3.17573],[-59.62136,3.17578],[-59.62133,3.17584],[-59.62128,3.17591],[-59.62122,3.176],[-59.62113,3.17607],[-59.62112,3.17608],[-59.62107,3.17613],[-59.62102,3.17623],[-59.62101,3.17625],[-59.6209,3.17711],[-59.62089,3.17714],[-59.62083,3.17723],[-59.62079,3.17729],[-59.62078,3.17731],[-59.62072,3.17734],[-59.62071,3.17734],[-59.62057,3.17738],[-59.62054,3.17739],[-59.61943,3.17894],[-59.61959,3.18006],[-59.61902,3.18109],[-59.61769,3.18151],[-59.61683,3.18228],[-59.61611,3.1823],[-59.61683,3.18472],[-59.61688,3.18542],[-59.61777,3.18527],[-59.61811,3.1856],[-59.6177,3.18705],[-59.61969,3.18788],[-59.61983,3.18858],[-59.61934,3.18965],[-59.6186,3.19056],[-59.61827,3.1919],[-59.61864,3.19381],[-59.61957,3.1939],[-59.62033,3.19464],[-59.62277,3.19593],[-59.62296,3.19667],[-59.62235,3.19748],[-59.62254,3.19799],[-59.62198,3.1985],[-59.62119,3.19849],[-59.62069,3.19937],[-59.62099,3.20023],[-59.62056,3.20302],[-59.61999,3.20537],[-59.61944,3.20551],[-59.61994,3.20619],[-59.61948,3.20682],[-59.6191,3.2097],[-59.61989,3.21132],[-59.62007,3.21214],[-59.62095,3.21303],[-59.62048,3.21435],[-59.62087,3.21556],[-59.62022,3.21656],[-59.61986,3.21896],[-59.61934,3.21967],[-59.61952,3.22024],[-59.6203,3.22031],[-59.62102,3.22105],[-59.62164,3.22241],[-59.62257,3.22313],[-59.62459,3.22356],[-59.6274,3.22382],[-59.62791,3.22459],[-59.62766,3.22655],[-59.62675,3.22856],[-59.62652,3.22975],[-59.62596,3.23102],[-59.6259,3.23239],[-59.62627,3.23324],[-59.62613,3.23431],[-59.62477,3.23602],[-59.6241,3.23784],[-59.62373,3.23963],[-59.62414,3.24349],[-59.62325,3.24438],[-59.62182,3.24424],[-59.62067,3.24524],[-59.62033,3.24732],[-59.62003,3.24801],[-59.62023,3.24953],[-59.61971,3.25153],[-59.61999,3.25272],[-59.61988,3.25447],[-59.61954,3.25665],[-59.61989,3.25792],[-59.61853,3.26009],[-59.61705,3.26146],[-59.61506,3.26254],[-59.61338,3.26299],[-59.61259,3.2639],[-59.61125,3.26425],[-59.60986,3.26493],[-59.6092,3.26579],[-59.60834,3.2661],[-59.60654,3.2663],[-59.60478,3.26754],[-59.60479,3.2676]]]},"properties":{"Name":"St Ignatius Farm Lands","Region":9,"Grant_No":"G7740","Acres":39860,"Plan_Numbe":23629}},
{"type":"Feature","geometry":{"type":"Polygon","coordinates":[[[-59.19663,2.72532],[-59.19681,2.72493],[-59.2106,2.69914],[-59.22016,2.6878],[-59.22531,2.68659],[-59.22818,2.68658],[-59.23677,2.66851],[-59.23676,2.66561],[-59.24285,2.65669],[-59.24774,2.64404],[-59.24738,2.6423],[-59.24765,2.64058],[-59.25022,2.63138],[-59.25195,2.62697],[-59.24886,2.62022],[-59.24734,2.6217],[-59.24601,2.62254],[-59.24408,2.62297],[-59.23896,2.62337],[-59.23807,2.62331],[-59.2366,2.62359],[-59.23424,2.62379],[-59.23077,2.62387],[-59.22925,2.62376],[-59.22799,2.62318],[-59.22608,2.62258],[-59.22119,2.6181],[-59.22048,2.61713],[-59.21913,2.61644],[-59.21475,2.61563],[-59.21106,2.61542],[-59.20384,2.61529],[-59.20013,2.61561],[-59.19782,2.61543],[-59.16185,2.61522],[-59.12439,2.61514],[-59.09123,2.61507],[-59.05814,2.61499],[-59.0129,2.61543],[-58.97111,2.61583],[-58.92869,2.61623],[-58.90108,2.61637],[-58.90082,2.61638],[-58.89976,2.61909],[-58.89945,2.6207],[-58.89996,2.62266],[-58.90065,2.62378],[-58.90194,2.62456],[-58.90323,2.62744],[-58.9042,2.62813],[-58.90511,2.62812],[-58.90493,2.62936],[-58.90622,2.63001],[-58.90623,2.63098],[-58.90797,2.63081],[-58.90911,2.63142],[-58.90922,2.6319],[-58.91058,2.63197],[-58.91135,2.63127],[-58.91239,2.63262],[-58.91319,2.63268],[-58.91399,2.63179],[-58.91522,2.63184],[-58.91619,2.63241],[-58.91752,2.63267],[-58.91876,2.63328],[-58.91946,2.63331],[-58.91925,2.63255],[-58.91967,2.63185],[-58.92085,2.63219],[-58.92111,2.63403],[-58.92048,2.63444],[-58.92099,2.63485],[-58.92275,2.63489],[-58.92212,2.63639],[-58.92113,2.638],[-58.92068,2.6404],[-58.9206,2.64242],[-58.92096,2.64388],[-58.92317,2.64585],[-58.92408,2.64522],[-58.92488,2.64534],[-58.92531,2.64714],[-58.92643,2.64736],[-58.92726,2.64511],[-58.92805,2.64529],[-58.92796,2.64791],[-58.92932,2.64918],[-58.93027,2.64811],[-58.93108,2.64916],[-58.93241,2.65012],[-58.93187,2.65106],[-58.93356,2.65134],[-58.93427,2.65166],[-58.93449,2.65241],[-58.93523,2.65339],[-58.9355,2.65421],[-58.93455,2.65467],[-58.93396,2.65454],[-58.93336,2.65516],[-58.93488,2.65696],[-58.93473,2.65759],[-58.9338,2.65773],[-58.93343,2.65844],[-58.93286,2.65861],[-58.93028,2.65757],[-58.93148,2.65864],[-58.93123,2.6602],[-58.93002,2.66138],[-58.93033,2.66181],[-58.92965,2.66255],[-58.92897,2.66187],[-58.92845,2.6629],[-58.92766,2.66278],[-58.92697,2.66212],[-58.92596,2.66263],[-58.92612,2.6633],[-58.92572,2.66409],[-58.92402,2.66335],[-58.92435,2.66435],[-58.92539,2.66435],[-58.92597,2.66476],[-58.92591,2.66613],[-58.92509,2.66684],[-58.92469,2.66818],[-58.92361,2.66905],[-58.92294,2.66852],[-58.92333,2.66957],[-58.92216,2.67015],[-58.92166,2.67197],[-58.92272,2.67218],[-58.92327,2.6727],[-58.92119,2.67551],[-58.92096,2.67608],[-58.92233,2.67622],[-58.92289,2.67687],[-58.92278,2.67798],[-58.92175,2.6783],[-58.92083,2.67936],[-58.92113,2.68298],[-58.92077,2.6838],[-58.91957,2.68467],[-58.91798,2.68521],[-58.91628,2.68496],[-58.91249,2.68386],[-58.91103,2.68464],[-58.91107,2.68522],[-58.91336,2.68525],[-58.91479,2.68543],[-58.91495,2.68612],[-58.91441,2.68729],[-58.9133,2.68891],[-58.91253,2.68932],[-58.91131,2.69049],[-58.9113,2.69199],[-58.91309,2.69239],[-58.91363,2.69335],[-58.91532,2.6938],[-58.91612,2.69513],[-58.91671,2.69453],[-58.91851,2.69417],[-58.91915,2.69546],[-58.91949,2.69441],[-58.92039,2.69439],[-58.91989,2.69566],[-58.92144,2.69679],[-58.9213,2.69748],[-58.92163,2.6989],[-58.92142,2.70115],[-58.92076,2.70208],[-58.92137,2.70354],[-58.92229,2.70307],[-58.92155,2.70384],[-58.92659,2.70381],[-58.96752,2.7036],[-59.00868,2.70338],[-59.03351,2.70325],[-59.08722,2.70296],[-59.12448,2.70276],[-59.15657,2.70258],[-59.15882,2.70373],[-59.16035,2.70423],[-59.16256,2.70467],[-59.16662,2.70602],[-59.16754,2.70596],[-59.16938,2.70482],[-59.17053,2.70475],[-59.17207,2.70572],[-59.173,2.70587],[-59.17482,2.70501],[-59.17665,2.70496],[-59.17884,2.70649],[-59.17958,2.70772],[-59.18096,2.70797],[-59.18193,2.70854],[-59.18356,2.71173],[-59.18462,2.71421],[-59.18625,2.71502],[-59.18681,2.7161],[-59.18873,2.7181],[-59.18986,2.71968],[-59.19035,2.7209],[-59.19138,2.72244],[-59.19462,2.72313],[-59.1959,2.72382],[-59.19653,2.72496],[-59.19663,2.72532]]]},"properties":{"Name":"Awariwaunau","Region":9,"Grant_No":"G7736","Acres":85489,"Plan_Numbe":23596}},
{"type":"Feature","geometry":{"type":"Polygon","coordinates":[[[-59.13822,2.38626],[-59.13932,2.38702],[-59.13899,2.38762],[-59.13837,2.38705],[-59.13758,2.38772],[-59.13816,2.38839],[-59.13873,2.38846],[-59.13842,2.38942],[-59.13723,2.38968],[-59.13697,2.39057],[-59.13595,2.39196],[-59.13498,2.39275],[-59.13274,2.39285],[-59.13162,2.39352],[-59.13151,2.39491],[-59.13082,2.39534],[-59.13013,2.39522],[-59.13027,2.39591],[-59.12961,2.39608],[-59.1293,2.39673],[-59.12735,2.39747],[-59.12671,2.3975],[-59.12595,2.39898],[-59.12547,2.39881],[-59.12528,2.39783],[-59.1244,2.39738],[-59.12366,2.3982],[-59.12274,2.39791],[-59.12145,2.39882],[-59.12045,2.39923],[-59.11877,2.39875],[-59.11703,2.39754],[-59.11653,2.39811],[-59.11548,2.39783],[-59.11546,2.3974],[-59.11451,2.39713],[-59.11425,2.39792],[-59.11384,2.39721],[-59.11227,2.39874],[-59.11149,2.40032],[-59.11068,2.40056],[-59.10974,2.40188],[-59.10894,2.40165],[-59.10811,2.40019],[-59.10843,2.39982],[-59.10791,2.3989],[-59.10634,2.3977],[-59.1058,2.39773],[-59.10572,2.39862],[-59.10455,2.3981],[-59.10272,2.39871],[-59.1009,2.39782],[-59.10035,2.39794],[-59.10113,2.39977],[-59.10118,2.40034],[-59.10056,2.40055],[-59.0997,2.39989],[-59.09842,2.39929],[-59.09653,2.39946],[-59.09631,2.39995],[-59.09685,2.40026],[-59.09634,2.40113],[-59.09657,2.40164],[-59.09457,2.40156],[-59.09377,2.40216],[-59.09406,2.40139],[-59.09263,2.40145],[-59.09289,2.40265],[-59.09106,2.40231],[-59.09027,2.40331],[-59.09061,2.40406],[-59.08984,2.40472],[-59.09036,2.40535],[-59.08999,2.40653],[-59.09005,2.4075],[-59.08962,2.40825],[-59.08882,2.40828],[-59.08825,2.40977],[-59.08763,2.40986],[-59.08717,2.41061],[-59.08512,2.41044],[-59.08386,2.40918],[-59.08275,2.40898],[-59.08244,2.40987],[-59.08141,2.40981],[-59.08075,2.41021],[-59.0797,2.41211],[-59.08044,2.41202],[-59.0811,2.41259],[-59.08056,2.41371],[-59.1418,2.48263],[-59.16857,2.51275],[-59.19394,2.5413],[-59.21978,2.57038],[-59.23611,2.58875],[-59.23851,2.59048],[-59.23948,2.5907],[-59.24252,2.59096],[-59.2442,2.59086],[-59.24676,2.58998],[-59.24855,2.58905],[-59.25067,2.5888],[-59.25147,2.58836],[-59.25327,2.5881],[-59.25603,2.58836],[-59.25881,2.5889],[-59.26056,2.58992],[-59.26171,2.59029],[-59.26301,2.59036],[-59.26522,2.58979],[-59.26642,2.58828],[-59.26847,2.58711],[-59.27045,2.58647],[-59.2718,2.58565],[-59.27399,2.58513],[-59.27668,2.58393],[-59.27707,2.58316],[-59.27925,2.58139],[-59.28,2.58059],[-59.28213,2.57885],[-59.28336,2.57815],[-59.28653,2.57721],[-59.28786,2.57634],[-59.28934,2.57256],[-59.28969,2.56961],[-59.29019,2.56885],[-59.29113,2.56812],[-59.29278,2.56778],[-59.29405,2.5681],[-59.29648,2.56917],[-59.29782,2.56879],[-59.29894,2.56805],[-59.30085,2.56618],[-59.3018,2.56555],[-59.30387,2.56523],[-59.30753,2.56509],[-59.3095,2.56251],[-59.31039,2.56225],[-59.31315,2.56341],[-59.31574,2.56406],[-59.3182,2.56562],[-59.3199,2.56629],[-59.3212,2.56647],[-59.32232,2.56615],[-59.32414,2.56496],[-59.32605,2.56462],[-59.32675,2.56472],[-59.32882,2.56448],[-59.3298,2.564],[-59.33169,2.56478],[-59.33213,2.56566],[-59.334,2.56579],[-59.33455,2.56641],[-59.33665,2.56713],[-59.33886,2.56881],[-59.34064,2.56973],[-59.34156,2.57159],[-59.34233,2.57213],[-59.3437,2.57238],[-59.34486,2.57315],[-59.3469,2.5733],[-59.34786,2.57276],[-59.34962,2.57292],[-59.35017,2.57319],[-59.35133,2.56865],[-59.35308,2.56274],[-59.37856,2.47629],[-59.39437,2.42263],[-59.39289,2.42241],[-59.39123,2.42082],[-59.39048,2.42035],[-59.38863,2.42058],[-59.38787,2.41939],[-59.3869,2.41874],[-59.38627,2.41768],[-59.38456,2.41665],[-59.38396,2.41653],[-59.38361,2.41552],[-59.38201,2.41527],[-59.38065,2.4146],[-59.37787,2.41465],[-59.37584,2.41304],[-59.37587,2.41143],[-59.37504,2.41007],[-59.37444,2.40957],[-59.37398,2.40778],[-59.37217,2.40492],[-59.3719,2.40388],[-59.37079,2.40212],[-59.36921,2.39991],[-59.36823,2.39774],[-59.36635,2.39732],[-59.36537,2.39621],[-59.36479,2.39208],[-59.36466,2.3901],[-59.36346,2.38876],[-59.36343,2.387],[-59.3622,2.38549],[-59.36167,2.38421],[-59.36107,2.3835],[-59.36004,2.38328],[-59.35796,2.38167],[-59.35586,2.38039],[-59.35475,2.37926],[-59.35375,2.37883],[-59.3527,2.37876],[-59.3522,2.37949],[-59.35155,2.37954],[-59.34734,2.37778],[-59.34614,2.37756],[-59.34411,2.37673],[-59.3417,2.37636],[-59.34025,2.37707],[-59.33868,2.3782],[-59.33738,2.37843],[-59.33583,2.37906],[-59.33427,2.37909],[-59.3336,2.3795],[-59.33102,2.37988],[-59.32909,2.37837],[-59.32706,2.37737],[-59.32568,2.37686],[-59.32318,2.37674],[-59.32165,2.37634],[-59.32032,2.37549],[-59.31829,2.37532],[-59.31662,2.37633],[-59.31489,2.37623],[-59.31409,2.37535],[-59.31341,2.37515],[-59.31068,2.37576],[-59.26639,2.37179],[-59.22287,2.36789],[-59.21932,2.36795],[-59.21724,2.36753],[-59.21573,2.36831],[-59.21398,2.36822],[-59.2132,2.36765],[-59.21151,2.36761],[-59.21051,2.36804],[-59.20871,2.36804],[-59.20747,2.3678],[-59.2054,2.36797],[-59.20452,2.36771],[-59.20297,2.36822],[-59.20057,2.36846],[-59.19995,2.36825],[-59.19936,2.36751],[-59.19734,2.36768],[-59.19379,2.36751],[-59.19258,2.36788],[-59.19123,2.36869],[-59.18985,2.3679],[-59.18597,2.36714],[-59.18509,2.36789],[-59.18393,2.36772],[-59.1811,2.36785],[-59.18055,2.36746],[-59.17741,2.36754],[-59.1771,2.36735],[-59.17548,2.36831],[-59.17432,2.36838],[-59.17311,2.36817],[-59.17132,2.36896],[-59.16983,2.37038],[-59.16854,2.36999],[-59.16752,2.37012],[-59.16574,2.37148],[-59.16372,2.37055],[-59.16343,2.36907],[-59.16295,2.36886],[-59.16196,2.36998],[-59.16162,2.37111],[-59.15939,2.373],[-59.15847,2.37334],[-59.15794,2.37415],[-59.15716,2.3747],[-59.15647,2.37456],[-59.15554,2.37492],[-59.15509,2.37607],[-59.15445,2.37643],[-59.15255,2.37696],[-59.15196,2.37768],[-59.15141,2.37775],[-59.15058,2.37868],[-59.14858,2.37998],[-59.14808,2.38009],[-59.14654,2.38106],[-59.14723,2.38244],[-59.14647,2.38369],[-59.144,2.38398],[-59.14355,2.38494],[-59.14414,2.38549],[-59.14357,2.38637],[-59.14196,2.38604],[-59.14053,2.38628],[-59.14022,2.38552],[-59.13822,2.38626]]]},"properties":{"Name":"Aishalton","Region":9,"Grant_No":"G7738","Acres":139406,"Plan_Numbe":23595}},
{"type":"Feature","geometry":{"type":"Polygon","coordinates":[[[-59.39437,2.42263],[-59.39506,2.42306],[-59.39515,2.42395],[-59.39585,2.42605],[-59.39563,2.4271],[-59.39606,2.42782],[-59.39595,2.42925],[-59.39659,2.43086],[-59.39769,2.43157],[-59.39812,2.4315],[-59.39909,2.43229],[-59.40042,2.43152],[-59.40078,2.43188],[-59.40263,2.43226],[-59.40294,2.43312],[-59.4038,2.43426],[-59.40499,2.43402],[-59.40578,2.43629],[-59.4068,2.43653],[-59.40728,2.43739],[-59.40804,2.43734],[-59.40859,2.43681],[-59.40928,2.4371],[-59.40916,2.43801],[-59.40961,2.43875],[-59.41035,2.43856],[-59.41137,2.43925],[-59.41216,2.44049],[-59.41273,2.44044],[-59.41307,2.44132],[-59.41354,2.44137],[-59.4139,2.44218],[-59.41452,2.44257],[-59.41538,2.44378],[-59.41595,2.44342],[-59.4168,2.44359],[-59.41783,2.44459],[-59.41871,2.4444],[-59.41933,2.44605],[-59.42099,2.44693],[-59.42123,2.44772],[-59.42192,2.44781],[-59.42282,2.44733],[-59.42423,2.4474],[-59.42637,2.44938],[-59.42642,2.44981],[-59.4273,2.45003],[-59.42797,2.45161],[-59.42759,2.45225],[-59.42807,2.4528],[-59.42914,2.45297],[-59.42961,2.4523],[-59.43009,2.45285],[-59.43061,2.45272],[-59.43149,2.45318],[-59.43159,2.45406],[-59.43282,2.45404],[-59.43451,2.45535],[-59.43397,2.45772],[-59.43473,2.45786],[-59.43569,2.45874],[-59.43637,2.45829],[-59.43652,2.46003],[-59.43723,2.46077],[-59.43847,2.45984],[-59.43957,2.46096],[-59.44064,2.46098],[-59.44059,2.46304],[-59.44126,2.46323],[-59.44292,2.46287],[-59.44356,2.46296],[-59.44551,2.46183],[-59.44601,2.46217],[-59.44739,2.4624],[-59.44837,2.46281],[-59.45027,2.46247],[-59.45124,2.46209],[-59.45243,2.46237],[-59.45219,2.46177],[-59.45302,2.46072],[-59.4535,2.45947],[-59.45302,2.45919],[-59.45307,2.45833],[-59.45406,2.45746],[-59.45456,2.45651],[-59.45527,2.45646],[-59.45606,2.45753],[-59.45761,2.45779],[-59.45761,2.45676],[-59.45798,2.45461],[-59.45722,2.45282],[-59.45828,2.44844],[-59.45885,2.44672],[-59.45946,2.44602],[-59.45944,2.44528],[-59.45853,2.44385],[-59.45855,2.44299],[-59.45915,2.44205],[-59.45929,2.44105],[-59.46004,2.43854],[-59.46135,2.43703],[-59.4608,2.43638],[-59.46085,2.43512],[-59.46137,2.43466],[-59.46217,2.43325],[-59.46309,2.42914],[-59.46303,2.42674],[-59.46403,2.42524],[-59.46407,2.42356],[-59.46493,2.42148],[-59.46442,2.41935],[-59.46333,2.4183],[-59.46309,2.41701],[-59.46339,2.41538],[-59.46318,2.4144],[-59.46315,2.41184],[-59.46396,2.41014],[-59.46483,2.40907],[-59.46571,2.40861],[-59.46678,2.40868],[-59.46723,2.40825],[-59.46856,2.40791],[-59.46844,2.40705],[-59.46725,2.40459],[-59.46725,2.40208],[-59.46788,2.39914],[-59.46869,2.39634],[-59.46854,2.39514],[-59.46875,2.39435],[-59.46932,2.39052],[-59.4697,2.38926],[-59.46979,2.38634],[-59.4708,2.38392],[-59.47028,2.3832],[-59.4698,2.38184],[-59.4699,2.38124],[-59.46944,2.37993],[-59.46946,2.37876],[-59.47096,2.37758],[-59.47027,2.3767],[-59.46939,2.37651],[-59.46931,2.37577],[-59.46839,2.37438],[-59.46831,2.37328],[-59.46864,2.37216],[-59.46826,2.37154],[-59.46679,2.37109],[-59.46526,2.37087],[-59.46479,2.37176],[-59.46365,2.37035],[-59.46343,2.36896],[-59.46367,2.36827],[-59.46343,2.36753],[-59.46257,2.36679],[-59.46266,2.36485],[-59.46242,2.36425],[-59.46116,2.36256],[-59.46028,2.36172],[-59.46011,2.36055],[-59.45975,2.36003],[-59.45928,2.36041],[-59.45868,2.36017],[-59.45887,2.35866],[-59.45858,2.35809],[-59.45896,2.35658],[-59.45861,2.35649],[-59.45877,2.35479],[-59.45979,2.35364],[-59.45971,2.35175],[-59.4581,2.35094],[-59.4571,2.35089],[-59.45634,2.3502],[-59.45577,2.35051],[-59.45465,2.34934],[-59.45396,2.34918],[-59.45348,2.34856],[-59.4515,2.34748],[-59.45076,2.34564],[-59.45048,2.34349],[-59.44895,2.34134],[-59.44947,2.3383],[-59.45118,2.33715],[-59.45194,2.33605],[-59.45229,2.33397],[-59.4521,2.33313],[-59.45238,2.3323],[-59.45162,2.33132],[-59.45017,2.33156],[-59.4496,2.33051],[-59.45024,2.32972],[-59.45033,2.32757],[-59.44926,2.32747],[-59.44907,2.32652],[-59.44921,2.32458],[-59.44875,2.32403],[-59.44742,2.32458],[-59.4468,2.32267],[-59.44635,2.32205],[-59.4468,2.31908],[-59.44601,2.31796],[-59.44672,2.31686],[-59.44895,2.31516],[-59.4489,2.31336],[-59.4485,2.31236],[-59.44911,2.31032],[-59.44885,2.30937],[-59.44954,2.30891],[-59.44968,2.30822],[-59.44934,2.30736],[-59.44953,2.30602],[-59.44843,2.30468],[-59.44812,2.30396],[-59.44636,2.30265],[-59.44612,2.30107],[-59.44576,2.30012],[-59.44467,2.29876],[-59.44457,2.29756],[-59.44419,2.29687],[-59.44392,2.29374],[-59.44264,2.29247],[-59.44173,2.29015],[-59.44061,2.28891],[-59.43987,2.28597],[-59.43922,2.28468],[-59.4391,2.28351],[-59.43815,2.28272],[-59.4381,2.28136],[-59.43722,2.27935],[-59.43695,2.27672],[-59.43697,2.27521],[-59.43649,2.27294],[-59.4363,2.27098],[-59.43641,2.26804],[-59.4361,2.26696],[-59.43467,2.26555],[-59.4346,2.26419],[-59.43659,2.2611],[-59.43664,2.26048],[-59.43497,2.25848],[-59.43433,2.25721],[-59.43328,2.2563],[-59.43242,2.2547],[-59.43116,2.25329],[-59.4299,2.25262],[-59.42859,2.25153],[-59.42837,2.25043],[-59.42752,2.24942],[-59.4268,2.2477],[-59.42585,2.24706],[-59.42548,2.24607],[-59.42529,2.24434],[-59.42636,2.24331],[-59.42769,2.2426],[-59.4284,2.24102],[-59.42978,2.24042],[-59.43032,2.23994],[-59.43075,2.23893],[-59.43101,2.23649],[-59.43141,2.23584],[-59.43293,2.23467],[-59.43314,2.23271],[-59.43357,2.23134],[-59.36656,2.2307],[-59.22179,2.22931],[-59.22158,2.22993],[-59.22108,2.23349],[-59.22006,2.23543],[-59.21905,2.23849],[-59.21917,2.23986],[-59.21888,2.24084],[-59.21829,2.2416],[-59.21875,2.24332],[-59.21889,2.24493],[-59.21844,2.24643],[-59.21854,2.248],[-59.21897,2.24946],[-59.22028,2.25183],[-59.22106,2.2535],[-59.22033,2.25539],[-59.22017,2.25664],[-59.219,2.25838],[-59.21843,2.25987],[-59.2182,2.26123],[-59.21913,2.26401],[-59.21875,2.26525],[-59.2174,2.26717],[-59.21605,2.26853],[-59.21455,2.27112],[-59.21448,2.27262],[-59.21475,2.2743],[-59.21456,2.27559],[-59.21373,2.27698],[-59.21226,2.27782],[-59.21069,2.27844],[-59.20991,2.2805],[-59.20919,2.28076],[-59.20848,2.28151],[-59.20772,2.28148],[-59.20656,2.28189],[-59.20608,2.28263],[-59.20494,2.28242],[-59.20225,2.28288],[-59.20057,2.28334],[-59.19966,2.28382],[-59.19905,2.28497],[-59.19821,2.28521],[-59.19731,2.28624],[-59.19662,2.28779],[-59.19651,2.28875],[-59.19596,2.28966],[-59.19584,2.29069],[-59.19532,2.29133],[-59.19409,2.2921],[-59.1924,2.29282],[-59.19174,2.29455],[-59.19207,2.29586],[-59.19098,2.29687],[-59.19048,2.2979],[-59.19039,2.29904],[-59.18963,2.30062],[-59.18954,2.30163],[-59.18795,2.30374],[-59.18403,2.30597],[-59.18224,2.30729],[-59.18191,2.30791],[-59.18177,2.30939],[-59.18089,2.31068],[-59.17904,2.31114],[-59.1769,2.31146],[-59.17607,2.31241],[-59.17648,2.31339],[-59.1757,2.31827],[-59.17532,2.31957],[-59.17539,2.32055],[-59.17466,2.32163],[-59.17402,2.32184],[-59.17304,2.32127],[-59.17204,2.32139],[-59.17171,2.32199],[-59.17192,2.32345],[-59.171,2.32496],[-59.17019,2.32517],[-59.17015,2.3262],[-59.16967,2.32685],[-59.16701,2.32843],[-59.16565,2.32846],[-59.16623,2.32896],[-59.16587,2.32936],[-59.16552,2.33164],[-59.16585,2.33209],[-59.1653,2.33252],[-59.16538,2.3335],[-59.165,2.33391],[-59.1645,2.3354],[-59.16422,2.33705],[-59.1645,2.33834],[-59.1642,2.33896],[-59.16415,2.34051],[-59.16377,2.3408],[-59.1632,2.34032],[-59.16294,2.34138],[-59.16199,2.34238],[-59.16028,2.34356],[-59.15931,2.34514],[-59.15719,2.34729],[-59.15615,2.3467],[-59.15534,2.34713],[-59.15527,2.34792],[-59.15448,2.34783],[-59.15365,2.34895],[-59.15327,2.34859],[-59.15275,2.3491],[-59.15111,2.34905],[-59.15028,2.34982],[-59.14849,2.34946],[-59.14695,2.35006],[-59.14647,2.34994],[-59.1454,2.35071],[-59.14436,2.35188],[-59.14403,2.3527],[-59.14429,2.35332],[-59.14348,2.3533],[-59.14305,2.35287],[-59.14203,2.3532],[-59.14227,2.35361],[-59.14122,2.35378],[-59.14065,2.35438],[-59.14001,2.35409],[-59.13939,2.35457],[-59.1393,2.35558],[-59.1383,2.35739],[-59.13826,2.3596],[-59.13712,2.36144],[-59.13527,2.36328],[-59.13515,2.36458],[-59.13551,2.36721],[-59.13704,2.36986],[-59.13785,2.37249],[-59.13771,2.37452],[-59.13688,2.37629],[-59.13731,2.37727],[-59.13731,2.37804],[-59.13781,2.37861],[-59.1376,2.37986],[-59.13613,2.3811],[-59.13603,2.38173],[-59.13532,2.38247],[-59.13601,2.38371],[-59.13618,2.38534],[-59.13673,2.38579],[-59.13822,2.38626],[-59.14022,2.38552],[-59.14053,2.38628],[-59.14196,2.38604],[-59.14357,2.38637],[-59.14414,2.38549],[-59.14355,2.38494],[-59.144,2.38398],[-59.14647,2.38369],[-59.14723,2.38244],[-59.14654,2.38106],[-59.14808,2.38009],[-59.14858,2.37998],[-59.15058,2.37868],[-59.15141,2.37775],[-59.15196,2.37768],[-59.15255,2.37696],[-59.15445,2.37643],[-59.15509,2.37607],[-59.15554,2.37492],[-59.15647,2.37456],[-59.15716,2.3747],[-59.15794,2.37415],[-59.15847,2.37334],[-59.15939,2.373],[-59.16162,2.37111],[-59.16196,2.36998],[-59.16295,2.36886],[-59.16343,2.36907],[-59.16372,2.37055],[-59.16574,2.37148],[-59.16752,2.37012],[-59.16854,2.36999],[-59.16983,2.37038],[-59.17132,2.36896],[-59.17311,2.36817],[-59.17432,2.36838],[-59.17548,2.36831],[-59.1771,2.36735],[-59.17741,2.36754],[-59.18055,2.36746],[-59.1811,2.36785],[-59.18393,2.36772],[-59.18509,2.36789],[-59.18597,2.36714],[-59.18985,2.3679],[-59.19123,2.36869],[-59.19258,2.36788],[-59.19379,2.36751],[-59.19734,2.36768],[-59.19936,2.36751],[-59.19995,2.36825],[-59.20057,2.36846],[-59.20297,2.36822],[-59.20452,2.36771],[-59.2054,2.36797],[-59.20747,2.3678],[-59.20871,2.36804],[-59.21051,2.36804],[-59.21151,2.36761],[-59.2132,2.36765],[-59.21398,2.36822],[-59.21573,2.36831],[-59.21724,2.36753],[-59.21932,2.36795],[-59.22287,2.36789],[-59.26639,2.37179],[-59.31068,2.37576],[-59.31341,2.37515],[-59.31409,2.37535],[-59.31489,2.37623],[-59.31662,2.37633],[-59.31829,2.37532],[-59.32032,2.37549],[-59.32165,2.37634],[-59.32318,2.37674],[-59.32568,2.37686],[-59.32706,2.37737],[-59.32909,2.37837],[-59.33102,2.37988],[-59.3336,2.3795],[-59.33427,2.37909],[-59.33583,2.37906],[-59.33738,2.37843],[-59.33868,2.3782],[-59.34025,2.37707],[-59.3417,2.37636],[-59.34411,2.37673],[-59.34614,2.37756],[-59.34734,2.37778],[-59.35155,2.37954],[-59.3522,2.37949],[-59.3527,2.37876],[-59.35375,2.37883],[-59.35475,2.37926],[-59.35586,2.38039],[-59.35796,2.38167],[-59.36004,2.38328],[-59.36107,2.3835],[-59.36167,2.38421],[-59.3622,2.38549],[-59.36343,2.387],[-59.36346,2.38876],[-59.36466,2.3901],[-59.36479,2.39208],[-59.36537,2.39621],[-59.36635,2.39732],[-59.36823,2.39774],[-59.36921,2.39991],[-59.37079,2.40212],[-59.3719,2.40388],[-59.37217,2.40492],[-59.37398,2.40778],[-59.37444,2.40957],[-59.37504,2.41007],[-59.37587,2.41143],[-59.37584,2.41304],[-59.37787,2.41465],[-59.38065,2.4146],[-59.38201,2.41527],[-59.38361,2.41552],[-59.38396,2.41653],[-59.38456,2.41665],[-59.38627,2.41768],[-59.3869,2.41874],[-59.38787,2.41939],[-59.38863,2.42058],[-59.39048,2.42035],[-59.39123,2.42082],[-59.39289,2.42241],[-59.39437,2.42263]]]},"properties":{"Name":"Karaudanawa","Region":9,"Grant_No":"G7737","Acres":132301,"Plan_Numbe":23594}},
{"type":"Feature","geometry":{"type":"Polygon","coordinates":[[[-59.4708,2.38392],[-59.4723,2.38346],[-59.47408,2.38205],[-59.4737,2.37961],[-59.47419,2.3787],[-59.47395,2.37738],[-59.47535,2.37623],[-59.47609,2.37504],[-59.47625,2.37415],[-59.47741,2.37138],[-59.47677,2.37042],[-59.47689,2.36891],[-59.47774,2.36724],[-59.47917,2.367],[-59.47978,2.36601],[-59.48004,2.36503],[-59.48083,2.36396],[-59.48132,2.36221],[-59.48251,2.36159],[-59.48305,2.36003],[-59.48417,2.35764],[-59.48481,2.35735],[-59.48552,2.35543],[-59.48616,2.3545],[-59.48649,2.3533],[-59.48727,2.35189],[-59.48848,2.351],[-59.48952,2.34907],[-59.49045,2.34835],[-59.49261,2.34834],[-59.49333,2.3481],[-59.49356,2.34683],[-59.49458,2.34478],[-59.49624,2.34389],[-59.49795,2.34353],[-59.49857,2.34257],[-59.49931,2.34247],[-59.49988,2.34132],[-59.50064,2.34091],[-59.50144,2.34003],[-59.50228,2.33964],[-59.50249,2.34],[-59.50363,2.33925],[-59.50411,2.33851],[-59.50568,2.3386],[-59.50634,2.33801],[-59.50708,2.33784],[-59.50765,2.33695],[-59.50853,2.33695],[-59.50905,2.33642],[-59.50976,2.33647],[-59.51085,2.33544],[-59.51468,2.33316],[-59.51605,2.33265],[-59.51731,2.33251],[-59.52031,2.33107],[-59.52209,2.33092],[-59.52397,2.32987],[-59.52599,2.32929],[-59.52839,2.32921],[-59.52941,2.32825],[-59.53159,2.32804],[-59.53357,2.32655],[-59.53452,2.32648],[-59.53642,2.32693],[-59.53754,2.32824],[-59.53916,2.32831],[-59.5403,2.32788],[-59.54165,2.32682],[-59.54286,2.32689],[-59.54391,2.32648],[-59.54436,2.32679],[-59.54697,2.32674],[-59.54759,2.327],[-59.54875,2.32516],[-59.55049,2.32348],[-59.55381,2.32123],[-59.55431,2.32125],[-59.55683,2.31859],[-59.5573,2.31735],[-59.55762,2.31386],[-59.60142,2.31436],[-59.62319,2.31323],[-59.62357,2.31387],[-59.62436,2.31428],[-59.6254,2.31404],[-59.62759,2.3148],[-59.62869,2.31477],[-59.63054,2.31517],[-59.63135,2.31479],[-59.63346,2.31512],[-59.63475,2.31452],[-59.63567,2.31454],[-59.63694,2.31528],[-59.63789,2.31535],[-59.63974,2.3148],[-59.64057,2.31508],[-59.64433,2.31489],[-59.6445,2.31556],[-59.64499,2.31543],[-59.64668,2.31603],[-59.64787,2.31581],[-59.64823,2.31521],[-59.64913,2.31497],[-59.64932,2.31576],[-59.64984,2.31609],[-59.65072,2.31564],[-59.65163,2.31676],[-59.65215,2.31662],[-59.65281,2.31482],[-59.65414,2.3146],[-59.65424,2.31365],[-59.65585,2.31219],[-59.65737,2.31273],[-59.65711,2.31355],[-59.65809,2.31472],[-59.65885,2.31498],[-59.65973,2.31438],[-59.6607,2.31416],[-59.66161,2.31457],[-59.66346,2.31322],[-59.66443,2.31284],[-59.6646,2.31188],[-59.66529,2.31181],[-59.66824,2.31274],[-59.66969,2.31187],[-59.67128,2.31154],[-59.6732,2.31081],[-59.67358,2.31105],[-59.67588,2.30813],[-59.67738,2.3087],[-59.67874,2.30846],[-59.67933,2.30753],[-59.68102,2.30728],[-59.68144,2.30633],[-59.68211,2.30688],[-59.68413,2.30764],[-59.68511,2.30759],[-59.68636,2.30694],[-59.6877,2.30782],[-59.68912,2.30715],[-59.69038,2.30786],[-59.69072,2.30908],[-59.69126,2.30911],[-59.69212,2.30839],[-59.69338,2.30891],[-59.69445,2.309],[-59.6958,2.30852],[-59.69649,2.30905],[-59.69794,2.30948],[-59.69923,2.30926],[-59.70039,2.31038],[-59.70113,2.31057],[-59.70178,2.31148],[-59.70244,2.31102],[-59.70467,2.31056],[-59.70524,2.30937],[-59.70674,2.30979],[-59.70764,2.30886],[-59.70897,2.30835],[-59.71009,2.30917],[-59.71257,2.30836],[-59.71444,2.3081],[-59.71595,2.30868],[-59.71733,2.30835],[-59.72075,2.30874],[-59.72132,2.30822],[-59.72141,2.3073],[-59.72258,2.30572],[-59.72351,2.30508],[-59.72454,2.30364],[-59.72525,2.30354],[-59.72581,2.3042],[-59.72729,2.30406],[-59.72874,2.30318],[-59.72937,2.30203],[-59.73195,2.30056],[-59.73272,2.2994],[-59.73321,2.29747],[-59.7349,2.29595],[-59.73501,2.29482],[-59.7356,2.29347],[-59.73728,2.29168],[-59.73876,2.29097],[-59.73899,2.28858],[-59.73772,2.28679],[-59.73682,2.28613],[-59.73366,2.28621],[-59.73225,2.28572],[-59.7316,2.28481],[-59.73046,2.28378],[-59.72981,2.28381],[-59.72686,2.28195],[-59.72639,2.28145],[-59.72593,2.27954],[-59.72398,2.27849],[-59.72314,2.27617],[-59.72312,2.27545],[-59.72418,2.27256],[-59.7256,2.26976],[-59.72743,2.2676],[-59.72862,2.266],[-59.72909,2.2648],[-59.72909,2.26344],[-59.72787,2.261],[-59.72599,2.26098],[-59.72537,2.26039],[-59.72592,2.2583],[-59.72494,2.25482],[-59.72491,2.25395],[-59.72441,2.25338],[-59.72339,2.25324],[-59.72123,2.25399],[-59.72037,2.25494],[-59.71878,2.2548],[-59.71726,2.25349],[-59.7159,2.25294],[-59.71535,2.25227],[-59.71463,2.2495],[-59.71387,2.24895],[-59.71266,2.24896],[-59.71178,2.24987],[-59.71078,2.25011],[-59.70983,2.24879],[-59.71054,2.24779],[-59.71099,2.24633],[-59.71194,2.24561],[-59.71237,2.24472],[-59.71189,2.24384],[-59.71118,2.24334],[-59.70989,2.24155],[-59.70832,2.24031],[-59.70763,2.23916],[-59.70715,2.23737],[-59.70648,2.23685],[-59.70527,2.23742],[-59.70413,2.23733],[-59.70289,2.238],[-59.7023,2.23771],[-59.70225,2.23695],[-59.70291,2.2359],[-59.70246,2.23508],[-59.70168,2.2347],[-59.70027,2.23286],[-59.69927,2.23179],[-59.69927,2.23031],[-59.69865,2.22923],[-59.69698,2.22888],[-59.6961,2.22816],[-59.69418,2.22874],[-59.69158,2.22755],[-59.69099,2.22705],[-59.6898,2.22688],[-59.68966,2.22638],[-59.69013,2.22461],[-59.68972,2.22265],[-59.6892,2.22167],[-59.68798,2.22052],[-59.68689,2.22026],[-59.68577,2.21917],[-59.68513,2.21814],[-59.68386,2.21668],[-59.68379,2.21623],[-59.68196,2.21618],[-59.6813,2.21661],[-59.67989,2.21647],[-59.67875,2.21502],[-59.67666,2.21564],[-59.67516,2.21548],[-59.67468,2.21462],[-59.67559,2.21311],[-59.67511,2.21306],[-59.67319,2.21405],[-59.67181,2.21405],[-59.67016,2.21192],[-59.66905,2.21181],[-59.6669,2.21054],[-59.66512,2.21067],[-59.66394,2.21131],[-59.6636,2.21218],[-59.66253,2.21246],[-59.66108,2.21235],[-59.66068,2.21204],[-59.6607,2.21108],[-59.66011,2.21063],[-59.65899,2.21094],[-59.65847,2.21075],[-59.65754,2.21118],[-59.65626,2.21018],[-59.65428,2.21093],[-59.65379,2.21255],[-59.65286,2.21444],[-59.65191,2.21349],[-59.65148,2.21162],[-59.65015,2.21077],[-59.6482,2.21177],[-59.64654,2.2117],[-59.64549,2.21022],[-59.6442,2.20927],[-59.64263,2.20906],[-59.64182,2.20786],[-59.64116,2.20772],[-59.63994,2.20643],[-59.63911,2.20627],[-59.63775,2.20517],[-59.63583,2.20558],[-59.63393,2.20517],[-59.63283,2.20441],[-59.63278,2.20379],[-59.63216,2.20303],[-59.63181,2.20195],[-59.63147,2.20188],[-59.63041,2.20336],[-59.62948,2.20329],[-59.62812,2.20397],[-59.62698,2.20418],[-59.62515,2.2039],[-59.62465,2.20421],[-59.62361,2.2035],[-59.62411,2.20292],[-59.62441,2.20139],[-59.6237,2.20132],[-59.62332,2.20242],[-59.62206,2.20386],[-59.62035,2.20419],[-59.61974,2.20479],[-59.61943,2.20568],[-59.61826,2.20578],[-59.61757,2.20523],[-59.61598,2.2065],[-59.61506,2.20865],[-59.61444,2.20925],[-59.61314,2.2093],[-59.61261,2.21002],[-59.611,2.2106],[-59.61029,2.21158],[-59.60931,2.21196],[-59.60781,2.2112],[-59.60727,2.2107],[-59.60586,2.21087],[-59.60515,2.21175],[-59.60313,2.21133],[-59.60239,2.21097],[-59.60154,2.21152],[-59.60025,2.21081],[-59.59902,2.21145],[-59.59838,2.21102],[-59.59833,2.20954],[-59.59704,2.21],[-59.59633,2.2099],[-59.59633,2.20868],[-59.59713,2.20739],[-59.59671,2.20701],[-59.59573,2.20732],[-59.5938,2.20654],[-59.59269,2.20692],[-59.59138,2.20637],[-59.58824,2.20621],[-59.58757,2.20542],[-59.58681,2.20516],[-59.58636,2.20315],[-59.586,2.20296],[-59.58595,2.20172],[-59.58548,2.20134],[-59.58507,2.20029],[-59.58293,2.20015],[-59.58203,2.19936],[-59.58091,2.19972],[-59.5796,2.1986],[-59.57936,2.19788],[-59.57986,2.19747],[-59.57819,2.19609],[-59.57848,2.19521],[-59.57786,2.19432],[-59.57676,2.19389],[-59.57512,2.19294],[-59.57533,2.19229],[-59.57469,2.19208],[-59.57341,2.19311],[-59.57336,2.19383],[-59.57263,2.19402],[-59.5716,2.1929],[-59.57003,2.19271],[-59.5697,2.19314],[-59.56851,2.19329],[-59.5678,2.19424],[-59.56711,2.19427],[-59.56647,2.19518],[-59.56526,2.19623],[-59.5646,2.19576],[-59.56372,2.19566],[-59.56293,2.19492],[-59.56267,2.19423],[-59.5615,2.19382],[-59.56155,2.19155],[-59.5609,2.19096],[-59.55943,2.19081],[-59.55926,2.18979],[-59.55795,2.18988],[-59.55669,2.19044],[-59.55584,2.19046],[-59.55358,2.18972],[-59.5522,2.1909],[-59.55163,2.19114],[-59.55039,2.18963],[-59.55027,2.18794],[-59.5498,2.1872],[-59.54813,2.18694],[-59.54727,2.18615],[-59.54575,2.18567],[-59.54261,2.18549],[-59.54047,2.18525],[-59.53926,2.18564],[-59.53829,2.18566],[-59.53724,2.18614],[-59.53582,2.18715],[-59.53484,2.18727],[-59.53199,2.18708],[-59.53068,2.18716],[-59.52997,2.18689],[-59.52875,2.18565],[-59.52623,2.1853],[-59.52474,2.18487],[-59.52222,2.18483],[-59.51937,2.18648],[-59.51849,2.18672],[-59.51395,2.18668],[-59.51349,2.18654],[-59.51178,2.18518],[-59.51066,2.18499],[-59.50876,2.18626],[-59.50437,2.18617],[-59.50341,2.18484],[-59.50263,2.18417],[-59.50057,2.18434],[-59.49815,2.18408],[-59.4975,2.18375],[-59.49577,2.18172],[-59.49458,2.18057],[-59.49289,2.17998],[-59.49177,2.18019],[-59.49013,2.18017],[-59.48815,2.17912],[-59.4882,2.17783],[-59.48768,2.17774],[-59.48651,2.17819],[-59.48532,2.17822],[-59.48513,2.17729],[-59.48437,2.17683],[-59.48427,2.17619],[-59.48453,2.17411],[-59.48427,2.17356],[-59.48001,2.17026],[-59.47834,2.16933],[-59.47651,2.16879],[-59.47596,2.16723],[-59.47518,2.1664],[-59.47373,2.16597],[-59.47323,2.16465],[-59.47135,2.16315],[-59.4713,2.16186],[-59.47094,2.16138],[-59.47084,2.1598],[-59.47055,2.15882],[-59.46898,2.15663],[-59.46755,2.15558],[-59.46736,2.15469],[-59.46755,2.15366],[-59.46667,2.15204],[-59.46707,2.15142],[-59.46697,2.15053],[-59.46621,2.14989],[-59.46623,2.14778],[-59.46585,2.14702],[-59.46552,2.14542],[-59.46556,2.14443],[-59.46513,2.1435],[-59.46435,2.14276],[-59.46406,2.14109],[-59.46353,2.13989],[-59.46365,2.1391],[-59.46425,2.13836],[-59.46415,2.13688],[-59.46386,2.13592],[-59.45998,2.13268],[-59.45855,2.13062],[-59.45672,2.12936],[-59.45372,2.12932],[-59.45149,2.1297],[-59.44961,2.13057],[-59.44831,2.13057],[-59.44721,2.13117],[-59.44698,2.13272],[-59.44634,2.1332],[-59.44519,2.13251],[-59.44381,2.13122],[-59.44281,2.13115],[-59.44208,2.13058],[-59.44032,2.12972],[-59.43816,2.13033],[-59.43763,2.1298],[-59.43571,2.12987],[-59.43548,2.12955],[-59.43412,2.12975],[-59.43208,2.12975],[-59.43118,2.13006],[-59.42946,2.12995],[-59.42943,2.1747],[-59.43083,2.17499],[-59.43319,2.17491],[-59.43392,2.1746],[-59.43547,2.17462],[-59.4373,2.17548],[-59.43868,2.17564],[-59.43958,2.1766],[-59.44002,2.17873],[-59.44099,2.18109],[-59.44223,2.18284],[-59.44257,2.18408],[-59.44207,2.1858],[-59.44086,2.18824],[-59.44017,2.18911],[-59.43673,2.19124],[-59.43602,2.19191],[-59.43574,2.19358],[-59.43564,2.19564],[-59.43472,2.19734],[-59.4346,2.19801],[-59.43335,2.20038],[-59.43306,2.20182],[-59.43304,2.20366],[-59.43329,2.20935],[-59.43389,2.21126],[-59.43353,2.21346],[-59.43354,2.2144],[-59.43487,2.21614],[-59.43554,2.21733],[-59.4367,2.21877],[-59.4369,2.22063],[-59.43664,2.22211],[-59.43607,2.22405],[-59.43676,2.22477],[-59.43558,2.22678],[-59.43357,2.23134],[-59.43314,2.23271],[-59.43293,2.23467],[-59.43141,2.23584],[-59.43101,2.23649],[-59.43075,2.23893],[-59.43032,2.23994],[-59.42978,2.24042],[-59.4284,2.24102],[-59.42769,2.2426],[-59.42636,2.24331],[-59.42529,2.24434],[-59.42548,2.24607],[-59.42585,2.24706],[-59.4268,2.2477],[-59.42752,2.24942],[-59.42837,2.25043],[-59.42859,2.25153],[-59.4299,2.25262],[-59.43116,2.25329],[-59.43242,2.2547],[-59.43328,2.2563],[-59.43433,2.25721],[-59.43497,2.25848],[-59.43664,2.26048],[-59.43659,2.2611],[-59.4346,2.26419],[-59.43467,2.26555],[-59.4361,2.26696],[-59.43641,2.26804],[-59.4363,2.27098],[-59.43649,2.27294],[-59.43697,2.27521],[-59.43695,2.27672],[-59.43722,2.27935],[-59.4381,2.28136],[-59.43815,2.28272],[-59.4391,2.28351],[-59.43922,2.28468],[-59.43987,2.28597],[-59.44061,2.28891],[-59.44173,2.29015],[-59.44264,2.29247],[-59.44392,2.29374],[-59.44419,2.29687],[-59.44457,2.29756],[-59.44467,2.29876],[-59.44576,2.30012],[-59.44612,2.30107],[-59.44636,2.30265],[-59.44812,2.30396],[-59.44843,2.30468],[-59.44953,2.30602],[-59.44934,2.30736],[-59.44968,2.30822],[-59.44954,2.30891],[-59.44885,2.30937],[-59.44911,2.31032],[-59.4485,2.31236],[-59.4489,2.31336],[-59.44895,2.31516],[-59.44672,2.31686],[-59.44601,2.31796],[-59.4468,2.31908],[-59.44635,2.32205],[-59.4468,2.32267],[-59.44742,2.32458],[-59.44875,2.32403],[-59.44921,2.32458],[-59.44907,2.32652],[-59.44926,2.32747],[-59.45033,2.32757],[-59.45024,2.32972],[-59.4496,2.33051],[-59.45017,2.33156],[-59.45162,2.33132],[-59.45238,2.3323],[-59.4521,2.33313],[-59.45229,2.33397],[-59.45194,2.33605],[-59.45118,2.33715],[-59.44947,2.3383],[-59.44895,2.34134],[-59.45048,2.34349],[-59.45076,2.34564],[-59.4515,2.34748],[-59.45348,2.34856],[-59.45396,2.34918],[-59.45465,2.34934],[-59.45577,2.35051],[-59.45634,2.3502],[-59.4571,2.35089],[-59.4581,2.35094],[-59.45971,2.35175],[-59.45979,2.35364],[-59.45877,2.35479],[-59.45861,2.35649],[-59.45896,2.35658],[-59.45858,2.35809],[-59.45887,2.35866],[-59.45868,2.36017],[-59.45928,2.36041],[-59.45975,2.36003],[-59.46011,2.36055],[-59.46028,2.36172],[-59.46116,2.36256],[-59.46242,2.36425],[-59.46266,2.36485],[-59.46257,2.36679],[-59.46343,2.36753],[-59.46367,2.36827],[-59.46343,2.36896],[-59.46365,2.37035],[-59.46479,2.37176],[-59.46526,2.37087],[-59.46679,2.37109],[-59.46826,2.37154],[-59.46864,2.37216],[-59.46831,2.37328],[-59.46839,2.37438],[-59.46931,2.37577],[-59.46939,2.37651],[-59.47027,2.3767],[-59.47096,2.37758],[-59.46946,2.37876],[-59.46944,2.37993],[-59.4699,2.38124],[-59.4698,2.38184],[-59.47028,2.3832],[-59.4708,2.38392]]]},"properties":{"Name":"Achiwuib","Region":9,"Grant_No":"G7739","Acres":114663,"Plan_Numbe":23593}},
{"type":"Feature","geometry":{"type":"Polygon","coordinates":[[[-59.91133,3.1369],[-59.9154,3.13644],[-59.91708,3.13506],[-59.91833,3.13345],[-59.91879,3.13103],[-59.91791,3.12797],[-59.91686,3.12616],[-59.91552,3.12605],[-59.91392,3.12735],[-59.91255,3.1277],[-59.91091,3.1267],[-59.9092,3.12528],[-59.90798,3.12344],[-59.90806,3.12225],[-59.90718,3.12089],[-59.90707,3.11945],[-59.90707,3.11589],[-59.90718,3.11439],[-59.90791,3.11236],[-59.90882,3.11163],[-59.91126,3.11033],[-59.91247,3.10994],[-59.91384,3.10994],[-59.91544,3.11067],[-59.91658,3.11205],[-59.91666,3.11309],[-59.91635,3.11359],[-59.9162,3.11527],[-59.91696,3.11658],[-59.91749,3.11811],[-59.91818,3.11888],[-59.91913,3.12083],[-59.92046,3.12068],[-59.92137,3.11976],[-59.92164,3.11631],[-59.92248,3.11228],[-59.92407,3.10883],[-59.92521,3.10741],[-59.92683,3.10672],[-59.93012,3.10638],[-59.93138,3.1053],[-59.93305,3.10527],[-59.93476,3.10423],[-59.93735,3.10013],[-59.93846,3.09748],[-59.93876,3.09572],[-59.93765,3.09307],[-59.93735,3.09112],[-59.93758,3.08962],[-59.93811,3.08824],[-59.93925,3.08675],[-59.94138,3.08552],[-59.9461,3.08387],[-59.94777,3.08372],[-59.95051,3.0828],[-59.9528,3.08245],[-59.95432,3.08249],[-59.95504,3.08176],[-59.95534,3.08027],[-59.95546,3.07854],[-59.95599,3.07658],[-59.95587,3.07543],[-59.95432,3.07072],[-59.95359,3.06911],[-59.95313,3.06727],[-59.95241,3.0652],[-59.95173,3.06197],[-59.95059,3.05852],[-59.95013,3.05576],[-59.95021,3.053],[-59.9504,3.05185],[-59.9504,3.04863],[-59.95066,3.04541],[-59.95066,3.04334],[-59.95112,3.04035],[-59.95154,3.03931],[-59.95363,3.03586],[-59.95531,3.03276],[-59.95567,3.03165],[-59.95637,3.03082],[-59.95762,3.0303],[-59.95846,3.02777],[-59.95892,3.02547],[-59.95926,3.02271],[-59.95976,3.02156],[-59.96025,3.01918],[-59.96166,3.01723],[-59.96139,3.01512],[-59.96046,3.01429],[-59.95997,3.01423],[-59.95886,3.01276],[-59.85595,3.0131],[-59.76132,3.01334],[-59.73441,3.01362],[-59.73412,3.01372],[-59.73433,3.01458],[-59.73446,3.01619],[-59.73465,3.01655],[-59.73601,3.01728],[-59.73619,3.01738],[-59.73686,3.01794],[-59.73781,3.01924],[-59.7393,3.02063],[-59.73974,3.02109],[-59.74011,3.02122],[-59.74015,3.02121],[-59.74126,3.02152],[-59.74203,3.02241],[-59.74262,3.02361],[-59.74262,3.02381],[-59.74249,3.02386],[-59.7433,3.02484],[-59.74581,3.02729],[-59.74643,3.02775],[-59.74732,3.02924],[-59.74998,3.03089],[-59.75049,3.03123],[-59.75169,3.03309],[-59.75278,3.03424],[-59.75381,3.035],[-59.75424,3.0355],[-59.75493,3.03616],[-59.75775,3.03729],[-59.75886,3.03849],[-59.76068,3.03907],[-59.76092,3.03967],[-59.76122,3.04032],[-59.76178,3.04113],[-59.76207,3.04073],[-59.76214,3.04055],[-59.7622,3.04042],[-59.76245,3.04039],[-59.76251,3.04038],[-59.76331,3.04021],[-59.76354,3.04014],[-59.76509,3.04053],[-59.76565,3.04163],[-59.76569,3.04177],[-59.76585,3.04357],[-59.76583,3.04473],[-59.76567,3.04623],[-59.7659,3.04681],[-59.7666,3.04693],[-59.76715,3.04668],[-59.76815,3.04622],[-59.76861,3.04633],[-59.76849,3.04704],[-59.76864,3.04782],[-59.76941,3.04878],[-59.76973,3.04877],[-59.77004,3.04861],[-59.77059,3.04802],[-59.77073,3.04795],[-59.77247,3.04843],[-59.77586,3.05011],[-59.7765,3.0501],[-59.77674,3.04973],[-59.77634,3.04895],[-59.77684,3.0482],[-59.7775,3.04822],[-59.77987,3.05099],[-59.78117,3.05236],[-59.78138,3.0547],[-59.78213,3.05551],[-59.78309,3.0556],[-59.78313,3.0556],[-59.78478,3.05551],[-59.78498,3.05546],[-59.78636,3.05546],[-59.78703,3.05611],[-59.78765,3.05796],[-59.78774,3.05899],[-59.7878,3.06023],[-59.78814,3.06081],[-59.78926,3.06151],[-59.79005,3.06168],[-59.79026,3.06215],[-59.79011,3.06264],[-59.79014,3.06373],[-59.79107,3.06455],[-59.79179,3.06477],[-59.79215,3.06478],[-59.79215,3.06506],[-59.792,3.06548],[-59.79211,3.06686],[-59.79271,3.06742],[-59.79322,3.06828],[-59.7928,3.06848],[-59.79204,3.06961],[-59.79202,3.06971],[-59.79217,3.06996],[-59.79345,3.07075],[-59.79393,3.07064],[-59.7964,3.07122],[-59.79746,3.07119],[-59.79777,3.07132],[-59.79855,3.07264],[-59.79852,3.07271],[-59.79814,3.07312],[-59.79733,3.07357],[-59.7974,3.07449],[-59.79807,3.07514],[-59.79828,3.07572],[-59.79887,3.0771],[-59.799,3.07762],[-59.79939,3.07833],[-59.79962,3.07942],[-59.80003,3.08089],[-59.80059,3.08085],[-59.80158,3.08072],[-59.80204,3.08124],[-59.80204,3.08152],[-59.80189,3.08173],[-59.80121,3.08203],[-59.80118,3.08222],[-59.80117,3.08226],[-59.80126,3.08243],[-59.80269,3.08316],[-59.80305,3.08375],[-59.80291,3.08458],[-59.80248,3.08569],[-59.80249,3.08654],[-59.80365,3.08852],[-59.804,3.08887],[-59.80478,3.09046],[-59.80501,3.09145],[-59.8053,3.09221],[-59.80682,3.09384],[-59.80796,3.09557],[-59.8089,3.09839],[-59.80949,3.09928],[-59.81001,3.09956],[-59.81099,3.1003],[-59.81171,3.10157],[-59.81149,3.1032],[-59.81231,3.10372],[-59.81282,3.10454],[-59.81282,3.10563],[-59.81404,3.10693],[-59.81413,3.10735],[-59.81367,3.10772],[-59.81331,3.10813],[-59.81417,3.10844],[-59.81447,3.10918],[-59.81397,3.10977],[-59.81412,3.10987],[-59.81483,3.10954],[-59.81532,3.11017],[-59.81541,3.11139],[-59.81518,3.11188],[-59.81497,3.11184],[-59.81462,3.11162],[-59.81454,3.11172],[-59.81454,3.11272],[-59.8149,3.11262],[-59.8155,3.11292],[-59.81507,3.11337],[-59.81586,3.11426],[-59.81586,3.11428],[-59.81704,3.11584],[-59.81779,3.11593],[-59.81828,3.11617],[-59.81894,3.11617],[-59.82197,3.11758],[-59.82277,3.11759],[-59.82434,3.11781],[-59.82577,3.11836],[-59.82775,3.11884],[-59.82923,3.11956],[-59.82924,3.12025],[-59.82896,3.12068],[-59.82924,3.12146],[-59.82998,3.12196],[-59.83229,3.12176],[-59.8323,3.12176],[-59.83264,3.12196],[-59.83435,3.12263],[-59.83594,3.12479],[-59.83675,3.12625],[-59.8371,3.12797],[-59.83762,3.12824],[-59.8377,3.12824],[-59.83844,3.1282],[-59.83844,3.12819],[-59.84016,3.12785],[-59.84096,3.12804],[-59.84149,3.12889],[-59.841,3.12977],[-59.84127,3.1302],[-59.84293,3.13103],[-59.84415,3.13222],[-59.84537,3.13272],[-59.84796,3.13314],[-59.84944,3.13287],[-59.85085,3.13146],[-59.85401,3.12977],[-59.85476,3.12973],[-59.85606,3.13084],[-59.85661,3.13308],[-59.85811,3.13441],[-59.85918,3.1346],[-59.86002,3.13422],[-59.86154,3.13134],[-59.86131,3.12984],[-59.86176,3.12885],[-59.8631,3.12885],[-59.86502,3.12986],[-59.86663,3.13107],[-59.86854,3.12981],[-59.87145,3.12891],[-59.87332,3.12897],[-59.87537,3.12859],[-59.87678,3.12853],[-59.87869,3.12758],[-59.88042,3.12594],[-59.88071,3.12513],[-59.8819,3.12466],[-59.88598,3.12454],[-59.88672,3.12505],[-59.88779,3.12509],[-59.89022,3.12425],[-59.89132,3.12329],[-59.89273,3.12298],[-59.89349,3.12325],[-59.89372,3.12436],[-59.89307,3.12486],[-59.89148,3.1249],[-59.89075,3.12517],[-59.89011,3.12613],[-59.89029,3.1268],[-59.89265,3.12758],[-59.89379,3.12877],[-59.89516,3.12923],[-59.89608,3.12832],[-59.89622,3.12651],[-59.89661,3.12524],[-59.89748,3.1239],[-59.8987,3.12321],[-59.89935,3.12195],[-59.90015,3.12122],[-59.90213,3.12091],[-59.90251,3.1216],[-59.90194,3.12386],[-59.90346,3.12605],[-59.90418,3.12731],[-59.90479,3.12739],[-59.90551,3.12808],[-59.90555,3.12885],[-59.90623,3.12889],[-59.90627,3.12762],[-59.90711,3.12724],[-59.90753,3.128],[-59.90829,3.12823],[-59.91,3.12762],[-59.91057,3.12843],[-59.91061,3.13119],[-59.9108,3.13165],[-59.90928,3.13326],[-59.90935,3.13399],[-59.91038,3.13425],[-59.91148,3.13353],[-59.91201,3.13418],[-59.91156,3.13445],[-59.91194,3.13525],[-59.91175,3.13632],[-59.91133,3.1369]]]},"properties":{"Name":"Potarinau (Ambrose)","Region":9,"Grant_No":"G7783","Acres":54566,"Plan_Numbe":23678}},
{"type":"Feature","geometry":{"type":"Polygon","coordinates":[[[-59.64964,7.39992],[-59.65127,7.39975],[-59.65565,7.39746],[-59.65755,7.39637],[-59.65819,7.39626],[-59.66058,7.39458],[-59.66276,7.39244],[-59.66317,7.39169],[-59.66434,7.3909],[-59.66528,7.38941],[-59.66712,7.38869],[-59.66817,7.38865],[-59.67071,7.38681],[-59.67093,7.38606],[-59.67024,7.38429],[-59.66966,7.3836],[-59.66963,7.38289],[-59.67081,7.38085],[-59.67233,7.37926],[-59.67278,7.37823],[-59.67294,7.37709],[-59.67244,7.37555],[-59.67235,7.37414],[-59.67253,7.37337],[-59.67338,7.37264],[-59.67385,7.37181],[-59.67389,7.36969],[-59.67489,7.3677],[-59.67489,7.3664],[-59.67421,7.36467],[-59.67215,7.36341],[-59.67105,7.36325],[-59.67047,7.36273],[-59.67023,7.36135],[-59.67037,7.36066],[-59.67216,7.35913],[-59.67356,7.35678],[-59.67439,7.35375],[-59.67451,7.3522],[-59.67431,7.35165],[-59.67359,7.35151],[-59.6726,7.35274],[-59.67137,7.35231],[-59.67062,7.35166],[-59.67021,7.35059],[-59.67066,7.34969],[-59.67238,7.34987],[-59.67306,7.3494],[-59.6732,7.3486],[-59.6726,7.34788],[-59.6712,7.3479],[-59.66973,7.34759],[-59.67116,7.34453],[-59.67242,7.34288],[-59.67246,7.34256],[-59.67056,7.34174],[-59.6689,7.34193],[-59.6684,7.34259],[-59.66841,7.34442],[-59.66807,7.34536],[-59.66683,7.34538],[-59.66481,7.34385],[-59.66204,7.342],[-59.65999,7.34004],[-59.65878,7.3398],[-59.6579,7.34002],[-59.65728,7.33935],[-59.65777,7.338],[-59.65774,7.3366],[-59.65703,7.335],[-59.65606,7.33337],[-59.65501,7.33288],[-59.6549,7.33463],[-59.65523,7.33576],[-59.65283,7.33704],[-59.64865,7.33641],[-59.64758,7.33549],[-59.64702,7.33315],[-59.64639,7.33128],[-59.64577,7.33062],[-59.64383,7.33061],[-59.64277,7.33221],[-59.64088,7.33382],[-59.63998,7.33436],[-59.63758,7.3349],[-59.6367,7.33533],[-59.63522,7.33413],[-59.63525,7.33317],[-59.63411,7.33014],[-59.63374,7.33024],[-59.63271,7.3324],[-59.63176,7.33275],[-59.62998,7.33154],[-59.62882,7.3284],[-59.62934,7.32803],[-59.63097,7.3283],[-59.63168,7.32785],[-59.6332,7.32539],[-59.63455,7.32419],[-59.63459,7.32368],[-59.63378,7.32352],[-59.63151,7.32349],[-59.63108,7.32323],[-59.63099,7.32231],[-59.63252,7.31979],[-59.63271,7.31893],[-59.63189,7.31809],[-59.63009,7.31813],[-59.62913,7.31878],[-59.62616,7.32015],[-59.62207,7.32057],[-59.62013,7.3215],[-59.61721,7.32224],[-59.61637,7.32288],[-59.61653,7.32453],[-59.61617,7.32557],[-59.61489,7.32747],[-59.61431,7.32873],[-59.61354,7.32919],[-59.61178,7.32913],[-59.61085,7.32878],[-59.61031,7.32812],[-59.61049,7.32764],[-59.61194,7.3266],[-59.61257,7.32586],[-59.61277,7.32492],[-59.61232,7.32387],[-59.61013,7.32178],[-59.60933,7.32076],[-59.60754,7.31966],[-59.60709,7.31979],[-59.60655,7.32211],[-59.60652,7.32363],[-59.60602,7.32405],[-59.60505,7.32365],[-59.60373,7.32206],[-59.60366,7.32164],[-59.60515,7.32031],[-59.60541,7.31967],[-59.6051,7.319],[-59.60353,7.31953],[-59.60206,7.31979],[-59.60174,7.32042],[-59.602,7.32189],[-59.60185,7.32334],[-59.60059,7.3237],[-59.59984,7.32282],[-59.59873,7.32227],[-59.59588,7.32202],[-59.59338,7.32066],[-59.59141,7.32021],[-59.59028,7.31976],[-59.58935,7.3197],[-59.58944,7.32066],[-59.59074,7.32103],[-59.59217,7.32235],[-59.59196,7.32326],[-59.58907,7.32383],[-59.58739,7.32452],[-59.58703,7.32551],[-59.58717,7.32655],[-59.58771,7.32726],[-59.58769,7.32794],[-59.58677,7.32988],[-59.58576,7.33132],[-59.58395,7.3322],[-59.58392,7.33323],[-59.58451,7.33507],[-59.58538,7.33668],[-59.5862,7.33725],[-59.58768,7.3395],[-59.58818,7.34067],[-59.59007,7.34203],[-59.59161,7.34261],[-59.59398,7.34274],[-59.59502,7.34339],[-59.59588,7.34445],[-59.59609,7.34557],[-59.59665,7.34676],[-59.59759,7.34942],[-59.59748,7.35143],[-59.59683,7.3519],[-59.59614,7.35157],[-59.5951,7.35192],[-59.59452,7.35279],[-59.59422,7.35387],[-59.59421,7.35634],[-59.59377,7.35884],[-59.59333,7.36017],[-59.59349,7.36144],[-59.59453,7.36202],[-59.5973,7.36124],[-59.59772,7.36175],[-59.59711,7.36308],[-59.59727,7.36496],[-59.59767,7.36512],[-59.59848,7.36329],[-59.5991,7.36269],[-59.60033,7.36263],[-59.60122,7.36416],[-59.60182,7.36638],[-59.602,7.36779],[-59.60264,7.36759],[-59.60323,7.36523],[-59.60402,7.36524],[-59.60458,7.36586],[-59.60545,7.36769],[-59.60615,7.36997],[-59.60614,7.37085],[-59.60554,7.37256],[-59.60497,7.37326],[-59.60152,7.37565],[-59.60093,7.37739],[-59.60099,7.37794],[-59.60216,7.37875],[-59.6023,7.38095],[-59.60217,7.38193],[-59.6016,7.38286],[-59.59994,7.38386],[-59.59961,7.38499],[-59.60092,7.38442],[-59.60215,7.38489],[-59.60383,7.38696],[-59.60445,7.38713],[-59.60574,7.38633],[-59.60774,7.38475],[-59.6084,7.38483],[-59.60935,7.38561],[-59.60944,7.38605],[-59.61029,7.38535],[-59.61311,7.38482],[-59.61558,7.38454],[-59.61829,7.38446],[-59.61949,7.38509],[-59.61974,7.38587],[-59.62134,7.38689],[-59.62251,7.38813],[-59.62421,7.3893],[-59.62544,7.3905],[-59.62605,7.3919],[-59.62618,7.39305],[-59.62673,7.39392],[-59.62947,7.39565],[-59.63092,7.39709],[-59.63189,7.39771],[-59.63757,7.3991],[-59.64718,7.40017],[-59.64964,7.39992]]]},"properties":{"Name":"Kokerite","Region":1,"Grant_No":"G7789","Acres":14434,"Plan_Numbe":23702}},
{"type":"Feature","geometry":{"type":"Polygon","coordinates":[[[-59.60138,7.5416],[-59.60114,7.54406],[-59.601,7.54758],[-59.60063,7.54941],[-59.60053,7.55239],[-59.60109,7.55551],[-59.60217,7.55866],[-59.60314,7.56082],[-59.60335,7.56232],[-59.60305,7.56329],[-59.60172,7.56517],[-59.60037,7.56643],[-59.5984,7.56762],[-59.59323,7.56917],[-59.59087,7.56928],[-59.58816,7.56882],[-59.58605,7.56864],[-59.58479,7.56878],[-59.583,7.56978],[-59.58166,7.57089],[-59.58054,7.57221],[-59.58047,7.57381],[-59.58066,7.57621],[-59.58152,7.5795],[-59.58241,7.58084],[-59.58446,7.58331],[-59.58579,7.58458],[-59.58816,7.5864],[-59.59176,7.58985],[-59.595,7.59225],[-59.59678,7.59329],[-59.59907,7.59483],[-59.60466,7.597],[-59.60789,7.59799],[-59.60967,7.59945],[-59.61125,7.60114],[-59.61244,7.60468],[-59.61313,7.60579],[-59.61378,7.60757],[-59.6129,7.61054],[-59.61166,7.61274],[-59.61037,7.61559],[-59.61007,7.61669],[-59.60976,7.61957],[-59.60993,7.62305],[-59.61041,7.6259],[-59.61148,7.62858],[-59.614,7.63355],[-59.61522,7.6355],[-59.61808,7.63835],[-59.61934,7.64007],[-59.61957,7.63981],[-59.62129,7.63979],[-59.62204,7.63941],[-59.62265,7.6386],[-59.62445,7.63801],[-59.62633,7.63706],[-59.62757,7.63605],[-59.62815,7.63596],[-59.63037,7.63655],[-59.63074,7.63779],[-59.63177,7.63817],[-59.63327,7.63753],[-59.63495,7.63529],[-59.6356,7.63373],[-59.63503,7.63311],[-59.63174,7.63281],[-59.63055,7.63166],[-59.63053,7.62969],[-59.63095,7.62887],[-59.63166,7.62889],[-59.63515,7.63001],[-59.63568,7.62989],[-59.63874,7.62611],[-59.63945,7.62497],[-59.6396,7.62421],[-59.63872,7.62258],[-59.63887,7.6214],[-59.64013,7.62007],[-59.64041,7.6187],[-59.64103,7.61823],[-59.6422,7.61825],[-59.64306,7.61865],[-59.64341,7.6184],[-59.64324,7.6164],[-59.64356,7.61535],[-59.64486,7.61412],[-59.64517,7.61228],[-59.64588,7.612],[-59.64752,7.61316],[-59.64808,7.61321],[-59.64851,7.61238],[-59.64989,7.60849],[-59.65106,7.6067],[-59.6518,7.605],[-59.65243,7.60519],[-59.65234,7.60304],[-59.65312,7.60203],[-59.65422,7.59985],[-59.65418,7.59896],[-59.65216,7.59643],[-59.65231,7.59509],[-59.65182,7.59358],[-59.65296,7.59274],[-59.65337,7.5932],[-59.65381,7.59283],[-59.6551,7.59349],[-59.65678,7.59272],[-59.65763,7.59203],[-59.65958,7.59242],[-59.65999,7.59186],[-59.66091,7.59141],[-59.66214,7.59166],[-59.6643,7.59253],[-59.66526,7.59172],[-59.66599,7.59206],[-59.66778,7.59471],[-59.66898,7.59511],[-59.66957,7.59623],[-59.6706,7.59691],[-59.67231,7.5972],[-59.67302,7.59802],[-59.67409,7.59819],[-59.6754,7.59802],[-59.67627,7.5982],[-59.6782,7.59818],[-59.68016,7.59958],[-59.68053,7.6008],[-59.68129,7.60102],[-59.68335,7.60084],[-59.68435,7.60132],[-59.6852,7.60123],[-59.68546,7.60061],[-59.68533,7.59944],[-59.68563,7.59898],[-59.68672,7.59899],[-59.6878,7.59932],[-59.68879,7.59827],[-59.689,7.59689],[-59.69122,7.59703],[-59.69191,7.59664],[-59.69299,7.59514],[-59.69352,7.59485],[-59.69596,7.59426],[-59.69855,7.59284],[-59.69955,7.5916],[-59.70039,7.58934],[-59.70098,7.58908],[-59.70136,7.5881],[-59.70196,7.58774],[-59.70214,7.58707],[-59.70121,7.58525],[-59.70103,7.58336],[-59.70061,7.58236],[-59.69952,7.58155],[-59.69906,7.58004],[-59.69891,7.57874],[-59.70051,7.57692],[-59.7007,7.57499],[-59.70118,7.57393],[-59.70237,7.57225],[-59.70288,7.57078],[-59.70287,7.56941],[-59.70361,7.56865],[-59.70454,7.56848],[-59.70634,7.56724],[-59.7067,7.56628],[-59.706,7.56415],[-59.70667,7.56256],[-59.70692,7.55953],[-59.70653,7.55794],[-59.70671,7.55629],[-59.70594,7.55443],[-59.70616,7.55301],[-59.70665,7.55178],[-59.70666,7.55006],[-59.70645,7.54691],[-59.70617,7.54492],[-59.70821,7.54213],[-59.71044,7.54004],[-59.71272,7.53846],[-59.71387,7.53675],[-59.71415,7.53512],[-59.71395,7.53389],[-59.71269,7.53146],[-59.71143,7.53004],[-59.70989,7.52888],[-59.70859,7.52615],[-59.7062,7.52353],[-59.7044,7.5221],[-59.70203,7.51929],[-59.70144,7.51767],[-59.70022,7.5168],[-59.69879,7.51541],[-59.69653,7.51226],[-59.6954,7.51115],[-59.69356,7.50991],[-59.69241,7.50938],[-59.6898,7.50909],[-59.68758,7.50916],[-59.68539,7.50953],[-59.68284,7.51137],[-59.67979,7.51274],[-59.67759,7.51292],[-59.67479,7.51272],[-59.67325,7.51241],[-59.67194,7.51188],[-59.66944,7.51006],[-59.66742,7.50903],[-59.66564,7.50864],[-59.66433,7.50864],[-59.66205,7.50924],[-59.65976,7.51044],[-59.65703,7.51211],[-59.65498,7.51288],[-59.65261,7.51319],[-59.65097,7.51288],[-59.64631,7.51246],[-59.64455,7.51259],[-59.6419,7.51342],[-59.64028,7.51424],[-59.63863,7.51538],[-59.6367,7.51731],[-59.6356,7.51811],[-59.63358,7.51926],[-59.63233,7.51979],[-59.63024,7.52023],[-59.62683,7.52044],[-59.6232,7.52125],[-59.62105,7.52184],[-59.61846,7.52357],[-59.61705,7.5249],[-59.61409,7.52728],[-59.61141,7.52995],[-59.61046,7.53105],[-59.6072,7.53294],[-59.60519,7.53397],[-59.60407,7.53487],[-59.60258,7.53679],[-59.6018,7.53863],[-59.60138,7.5416]]]},"properties":{"Name":"Koriabo","Region":1,"Grant_No":"G7762","Acres":30138,"Plan_Numbe":23702}},
{"type":"Feature","geometry":{"type":"Polygon","coordinates":[[[-59.98597,7.86846],[-59.98627,7.86772],[-59.98611,7.86614],[-59.98687,7.86485],[-59.98865,7.8629],[-59.98786,7.8619],[-59.98715,7.85982],[-59.98694,7.8585],[-59.98767,7.85687],[-59.98879,7.85535],[-59.98972,7.85496],[-59.99195,7.85293],[-59.99566,7.84999],[-59.99717,7.84909],[-59.99863,7.84668],[-59.99905,7.84567],[-59.99996,7.84229],[-60.00035,7.83815],[-59.99988,7.83738],[-59.99907,7.83711],[-59.99633,7.83469],[-59.99512,7.83381],[-59.99476,7.83315],[-59.99456,7.8316],[-59.99322,7.82964],[-59.99298,7.82828],[-59.99216,7.82724],[-59.99234,7.82561],[-59.9933,7.82448],[-59.99338,7.82398],[-59.99305,7.8215],[-59.99312,7.82092],[-59.9942,7.81952],[-59.99576,7.81997],[-59.997,7.82004],[-59.998,7.8188],[-59.99938,7.8165],[-59.99946,7.816],[-60.00081,7.81517],[-60.00104,7.81463],[-59.99901,7.81259],[-59.99625,7.80765],[-59.99346,7.80303],[-59.99307,7.80194],[-59.9922,7.8009],[-59.99138,7.79932],[-59.99095,7.79898],[-59.98842,7.79795],[-59.98721,7.7973],[-59.98425,7.79709],[-59.98251,7.79764],[-59.9817,7.79861],[-59.97926,7.79929],[-59.97779,7.80039],[-59.97601,7.80121],[-59.97385,7.80309],[-59.97064,7.8047],[-59.96855,7.8063],[-59.96777,7.80615],[-59.96587,7.80678],[-59.96397,7.8068],[-59.96234,7.80708],[-59.96083,7.80763],[-59.95975,7.80884],[-59.95654,7.81072],[-59.95495,7.81147],[-59.95422,7.81155],[-59.95159,7.81351],[-59.94976,7.81325],[-59.94754,7.81253],[-59.9463,7.81269],[-59.94459,7.81205],[-59.94233,7.81148],[-59.93933,7.81042],[-59.93691,7.809],[-59.93406,7.80639],[-59.93285,7.80558],[-59.93036,7.80455],[-59.92725,7.80434],[-59.926,7.80357],[-59.92576,7.80303],[-59.92428,7.80161],[-59.92303,7.80077],[-59.92131,7.79989],[-59.91949,7.79986],[-59.91705,7.80073],[-59.91596,7.80097],[-59.91374,7.80068],[-59.9097,7.7995],[-59.90763,7.79874],[-59.90479,7.79729],[-59.90214,7.79684],[-59.90113,7.79701],[-59.89853,7.79695],[-59.89588,7.79611],[-59.8944,7.7955],[-59.892,7.79618],[-59.89006,7.79693],[-59.88902,7.79693],[-59.88792,7.79652],[-59.88501,7.79657],[-59.88376,7.79573],[-59.88287,7.79547],[-59.88012,7.79719],[-59.87756,7.79786],[-59.87583,7.7995],[-59.87432,7.80118],[-59.87316,7.8015],[-59.8723,7.80143],[-59.8716,7.80046],[-59.87105,7.80023],[-59.87032,7.8007],[-59.87001,7.80152],[-59.87038,7.80361],[-59.87007,7.80473],[-59.86965,7.80516],[-59.86721,7.80626],[-59.86527,7.80643],[-59.86318,7.80707],[-59.86244,7.80699],[-59.86031,7.80794],[-59.8553,7.80828],[-59.85406,7.80903],[-59.8531,7.80992],[-59.85179,7.8116],[-59.85039,7.81211],[-59.84973,7.81184],[-59.84762,7.80984],[-59.84726,7.80911],[-59.84633,7.8085],[-59.8452,7.80885],[-59.84404,7.80983],[-59.84188,7.81104],[-59.84048,7.81152],[-59.83967,7.81152],[-59.8375,7.81282],[-59.83569,7.81543],[-59.83894,7.81885],[-59.84067,7.82159],[-59.84217,7.8258],[-59.84414,7.82904],[-59.84566,7.83058],[-59.84882,7.8323],[-59.84968,7.833],[-59.85042,7.834],[-59.85117,7.83577],[-59.85096,7.83845],[-59.85113,7.83996],[-59.85199,7.84108],[-59.85265,7.84092],[-59.85596,7.83741],[-59.85783,7.83709],[-59.85856,7.83716],[-59.8604,7.83831],[-59.86207,7.83868],[-59.86525,7.8382],[-59.86673,7.83861],[-59.86865,7.84081],[-59.87044,7.84161],[-59.87293,7.84221],[-59.87538,7.8422],[-59.8774,7.84133],[-59.87918,7.84093],[-59.88003,7.84096],[-59.88163,7.842],[-59.88238,7.84285],[-59.88413,7.84392],[-59.88705,7.84463],[-59.88951,7.84586],[-59.89025,7.84608],[-59.89125,7.84573],[-59.8928,7.84448],[-59.89535,7.84314],[-59.8962,7.84229],[-59.89658,7.84046],[-59.89708,7.83965],[-59.89894,7.83909],[-59.90011,7.83974],[-59.90086,7.84198],[-59.90149,7.84264],[-59.90335,7.84274],[-59.90518,7.84246],[-59.90743,7.84182],[-59.90855,7.84201],[-59.90957,7.84308],[-59.91054,7.84331],[-59.91178,7.84233],[-59.91291,7.84263],[-59.91368,7.84213],[-59.91481,7.84208],[-59.91567,7.84312],[-59.91718,7.84295],[-59.91785,7.84314],[-59.91855,7.84399],[-59.91968,7.8441],[-59.92096,7.84452],[-59.92163,7.84509],[-59.9223,7.84617],[-59.92285,7.84803],[-59.92355,7.84841],[-59.92392,7.84996],[-59.9247,7.85073],[-59.92513,7.85189],[-59.9263,7.85157],[-59.92756,7.85388],[-59.92694,7.85458],[-59.92694,7.85513],[-59.9278,7.85617],[-59.92777,7.8571],[-59.92867,7.85775],[-59.92941,7.85786],[-59.93039,7.8596],[-59.9328,7.85946],[-59.93338,7.85911],[-59.93509,7.85879],[-59.93684,7.85893],[-59.93761,7.85803],[-59.94074,7.85611],[-59.94202,7.8558],[-59.9445,7.85477],[-59.94516,7.85473],[-59.94703,7.85561],[-59.94828,7.85722],[-59.95122,7.85999],[-59.95386,7.86083],[-59.9555,7.8619],[-59.95756,7.86196],[-59.9588,7.8611],[-59.9626,7.86053],[-59.96303,7.86018],[-59.96446,7.85986],[-59.96624,7.85872],[-59.96678,7.85818],[-59.96857,7.8582],[-59.97087,7.85892],[-59.97173,7.85977],[-59.97329,7.86177],[-59.97611,7.86404],[-59.97708,7.86496],[-59.9786,7.86526],[-59.98012,7.86622],[-59.98321,7.86875],[-59.98442,7.86894],[-59.98566,7.86877],[-59.98597,7.86846]]]},"properties":{"Name":"Sebai","Region":1,"Grant_No":"G7766","Acres":21501,"Plan_Numbe":23600}},
{"type":"Feature","geometry":{"type":"Polygon","coordinates":[[[-59.79941,3.32448],[-59.7765,3.34683],[-59.77663,3.34844],[-59.77741,3.34888],[-59.77806,3.3481],[-59.77885,3.34833],[-59.78054,3.34809],[-59.78072,3.34898],[-59.78125,3.34937],[-59.78253,3.34858],[-59.78319,3.34908],[-59.78317,3.34961],[-59.78395,3.35146],[-59.78465,3.35182],[-59.78404,3.35254],[-59.78469,3.35297],[-59.78514,3.35433],[-59.78579,3.35445],[-59.78526,3.35532],[-59.78604,3.35659],[-59.78738,3.35708],[-59.78864,3.35811],[-59.78918,3.35817],[-59.78971,3.3592],[-59.78958,3.36046],[-59.79003,3.36046],[-59.79074,3.36159],[-59.79238,3.3624],[-59.79321,3.36239],[-59.79395,3.36301],[-59.79511,3.36264],[-59.79561,3.36309],[-59.79587,3.36401],[-59.79765,3.36488],[-59.79932,3.3637],[-59.79959,3.36312],[-59.80041,3.36276],[-59.80115,3.36303],[-59.80298,3.36173],[-59.80344,3.36178],[-59.80393,3.35987],[-59.80429,3.35679],[-59.80492,3.35477],[-59.80573,3.35423],[-59.80613,3.35331],[-59.80752,3.35232],[-59.80868,3.35175],[-59.81067,3.3513],[-59.81269,3.35197],[-59.81365,3.35251],[-59.8153,3.35305],[-59.8216,3.35571],[-59.82324,3.35618],[-59.82544,3.35623],[-59.82701,3.35598],[-59.83116,3.35476],[-59.83248,3.35396],[-59.83372,3.35222],[-59.83384,3.35058],[-59.83279,3.34681],[-59.83134,3.34425],[-59.83066,3.34236],[-59.82951,3.33988],[-59.8282,3.33666],[-59.82687,3.33297],[-59.82713,3.33086],[-59.82751,3.32934],[-59.82784,3.3293],[-59.83015,3.32804],[-59.83154,3.3271],[-59.83344,3.32617],[-59.83437,3.32479],[-59.83491,3.32287],[-59.83554,3.32165],[-59.83682,3.32011],[-59.83801,3.3183],[-59.83844,3.31703],[-59.83803,3.31466],[-59.83691,3.31463],[-59.8362,3.31419],[-59.83502,3.31559],[-59.83349,3.31645],[-59.83235,3.31655],[-59.83074,3.31719],[-59.82911,3.31758],[-59.8276,3.31629],[-59.82817,3.31503],[-59.82729,3.31429],[-59.82682,3.31288],[-59.82487,3.31255],[-59.82442,3.31446],[-59.82409,3.3147],[-59.82323,3.31369],[-59.82214,3.31411],[-59.82111,3.31493],[-59.82104,3.31618],[-59.82015,3.31614],[-59.82014,3.31701],[-59.8194,3.31756],[-59.81917,3.31853],[-59.81821,3.3185],[-59.81775,3.31795],[-59.81697,3.31886],[-59.81639,3.31891],[-59.81556,3.32011],[-59.81483,3.32005],[-59.81356,3.32046],[-59.81356,3.32122],[-59.81296,3.32264],[-59.81203,3.32216],[-59.81211,3.3226],[-59.81141,3.32311],[-59.81075,3.32302],[-59.80925,3.32191],[-59.80844,3.32258],[-59.80759,3.32257],[-59.8066,3.32216],[-59.80586,3.32343],[-59.80501,3.32359],[-59.80427,3.32317],[-59.80381,3.32408],[-59.80217,3.32377],[-59.80113,3.32231],[-59.80012,3.32305],[-59.80004,3.32378],[-59.79941,3.32448]]]},"properties":{"Name":"St Ignatius Home Stead","Region":9,"Grant_No":"G7742","Acres":5042,"Plan_Numbe":23628}},
{"type":"Feature","geometry":{"type":"Polygon","coordinates":[[[-59.90269,4.93471],[-59.90363,4.93594],[-59.90349,4.93667],[-59.90382,4.9375],[-59.90368,4.93837],[-59.9044,4.93928],[-59.90535,4.9396],[-59.90567,4.94025],[-59.90542,4.94087],[-59.90818,4.94329],[-59.9085,4.94386],[-59.90881,4.94513],[-59.90903,4.94568],[-59.90912,4.9475],[-59.90926,4.94838],[-59.90988,4.95014],[-59.90924,4.95231],[-59.90808,4.95344],[-59.90758,4.95472],[-59.90759,4.95559],[-59.90719,4.95635],[-59.90604,4.95694],[-59.90617,4.95877],[-59.9064,4.95977],[-59.9067,4.96063],[-59.90758,4.96172],[-59.90947,4.96468],[-59.9101,4.967],[-59.90809,4.971],[-59.90698,4.97222],[-59.90721,4.97373],[-59.90917,4.97294],[-59.9104,4.97176],[-59.91137,4.97112],[-59.91331,4.96944],[-59.91467,4.96785],[-59.9157,4.96629],[-59.91766,4.96292],[-59.91923,4.96087],[-59.91974,4.95982],[-59.92009,4.95744],[-59.91885,4.95337],[-59.91883,4.95084],[-59.9189,4.94879],[-59.91885,4.94533],[-59.91845,4.94387],[-59.91661,4.9389],[-59.91538,4.93677],[-59.91458,4.93472],[-59.91358,4.93133],[-59.91311,4.92897],[-59.91302,4.92747],[-59.91345,4.92541],[-59.91453,4.92365],[-59.91664,4.92058],[-59.91777,4.91914],[-59.91844,4.9176],[-59.91892,4.91501],[-59.91959,4.91421],[-59.92106,4.91378],[-59.92293,4.91452],[-59.92406,4.91525],[-59.92563,4.91558],[-59.92654,4.91546],[-59.92789,4.91482],[-59.92863,4.91409],[-59.92919,4.91308],[-59.92985,4.91045],[-59.93002,4.90901],[-59.92985,4.90784],[-59.92899,4.90663],[-59.92634,4.90551],[-59.9254,4.90461],[-59.92475,4.90268],[-59.9249,4.89842],[-59.92448,4.89691],[-59.92339,4.89564],[-59.92193,4.89498],[-59.92006,4.8936],[-59.9195,4.89168],[-59.91981,4.89051],[-59.92097,4.88927],[-59.92234,4.88891],[-59.92325,4.88829],[-59.92537,4.88515],[-59.92791,4.8836],[-59.92882,4.88278],[-59.92979,4.88227],[-59.93172,4.88201],[-59.93279,4.88225],[-59.938,4.8816],[-59.93926,4.88171],[-59.94193,4.88137],[-59.94309,4.88041],[-59.94392,4.87875],[-59.94407,4.87747],[-59.94506,4.87655],[-59.94679,4.8766],[-59.94763,4.87596],[-59.94778,4.87435],[-59.94579,4.87216],[-59.94568,4.87106],[-59.94618,4.86964],[-59.94705,4.8688],[-59.94775,4.86753],[-59.9489,4.86459],[-59.94907,4.86346],[-59.94907,4.86215],[-59.94866,4.86024],[-59.94758,4.85845],[-59.94745,4.85624],[-59.94812,4.8544],[-59.94828,4.85262],[-59.94754,4.85034],[-59.94766,4.84892],[-59.948,4.84817],[-59.94905,4.84731],[-59.95119,4.84633],[-59.9523,4.8454],[-59.95392,4.84297],[-59.95551,4.84108],[-59.95721,4.83961],[-59.95806,4.83834],[-59.95925,4.83609],[-59.96013,4.83354],[-59.9606,4.83281],[-59.96204,4.83152],[-59.96253,4.83083],[-59.96309,4.82909],[-59.96324,4.82639],[-59.96323,4.82428],[-59.96289,4.82033],[-59.96307,4.81934],[-59.964,4.81806],[-59.96514,4.81727],[-59.96677,4.81693],[-59.96844,4.81542],[-59.9721,4.81262],[-59.97338,4.81234],[-59.97553,4.81085],[-59.97774,4.81022],[-59.97882,4.80944],[-59.97985,4.80808],[-59.98029,4.80656],[-59.97793,4.8051],[-59.97275,4.80356],[-59.97092,4.80286],[-59.96897,4.80293],[-59.96787,4.80334],[-59.96649,4.80319],[-59.96504,4.80228],[-59.96397,4.80115],[-59.96308,4.79982],[-59.96257,4.79844],[-59.96239,4.79685],[-59.96283,4.79503],[-59.96294,4.79316],[-59.96249,4.79174],[-59.96137,4.78945],[-59.96056,4.78695],[-59.96201,4.78264],[-59.96199,4.78144],[-59.96225,4.77975],[-59.96371,4.77472],[-59.96392,4.7728],[-59.96361,4.77105],[-59.96283,4.76889],[-59.96267,4.76778],[-59.9628,4.76586],[-59.9626,4.76451],[-59.96267,4.76314],[-59.96301,4.76182],[-59.96181,4.76252],[-59.96133,4.76373],[-59.96136,4.76549],[-59.96211,4.76599],[-59.96119,4.76675],[-59.95921,4.76585],[-59.95796,4.76546],[-59.95528,4.76553],[-59.95467,4.76517],[-59.95419,4.76394],[-59.95289,4.76283],[-59.95081,4.76397],[-59.95037,4.76378],[-59.94933,4.7622],[-59.94817,4.76255],[-59.94625,4.76429],[-59.9456,4.76459],[-59.94485,4.76568],[-59.94359,4.76839],[-59.94291,4.76937],[-59.94243,4.76941],[-59.94143,4.76862],[-59.93929,4.76811],[-59.93847,4.76883],[-59.9382,4.77031],[-59.93722,4.77126],[-59.93699,4.77236],[-59.9362,4.7738],[-59.9354,4.77351],[-59.93473,4.77393],[-59.93365,4.77403],[-59.93325,4.77447],[-59.93375,4.77588],[-59.93228,4.77602],[-59.93184,4.77667],[-59.93135,4.77953],[-59.93046,4.77967],[-59.93042,4.77882],[-59.9293,4.77768],[-59.92844,4.77752],[-59.92753,4.77779],[-59.92683,4.77883],[-59.92734,4.78024],[-59.92729,4.78123],[-59.92625,4.78186],[-59.92695,4.78453],[-59.9269,4.78607],[-59.9264,4.78711],[-59.9248,4.78848],[-59.92369,4.79028],[-59.92304,4.79042],[-59.92207,4.79008],[-59.92114,4.79101],[-59.92063,4.79275],[-59.91976,4.79334],[-59.9185,4.79468],[-59.9185,4.79469],[-59.91846,4.79478],[-59.91853,4.79529],[-59.91787,4.79598],[-59.91637,4.79603],[-59.91494,4.79672],[-59.91511,4.79797],[-59.9143,4.79934],[-59.91347,4.80014],[-59.91279,4.80118],[-59.91177,4.80168],[-59.91085,4.80265],[-59.91087,4.80306],[-59.91259,4.8047],[-59.91325,4.80482],[-59.91283,4.80622],[-59.91211,4.80725],[-59.9112,4.808],[-59.91035,4.80834],[-59.91078,4.80907],[-59.91068,4.80978],[-59.90929,4.8104],[-59.90801,4.81173],[-59.90688,4.81262],[-59.90457,4.81354],[-59.90486,4.81466],[-59.90416,4.81515],[-59.9035,4.81489],[-59.90322,4.81541],[-59.90377,4.81634],[-59.90271,4.81816],[-59.90145,4.81779],[-59.89997,4.81816],[-59.8992,4.8181],[-59.89835,4.81755],[-59.89836,4.81709],[-59.8974,4.81751],[-59.89651,4.81727],[-59.89637,4.8183],[-59.89441,4.81939],[-59.89496,4.82032],[-59.89421,4.82033],[-59.8942,4.8218],[-59.89328,4.82199],[-59.89317,4.82137],[-59.89177,4.82168],[-59.89072,4.82114],[-59.88889,4.82174],[-59.88815,4.82329],[-59.88702,4.82408],[-59.88767,4.82532],[-59.88758,4.82639],[-59.88566,4.82794],[-59.8849,4.82821],[-59.88394,4.82917],[-59.88356,4.82795],[-59.88281,4.82873],[-59.88187,4.8305],[-59.88204,4.83258],[-59.88057,4.83256],[-59.88024,4.83322],[-59.88046,4.83393],[-59.87925,4.83527],[-59.87871,4.83662],[-59.87719,4.8365],[-59.87741,4.83767],[-59.87724,4.8385],[-59.87599,4.84024],[-59.87524,4.83972],[-59.87454,4.83976],[-59.87365,4.84073],[-59.87242,4.8428],[-59.86987,4.84366],[-59.86971,4.84493],[-59.86904,4.84535],[-59.86645,4.84625],[-59.86625,4.84687],[-59.86506,4.84741],[-59.86488,4.84866],[-59.86358,4.84966],[-59.86275,4.84984],[-59.86248,4.8504],[-59.861,4.85107],[-59.86076,4.85191],[-59.85942,4.85257],[-59.85839,4.85473],[-59.85751,4.85535],[-59.85738,4.85629],[-59.8568,4.85648],[-59.85566,4.85599],[-59.85425,4.8572],[-59.8549,4.85805],[-59.85406,4.85896],[-59.85288,4.85922],[-59.85143,4.85858],[-59.85055,4.85924],[-59.85059,4.86005],[-59.84971,4.86016],[-59.84901,4.85973],[-59.84838,4.85997],[-59.84846,4.86093],[-59.84785,4.8625],[-59.84615,4.86363],[-59.84585,4.86456],[-59.8445,4.866],[-59.84441,4.86672],[-59.84374,4.86791],[-59.84247,4.86879],[-59.84157,4.8687],[-59.84033,4.86819],[-59.83979,4.86728],[-59.8388,4.86669],[-59.83783,4.8652],[-59.83678,4.86455],[-59.83491,4.86514],[-59.83193,4.865],[-59.83129,4.8671],[-59.82858,4.86774],[-59.82585,4.86782],[-59.82215,4.86901],[-59.82034,4.87024],[-59.81787,4.87033],[-59.8167,4.86982],[-59.81366,4.86892],[-59.82218,4.87966],[-59.86166,4.929],[-59.86151,4.92971],[-59.86183,4.93076],[-59.86274,4.93115],[-59.86353,4.93111],[-59.86434,4.93063],[-59.86502,4.93025],[-59.86638,4.92943],[-59.867,4.92979],[-59.86841,4.9288],[-59.86804,4.92793],[-59.86873,4.92724],[-59.87006,4.92716],[-59.87049,4.92611],[-59.87125,4.92603],[-59.87295,4.92472],[-59.87396,4.92515],[-59.875,4.92384],[-59.8759,4.92313],[-59.87659,4.92268],[-59.87819,4.9221],[-59.87898,4.9218],[-59.88049,4.92139],[-59.88158,4.92265],[-59.88241,4.92269],[-59.88343,4.92362],[-59.88421,4.9238],[-59.8851,4.92387],[-59.88604,4.92379],[-59.88864,4.92284],[-59.8895,4.92218],[-59.89678,4.92977],[-59.89945,4.93215],[-59.89997,4.93385],[-59.90127,4.93432],[-59.90196,4.93374],[-59.90269,4.93471]]]},"properties":{"Name":"Kamana","Region":8,"Grant_No":"G7754","Acres":37815,"Plan_Numbe":23677}},
{"type":"Feature","geometry":{"type":"Polygon","coordinates":[[[-59.37267,2.99612],[-59.37297,2.99659],[-59.37165,2.99714],[-59.37026,2.9974],[-59.36988,2.99783],[-59.36932,3.00045],[-59.36893,3.00126],[-59.36625,3.00432],[-59.36509,3.00522],[-59.36415,3.00675],[-59.36375,3.00805],[-59.36256,3.00961],[-59.36036,3.01184],[-59.35895,3.01348],[-59.3579,3.01434],[-59.3575,3.01585],[-59.35645,3.01755],[-59.35657,3.019],[-59.35628,3.01943],[-59.35476,3.02004],[-59.35406,3.02138],[-59.35165,3.02222],[-59.35044,3.0222],[-59.34958,3.02318],[-59.34811,3.02385],[-59.34676,3.02404],[-59.34562,3.02479],[-59.34482,3.02659],[-59.34405,3.02721],[-59.34261,3.02742],[-59.34212,3.02821],[-59.33903,3.0295],[-59.33884,3.03042],[-59.33809,3.03136],[-59.33629,3.03258],[-59.33603,3.03333],[-59.33652,3.03495],[-59.33632,3.03698],[-59.33477,3.03808],[-59.33407,3.03952],[-59.33217,3.04244],[-59.33197,3.0431],[-59.3325,3.04528],[-59.33178,3.04759],[-59.3303,3.04959],[-59.32938,3.05045],[-59.32661,3.05187],[-59.32556,3.05198],[-59.32447,3.05248],[-59.32376,3.05312],[-59.3238,3.05378],[-59.3246,3.05442],[-59.32544,3.05574],[-59.32579,3.05843],[-59.326,3.05913],[-59.32718,3.0604],[-59.32747,3.06113],[-59.32741,3.06299],[-59.3271,3.06406],[-59.32738,3.06497],[-59.32716,3.06583],[-59.32624,3.06687],[-59.32628,3.06792],[-59.32717,3.06845],[-59.32846,3.06862],[-59.33009,3.06837],[-59.33279,3.06764],[-59.33377,3.0682],[-59.33439,3.06903],[-59.33485,3.07114],[-59.33453,3.07316],[-59.33305,3.07624],[-59.33228,3.07878],[-59.33236,3.08046],[-59.33212,3.08136],[-59.33035,3.083],[-59.33105,3.12611],[-59.32981,3.12603],[-59.32562,3.12743],[-59.32309,3.12807],[-59.3217,3.12857],[-59.31969,3.12874],[-59.31892,3.12913],[-59.3178,3.13062],[-59.31745,3.13162],[-59.31749,3.13258],[-59.31837,3.13421],[-59.31953,3.13483],[-59.32074,3.13516],[-59.32113,3.13653],[-59.31978,3.1382],[-59.31926,3.13933],[-59.31933,3.14011],[-59.32013,3.14195],[-59.31976,3.14286],[-59.31836,3.14367],[-59.31775,3.14458],[-59.318,3.14576],[-59.31842,3.14595],[-59.31944,3.14512],[-59.32033,3.14488],[-59.32087,3.14549],[-59.32224,3.14569],[-59.32326,3.14529],[-59.32436,3.14591],[-59.32618,3.14735],[-59.32713,3.14751],[-59.32818,3.1481],[-59.32956,3.14927],[-59.33173,3.14992],[-59.33259,3.15046],[-59.33353,3.15151],[-59.33326,3.15224],[-59.33369,3.15364],[-59.33457,3.15415],[-59.33531,3.15583],[-59.33678,3.15799],[-59.33784,3.1588],[-59.33955,3.15853],[-59.34083,3.15796],[-59.34244,3.15883],[-59.34344,3.15812],[-59.34441,3.15806],[-59.3454,3.15697],[-59.34513,3.15585],[-59.34573,3.15451],[-59.34719,3.15357],[-59.35048,3.15373],[-59.35117,3.15359],[-59.35434,3.15196],[-59.35624,3.15367],[-59.35672,3.15271],[-59.35764,3.15234],[-59.35835,3.15268],[-59.35852,3.1546],[-59.36086,3.15572],[-59.36105,3.15805],[-59.36218,3.15909],[-59.36265,3.15884],[-59.36359,3.15906],[-59.36458,3.15968],[-59.36677,3.15981],[-59.36816,3.15959],[-59.37006,3.16023],[-59.37104,3.16013],[-59.37163,3.16086],[-59.3713,3.16297],[-59.37165,3.16311],[-59.37243,3.16233],[-59.37254,3.16355],[-59.37288,3.1638],[-59.37468,3.16308],[-59.37508,3.16353],[-59.3749,3.16458],[-59.37624,3.16523],[-59.37632,3.16465],[-59.37785,3.16427],[-59.37854,3.16206],[-59.37911,3.16205],[-59.37948,3.16353],[-59.38122,3.16391],[-59.38214,3.16388],[-59.3841,3.16315],[-59.38486,3.16382],[-59.38648,3.16365],[-59.38783,3.16458],[-59.39029,3.16476],[-59.39098,3.16454],[-59.39131,3.16517],[-59.3904,3.1658],[-59.39053,3.16679],[-59.39113,3.16746],[-59.39339,3.16829],[-59.39475,3.16803],[-59.39693,3.16834],[-59.39943,3.1679],[-59.4016,3.16904],[-59.40102,3.1705],[-59.40203,3.17166],[-59.40242,3.17246],[-59.40201,3.17297],[-59.40382,3.17357],[-59.40602,3.17332],[-59.4053,3.17297],[-59.40465,3.17196],[-59.40369,3.16972],[-59.40336,3.16721],[-59.40459,3.16713],[-59.40499,3.16676],[-59.41034,3.1647],[-59.41158,3.16444],[-59.41225,3.16352],[-59.41238,3.16151],[-59.41353,3.15977],[-59.41555,3.15985],[-59.4163,3.16012],[-59.41746,3.16008],[-59.41794,3.15967],[-59.41916,3.1562],[-59.41916,3.15498],[-59.42047,3.15276],[-59.42043,3.15219],[-59.41969,3.15119],[-59.41995,3.14861],[-59.41944,3.14716],[-59.41952,3.14543],[-59.42051,3.14431],[-59.4215,3.14428],[-59.42333,3.1433],[-59.42434,3.14185],[-59.42419,3.13984],[-59.42485,3.13824],[-59.42521,3.13602],[-59.42471,3.1338],[-59.42388,3.13201],[-59.42265,3.13108],[-59.42183,3.13],[-59.42155,3.1285],[-59.42225,3.12727],[-59.42522,3.12524],[-59.42944,3.12329],[-59.4344,3.12181],[-59.43666,3.12039],[-59.43829,3.11869],[-59.43904,3.11831],[-59.44039,3.11635],[-59.44068,3.11554],[-59.44357,3.11232],[-59.44479,3.11138],[-59.446,3.1101],[-59.44719,3.10916],[-59.44756,3.10804],[-59.44858,3.10654],[-59.44933,3.10593],[-59.45168,3.10601],[-59.45274,3.10523],[-59.45309,3.10401],[-59.45354,3.10344],[-59.45325,3.10139],[-59.45492,3.09816],[-59.45513,3.09577],[-59.45552,3.09421],[-59.45649,3.09139],[-59.45672,3.08924],[-59.45705,3.08849],[-59.45737,3.08663],[-59.45889,3.08464],[-59.45999,3.08392],[-59.4609,3.0837],[-59.46224,3.083],[-59.46332,3.08185],[-59.46428,3.07979],[-59.46523,3.07631],[-59.46517,3.07252],[-59.46536,3.07139],[-59.46582,3.07059],[-59.46696,3.06953],[-59.46941,3.06827],[-59.47018,3.06825],[-59.47163,3.0687],[-59.47316,3.06853],[-59.4742,3.06795],[-59.47535,3.06679],[-59.47631,3.06486],[-59.47645,3.06301],[-59.47604,3.06109],[-59.47644,3.05984],[-59.47719,3.05853],[-59.47856,3.05794],[-59.48128,3.05747],[-59.4843,3.05574],[-59.48499,3.05478],[-59.48631,3.04954],[-59.48712,3.04519],[-59.48772,3.04422],[-59.48973,3.04291],[-59.49156,3.04236],[-59.49376,3.04242],[-59.49608,3.04347],[-59.50062,3.04215],[-59.50203,3.04123],[-59.50365,3.03994],[-59.5041,3.03989],[-59.50689,3.04094],[-59.50767,3.03988],[-59.50807,3.03873],[-59.50803,3.03776],[-59.50736,3.03683],[-59.50526,3.03646],[-59.50351,3.0375],[-59.50275,3.03844],[-59.50201,3.03884],[-59.50085,3.04005],[-59.5005,3.03997],[-59.49924,3.03828],[-59.49894,3.03742],[-59.4991,3.03565],[-59.50077,3.03261],[-59.50151,3.03091],[-59.50313,3.02963],[-59.50462,3.02956],[-59.50702,3.02756],[-59.50816,3.02621],[-59.50916,3.02568],[-59.50976,3.02579],[-59.50995,3.02647],[-59.51105,3.02706],[-59.51191,3.02801],[-59.51285,3.02831],[-59.51475,3.02815],[-59.51756,3.02698],[-59.51996,3.0239],[-59.52109,3.02304],[-59.52341,3.0217],[-59.52455,3.02146],[-59.52526,3.021],[-59.53026,3.02004],[-59.53175,3.02016],[-59.53411,3.02087],[-59.53596,3.02213],[-59.53719,3.02279],[-59.53838,3.02263],[-59.5393,3.02219],[-59.54114,3.02053],[-59.54116,3.01878],[-59.54042,3.01661],[-59.54073,3.01525],[-59.54102,3.01219],[-59.54194,3.00876],[-59.5417,3.00729],[-59.54088,3.00637],[-59.54051,3.00543],[-59.54072,3.00388],[-59.5417,3.00253],[-59.54349,3.00186],[-59.54395,3.00201],[-59.54578,3.00174],[-59.54786,3.00173],[-59.5491,3.00061],[-59.54957,2.99794],[-59.54924,2.99658],[-59.5487,2.99631],[-59.54475,2.99633],[-59.54356,2.99623],[-59.54227,2.99574],[-59.53991,2.99407],[-59.53884,2.99444],[-59.53836,2.99562],[-59.5378,2.99594],[-59.53697,2.99551],[-59.53649,2.99307],[-59.53582,2.99179],[-59.53427,2.99076],[-59.53283,2.9893],[-59.53232,2.98619],[-59.53137,2.98484],[-59.5313,2.98357],[-59.53186,2.98239],[-59.53301,2.9817],[-59.53489,2.98106],[-59.53585,2.97689],[-59.53566,2.97447],[-59.53509,2.97316],[-59.53565,2.97227],[-59.53573,2.97155],[-59.53378,2.96833],[-59.53319,2.96847],[-59.53318,2.96927],[-59.53145,2.96996],[-59.53015,2.96939],[-59.52915,2.96858],[-59.5285,2.96751],[-59.52854,2.96693],[-59.52726,2.9655],[-59.52644,2.96518],[-59.52377,2.96466],[-59.52243,2.9647],[-59.52061,2.96514],[-59.5197,2.96459],[-59.51776,2.96237],[-59.51734,2.96133],[-59.51673,2.95888],[-59.51671,2.95663],[-59.51709,2.95598],[-59.51764,2.95396],[-59.51795,2.95213],[-59.51773,2.95089],[-59.51689,2.95025],[-59.51456,2.94993],[-59.5137,2.94935],[-59.51224,2.9464],[-59.51198,2.94488],[-59.51149,2.94336],[-59.51085,2.94245],[-59.50922,2.94115],[-59.50804,2.94122],[-59.50697,2.94193],[-59.50622,2.94311],[-59.50549,2.94375],[-59.50472,2.94524],[-59.50389,2.94558],[-59.50243,2.94424],[-59.50027,2.94249],[-59.49933,2.94217],[-59.49658,2.94279],[-59.49524,2.94249],[-59.4931,2.94114],[-59.49182,2.9406],[-59.4906,2.94082],[-59.48963,2.94154],[-59.48829,2.94293],[-59.48768,2.94288],[-59.48698,2.94212],[-59.486,2.93985],[-59.48478,2.93797],[-59.48444,2.937],[-59.48343,2.93664],[-59.47949,2.93645],[-59.47899,2.9359],[-59.4782,2.9336],[-59.47784,2.93326],[-59.47714,2.93398],[-59.47731,2.93454],[-59.47679,2.935],[-59.47512,2.93523],[-59.4748,2.93554],[-59.4748,2.93561],[-59.47322,2.93694],[-59.47119,2.93912],[-59.46915,2.93908],[-59.46826,2.93805],[-59.46634,2.9388],[-59.4664,2.94012],[-59.46581,2.9407],[-59.46566,2.9415],[-59.4649,2.94149],[-59.46354,2.94275],[-59.46019,2.94358],[-59.45932,2.94429],[-59.4595,2.94539],[-59.45825,2.94489],[-59.45761,2.94504],[-59.45694,2.94457],[-59.45609,2.94551],[-59.45572,2.94428],[-59.45487,2.94536],[-59.45377,2.94561],[-59.45208,2.94486],[-59.45163,2.94434],[-59.44973,2.94564],[-59.44812,2.9463],[-59.44837,2.94532],[-59.44772,2.94467],[-59.44727,2.94476],[-59.44589,2.94594],[-59.44522,2.94623],[-59.4436,2.94594],[-59.44361,2.94677],[-59.44291,2.94603],[-59.44146,2.94696],[-59.44034,2.94618],[-59.43913,2.94714],[-59.43769,2.94672],[-59.43705,2.94749],[-59.4351,2.94713],[-59.4356,2.9461],[-59.43308,2.9461],[-59.43283,2.9464],[-59.43115,2.94574],[-59.43088,2.94604],[-59.4314,2.94678],[-59.43106,2.94699],[-59.42996,2.94636],[-59.42883,2.94724],[-59.42845,2.94645],[-59.42806,2.94675],[-59.42741,2.94884],[-59.42611,2.9504],[-59.42469,2.95048],[-59.42287,2.95002],[-59.4224,2.95098],[-59.42186,2.95122],[-59.421,2.95042],[-59.4201,2.9501],[-59.41849,2.95106],[-59.41838,2.9516],[-59.41727,2.95164],[-59.4175,2.95259],[-59.41733,2.95417],[-59.41759,2.95556],[-59.41569,2.95452],[-59.41541,2.95471],[-59.41528,2.95595],[-59.41369,2.95633],[-59.41341,2.956],[-59.41273,2.95643],[-59.41191,2.95591],[-59.40935,2.95804],[-59.40836,2.95803],[-59.40805,2.95711],[-59.40749,2.95696],[-59.40679,2.95752],[-59.40645,2.95881],[-59.40574,2.95888],[-59.40559,2.95807],[-59.40453,2.9586],[-59.40452,2.95926],[-59.40367,2.95951],[-59.40318,2.95869],[-59.40271,2.95918],[-59.40179,2.95909],[-59.40181,2.9597],[-59.39987,2.95987],[-59.39934,2.95947],[-59.39827,2.96002],[-59.39735,2.95937],[-59.39682,2.95945],[-59.3971,2.95846],[-59.39667,2.95836],[-59.39485,2.95942],[-59.3948,2.95949],[-59.39534,2.96081],[-59.39464,2.96111],[-59.39438,2.96228],[-59.39384,2.96244],[-59.39424,2.96349],[-59.39384,2.96448],[-59.39389,2.96585],[-59.39364,2.96639],[-59.3941,2.96726],[-59.39379,2.96765],[-59.392,2.96784],[-59.39234,2.96848],[-59.39136,2.96844],[-59.3916,2.96943],[-59.39134,2.97035],[-59.39206,2.96988],[-59.39276,2.97027],[-59.39277,2.97124],[-59.39201,2.97144],[-59.39178,2.97225],[-59.39075,2.97293],[-59.39128,2.97299],[-59.39079,2.97421],[-59.39151,2.97472],[-59.39042,2.97526],[-59.38942,2.97679],[-59.38637,2.97783],[-59.38688,2.97826],[-59.38709,2.97927],[-59.38599,2.97944],[-59.38519,2.9803],[-59.38447,2.9805],[-59.38384,2.98167],[-59.38205,2.98177],[-59.38128,2.98241],[-59.38172,2.9826],[-59.38129,2.9834],[-59.37932,2.98429],[-59.37919,2.98463],[-59.37794,2.98532],[-59.37703,2.98666],[-59.37668,2.99016],[-59.37672,2.99172],[-59.37634,2.99251],[-59.37445,2.99374],[-59.37314,2.99407],[-59.37256,2.99568],[-59.37267,2.99612]]]},"properties":{"Name":"Sand Creek","Region":9,"Grant_No":"G7744","Acres":89409,"Plan_Numbe":23601}},
{"type":"Feature","geometry":{"type":"Polygon","coordinates":[[[-59.67388,3.36175],[-59.70092,3.36163],[-59.70005,3.31712],[-59.69933,3.31741],[-59.69769,3.3186],[-59.69738,3.31952],[-59.69667,3.32035],[-59.69651,3.32131],[-59.69511,3.32261],[-59.69351,3.3233],[-59.69274,3.32423],[-59.69172,3.325],[-59.69153,3.3258],[-59.69081,3.32618],[-59.68956,3.32636],[-59.6882,3.32711],[-59.68646,3.327],[-59.68526,3.32715],[-59.68358,3.32616],[-59.68078,3.32348],[-59.67942,3.3239],[-59.67867,3.32332],[-59.6762,3.32334],[-59.67497,3.32457],[-59.67822,3.30081],[-59.69369,3.30128],[-59.70579,3.28586],[-59.70611,3.28509],[-59.70514,3.28531],[-59.70343,3.28556],[-59.70256,3.28491],[-59.70241,3.28424],[-59.70183,3.28439],[-59.70117,3.2836],[-59.70079,3.28237],[-59.69963,3.28219],[-59.6997,3.28154],[-59.69867,3.28048],[-59.69796,3.28045],[-59.69763,3.27948],[-59.69666,3.27904],[-59.69618,3.27984],[-59.69534,3.2799],[-59.69425,3.27885],[-59.6931,3.27813],[-59.69123,3.27757],[-59.69058,3.277],[-59.68943,3.27459],[-59.68749,3.27318],[-59.68484,3.27205],[-59.68354,3.27029],[-59.68175,3.26857],[-59.68018,3.26733],[-59.67757,3.26549],[-59.67497,3.26454],[-59.67347,3.26452],[-59.67324,3.26524],[-59.6735,3.26591],[-59.67469,3.26729],[-59.67441,3.26825],[-59.67303,3.26837],[-59.67186,3.26794],[-59.66972,3.2651],[-59.66814,3.26464],[-59.66612,3.26594],[-59.6652,3.26692],[-59.66334,3.26837],[-59.66151,3.26859],[-59.66036,3.2676],[-59.66034,3.2658],[-59.66104,3.26301],[-59.6611,3.26216],[-59.66076,3.26135],[-59.65915,3.26061],[-59.65745,3.26049],[-59.65487,3.26094],[-59.65263,3.2609],[-59.65164,3.26123],[-59.65006,3.2608],[-59.6486,3.25911],[-59.64703,3.25856],[-59.64589,3.25868],[-59.64315,3.26014],[-59.64209,3.26082],[-59.64068,3.26122],[-59.64026,3.26224],[-59.63972,3.26255],[-59.63874,3.26231],[-59.63719,3.26044],[-59.63551,3.25896],[-59.63346,3.25843],[-59.62963,3.25719],[-59.62848,3.2572],[-59.62736,3.25804],[-59.62676,3.25906],[-59.62587,3.25989],[-59.62552,3.26079],[-59.62538,3.26268],[-59.62576,3.26568],[-59.62494,3.26777],[-59.624,3.26887],[-59.6222,3.27008],[-59.62159,3.2701],[-59.61998,3.26845],[-59.61826,3.26752],[-59.61701,3.26764],[-59.61477,3.26883],[-59.61302,3.27055],[-59.61031,3.27297],[-59.60967,3.27309],[-59.6084,3.2722],[-59.60796,3.27141],[-59.60601,3.26943],[-59.60479,3.2676],[-59.60478,3.26754],[-59.60461,3.26626],[-59.60577,3.26287],[-59.60609,3.26155],[-59.60652,3.25868],[-59.60696,3.2571],[-59.60677,3.25526],[-59.60596,3.25459],[-59.60466,3.25403],[-59.6037,3.25388],[-59.60199,3.25431],[-59.60002,3.25542],[-59.59889,3.2556],[-59.59529,3.25521],[-59.59302,3.25522],[-59.59017,3.25609],[-59.58812,3.25765],[-59.58654,3.26],[-59.58543,3.2605],[-59.58364,3.26085],[-59.58203,3.26211],[-59.58151,3.26289],[-59.58101,3.26553],[-59.57963,3.26681],[-59.5766,3.2671],[-59.57521,3.26765],[-59.57384,3.2687],[-59.57302,3.26967],[-59.57251,3.27132],[-59.57224,3.27338],[-59.57236,3.27846],[-59.57215,3.2808],[-59.57173,3.28274],[-59.57189,3.28462],[-59.57249,3.28613],[-59.57436,3.28811],[-59.5745,3.28966],[-59.57378,3.29031],[-59.57243,3.29103],[-59.56987,3.29184],[-59.56752,3.29224],[-59.55936,3.29246],[-59.55734,3.29273],[-59.55586,3.29313],[-59.5533,3.2942],[-59.55185,3.29528],[-59.5508,3.29719],[-59.55046,3.2991],[-59.55055,3.29994],[-59.55168,3.30237],[-59.55199,3.30348],[-59.55171,3.30478],[-59.55111,3.30571],[-59.55029,3.30639],[-59.54752,3.30735],[-59.54638,3.30868],[-59.54622,3.30988],[-59.54637,3.31116],[-59.54697,3.31256],[-59.54695,3.3149],[-59.54609,3.31601],[-59.54457,3.31695],[-59.54287,3.31755],[-59.54111,3.31838],[-59.53958,3.3188],[-59.53759,3.31884],[-59.53574,3.31834],[-59.53339,3.31857],[-59.53164,3.31946],[-59.53102,3.32015],[-59.53072,3.32238],[-59.53136,3.32319],[-59.53217,3.32482],[-59.53224,3.32558],[-59.53278,3.3268],[-59.53196,3.32871],[-59.53251,3.32965],[-59.53245,3.33104],[-59.53163,3.3329],[-59.53166,3.33358],[-59.53278,3.33435],[-59.53235,3.33514],[-59.52961,3.33541],[-59.52564,3.33537],[-59.52508,3.33608],[-59.5233,3.33601],[-59.52122,3.33613],[-59.51953,3.33579],[-59.51859,3.33607],[-59.51511,3.33593],[-59.51464,3.33633],[-59.51421,3.3374],[-59.5123,3.33705],[-59.51083,3.33848],[-59.51043,3.3404],[-59.50973,3.34204],[-59.50959,3.34384],[-59.50991,3.34429],[-59.50958,3.34629],[-59.50922,3.34743],[-59.50939,3.34858],[-59.50899,3.35072],[-59.50794,3.35145],[-59.50793,3.35318],[-59.50822,3.35412],[-59.50759,3.35463],[-59.50695,3.35574],[-59.5076,3.35683],[-59.50637,3.35939],[-59.50579,3.36017],[-59.506,3.36157],[-59.50643,3.36187],[-59.50577,3.36317],[-59.50653,3.36308],[-59.50655,3.36385],[-59.507,3.364],[-59.50649,3.36633],[-59.55659,3.36247],[-59.67388,3.36175]]]},"properties":{"Name":"Moco Moco","Region":9,"Grant_No":"G7734","Acres":45595,"Plan_Numbe":23598}},
{"type":"Feature","geometry":{"type":"Polygon","coordinates":[[[-59.45994,7.88894],[-59.48008,7.84404],[-59.48166,7.83965],[-59.48281,7.83593],[-59.48471,7.83127],[-59.48459,7.82922],[-59.48414,7.82825],[-59.48258,7.82756],[-59.48065,7.82858],[-59.47995,7.82856],[-59.47951,7.82906],[-59.47775,7.83005],[-59.47548,7.82999],[-59.47192,7.82895],[-59.46836,7.82688],[-59.46584,7.82567],[-59.46396,7.82546],[-59.46144,7.82605],[-59.45982,7.82617],[-59.45647,7.82666],[-59.45407,7.82786],[-59.45258,7.82917],[-59.45006,7.83277],[-59.44504,7.83872],[-59.44395,7.84037],[-59.44208,7.84401],[-59.44085,7.84762],[-59.44126,7.84857],[-59.44304,7.84941],[-59.44694,7.85212],[-59.44925,7.85423],[-59.45028,7.85637],[-59.45048,7.85985],[-59.44921,7.86284],[-59.4476,7.8655],[-59.4463,7.86708],[-59.44501,7.86817],[-59.44298,7.86941],[-59.44118,7.87018],[-59.43816,7.87124],[-59.43907,7.87288],[-59.44012,7.8734],[-59.441,7.87307],[-59.44149,7.87335],[-59.44127,7.87477],[-59.4416,7.87577],[-59.44323,7.87738],[-59.44422,7.87747],[-59.44577,7.87693],[-59.44793,7.87685],[-59.4504,7.87757],[-59.45263,7.87764],[-59.45415,7.87689],[-59.45527,7.87688],[-59.45572,7.87743],[-59.45583,7.87838],[-59.45677,7.87922],[-59.45733,7.88182],[-59.45794,7.88292],[-59.45943,7.88458],[-59.45929,7.88766],[-59.45994,7.88894]]]},"properties":{"Name":"Red Hill","Region":1,"Grant_No":"G7760","Acres":4642,"Plan_Numbe":23707}},
{"type":"Feature","geometry":{"type":"Polygon","coordinates":[[[-58.8571,7.5983],[-58.85711,7.59834],[-58.8604,7.59639],[-58.90027,7.57282],[-58.94415,7.54686],[-58.95887,7.53912],[-58.96314,7.53776],[-58.96627,7.53837],[-58.96837,7.54066],[-58.97222,7.54625],[-58.97436,7.54906],[-58.97508,7.55245],[-58.97623,7.55541],[-58.97822,7.5571],[-58.9814,7.55728],[-58.98374,7.55651],[-58.98954,7.55592],[-58.99449,7.55561],[-58.99662,7.55731],[-58.99746,7.55602],[-58.99855,7.55396],[-58.99898,7.55268],[-59.00104,7.54488],[-59.00202,7.54177],[-59.00215,7.53973],[-59.00022,7.53472],[-58.99872,7.53177],[-58.99672,7.52726],[-58.99473,7.52232],[-58.99311,7.51779],[-58.99173,7.51348],[-58.99084,7.50811],[-58.98788,7.50892],[-58.98654,7.50835],[-58.98342,7.50642],[-58.98171,7.50636],[-58.97916,7.50726],[-58.97809,7.50807],[-58.97753,7.50883],[-58.97676,7.51053],[-58.97578,7.51188],[-58.97475,7.51293],[-58.97334,7.51402],[-58.97223,7.5146],[-58.96992,7.51488],[-58.96787,7.51436],[-58.96597,7.5133],[-58.96518,7.51244],[-58.96424,7.51024],[-58.96323,7.50873],[-58.96114,7.50736],[-58.95851,7.5063],[-58.95798,7.50595],[-58.95517,7.50295],[-58.95286,7.50086],[-58.94997,7.4986],[-58.94893,7.4981],[-58.94755,7.49809],[-58.94566,7.49943],[-58.94493,7.50062],[-58.94356,7.50425],[-58.94237,7.50528],[-58.94103,7.50524],[-58.93985,7.50471],[-58.93801,7.50274],[-58.9371,7.50235],[-58.9351,7.50246],[-58.93361,7.50355],[-58.93256,7.50514],[-58.93094,7.50855],[-58.92943,7.51082],[-58.92747,7.51214],[-58.92526,7.51277],[-58.92145,7.51417],[-58.9196,7.51495],[-58.9183,7.51604],[-58.91741,7.51725],[-58.91654,7.51883],[-58.91504,7.52259],[-58.91405,7.52322],[-58.91182,7.52371],[-58.91032,7.52374],[-58.9083,7.52349],[-58.90583,7.52267],[-58.90313,7.52124],[-58.9014,7.52071],[-58.90005,7.52066],[-58.89767,7.52116],[-58.89645,7.52166],[-58.89508,7.52299],[-58.8934,7.52619],[-58.89059,7.53265],[-58.89037,7.53553],[-58.89106,7.53689],[-58.894,7.53887],[-58.89531,7.54069],[-58.89592,7.54221],[-58.89603,7.54361],[-58.89532,7.54524],[-58.89428,7.54625],[-58.89095,7.54823],[-58.88964,7.54928],[-58.88896,7.55132],[-58.88924,7.55333],[-58.88994,7.55547],[-58.89024,7.55697],[-58.89018,7.55818],[-58.8898,7.55922],[-58.88873,7.56067],[-58.88699,7.56183],[-58.88624,7.56199],[-58.88411,7.56139],[-58.88237,7.56016],[-58.8798,7.55703],[-58.87931,7.55669],[-58.87739,7.55615],[-58.87629,7.5561],[-58.87499,7.55646],[-58.87361,7.5574],[-58.87285,7.5582],[-58.87182,7.56065],[-58.87176,7.56203],[-58.87197,7.56496],[-58.87141,7.56723],[-58.87043,7.56871],[-58.86957,7.56944],[-58.86842,7.56995],[-58.86486,7.57122],[-58.86368,7.57211],[-58.86232,7.57379],[-58.86065,7.57616],[-58.85896,7.57983],[-58.85768,7.58397],[-58.85704,7.58759],[-58.85702,7.59104],[-58.85758,7.59332],[-58.85812,7.5944],[-58.85815,7.5959],[-58.85777,7.59725],[-58.8571,7.5983]]]},"properties":{"Name":"Manawarin","Region":1,"Grant_No":"G7763","Acres":16329,"Plan_Numbe":23694}},
{"type":"Feature","geometry":{"type":"Polygon","coordinates":[[[-59.86319,7.96876],[-59.86325,7.96876],[-59.86926,7.95843],[-59.87075,7.95822],[-59.88506,7.95466],[-59.88728,7.93391],[-59.8814,7.92173],[-59.87215,7.91645],[-59.86723,7.90975],[-59.86666,7.90906],[-59.86524,7.9082],[-59.86369,7.90678],[-59.86102,7.90585],[-59.8601,7.90588],[-59.85831,7.90665],[-59.85622,7.90721],[-59.85528,7.90786],[-59.85387,7.90828],[-59.853,7.90818],[-59.85085,7.90752],[-59.84977,7.90752],[-59.84816,7.90678],[-59.84717,7.90497],[-59.84655,7.90484],[-59.84321,7.90494],[-59.84183,7.90563],[-59.84177,7.90858],[-59.84306,7.91079],[-59.8465,7.91385],[-59.84732,7.91517],[-59.84782,7.91655],[-59.84819,7.91841],[-59.84828,7.92033],[-59.84859,7.92174],[-59.84922,7.92347],[-59.84991,7.92465],[-59.85078,7.92841],[-59.85045,7.93182],[-59.84957,7.93437],[-59.84885,7.93546],[-59.84623,7.93802],[-59.84334,7.93956],[-59.84058,7.94063],[-59.83763,7.94241],[-59.83531,7.94429],[-59.83229,7.94732],[-59.83091,7.94887],[-59.82992,7.95069],[-59.8292,7.9524],[-59.82918,7.95359],[-59.8314,7.95655],[-59.83198,7.95787],[-59.83229,7.96012],[-59.83217,7.96242],[-59.83138,7.96475],[-59.8307,7.9656],[-59.82825,7.96785],[-59.86035,7.96873],[-59.86188,7.96877],[-59.86319,7.96876]]]},"properties":{"Name":"Hobodia","Region":1,"Grant_No":"G7767","Acres":7073,"Plan_Numbe":23705}},
{"type":"Feature","geometry":{"type":"Polygon","coordinates":[[[-59.9185,4.79468],[-59.91852,4.79463],[-59.91854,4.7946],[-59.96627,4.68048],[-59.96832,4.67804],[-59.96915,4.67753],[-59.96954,4.6767],[-59.97053,4.67577],[-59.97143,4.67556],[-59.97151,4.67454],[-59.97092,4.67381],[-59.9706,4.67282],[-59.9699,4.67175],[-59.9688,4.66776],[-59.96822,4.66498],[-59.96738,4.66291],[-59.96945,4.66138],[-59.96946,4.66051],[-59.96848,4.65983],[-59.96882,4.65878],[-59.96817,4.65785],[-59.96674,4.65637],[-59.96738,4.65537],[-59.96634,4.65467],[-59.96542,4.65373],[-59.96563,4.65259],[-59.9672,4.65191],[-59.96844,4.65014],[-59.96843,4.64939],[-59.96759,4.64764],[-59.9685,4.64575],[-59.96935,4.64489],[-59.96944,4.64283],[-59.96963,4.64236],[-59.97132,4.64135],[-59.97211,4.6402],[-59.97223,4.63894],[-59.97389,4.63792],[-59.97471,4.63835],[-59.9753,4.63809],[-59.97596,4.63704],[-59.97671,4.63518],[-59.97553,4.63485],[-59.97521,4.63415],[-59.97547,4.63367],[-59.97576,4.63051],[-59.97551,4.62846],[-59.97438,4.62568],[-59.97423,4.62503],[-59.97444,4.62277],[-59.97417,4.62144],[-59.97442,4.61894],[-59.97584,4.61796],[-59.97651,4.61671],[-59.9764,4.61623],[-59.97891,4.61478],[-59.97983,4.61376],[-59.98112,4.61478],[-59.98154,4.6141],[-59.9833,4.61283],[-59.98567,4.61175],[-59.98609,4.61134],[-59.98608,4.60973],[-59.98658,4.60849],[-59.98655,4.60784],[-59.9852,4.60747],[-59.98457,4.60667],[-59.98337,4.60597],[-59.98239,4.60405],[-59.9823,4.60323],[-59.98319,4.60363],[-59.98577,4.60338],[-59.98665,4.60272],[-59.98719,4.60164],[-59.98776,4.59989],[-59.98844,4.59913],[-59.98877,4.59828],[-59.98859,4.5977],[-59.98886,4.59597],[-59.98858,4.59462],[-59.9878,4.59405],[-59.98696,4.59189],[-59.98675,4.59097],[-59.98695,4.59026],[-59.98892,4.58771],[-59.98844,4.58703],[-59.98758,4.58677],[-59.98537,4.58547],[-59.98628,4.58418],[-59.98661,4.5832],[-59.98688,4.581],[-59.98645,4.57925],[-59.98599,4.57844],[-59.98628,4.57736],[-59.98718,4.577],[-59.98692,4.57629],[-59.98673,4.57424],[-59.98625,4.57371],[-59.98621,4.572],[-59.98652,4.57083],[-59.98725,4.56998],[-59.98787,4.56986],[-59.98803,4.57074],[-59.9893,4.57083],[-59.99042,4.57133],[-59.99004,4.57035],[-59.99058,4.5698],[-59.9909,4.56915],[-59.9899,4.56899],[-59.98965,4.56768],[-59.99022,4.56753],[-59.99068,4.56802],[-59.99148,4.56738],[-59.99092,4.56642],[-59.9904,4.56451],[-59.99173,4.5648],[-59.99213,4.56404],[-59.99204,4.56213],[-59.99254,4.56196],[-59.99257,4.56102],[-59.99323,4.56051],[-59.99402,4.55882],[-59.99473,4.55802],[-59.99529,4.55815],[-59.99607,4.5564],[-59.99545,4.55644],[-59.9949,4.55592],[-59.99523,4.5552],[-59.99464,4.5552],[-59.99533,4.55431],[-59.99516,4.55347],[-59.99461,4.5533],[-59.99509,4.55252],[-59.995,4.55176],[-59.99593,4.55034],[-59.99664,4.54992],[-59.99662,4.5492],[-59.99724,4.54905],[-59.99706,4.54821],[-59.99718,4.54681],[-59.99599,4.54663],[-59.99562,4.54626],[-59.99581,4.54551],[-59.99491,4.54523],[-59.99509,4.54469],[-59.99443,4.54437],[-59.99404,4.5435],[-59.99453,4.5424],[-59.99565,4.54146],[-59.99546,4.5402],[-59.99606,4.53962],[-59.996,4.53855],[-59.99666,4.53779],[-59.99657,4.53723],[-59.99428,4.53504],[-59.99354,4.53372],[-59.99264,4.53356],[-59.99175,4.53206],[-59.99062,4.53227],[-59.99051,4.53113],[-59.98961,4.53041],[-59.98718,4.52969],[-59.98658,4.52919],[-59.98506,4.52928],[-59.9838,4.52862],[-59.98206,4.52926],[-59.98036,4.52864],[-59.97987,4.52786],[-59.98014,4.52587],[-59.97841,4.52628],[-59.97695,4.52627],[-59.97654,4.52578],[-59.97705,4.52438],[-59.977,4.52367],[-59.9777,4.52171],[-59.97863,4.51978],[-59.97898,4.51801],[-59.9792,4.51487],[-59.97817,4.51316],[-59.97837,4.51252],[-59.97801,4.51196],[-59.97815,4.51119],[-59.97642,4.5094],[-59.97569,4.5095],[-59.97457,4.50895],[-59.97313,4.50866],[-59.97188,4.50949],[-59.96827,4.50873],[-59.96742,4.50885],[-59.96424,4.50819],[-59.95994,4.50599],[-59.95767,4.50367],[-59.95552,4.50337],[-59.95421,4.50347],[-59.95284,4.50291],[-59.95158,4.50028],[-59.95087,4.4999],[-59.94942,4.49983],[-59.94745,4.49939],[-59.94621,4.49936],[-59.94387,4.49873],[-59.94278,4.49808],[-59.94141,4.49769],[-59.93749,4.50039],[-59.93582,4.50002],[-59.93506,4.49896],[-59.93529,4.4972],[-59.9352,4.49555],[-59.93456,4.49429],[-59.9335,4.49325],[-59.92886,4.49252],[-59.92607,4.49148],[-59.92528,4.49073],[-59.92521,4.49156],[-59.92425,4.49222],[-59.92484,4.4929],[-59.92544,4.4927],[-59.92551,4.49334],[-59.92498,4.49379],[-59.92481,4.49458],[-59.92515,4.49563],[-59.92423,4.49631],[-59.92429,4.49734],[-59.92353,4.49751],[-59.92235,4.4965],[-59.92235,4.49641],[-59.92156,4.49611],[-59.92156,4.49612],[-59.92135,4.49658],[-59.92216,4.49779],[-59.92197,4.4991],[-59.92113,4.49979],[-59.92161,4.50049],[-59.92237,4.50029],[-59.92305,4.49954],[-59.92333,4.50061],[-59.92269,4.50167],[-59.92277,4.50309],[-59.92311,4.50386],[-59.92237,4.50407],[-59.92264,4.50472],[-59.92192,4.5053],[-59.92205,4.50587],[-59.9204,4.5065],[-59.92025,4.50714],[-59.92085,4.50827],[-59.91987,4.50884],[-59.91788,4.50964],[-59.91738,4.51015],[-59.91529,4.51117],[-59.91265,4.51141],[-59.90911,4.51306],[-59.9075,4.5137],[-59.906,4.51457],[-59.90476,4.51442],[-59.90398,4.51537],[-59.90202,4.51616],[-59.90005,4.51607],[-59.89851,4.51634],[-59.89725,4.51614],[-59.89725,4.51727],[-59.89799,4.51869],[-59.89732,4.519],[-59.89717,4.51819],[-59.89641,4.51859],[-59.89676,4.5196],[-59.8964,4.52134],[-59.89493,4.52167],[-59.89399,4.52056],[-59.89293,4.52053],[-59.89254,4.52218],[-59.89173,4.52249],[-59.89152,4.52335],[-59.89224,4.52365],[-59.89296,4.52343],[-59.89294,4.52424],[-59.89171,4.52468],[-59.89079,4.52558],[-59.89043,4.52645],[-59.89025,4.52823],[-59.88952,4.52976],[-59.88892,4.53054],[-59.88904,4.53121],[-59.88992,4.53228],[-59.89044,4.53376],[-59.89234,4.53645],[-59.89341,4.53724],[-59.89405,4.5388],[-59.89509,4.54031],[-59.89499,4.54136],[-59.8931,4.54381],[-59.89248,4.54479],[-59.89037,4.54734],[-59.88885,4.54842],[-59.88892,4.54984],[-59.88983,4.55361],[-59.89049,4.55698],[-59.89184,4.55778],[-59.89375,4.55768],[-59.89477,4.55731],[-59.89561,4.55598],[-59.89636,4.55576],[-59.89704,4.55613],[-59.89783,4.55713],[-59.89701,4.55839],[-59.89739,4.55943],[-59.89849,4.56],[-59.90049,4.56059],[-59.90304,4.56018],[-59.90491,4.55937],[-59.9066,4.55956],[-59.91107,4.55957],[-59.91248,4.55995],[-59.91347,4.55991],[-59.91475,4.56064],[-59.91608,4.56192],[-59.91679,4.5667],[-59.91603,4.56849],[-59.91448,4.56906],[-59.91412,4.57042],[-59.91443,4.57393],[-59.9148,4.57522],[-59.91464,4.57656],[-59.91493,4.57833],[-59.91541,4.57986],[-59.91673,4.58237],[-59.91775,4.58364],[-59.9175,4.58431],[-59.91716,4.58703],[-59.91819,4.58973],[-59.9163,4.59327],[-59.91637,4.5942],[-59.9172,4.59594],[-59.9169,4.59698],[-59.91579,4.59842],[-59.91493,4.59914],[-59.91397,4.6006],[-59.91264,4.60155],[-59.9115,4.60201],[-59.91095,4.60325],[-59.91091,4.60492],[-59.90991,4.60575],[-59.90967,4.60646],[-59.90981,4.60749],[-59.90889,4.60836],[-59.90802,4.60818],[-59.90677,4.60913],[-59.90562,4.61097],[-59.90411,4.61287],[-59.90238,4.61343],[-59.90162,4.61536],[-59.90102,4.61602],[-59.89936,4.61654],[-59.89893,4.61704],[-59.89885,4.61898],[-59.89837,4.62022],[-59.89927,4.62191],[-59.89925,4.62287],[-59.89668,4.62513],[-59.89635,4.62794],[-59.89545,4.62868],[-59.89332,4.62948],[-59.88911,4.62997],[-59.88811,4.63207],[-59.88698,4.63295],[-59.88607,4.63469],[-59.88465,4.63506],[-59.88178,4.63527],[-59.88118,4.63653],[-59.88088,4.6377],[-59.88009,4.63859],[-59.87941,4.63858],[-59.87708,4.6378],[-59.87456,4.63575],[-59.87379,4.63552],[-59.87333,4.63718],[-59.87336,4.63866],[-59.87143,4.63877],[-59.86945,4.63934],[-59.86672,4.64077],[-59.86502,4.64212],[-59.86307,4.64456],[-59.86101,4.64618],[-59.86067,4.64617],[-59.86026,4.64521],[-59.85891,4.64415],[-59.85825,4.64318],[-59.85684,4.64295],[-59.8553,4.644],[-59.85497,4.64506],[-59.85416,4.64555],[-59.85287,4.64453],[-59.85205,4.64428],[-59.85071,4.64434],[-59.84908,4.64395],[-59.8486,4.64414],[-59.8483,4.6454],[-59.84731,4.64577],[-59.84735,4.64807],[-59.84689,4.64927],[-59.84623,4.65027],[-59.84548,4.65083],[-59.84435,4.65024],[-59.84383,4.65033],[-59.842,4.65164],[-59.84028,4.65223],[-59.83986,4.65298],[-59.83817,4.6536],[-59.83755,4.65514],[-59.83751,4.65582],[-59.83658,4.65691],[-59.8369,4.65816],[-59.83667,4.66017],[-59.83697,4.66061],[-59.83847,4.66038],[-59.83993,4.66042],[-59.84143,4.65834],[-59.84203,4.65804],[-59.84288,4.65826],[-59.84424,4.65938],[-59.84571,4.65996],[-59.84666,4.65959],[-59.84755,4.6577],[-59.84811,4.65771],[-59.84875,4.65852],[-59.84952,4.66011],[-59.85064,4.66184],[-59.85156,4.66213],[-59.85225,4.66284],[-59.85306,4.665],[-59.85243,4.6652],[-59.85217,4.66656],[-59.85072,4.6686],[-59.84962,4.66917],[-59.84864,4.67132],[-59.84758,4.67197],[-59.84828,4.6729],[-59.84769,4.67429],[-59.8481,4.67487],[-59.84797,4.67592],[-59.84749,4.6764],[-59.84719,4.6775],[-59.8475,4.67826],[-59.84744,4.67991],[-59.84622,4.68222],[-59.84602,4.68325],[-59.84518,4.68515],[-59.83825,4.68953],[-59.83726,4.68869],[-59.83218,4.68686],[-59.8246,4.69407],[-59.82615,4.70754],[-59.82613,4.71033],[-59.82266,4.7223],[-59.81478,4.72555],[-59.80817,4.73126],[-59.81074,4.74496],[-59.80311,4.75222],[-59.79609,4.75753],[-59.78938,4.76559],[-59.79015,4.77333],[-59.78872,4.78722],[-59.78332,4.79488],[-59.77443,4.80427],[-59.76902,4.80888],[-59.76362,4.8186],[-59.75912,4.83635],[-59.76053,4.8465],[-59.76835,4.85708],[-59.77519,4.86354],[-59.77758,4.87357],[-59.78472,4.87296],[-59.79736,4.87171],[-59.80873,4.86948],[-59.81366,4.86892],[-59.8167,4.86982],[-59.81787,4.87033],[-59.82034,4.87024],[-59.82215,4.86901],[-59.82585,4.86782],[-59.82858,4.86774],[-59.83129,4.8671],[-59.83193,4.865],[-59.83491,4.86514],[-59.83678,4.86455],[-59.83783,4.8652],[-59.8388,4.86669],[-59.83979,4.86728],[-59.84033,4.86819],[-59.84157,4.8687],[-59.84247,4.86879],[-59.84374,4.86791],[-59.84441,4.86672],[-59.8445,4.866],[-59.84585,4.86456],[-59.84615,4.86363],[-59.84785,4.8625],[-59.84846,4.86093],[-59.84838,4.85997],[-59.84901,4.85973],[-59.84971,4.86016],[-59.85059,4.86005],[-59.85055,4.85924],[-59.85143,4.85858],[-59.85288,4.85922],[-59.85406,4.85896],[-59.8549,4.85805],[-59.85425,4.8572],[-59.85566,4.85599],[-59.8568,4.85648],[-59.85738,4.85629],[-59.85751,4.85535],[-59.85839,4.85473],[-59.85942,4.85257],[-59.86076,4.85191],[-59.861,4.85107],[-59.86248,4.8504],[-59.86275,4.84984],[-59.86358,4.84966],[-59.86488,4.84866],[-59.86506,4.84741],[-59.86625,4.84687],[-59.86645,4.84625],[-59.86904,4.84535],[-59.86971,4.84493],[-59.86987,4.84366],[-59.87242,4.8428],[-59.87365,4.84073],[-59.87454,4.83976],[-59.87524,4.83972],[-59.87599,4.84024],[-59.87724,4.8385],[-59.87741,4.83767],[-59.87719,4.8365],[-59.87871,4.83662],[-59.87925,4.83527],[-59.88046,4.83393],[-59.88024,4.83322],[-59.88057,4.83256],[-59.88204,4.83258],[-59.88187,4.8305],[-59.88281,4.82873],[-59.88356,4.82795],[-59.88394,4.82917],[-59.8849,4.82821],[-59.88566,4.82794],[-59.88758,4.82639],[-59.88767,4.82532],[-59.88702,4.82408],[-59.88815,4.82329],[-59.88889,4.82174],[-59.89072,4.82114],[-59.89177,4.82168],[-59.89317,4.82137],[-59.89328,4.82199],[-59.8942,4.8218],[-59.89421,4.82033],[-59.89496,4.82032],[-59.89441,4.81939],[-59.89637,4.8183],[-59.89651,4.81727],[-59.8974,4.81751],[-59.89836,4.81709],[-59.89835,4.81755],[-59.8992,4.8181],[-59.89997,4.81816],[-59.90145,4.81779],[-59.90271,4.81816],[-59.90377,4.81634],[-59.90322,4.81541],[-59.9035,4.81489],[-59.90416,4.81515],[-59.90486,4.81466],[-59.90457,4.81354],[-59.90688,4.81262],[-59.90801,4.81173],[-59.90929,4.8104],[-59.91068,4.80978],[-59.91078,4.80907],[-59.91035,4.80834],[-59.9112,4.808],[-59.91211,4.80725],[-59.91283,4.80622],[-59.91325,4.80482],[-59.91259,4.8047],[-59.91087,4.80306],[-59.91085,4.80265],[-59.91177,4.80168],[-59.91279,4.80118],[-59.91347,4.80014],[-59.9143,4.79934],[-59.91511,4.79797],[-59.91494,4.79672],[-59.91637,4.79603],[-59.91787,4.79598],[-59.91853,4.79529],[-59.91846,4.79478],[-59.9185,4.79469],[-59.9185,4.79468]]]},"properties":{"Name":"Kurukabaru","Region":8,"Grant_No":"G7749","Acres":121261,"Plan_Numbe":23673}},
{"type":"Feature","geometry":{"type":"Polygon","coordinates":[[[-59.58923,4.44901],[-59.62627,4.48541],[-59.62678,4.48541],[-59.62882,4.48617],[-59.6316,4.48829],[-59.63242,4.48838],[-59.63275,4.49],[-59.63358,4.49153],[-59.63314,4.49324],[-59.63518,4.49627],[-59.63683,4.49802],[-59.63726,4.49961],[-59.63715,4.50075],[-59.63776,4.50228],[-59.63942,4.50328],[-59.64017,4.50422],[-59.64079,4.50556],[-59.64146,4.5063],[-59.64207,4.50631],[-59.64301,4.5071],[-59.64471,4.50775],[-59.64574,4.50884],[-59.64669,4.50906],[-59.64728,4.51047],[-59.648,4.51114],[-59.64976,4.51142],[-59.64989,4.51222],[-59.65105,4.51266],[-59.65204,4.51437],[-59.65332,4.51389],[-59.654,4.51463],[-59.65642,4.51497],[-59.6572,4.51474],[-59.65812,4.51518],[-59.65901,4.51619],[-59.66019,4.51619],[-59.66196,4.51698],[-59.663,4.51776],[-59.66355,4.51854],[-59.66506,4.51745],[-59.66561,4.51645],[-59.66805,4.51416],[-59.66826,4.5137],[-59.67028,4.51167],[-59.67145,4.51107],[-59.6727,4.50847],[-59.67486,4.50821],[-59.67607,4.50775],[-59.67678,4.5067],[-59.67739,4.50706],[-59.67866,4.50671],[-59.67929,4.50598],[-59.68012,4.50401],[-59.67995,4.50323],[-59.68072,4.5026],[-59.68239,4.50289],[-59.68459,4.50245],[-59.68823,4.50253],[-59.6898,4.50394],[-59.69044,4.50401],[-59.69128,4.50343],[-59.69316,4.50132],[-59.69426,4.50167],[-59.69734,4.50188],[-59.69776,4.50091],[-59.69856,4.50045],[-59.69992,4.50106],[-59.70204,4.50101],[-59.70355,4.50124],[-59.70428,4.50039],[-59.70521,4.50024],[-59.70567,4.50054],[-59.70764,4.50062],[-59.70917,4.501],[-59.7111,4.50013],[-59.71257,4.49783],[-59.71246,4.49627],[-59.71299,4.4957],[-59.71512,4.49618],[-59.71619,4.49724],[-59.7169,4.4975],[-59.71903,4.49749],[-59.72161,4.49727],[-59.7233,4.49836],[-59.72422,4.49936],[-59.72556,4.4994],[-59.72706,4.49977],[-59.72702,4.50067],[-59.72584,4.50164],[-59.72553,4.50247],[-59.72422,4.50377],[-59.72163,4.50487],[-59.72044,4.50578],[-59.72058,4.50654],[-59.72158,4.5066],[-59.72214,4.50738],[-59.72337,4.50737],[-59.72568,4.50815],[-59.72694,4.50803],[-59.72769,4.5075],[-59.72856,4.50748],[-59.73035,4.50796],[-59.73148,4.50744],[-59.73192,4.50661],[-59.73287,4.5058],[-59.73362,4.50619],[-59.73485,4.50929],[-59.73596,4.51032],[-59.73745,4.51079],[-59.73817,4.51176],[-59.73812,4.51237],[-59.73729,4.51327],[-59.73646,4.51378],[-59.73702,4.51461],[-59.73877,4.51531],[-59.74119,4.51548],[-59.7415,4.51476],[-59.74216,4.51503],[-59.74233,4.51615],[-59.74326,4.51624],[-59.74304,4.51723],[-59.74567,4.51766],[-59.74621,4.51645],[-59.74738,4.51649],[-59.7478,4.51767],[-59.74963,4.51691],[-59.75056,4.51777],[-59.75136,4.51798],[-59.75106,4.51879],[-59.75211,4.51895],[-59.75228,4.51798],[-59.7537,4.51815],[-59.75357,4.51911],[-59.75405,4.51853],[-59.75487,4.51877],[-59.75518,4.51725],[-59.75569,4.51665],[-59.75811,4.51544],[-59.75909,4.51532],[-59.7601,4.51466],[-59.76039,4.51589],[-59.75984,4.51669],[-59.76015,4.51695],[-59.76125,4.51628],[-59.76283,4.51701],[-59.76308,4.51635],[-59.76412,4.51507],[-59.76398,4.51396],[-59.76484,4.51367],[-59.76506,4.51247],[-59.76454,4.51224],[-59.76602,4.51157],[-59.76614,4.51015],[-59.76585,4.50894],[-59.76627,4.50755],[-59.76775,4.50702],[-59.76791,4.50636],[-59.76902,4.50605],[-59.76899,4.50539],[-59.76957,4.50569],[-59.76981,4.50507],[-59.77087,4.50446],[-59.7713,4.50516],[-59.77182,4.50475],[-59.77295,4.50468],[-59.77323,4.50513],[-59.77406,4.50494],[-59.77308,4.50421],[-59.77342,4.50325],[-59.7749,4.50347],[-59.77586,4.50419],[-59.77631,4.50319],[-59.77517,4.50231],[-59.77502,4.5008],[-59.7752,4.49982],[-59.77537,4.49558],[-59.77651,4.4946],[-59.776,4.49336],[-59.7751,4.49439],[-59.77473,4.49346],[-59.77398,4.49298],[-59.77433,4.49217],[-59.77397,4.49082],[-59.77597,4.4906],[-59.7759,4.48999],[-59.77669,4.48917],[-59.77694,4.49025],[-59.7774,4.49051],[-59.7784,4.49004],[-59.77847,4.48909],[-59.77906,4.48851],[-59.7808,4.48945],[-59.78175,4.48948],[-59.78268,4.48989],[-59.78341,4.48935],[-59.78364,4.48806],[-59.78608,4.48379],[-59.78687,4.48191],[-59.78765,4.48124],[-59.78864,4.47966],[-59.78956,4.4792],[-59.78887,4.47693],[-59.78797,4.4776],[-59.78759,4.4769],[-59.78858,4.47635],[-59.78824,4.47514],[-59.78928,4.4752],[-59.79005,4.4758],[-59.79171,4.47342],[-59.79087,4.47287],[-59.79079,4.47159],[-59.78987,4.47152],[-59.7903,4.47088],[-59.78948,4.47028],[-59.78974,4.4694],[-59.78919,4.46903],[-59.78971,4.46831],[-59.78986,4.46728],[-59.79108,4.46701],[-59.79133,4.46644],[-59.79255,4.46614],[-59.79403,4.46513],[-59.79338,4.46354],[-59.79445,4.45993],[-59.7954,4.45765],[-59.79578,4.45572],[-59.79565,4.45371],[-59.79606,4.4523],[-59.79605,4.45006],[-59.79487,4.44907],[-59.79348,4.44763],[-59.79171,4.44709],[-59.78904,4.44665],[-59.78754,4.44673],[-59.78707,4.44702],[-59.78655,4.44901],[-59.78562,4.45052],[-59.7847,4.45092],[-59.78287,4.45042],[-59.78068,4.44863],[-59.77984,4.44778],[-59.77873,4.44576],[-59.77865,4.44468],[-59.77939,4.4436],[-59.78023,4.44325],[-59.78136,4.44164],[-59.7813,4.44064],[-59.78028,4.43998],[-59.77884,4.44063],[-59.77716,4.44094],[-59.77628,4.44136],[-59.77458,4.44139],[-59.77142,4.43996],[-59.77114,4.43943],[-59.77128,4.43788],[-59.77057,4.43752],[-59.76953,4.4393],[-59.76897,4.43955],[-59.76785,4.43899],[-59.76571,4.43725],[-59.76522,4.43582],[-59.76438,4.4345],[-59.76384,4.43407],[-59.76155,4.43378],[-59.76133,4.43324],[-59.75926,4.43101],[-59.75921,4.43002],[-59.75837,4.42843],[-59.75759,4.42785],[-59.75607,4.42573],[-59.75405,4.42411],[-59.75411,4.42289],[-59.7514,4.42152],[-59.74989,4.42158],[-59.74891,4.42123],[-59.74493,4.42323],[-59.74285,4.42306],[-59.74139,4.42274],[-59.74006,4.42293],[-59.73974,4.42366],[-59.73793,4.42499],[-59.73664,4.42506],[-59.73522,4.42433],[-59.7345,4.42361],[-59.73402,4.42151],[-59.73123,4.41864],[-59.73099,4.41801],[-59.73005,4.41725],[-59.72979,4.41629],[-59.72994,4.41493],[-59.72887,4.41317],[-59.72795,4.4124],[-59.72727,4.41119],[-59.72634,4.41077],[-59.72534,4.41194],[-59.72457,4.41219],[-59.72302,4.41205],[-59.72118,4.41148],[-59.71958,4.41032],[-59.71957,4.40964],[-59.72056,4.40826],[-59.72056,4.40774],[-59.71982,4.40717],[-59.71866,4.40534],[-59.71857,4.40291],[-59.71909,4.40219],[-59.72,4.4017],[-59.72073,4.40067],[-59.72123,4.39947],[-59.72103,4.39884],[-59.71929,4.3978],[-59.71663,4.39726],[-59.71464,4.39713],[-59.71311,4.39618],[-59.71224,4.39501],[-59.71162,4.39457],[-59.71091,4.39284],[-59.71021,4.39189],[-59.70913,4.39116],[-59.70728,4.3904],[-59.70641,4.39022],[-59.70339,4.38797],[-59.70221,4.38761],[-59.70059,4.38615],[-59.69806,4.38462],[-59.69632,4.38305],[-59.69524,4.38247],[-59.69399,4.38097],[-59.69221,4.38116],[-59.69069,4.38171],[-59.68942,4.38378],[-59.6872,4.38564],[-59.68544,4.38592],[-59.68293,4.38566],[-59.6814,4.38438],[-59.68044,4.384],[-59.67828,4.38216],[-59.67671,4.38111],[-59.67614,4.3804],[-59.67303,4.37778],[-59.67135,4.3775],[-59.67019,4.3766],[-59.66919,4.37635],[-59.66892,4.37534],[-59.66791,4.37355],[-59.66755,4.37347],[-59.66633,4.37444],[-59.66571,4.37555],[-59.66547,4.37714],[-59.66408,4.37871],[-59.66325,4.38003],[-59.66088,4.37975],[-59.65909,4.38075],[-59.65734,4.38194],[-59.6537,4.38458],[-59.65315,4.38519],[-59.65165,4.38614],[-59.65112,4.3859],[-59.65067,4.38486],[-59.65013,4.38472],[-59.64906,4.38511],[-59.64757,4.38345],[-59.64626,4.38259],[-59.64547,4.38141],[-59.64447,4.38077],[-59.64303,4.38136],[-59.64258,4.38111],[-59.64281,4.38008],[-59.64251,4.3797],[-59.64034,4.37915],[-59.63903,4.37992],[-59.63733,4.37955],[-59.6367,4.37998],[-59.63526,4.38172],[-59.63499,4.38305],[-59.6363,4.38432],[-59.63654,4.38482],[-59.63583,4.38561],[-59.63502,4.38551],[-59.63397,4.38483],[-59.63228,4.38681],[-59.62828,4.38831],[-59.62461,4.38996],[-59.62228,4.39128],[-59.6198,4.39319],[-59.61871,4.39388],[-59.61764,4.39491],[-59.61687,4.39624],[-59.61469,4.39632],[-59.61365,4.39582],[-59.60977,4.39538],[-59.609,4.39458],[-59.60802,4.39561],[-59.6074,4.39781],[-59.60694,4.39893],[-59.60707,4.40003],[-59.60686,4.40087],[-59.60536,4.4019],[-59.60492,4.40273],[-59.60463,4.40442],[-59.60392,4.40513],[-59.60272,4.40488],[-59.60212,4.40523],[-59.60156,4.40675],[-59.60054,4.40691],[-59.59995,4.40794],[-59.5977,4.40775],[-59.59686,4.40801],[-59.59522,4.40972],[-59.59503,4.41091],[-59.59581,4.41138],[-59.59762,4.41106],[-59.59834,4.41223],[-59.59848,4.41335],[-59.59796,4.41431],[-59.59783,4.41624],[-59.59678,4.41773],[-59.59561,4.41995],[-59.5965,4.4207],[-59.5979,4.42335],[-59.59867,4.42546],[-59.59863,4.42661],[-59.59823,4.42788],[-59.59631,4.43205],[-59.59538,4.43332],[-59.59394,4.43375],[-59.5927,4.43475],[-59.59197,4.43614],[-59.59106,4.43843],[-59.58993,4.43969],[-59.59003,4.44102],[-59.5896,4.4421],[-59.59015,4.44348],[-59.59072,4.44579],[-59.58965,4.44766],[-59.58923,4.44901]]]},"properties":{"Name":"Monkey Mountain","Region":8,"Grant_No":"G7750","Acres":57459,"Plan_Numbe":23670}},
{"type":"Feature","geometry":{"type":"Polygon","coordinates":[[[-59.96301,4.76182],[-59.96526,4.76149],[-59.96613,4.76018],[-59.96606,4.75882],[-59.96808,4.7582],[-59.96861,4.7578],[-59.96895,4.75662],[-59.9698,4.75478],[-59.9707,4.75504],[-59.97129,4.75401],[-59.97126,4.75296],[-59.96962,4.75085],[-59.97208,4.74955],[-59.97203,4.7486],[-59.97287,4.74801],[-59.97459,4.74778],[-59.97638,4.74708],[-59.97692,4.74715],[-59.9777,4.74652],[-59.97997,4.74613],[-59.98055,4.7457],[-59.98109,4.74266],[-59.98137,4.74198],[-59.9829,4.74068],[-59.9837,4.73956],[-59.98594,4.73796],[-59.98675,4.73703],[-59.98743,4.73553],[-59.98744,4.73395],[-59.98865,4.73233],[-59.98977,4.73193],[-59.99193,4.73063],[-59.99338,4.72854],[-59.99481,4.72769],[-59.99722,4.72548],[-59.99852,4.72465],[-59.99996,4.72441],[-60.00267,4.72237],[-60.00312,4.72182],[-60.00601,4.72001],[-60.007,4.71958],[-60.00962,4.71905],[-60.01113,4.71991],[-60.01333,4.71977],[-60.01489,4.71938],[-60.01581,4.71847],[-60.01582,4.71767],[-60.01749,4.71666],[-60.01804,4.71531],[-60.0198,4.71474],[-60.02158,4.71468],[-60.0233,4.71228],[-60.02505,4.71051],[-60.02586,4.70988],[-60.02538,4.70902],[-60.0251,4.70638],[-60.02651,4.70494],[-60.0282,4.7042],[-60.02965,4.70324],[-60.03115,4.70031],[-60.03297,4.69829],[-60.03521,4.6969],[-60.0366,4.69657],[-60.03834,4.69565],[-60.03877,4.69587],[-60.04056,4.69556],[-60.04191,4.69488],[-60.04349,4.69219],[-60.04444,4.69027],[-60.04615,4.68887],[-60.04691,4.68884],[-60.04722,4.6883],[-60.04975,4.68626],[-60.05252,4.68346],[-60.05336,4.68126],[-60.05331,4.67991],[-60.05365,4.67905],[-60.05424,4.67865],[-60.05531,4.67887],[-60.05629,4.67869],[-60.05728,4.67893],[-60.05838,4.67785],[-60.05891,4.67679],[-60.06029,4.67505],[-60.06022,4.6737],[-60.06097,4.67196],[-60.06156,4.67132],[-60.06246,4.671],[-60.06429,4.66835],[-60.06642,4.66625],[-60.06772,4.66515],[-60.0696,4.66321],[-60.07067,4.66152],[-60.07368,4.6575],[-60.07529,4.65567],[-60.07576,4.65441],[-60.07548,4.65314],[-60.07613,4.65026],[-60.07593,4.64951],[-60.07539,4.64935],[-60.07401,4.65028],[-60.07268,4.65074],[-60.07187,4.65037],[-60.0712,4.65058],[-60.0711,4.6496],[-60.07235,4.64849],[-60.07145,4.64745],[-60.07099,4.64804],[-60.06972,4.64498],[-60.06933,4.64307],[-60.06957,4.64225],[-60.06958,4.64066],[-60.06987,4.63865],[-60.07034,4.63755],[-60.07201,4.63699],[-60.07419,4.63669],[-60.0749,4.63638],[-60.0753,4.63562],[-60.07558,4.63403],[-60.07542,4.63293],[-60.07465,4.6306],[-60.0739,4.6291],[-60.07364,4.62684],[-60.07232,4.6235],[-60.06968,4.62018],[-60.05858,4.59845],[-60.0558,4.59766],[-60.05437,4.5978],[-60.05245,4.59725],[-60.051,4.59743],[-60.05011,4.59664],[-60.04998,4.59592],[-60.05186,4.59315],[-60.05245,4.59141],[-60.05243,4.59065],[-60.05382,4.58843],[-60.05455,4.58782],[-60.05508,4.58643],[-60.05582,4.58565],[-60.05357,4.58445],[-60.05292,4.58317],[-60.05024,4.58246],[-60.04871,4.58304],[-60.04649,4.58445],[-60.04446,4.58401],[-60.04323,4.58445],[-60.04212,4.58443],[-60.0416,4.58409],[-60.0407,4.58278],[-60.04044,4.58071],[-60.03983,4.57959],[-60.03958,4.57851],[-60.03796,4.57788],[-60.03737,4.57717],[-60.03567,4.57724],[-60.03496,4.57792],[-60.03276,4.57752],[-60.03221,4.57795],[-60.03081,4.57791],[-60.02852,4.57914],[-60.0268,4.57975],[-60.02613,4.57966],[-60.02559,4.57887],[-60.02418,4.57846],[-60.02358,4.57762],[-60.02138,4.57694],[-60.01957,4.57665],[-60.01733,4.57545],[-60.01669,4.57526],[-60.01516,4.5742],[-60.01352,4.57385],[-60.01199,4.57379],[-60.01042,4.5745],[-60.00909,4.57462],[-60.00715,4.57595],[-60.00589,4.57652],[-60.00457,4.57739],[-60.00271,4.57823],[-60.00225,4.57814],[-60.00187,4.57693],[-60.00073,4.57701],[-60.00041,4.57596],[-59.99984,4.5757],[-59.99914,4.57625],[-59.99871,4.57611],[-59.99769,4.57494],[-59.99716,4.57401],[-59.99659,4.57375],[-59.99566,4.5724],[-59.99399,4.57194],[-59.99228,4.57043],[-59.99111,4.57039],[-59.99058,4.5698],[-59.99004,4.57035],[-59.99042,4.57133],[-59.9893,4.57083],[-59.98803,4.57074],[-59.98787,4.56986],[-59.98725,4.56998],[-59.98652,4.57083],[-59.98621,4.572],[-59.98625,4.57371],[-59.98673,4.57424],[-59.98692,4.57629],[-59.98718,4.577],[-59.98628,4.57736],[-59.98599,4.57844],[-59.98645,4.57925],[-59.98688,4.581],[-59.98661,4.5832],[-59.98628,4.58418],[-59.98537,4.58547],[-59.98758,4.58677],[-59.98844,4.58703],[-59.98892,4.58771],[-59.98695,4.59026],[-59.98675,4.59097],[-59.98696,4.59189],[-59.9878,4.59405],[-59.98858,4.59462],[-59.98886,4.59597],[-59.98859,4.5977],[-59.98877,4.59828],[-59.98844,4.59913],[-59.98776,4.59989],[-59.98719,4.60164],[-59.98665,4.60272],[-59.98577,4.60338],[-59.98319,4.60363],[-59.9823,4.60323],[-59.98239,4.60405],[-59.98337,4.60597],[-59.98457,4.60667],[-59.9852,4.60747],[-59.98655,4.60784],[-59.98658,4.60849],[-59.98608,4.60973],[-59.98609,4.61134],[-59.98567,4.61175],[-59.9833,4.61283],[-59.98154,4.6141],[-59.98112,4.61478],[-59.97983,4.61376],[-59.97891,4.61478],[-59.9764,4.61623],[-59.97651,4.61671],[-59.97584,4.61796],[-59.97442,4.61894],[-59.97417,4.62144],[-59.97444,4.62277],[-59.97423,4.62503],[-59.97438,4.62568],[-59.97551,4.62846],[-59.97576,4.63051],[-59.97547,4.63367],[-59.97521,4.63415],[-59.97553,4.63485],[-59.97671,4.63518],[-59.97596,4.63704],[-59.9753,4.63809],[-59.97471,4.63835],[-59.97389,4.63792],[-59.97223,4.63894],[-59.97211,4.6402],[-59.97132,4.64135],[-59.96963,4.64236],[-59.96944,4.64283],[-59.96935,4.64489],[-59.9685,4.64575],[-59.96759,4.64764],[-59.96843,4.64939],[-59.96844,4.65014],[-59.9672,4.65191],[-59.96563,4.65259],[-59.96542,4.65373],[-59.96634,4.65467],[-59.96738,4.65537],[-59.96674,4.65637],[-59.96817,4.65785],[-59.96882,4.65878],[-59.96848,4.65983],[-59.96946,4.66051],[-59.96945,4.66138],[-59.96738,4.66291],[-59.96822,4.66498],[-59.9688,4.66776],[-59.9699,4.67175],[-59.9706,4.67282],[-59.97092,4.67381],[-59.97151,4.67454],[-59.97143,4.67556],[-59.97053,4.67577],[-59.96954,4.6767],[-59.96915,4.67753],[-59.96832,4.67804],[-59.96627,4.68048],[-59.91854,4.7946],[-59.91852,4.79463],[-59.9185,4.79468],[-59.91976,4.79334],[-59.92063,4.79275],[-59.92114,4.79101],[-59.92207,4.79008],[-59.92304,4.79042],[-59.92369,4.79028],[-59.9248,4.78848],[-59.9264,4.78711],[-59.9269,4.78607],[-59.92695,4.78453],[-59.92625,4.78186],[-59.92729,4.78123],[-59.92734,4.78024],[-59.92683,4.77883],[-59.92753,4.77779],[-59.92844,4.77752],[-59.9293,4.77768],[-59.93042,4.77882],[-59.93046,4.77967],[-59.93135,4.77953],[-59.93184,4.77667],[-59.93228,4.77602],[-59.93375,4.77588],[-59.93325,4.77447],[-59.93365,4.77403],[-59.93473,4.77393],[-59.9354,4.77351],[-59.9362,4.7738],[-59.93699,4.77236],[-59.93722,4.77126],[-59.9382,4.77031],[-59.93847,4.76883],[-59.93929,4.76811],[-59.94143,4.76862],[-59.94243,4.76941],[-59.94291,4.76937],[-59.94359,4.76839],[-59.94485,4.76568],[-59.9456,4.76459],[-59.94625,4.76429],[-59.94817,4.76255],[-59.94933,4.7622],[-59.95037,4.76378],[-59.95081,4.76397],[-59.95289,4.76283],[-59.95419,4.76394],[-59.95467,4.76517],[-59.95528,4.76553],[-59.95796,4.76546],[-59.95921,4.76585],[-59.96119,4.76675],[-59.96211,4.76599],[-59.96136,4.76549],[-59.96133,4.76373],[-59.96181,4.76252],[-59.96301,4.76182]]]},"properties":{"Name":"Itabac","Region":8,"Grant_No":"G7748","Acres":42909,"Plan_Numbe":23669}},
{"type":"Feature","geometry":{"type":"Polygon","coordinates":[[[-59.92528,4.49073],[-59.92542,4.48938],[-59.92617,4.48713],[-59.92782,4.48584],[-59.93026,4.48298],[-59.93071,4.48143],[-59.93003,4.48099],[-59.92901,4.48096],[-59.92652,4.48003],[-59.92093,4.4802],[-59.91838,4.47989],[-59.91692,4.47886],[-59.91526,4.47835],[-59.91454,4.47845],[-59.91227,4.47937],[-59.91107,4.47847],[-59.91104,4.47745],[-59.91153,4.47589],[-59.91336,4.47341],[-59.91389,4.47114],[-59.91441,4.46987],[-59.91577,4.46798],[-59.91584,4.46674],[-59.9149,4.46444],[-59.91353,4.46363],[-59.90963,4.46074],[-59.90712,4.46011],[-59.90541,4.46004],[-59.90521,4.46185],[-59.90479,4.46333],[-59.90465,4.46474],[-59.9039,4.46655],[-59.90294,4.46818],[-59.902,4.47121],[-59.90032,4.47615],[-59.8987,4.47838],[-59.8981,4.47885],[-59.89643,4.47816],[-59.89364,4.4778],[-59.89185,4.47826],[-59.88917,4.47841],[-59.88779,4.47799],[-59.88542,4.47666],[-59.88398,4.47632],[-59.88262,4.47572],[-59.88199,4.4759],[-59.87991,4.47518],[-59.87896,4.47598],[-59.87821,4.47884],[-59.87798,4.481],[-59.87836,4.4823],[-59.87831,4.48327],[-59.87771,4.48376],[-59.87643,4.48643],[-59.87589,4.487],[-59.8743,4.48727],[-59.87217,4.48645],[-59.87165,4.4851],[-59.87185,4.48467],[-59.8737,4.48285],[-59.87454,4.48106],[-59.87456,4.47958],[-59.87407,4.47854],[-59.8732,4.478],[-59.87043,4.47708],[-59.86949,4.47662],[-59.86829,4.47641],[-59.86611,4.47516],[-59.8641,4.47354],[-59.86307,4.47398],[-59.86179,4.47563],[-59.86006,4.47692],[-59.85824,4.47728],[-59.85718,4.47855],[-59.85547,4.47972],[-59.85493,4.48051],[-59.85286,4.48217],[-59.85176,4.48409],[-59.8516,4.48495],[-59.85031,4.48714],[-59.84913,4.48841],[-59.848,4.48893],[-59.84706,4.49054],[-59.84557,4.4922],[-59.8442,4.49307],[-59.84305,4.49245],[-59.84099,4.49171],[-59.83948,4.49255],[-59.83885,4.49419],[-59.83867,4.49559],[-59.8381,4.49746],[-59.83728,4.4982],[-59.83692,4.49911],[-59.78974,4.57394],[-59.78866,4.57389],[-59.78689,4.57345],[-59.78546,4.574],[-59.78422,4.57417],[-59.78174,4.57535],[-59.7799,4.576],[-59.77734,4.57756],[-59.77576,4.57743],[-59.7754,4.57692],[-59.77499,4.57436],[-59.77358,4.57405],[-59.77127,4.57563],[-59.76916,4.57779],[-59.76668,4.58072],[-59.76547,4.58049],[-59.76419,4.5808],[-59.76335,4.58254],[-59.7621,4.58383],[-59.76134,4.58554],[-59.76059,4.58642],[-59.75908,4.58587],[-59.75627,4.58645],[-59.75521,4.58702],[-59.7544,4.58678],[-59.75485,4.58809],[-59.7555,4.58818],[-59.75733,4.58927],[-59.7579,4.58988],[-59.75729,4.59129],[-59.75736,4.59181],[-59.75809,4.59251],[-59.7584,4.59342],[-59.75752,4.59363],[-59.75715,4.5948],[-59.75742,4.59577],[-59.75665,4.59643],[-59.75628,4.59749],[-59.75714,4.59893],[-59.75732,4.6],[-59.75922,4.60063],[-59.76182,4.60204],[-59.76266,4.60316],[-59.76357,4.60379],[-59.76607,4.60391],[-59.76697,4.60318],[-59.76777,4.60298],[-59.76853,4.60331],[-59.77094,4.60616],[-59.77215,4.60727],[-59.77372,4.60833],[-59.7749,4.61093],[-59.77674,4.61553],[-59.77758,4.61639],[-59.77732,4.61765],[-59.7778,4.61894],[-59.77866,4.61935],[-59.78126,4.61885],[-59.78226,4.6198],[-59.78262,4.6221],[-59.78314,4.62306],[-59.78589,4.62492],[-59.78721,4.62656],[-59.78843,4.62879],[-59.79006,4.62971],[-59.7896,4.63073],[-59.78931,4.63266],[-59.78961,4.63501],[-59.78988,4.63552],[-59.79233,4.63652],[-59.79472,4.63822],[-59.79495,4.63914],[-59.79474,4.63989],[-59.79599,4.64247],[-59.79598,4.64337],[-59.79659,4.64538],[-59.79719,4.64671],[-59.79619,4.64916],[-59.79619,4.65013],[-59.79526,4.65082],[-59.7946,4.65232],[-59.79448,4.65366],[-59.79511,4.655],[-59.79523,4.65719],[-59.79457,4.65872],[-59.79326,4.66027],[-59.79163,4.66127],[-59.78958,4.66375],[-59.78932,4.66442],[-59.78855,4.66491],[-59.78791,4.66677],[-59.78819,4.66739],[-59.78714,4.66729],[-59.7863,4.66803],[-59.78633,4.66967],[-59.78599,4.67068],[-59.78659,4.67193],[-59.78584,4.67173],[-59.78538,4.67264],[-59.78621,4.6731],[-59.78616,4.67388],[-59.78714,4.675],[-59.78881,4.6765],[-59.78846,4.67736],[-59.78817,4.67926],[-59.78836,4.67998],[-59.7902,4.68013],[-59.79161,4.67995],[-59.79393,4.68033],[-59.79484,4.68001],[-59.79753,4.67813],[-59.79948,4.67852],[-59.80022,4.67889],[-59.80196,4.67915],[-59.80347,4.67864],[-59.80486,4.67783],[-59.80672,4.67714],[-59.80766,4.67385],[-59.81014,4.6716],[-59.81256,4.67037],[-59.81444,4.66897],[-59.81637,4.66887],[-59.81827,4.67079],[-59.81842,4.67197],[-59.81914,4.67335],[-59.83726,4.68869],[-59.83825,4.68953],[-59.84518,4.68515],[-59.84602,4.68325],[-59.84622,4.68222],[-59.84744,4.67991],[-59.8475,4.67826],[-59.84719,4.6775],[-59.84749,4.6764],[-59.84797,4.67592],[-59.8481,4.67487],[-59.84769,4.67429],[-59.84828,4.6729],[-59.84758,4.67197],[-59.84864,4.67132],[-59.84962,4.66917],[-59.85072,4.6686],[-59.85217,4.66656],[-59.85243,4.6652],[-59.85306,4.665],[-59.85225,4.66284],[-59.85156,4.66213],[-59.85064,4.66184],[-59.84952,4.66011],[-59.84875,4.65852],[-59.84811,4.65771],[-59.84755,4.6577],[-59.84666,4.65959],[-59.84571,4.65996],[-59.84424,4.65938],[-59.84288,4.65826],[-59.84203,4.65804],[-59.84143,4.65834],[-59.83993,4.66042],[-59.83847,4.66038],[-59.83697,4.66061],[-59.83667,4.66017],[-59.8369,4.65816],[-59.83658,4.65691],[-59.83751,4.65582],[-59.83755,4.65514],[-59.83817,4.6536],[-59.83986,4.65298],[-59.84028,4.65223],[-59.842,4.65164],[-59.84383,4.65033],[-59.84435,4.65024],[-59.84548,4.65083],[-59.84623,4.65027],[-59.84689,4.64927],[-59.84735,4.64807],[-59.84731,4.64577],[-59.8483,4.6454],[-59.8486,4.64414],[-59.84908,4.64395],[-59.85071,4.64434],[-59.85205,4.64428],[-59.85287,4.64453],[-59.85416,4.64555],[-59.85497,4.64506],[-59.8553,4.644],[-59.85684,4.64295],[-59.85825,4.64318],[-59.85891,4.64415],[-59.86026,4.64521],[-59.86067,4.64617],[-59.86101,4.64618],[-59.86307,4.64456],[-59.86502,4.64212],[-59.86672,4.64077],[-59.86945,4.63934],[-59.87143,4.63877],[-59.87336,4.63866],[-59.87333,4.63718],[-59.87379,4.63552],[-59.87456,4.63575],[-59.87708,4.6378],[-59.87941,4.63858],[-59.88009,4.63859],[-59.88088,4.6377],[-59.88118,4.63653],[-59.88178,4.63527],[-59.88465,4.63506],[-59.88607,4.63469],[-59.88698,4.63295],[-59.88811,4.63207],[-59.88911,4.62997],[-59.89332,4.62948],[-59.89545,4.62868],[-59.89635,4.62794],[-59.89668,4.62513],[-59.89925,4.62287],[-59.89927,4.62191],[-59.89837,4.62022],[-59.89885,4.61898],[-59.89893,4.61704],[-59.89936,4.61654],[-59.90102,4.61602],[-59.90162,4.61536],[-59.90238,4.61343],[-59.90411,4.61287],[-59.90562,4.61097],[-59.90677,4.60913],[-59.90802,4.60818],[-59.90889,4.60836],[-59.90981,4.60749],[-59.90967,4.60646],[-59.90991,4.60575],[-59.91091,4.60492],[-59.91095,4.60325],[-59.9115,4.60201],[-59.91264,4.60155],[-59.91397,4.6006],[-59.91493,4.59914],[-59.91579,4.59842],[-59.9169,4.59698],[-59.9172,4.59594],[-59.91637,4.5942],[-59.9163,4.59327],[-59.91819,4.58973],[-59.91716,4.58703],[-59.9175,4.58431],[-59.91775,4.58364],[-59.91673,4.58237],[-59.91541,4.57986],[-59.91493,4.57833],[-59.91464,4.57656],[-59.9148,4.57522],[-59.91443,4.57393],[-59.91412,4.57042],[-59.91448,4.56906],[-59.91603,4.56849],[-59.91679,4.5667],[-59.91608,4.56192],[-59.91475,4.56064],[-59.91347,4.55991],[-59.91248,4.55995],[-59.91107,4.55957],[-59.9066,4.55956],[-59.90491,4.55937],[-59.90304,4.56018],[-59.90049,4.56059],[-59.89849,4.56],[-59.89739,4.55943],[-59.89701,4.55839],[-59.89783,4.55713],[-59.89704,4.55613],[-59.89636,4.55576],[-59.89561,4.55598],[-59.89477,4.55731],[-59.89375,4.55768],[-59.89184,4.55778],[-59.89049,4.55698],[-59.88983,4.55361],[-59.88892,4.54984],[-59.88885,4.54842],[-59.89037,4.54734],[-59.89248,4.54479],[-59.8931,4.54381],[-59.89499,4.54136],[-59.89509,4.54031],[-59.89405,4.5388],[-59.89341,4.53724],[-59.89234,4.53645],[-59.89044,4.53376],[-59.88992,4.53228],[-59.88904,4.53121],[-59.88892,4.53054],[-59.88952,4.52976],[-59.89025,4.52823],[-59.89043,4.52645],[-59.89079,4.52558],[-59.89171,4.52468],[-59.89294,4.52424],[-59.89296,4.52343],[-59.89224,4.52365],[-59.89152,4.52335],[-59.89173,4.52249],[-59.89254,4.52218],[-59.89293,4.52053],[-59.89399,4.52056],[-59.89493,4.52167],[-59.8964,4.52134],[-59.89676,4.5196],[-59.89641,4.51859],[-59.89717,4.51819],[-59.89732,4.519],[-59.89799,4.51869],[-59.89725,4.51727],[-59.89725,4.51614],[-59.89851,4.51634],[-59.90005,4.51607],[-59.90202,4.51616],[-59.90398,4.51537],[-59.90476,4.51442],[-59.906,4.51457],[-59.9075,4.5137],[-59.90911,4.51306],[-59.91265,4.51141],[-59.91529,4.51117],[-59.91738,4.51015],[-59.91788,4.50964],[-59.91987,4.50884],[-59.92085,4.50827],[-59.92025,4.50714],[-59.9204,4.5065],[-59.92205,4.50587],[-59.92192,4.5053],[-59.92264,4.50472],[-59.92237,4.50407],[-59.92311,4.50386],[-59.92277,4.50309],[-59.92269,4.50167],[-59.92333,4.50061],[-59.92305,4.49954],[-59.92237,4.50029],[-59.92161,4.50049],[-59.92113,4.49979],[-59.92197,4.4991],[-59.92216,4.49779],[-59.92135,4.49658],[-59.92156,4.49612],[-59.92156,4.49611],[-59.92235,4.49641],[-59.92235,4.4965],[-59.92353,4.49751],[-59.92429,4.49734],[-59.92423,4.49631],[-59.92515,4.49563],[-59.92481,4.49458],[-59.92498,4.49379],[-59.92551,4.49334],[-59.92544,4.4927],[-59.92484,4.4929],[-59.92425,4.49222],[-59.92521,4.49156],[-59.92528,4.49073]]]},"properties":{"Name":"Kato","Region":8,"Grant_No":"G7753","Acres":59039,"Plan_Numbe":23671}},
{"type":"Feature","geometry":{"type":"Polygon","coordinates":[[[-59.7544,4.58678],[-59.75391,4.5864],[-59.75362,4.58724],[-59.75292,4.58627],[-59.75269,4.58498],[-59.75224,4.58478],[-59.75247,4.58391],[-59.75198,4.58267],[-59.75015,4.58158],[-59.75021,4.5807],[-59.7491,4.57999],[-59.74755,4.58067],[-59.74629,4.58053],[-59.74743,4.58002],[-59.74744,4.57905],[-59.74648,4.57816],[-59.74692,4.5776],[-59.7462,4.57613],[-59.74454,4.57529],[-59.74432,4.57136],[-59.74524,4.57091],[-59.74493,4.57009],[-59.74403,4.57018],[-59.74368,4.57088],[-59.74282,4.57156],[-59.74118,4.57187],[-59.74028,4.57127],[-59.73807,4.57389],[-59.73744,4.57419],[-59.73694,4.57567],[-59.73749,4.57726],[-59.73735,4.57827],[-59.73656,4.57937],[-59.73514,4.57969],[-59.73448,4.58096],[-59.73343,4.58158],[-59.73293,4.58227],[-59.73145,4.58315],[-59.73086,4.58399],[-59.73058,4.58566],[-59.72768,4.58631],[-59.72724,4.58727],[-59.72637,4.58786],[-59.72575,4.58872],[-59.72535,4.5898],[-59.72436,4.58946],[-59.72373,4.5909],[-59.72325,4.5904],[-59.72229,4.59141],[-59.7224,4.59219],[-59.7213,4.59181],[-59.72019,4.59207],[-59.72032,4.59404],[-59.71908,4.59406],[-59.71912,4.59479],[-59.71858,4.59585],[-59.7182,4.5953],[-59.71759,4.59626],[-59.71765,4.59732],[-59.71597,4.5969],[-59.71612,4.59809],[-59.7177,4.59904],[-59.71779,4.60007],[-59.71839,4.60046],[-59.71856,4.60119],[-59.71935,4.60127],[-59.71906,4.60396],[-59.71948,4.6051],[-59.72012,4.60463],[-59.71997,4.60603],[-59.72074,4.60685],[-59.72055,4.60757],[-59.72117,4.60921],[-59.72065,4.60988],[-59.71955,4.61005],[-59.71919,4.61124],[-59.7187,4.61138],[-59.71791,4.61369],[-59.71695,4.61416],[-59.71674,4.61503],[-59.71594,4.6147],[-59.71517,4.61485],[-59.715,4.61591],[-59.7144,4.6158],[-59.71399,4.61653],[-59.71297,4.61655],[-59.71203,4.61715],[-59.71228,4.61775],[-59.71208,4.61885],[-59.71093,4.61937],[-59.71156,4.6215],[-59.71136,4.62193],[-59.70948,4.62204],[-59.70892,4.62239],[-59.7091,4.62537],[-59.70862,4.62557],[-59.70813,4.62507],[-59.70723,4.62529],[-59.70693,4.62597],[-59.70605,4.62686],[-59.70584,4.62752],[-59.70465,4.62841],[-59.70357,4.62786],[-59.70322,4.62836],[-59.70184,4.62818],[-59.70089,4.62735],[-59.7003,4.62738],[-59.69999,4.62667],[-59.69924,4.62661],[-59.6983,4.62601],[-59.6973,4.62653],[-59.69664,4.62625],[-59.69578,4.62648],[-59.69478,4.62581],[-59.69395,4.62607],[-59.69306,4.62535],[-59.69169,4.62529],[-59.6908,4.62706],[-59.68984,4.62774],[-59.6897,4.62856],[-59.68862,4.62908],[-59.68726,4.63033],[-59.68617,4.63009],[-59.68556,4.63111],[-59.68493,4.63074],[-59.68382,4.63151],[-59.68345,4.63218],[-59.68341,4.63323],[-59.68261,4.63356],[-59.68197,4.63481],[-59.68199,4.63547],[-59.68077,4.63707],[-59.67918,4.6369],[-59.67903,4.63762],[-59.6779,4.63811],[-59.6785,4.63946],[-59.6771,4.64235],[-59.67623,4.64295],[-59.67645,4.64393],[-59.67549,4.64454],[-59.67423,4.6445],[-59.67353,4.64499],[-59.67286,4.64472],[-59.67216,4.64498],[-59.67081,4.64735],[-59.6701,4.64908],[-59.66859,4.64977],[-59.66707,4.64871],[-59.66574,4.64946],[-59.66372,4.64992],[-59.6624,4.65054],[-59.66129,4.65132],[-59.66022,4.65279],[-59.65895,4.65303],[-59.65747,4.65424],[-59.65577,4.65424],[-59.6547,4.65553],[-59.65209,4.6563],[-59.65007,4.65622],[-59.64877,4.65745],[-59.64822,4.65724],[-59.64752,4.6579],[-59.64783,4.65815],[-59.64654,4.65941],[-59.64448,4.65927],[-59.64236,4.65993],[-59.64024,4.66084],[-59.63898,4.66083],[-59.63817,4.66159],[-59.63795,4.66224],[-59.63727,4.66191],[-59.63652,4.66204],[-59.63513,4.66347],[-59.63353,4.66392],[-59.63201,4.66595],[-59.63129,4.66652],[-59.63161,4.66793],[-59.63159,4.66944],[-59.63183,4.66985],[-59.63141,4.67101],[-59.63138,4.67196],[-59.63073,4.67288],[-59.63092,4.67416],[-59.63165,4.6745],[-59.62421,4.68687],[-59.61649,4.69891],[-59.6066,4.70495],[-59.59298,4.71476],[-59.58208,4.72634],[-59.57801,4.7394],[-59.58155,4.7606],[-59.58263,4.77448],[-59.5874,4.77721],[-59.58742,4.77722],[-59.58769,4.77731],[-59.58775,4.77733],[-59.58798,4.7774],[-59.58807,4.77742],[-59.58828,4.77748],[-59.58838,4.7775],[-59.58858,4.77755],[-59.5887,4.77758],[-59.58888,4.77762],[-59.58902,4.77765],[-59.58918,4.77769],[-59.58934,4.77771],[-59.58949,4.77774],[-59.58966,4.77777],[-59.58979,4.77779],[-59.58998,4.77782],[-59.5901,4.77783],[-59.5903,4.77786],[-59.59041,4.77787],[-59.59063,4.77789],[-59.59071,4.7779],[-59.59095,4.77792],[-59.59102,4.77792],[-59.59128,4.77793],[-59.59133,4.77794],[-59.59161,4.77794],[-59.59164,4.77795],[-59.59193,4.77795],[-59.59198,4.77795],[-59.60236,4.77328],[-59.60477,4.76953],[-59.60665,4.76696],[-59.60828,4.76494],[-59.61157,4.76133],[-59.61324,4.7606],[-59.61687,4.75942],[-59.61694,4.7594],[-59.6173,4.75931],[-59.61741,4.75928],[-59.61772,4.75921],[-59.61787,4.75918],[-59.61815,4.75912],[-59.61833,4.75908],[-59.61859,4.75903],[-59.61878,4.75899],[-59.61902,4.75894],[-59.61924,4.75891],[-59.61946,4.75887],[-59.6197,4.75883],[-59.6199,4.7588],[-59.62016,4.75876],[-59.62034,4.75873],[-59.62062,4.7587],[-59.62078,4.75868],[-59.62108,4.75864],[-59.62122,4.75863],[-59.62154,4.75859],[-59.62166,4.75858],[-59.622,4.75855],[-59.62211,4.75855],[-59.62247,4.75852],[-59.62255,4.75851],[-59.62293,4.75849],[-59.623,4.75849],[-59.62339,4.75847],[-59.62344,4.75847],[-59.62386,4.75846],[-59.62388,4.75846],[-59.62432,4.75846],[-59.62434,4.75846],[-59.62503,4.75846],[-59.62504,4.75846],[-59.64698,4.75228],[-59.64699,4.75228],[-59.64779,4.75134],[-59.64964,4.74971],[-59.6512,4.74872],[-59.65347,4.74777],[-59.65567,4.74728],[-59.65578,4.74726],[-59.65595,4.74724],[-59.65612,4.74722],[-59.65623,4.74721],[-59.65645,4.74719],[-59.65652,4.74719],[-59.65677,4.74717],[-59.65679,4.74717],[-59.66172,4.74935],[-59.66174,4.74936],[-59.662,4.74941],[-59.66208,4.74943],[-59.66228,4.74946],[-59.6624,4.74948],[-59.66257,4.74951],[-59.66273,4.74954],[-59.66287,4.74956],[-59.66305,4.74958],[-59.66316,4.74959],[-59.66337,4.74961],[-59.66346,4.74962],[-59.66369,4.74964],[-59.66376,4.74964],[-59.66401,4.74966],[-59.66406,4.74966],[-59.66433,4.74967],[-59.66436,4.74967],[-59.66466,4.74968],[-59.66469,4.74967],[-59.665,4.74965],[-59.66507,4.74965],[-59.66538,4.74963],[-59.66544,4.74963],[-59.66576,4.74961],[-59.66581,4.74961],[-59.66615,4.7496],[-59.66618,4.7496],[-59.66653,4.7496],[-59.66655,4.7496],[-59.66691,4.7496],[-59.66692,4.7496],[-59.67758,4.75225],[-59.68329,4.75326],[-59.69685,4.75387],[-59.71371,4.75999],[-59.7212,4.76278],[-59.72095,4.7686],[-59.71688,4.78119],[-59.70783,4.78638],[-59.70806,4.79717],[-59.7094,4.80486],[-59.70493,4.81041],[-59.69928,4.82564],[-59.6925,4.83627],[-59.6932,4.8479],[-59.69789,4.84922],[-59.69809,4.84734],[-59.69729,4.84511],[-59.69658,4.84419],[-59.69668,4.84257],[-59.69735,4.84119],[-59.69921,4.84014],[-59.7019,4.83919],[-59.7018,4.83623],[-59.70277,4.83451],[-59.70422,4.83348],[-59.7046,4.83241],[-59.70541,4.83125],[-59.70709,4.82933],[-59.70772,4.82919],[-59.70991,4.82811],[-59.71119,4.82656],[-59.71126,4.82533],[-59.7118,4.82346],[-59.71271,4.82155],[-59.71269,4.82059],[-59.7131,4.8197],[-59.71202,4.81922],[-59.71183,4.81794],[-59.71074,4.81743],[-59.71117,4.81684],[-59.7113,4.81376],[-59.7124,4.81226],[-59.71383,4.81167],[-59.71555,4.81032],[-59.71682,4.80879],[-59.7181,4.8084],[-59.71921,4.80716],[-59.71967,4.80556],[-59.71986,4.80376],[-59.7202,4.80335],[-59.72137,4.80299],[-59.72316,4.80295],[-59.72469,4.80211],[-59.72504,4.80154],[-59.72637,4.80104],[-59.7277,4.80103],[-59.72781,4.80027],[-59.72928,4.79886],[-59.7297,4.7956],[-59.73017,4.79392],[-59.73008,4.79258],[-59.73065,4.79165],[-59.73189,4.79057],[-59.73309,4.79129],[-59.73416,4.7909],[-59.73527,4.79085],[-59.7357,4.79024],[-59.73564,4.78824],[-59.73684,4.78718],[-59.73774,4.7859],[-59.73701,4.78366],[-59.73703,4.78265],[-59.73668,4.78174],[-59.73825,4.78096],[-59.73969,4.78],[-59.7415,4.77959],[-59.74231,4.77894],[-59.7419,4.77802],[-59.74263,4.777],[-59.74357,4.77481],[-59.7446,4.77409],[-59.74551,4.77269],[-59.74583,4.77153],[-59.74664,4.77014],[-59.74639,4.76959],[-59.74719,4.76854],[-59.74775,4.76842],[-59.74786,4.76687],[-59.74725,4.76536],[-59.74771,4.76485],[-59.74931,4.7643],[-59.7502,4.76355],[-59.75028,4.76297],[-59.74956,4.76233],[-59.74953,4.76092],[-59.75046,4.76012],[-59.75015,4.75825],[-59.75152,4.75489],[-59.7527,4.75285],[-59.75261,4.74976],[-59.75291,4.74823],[-59.75255,4.74758],[-59.75212,4.74505],[-59.75209,4.74353],[-59.75359,4.74028],[-59.75386,4.73939],[-59.7538,4.7381],[-59.75487,4.73815],[-59.75575,4.73958],[-59.7565,4.73971],[-59.75787,4.73812],[-59.75796,4.73602],[-59.75694,4.73501],[-59.75673,4.7343],[-59.75766,4.73278],[-59.75835,4.73207],[-59.75952,4.73221],[-59.76078,4.73145],[-59.76162,4.72939],[-59.76249,4.7297],[-59.7632,4.72935],[-59.76307,4.72814],[-59.76386,4.72754],[-59.76401,4.72564],[-59.7644,4.72502],[-59.76574,4.72476],[-59.76624,4.724],[-59.76761,4.72308],[-59.76799,4.72258],[-59.76754,4.72118],[-59.76798,4.7208],[-59.76714,4.71956],[-59.76697,4.7181],[-59.76865,4.71457],[-59.76917,4.71399],[-59.76912,4.7134],[-59.76829,4.71256],[-59.76879,4.71117],[-59.76839,4.7098],[-59.76907,4.70955],[-59.76896,4.70887],[-59.76947,4.70798],[-59.76977,4.70579],[-59.77081,4.70522],[-59.77068,4.70393],[-59.76931,4.70352],[-59.76921,4.70268],[-59.76961,4.70177],[-59.77098,4.70132],[-59.77244,4.70115],[-59.77379,4.69939],[-59.77491,4.69862],[-59.77468,4.69635],[-59.77549,4.6952],[-59.77604,4.6937],[-59.77571,4.69278],[-59.77542,4.69093],[-59.77453,4.68979],[-59.77453,4.68854],[-59.77514,4.68807],[-59.77664,4.68751],[-59.77679,4.68684],[-59.77902,4.6857],[-59.77976,4.68551],[-59.78046,4.68476],[-59.78106,4.68474],[-59.78114,4.68419],[-59.78176,4.68429],[-59.78275,4.68319],[-59.78406,4.68279],[-59.78483,4.68321],[-59.78519,4.68258],[-59.78644,4.68246],[-59.78665,4.68189],[-59.78836,4.67998],[-59.78817,4.67926],[-59.78846,4.67736],[-59.78881,4.6765],[-59.78714,4.675],[-59.78616,4.67388],[-59.78621,4.6731],[-59.78538,4.67264],[-59.78584,4.67173],[-59.78659,4.67193],[-59.78599,4.67068],[-59.78633,4.66967],[-59.7863,4.66803],[-59.78714,4.66729],[-59.78819,4.66739],[-59.78791,4.66677],[-59.78855,4.66491],[-59.78932,4.66442],[-59.78958,4.66375],[-59.79163,4.66127],[-59.79326,4.66027],[-59.79457,4.65872],[-59.79523,4.65719],[-59.79511,4.655],[-59.79448,4.65366],[-59.7946,4.65232],[-59.79526,4.65082],[-59.79619,4.65013],[-59.79619,4.64916],[-59.79719,4.64671],[-59.79659,4.64538],[-59.79598,4.64337],[-59.79599,4.64247],[-59.79474,4.63989],[-59.79495,4.63914],[-59.79472,4.63822],[-59.79233,4.63652],[-59.78988,4.63552],[-59.78961,4.63501],[-59.78931,4.63266],[-59.7896,4.63073],[-59.79006,4.62971],[-59.78843,4.62879],[-59.78721,4.62656],[-59.78589,4.62492],[-59.78314,4.62306],[-59.78262,4.6221],[-59.78226,4.6198],[-59.78126,4.61885],[-59.77866,4.61935],[-59.7778,4.61894],[-59.77732,4.61765],[-59.77758,4.61639],[-59.77674,4.61553],[-59.7749,4.61093],[-59.77372,4.60833],[-59.77215,4.60727],[-59.77094,4.60616],[-59.76853,4.60331],[-59.76777,4.60298],[-59.76697,4.60318],[-59.76607,4.60391],[-59.76357,4.60379],[-59.76266,4.60316],[-59.76182,4.60204],[-59.75922,4.60063],[-59.75732,4.6],[-59.75714,4.59893],[-59.75628,4.59749],[-59.75665,4.59643],[-59.75742,4.59577],[-59.75715,4.5948],[-59.75752,4.59363],[-59.7584,4.59342],[-59.75809,4.59251],[-59.75736,4.59181],[-59.75729,4.59129],[-59.7579,4.58988],[-59.75733,4.58927],[-59.7555,4.58818],[-59.75485,4.58809],[-59.7544,4.58678]]]},"properties":{"Name":"Paramakatoi","Region":8,"Grant_No":"G7773","Acres":73754,"Plan_Numbe":23672}},
{"type":"Feature","geometry":{"type":"Polygon","coordinates":[[[-59.47784,2.93326],[-59.47725,2.93145],[-59.47665,2.93064],[-59.4752,2.928],[-59.4736,2.92558],[-59.47231,2.92397],[-59.46999,2.92249],[-59.46888,2.92255],[-59.4674,2.92313],[-59.46546,2.92309],[-59.46295,2.92271],[-59.46166,2.92217],[-59.46048,2.92087],[-59.45823,2.91803],[-59.45762,2.91788],[-59.45614,2.91669],[-59.45397,2.91554],[-59.45283,2.91561],[-59.45222,2.91512],[-59.45211,2.91408],[-59.45283,2.91224],[-59.45306,2.91074],[-59.45489,2.90833],[-59.45492,2.90637],[-59.45477,2.90453],[-59.45401,2.903],[-59.45279,2.90208],[-59.45228,2.90073],[-59.4517,2.90069],[-59.45127,2.89989],[-59.45173,2.89966],[-59.4518,2.89821],[-59.45082,2.89786],[-59.45106,2.89648],[-59.45112,2.89403],[-59.4515,2.89387],[-59.4516,2.89224],[-59.45256,2.8918],[-59.45325,2.89184],[-59.4544,2.88985],[-59.4553,2.88858],[-59.4558,2.88847],[-59.45637,2.88738],[-59.45751,2.88609],[-59.45877,2.88571],[-59.46101,2.88329],[-59.46272,2.8821],[-59.46352,2.88115],[-59.46382,2.88027],[-59.46428,2.88034],[-59.46603,2.87946],[-59.46835,2.8795],[-59.46891,2.87901],[-59.46869,2.87762],[-59.4693,2.87708],[-59.47052,2.87478],[-59.47158,2.87337],[-59.473,2.87275],[-59.4752,2.87283],[-59.47649,2.87321],[-59.47942,2.87524],[-59.48083,2.87576],[-59.48136,2.87562],[-59.48298,2.87608],[-59.4846,2.87616],[-59.48579,2.8766],[-59.48796,2.87673],[-59.48927,2.87754],[-59.48991,2.87768],[-59.49018,2.87841],[-59.49135,2.87893],[-59.49319,2.87927],[-59.49483,2.87904],[-59.49598,2.87999],[-59.49685,2.88001],[-59.4978,2.88095],[-59.49947,2.88172],[-59.50191,2.88207],[-59.50413,2.88301],[-59.50603,2.88226],[-59.50713,2.8823],[-59.50807,2.88293],[-59.50858,2.88219],[-59.50916,2.88202],[-59.51003,2.8807],[-59.51151,2.88008],[-59.51204,2.87881],[-59.51176,2.87835],[-59.51202,2.87529],[-59.51194,2.87474],[-59.51277,2.87412],[-59.51305,2.87328],[-59.51409,2.87344],[-59.51526,2.87217],[-59.51669,2.87201],[-59.51742,2.87263],[-59.51849,2.87255],[-59.51902,2.87215],[-59.52066,2.87279],[-59.5216,2.87338],[-59.52237,2.87446],[-59.52265,2.87431],[-59.52256,2.87215],[-59.52235,2.87122],[-59.52233,2.86875],[-59.52167,2.86649],[-59.52126,2.86302],[-59.5214,2.86153],[-59.52128,2.86022],[-59.52141,2.8578],[-59.52022,2.85785],[-59.51922,2.85745],[-59.51804,2.85663],[-59.51652,2.85632],[-59.51607,2.85479],[-59.51555,2.85433],[-59.51493,2.85183],[-59.51511,2.85145],[-59.51423,2.85083],[-59.51401,2.84929],[-59.51341,2.84909],[-59.51341,2.84841],[-59.51284,2.8479],[-59.51141,2.84767],[-59.50877,2.84642],[-59.50822,2.8453],[-59.50682,2.84413],[-59.5066,2.843],[-59.50537,2.84226],[-59.5055,2.84191],[-59.50327,2.84133],[-59.50164,2.84205],[-59.50104,2.84162],[-59.501,2.84097],[-59.50024,2.84105],[-59.4999,2.8402],[-59.49943,2.84017],[-59.49857,2.83938],[-59.49793,2.83808],[-59.49675,2.83758],[-59.49623,2.83774],[-59.49535,2.83686],[-59.49482,2.83701],[-59.49393,2.83611],[-59.492,2.83606],[-59.49194,2.83658],[-59.49099,2.83635],[-59.48954,2.83669],[-59.48914,2.83718],[-59.48811,2.83673],[-59.48764,2.83602],[-59.48637,2.83541],[-59.48646,2.83469],[-59.48522,2.83358],[-59.48416,2.83354],[-59.48395,2.83248],[-59.48342,2.83191],[-59.48286,2.83223],[-59.48152,2.83219],[-59.48034,2.8305],[-59.47958,2.83056],[-59.47875,2.82971],[-59.47754,2.82952],[-59.47682,2.8297],[-59.47619,2.82939],[-59.47541,2.82989],[-59.47403,2.82988],[-59.47276,2.82871],[-59.47163,2.82908],[-59.47093,2.82883],[-59.46973,2.82898],[-59.46928,2.82876],[-59.46798,2.82897],[-59.46662,2.82944],[-59.46459,2.82966],[-59.46443,2.82928],[-59.46325,2.82874],[-59.46109,2.82841],[-59.46006,2.82939],[-59.45853,2.83006],[-59.45756,2.83007],[-59.45619,2.82941],[-59.45598,2.82871],[-59.45411,2.82724],[-59.45273,2.82739],[-59.45263,2.82709],[-59.45101,2.82681],[-59.45044,2.82554],[-59.44906,2.82521],[-59.44921,2.82472],[-59.44794,2.82449],[-59.44679,2.82356],[-59.44619,2.82252],[-59.4463,2.82185],[-59.4451,2.82122],[-59.44239,2.82095],[-59.44186,2.82132],[-59.44109,2.82076],[-59.43952,2.82042],[-59.43866,2.82064],[-59.43753,2.82193],[-59.43661,2.82252],[-59.43534,2.82203],[-59.43462,2.82225],[-59.43329,2.82166],[-59.43187,2.82264],[-59.43046,2.82219],[-59.42951,2.82073],[-59.42948,2.82023],[-59.42741,2.82004],[-59.42475,2.82026],[-59.42252,2.8212],[-59.42154,2.82111],[-59.41959,2.82183],[-59.41921,2.82221],[-59.41679,2.82279],[-59.41534,2.82263],[-59.41472,2.8221],[-59.41234,2.82183],[-59.41019,2.82101],[-59.40979,2.82002],[-59.40893,2.81939],[-59.40759,2.81729],[-59.40624,2.81734],[-59.40243,2.81679],[-59.39977,2.81721],[-59.39656,2.8169],[-59.39477,2.81633],[-59.39414,2.8156],[-59.39151,2.81459],[-59.38858,2.81281],[-59.38611,2.81219],[-59.38127,2.81076],[-59.37948,2.81073],[-59.37898,2.81051],[-59.37799,2.8119],[-59.37726,2.81359],[-59.37636,2.8144],[-59.37428,2.81683],[-59.37264,2.82017],[-59.37212,2.82092],[-59.37148,2.8233],[-59.37148,2.82513],[-59.3701,2.82794],[-59.3697,2.82901],[-59.36646,2.82807],[-59.36479,2.82867],[-59.36375,2.82958],[-59.36264,2.83011],[-59.36236,2.8317],[-59.36143,2.8324],[-59.35788,2.8318],[-59.35623,2.83121],[-59.35465,2.8312],[-59.35371,2.83074],[-59.35169,2.8305],[-59.34862,2.82917],[-59.3473,2.82931],[-59.34617,2.8291],[-59.34569,2.8294],[-59.34451,2.82946],[-59.34362,2.8298],[-59.34045,2.8303],[-59.33915,2.83029],[-59.33726,2.83061],[-59.33631,2.83114],[-59.33579,2.83097],[-59.33438,2.83129],[-59.33347,2.83083],[-59.33264,2.83121],[-59.33205,2.83088],[-59.32962,2.83243],[-59.32841,2.83363],[-59.32786,2.83367],[-59.32694,2.8329],[-59.32648,2.83295],[-59.32613,2.8343],[-59.32445,2.83539],[-59.32366,2.83828],[-59.32327,2.84219],[-59.32274,2.84324],[-59.32327,2.84388],[-59.32342,2.84555],[-59.323,2.84693],[-59.32257,2.84711],[-59.3219,2.84864],[-59.3201,2.84991],[-59.31948,2.84899],[-59.31952,2.84839],[-59.31858,2.84827],[-59.31698,2.84679],[-59.31546,2.84658],[-59.31445,2.8475],[-59.31384,2.84742],[-59.31325,2.84793],[-59.31249,2.84721],[-59.3108,2.84657],[-59.30932,2.84693],[-59.30828,2.84803],[-59.30659,2.8487],[-59.30478,2.84873],[-59.3029,2.84969],[-59.30134,2.8507],[-59.30067,2.85034],[-59.3,2.85077],[-59.29812,2.85052],[-59.29774,2.85102],[-59.29541,2.85095],[-59.2943,2.85148],[-59.29377,2.85103],[-59.29187,2.85203],[-59.29135,2.85268],[-59.29009,2.85297],[-59.28852,2.85271],[-59.28792,2.85321],[-59.28721,2.85291],[-59.28685,2.85374],[-59.28538,2.85363],[-59.28258,2.85555],[-59.2817,2.85581],[-59.28048,2.85417],[-59.2796,2.85409],[-59.27839,2.855],[-59.2767,2.85446],[-59.27586,2.85348],[-59.2737,2.85415],[-59.27251,2.85549],[-59.27256,2.85662],[-59.27202,2.85801],[-59.27162,2.85973],[-59.2697,2.86385],[-59.2704,2.86956],[-59.27131,2.87128],[-59.27236,2.8741],[-59.27251,2.87582],[-59.27294,2.87711],[-59.27196,2.87712],[-59.26928,2.87839],[-59.26647,2.88041],[-59.26569,2.88359],[-59.26538,2.89222],[-59.26474,2.89376],[-59.2645,2.89486],[-59.26608,2.89732],[-59.26696,2.89901],[-59.26787,2.90004],[-59.27334,2.90075],[-59.27384,2.90177],[-59.27456,2.90235],[-59.27413,2.90457],[-59.27346,2.90499],[-59.2724,2.90512],[-59.2709,2.90565],[-59.27038,2.90611],[-59.26864,2.90671],[-59.26805,2.90788],[-59.2672,2.90851],[-59.26696,2.9093],[-59.26644,2.90918],[-59.26611,2.91101],[-59.26565,2.91126],[-59.26532,2.91241],[-59.26573,2.91466],[-59.2655,2.91643],[-59.26491,2.91844],[-59.26529,2.9192],[-59.26616,2.91996],[-59.26673,2.92202],[-59.2665,2.92413],[-59.26679,2.92459],[-59.26647,2.92627],[-59.26651,2.92792],[-59.26723,2.92811],[-59.27046,2.92646],[-59.27323,2.92581],[-59.27396,2.92585],[-59.27505,2.92683],[-59.27551,2.92809],[-59.2768,2.92887],[-59.27772,2.92884],[-59.27747,2.93167],[-59.27681,2.93125],[-59.27668,2.93259],[-59.27697,2.93324],[-59.2757,2.93491],[-59.27574,2.93703],[-59.27504,2.93867],[-59.27444,2.93935],[-59.27358,2.93961],[-59.274,2.94027],[-59.27351,2.94125],[-59.27332,2.94279],[-59.27465,2.94318],[-59.27723,2.94491],[-59.27812,2.94486],[-59.27907,2.94525],[-59.28028,2.94533],[-59.28147,2.94578],[-59.28262,2.94688],[-59.28329,2.94781],[-59.28359,2.95133],[-59.28379,2.95223],[-59.28464,2.95309],[-59.28596,2.95348],[-59.28642,2.95447],[-59.28545,2.95715],[-59.28564,2.95779],[-59.28651,2.95859],[-59.28757,2.959],[-59.29043,2.95876],[-59.29154,2.95928],[-59.29188,2.96022],[-59.29458,2.96373],[-59.29803,2.96691],[-59.30249,2.97034],[-59.30832,2.97469],[-59.31415,2.97732],[-59.31993,2.98018],[-59.32501,2.98386],[-59.32718,2.98551],[-59.32931,2.98651],[-59.32958,2.98731],[-59.33115,2.98802],[-59.3339,2.98993],[-59.33566,2.98989],[-59.3365,2.98942],[-59.3378,2.98934],[-59.33886,2.98892],[-59.33955,2.989],[-59.34224,2.99023],[-59.34384,2.99038],[-59.36122,2.99265],[-59.36309,2.99357],[-59.36541,2.99387],[-59.3666,2.99383],[-59.36889,2.99516],[-59.37067,2.99648],[-59.37267,2.99612],[-59.37256,2.99568],[-59.37314,2.99407],[-59.37445,2.99374],[-59.37634,2.99251],[-59.37672,2.99172],[-59.37668,2.99016],[-59.37703,2.98666],[-59.37794,2.98532],[-59.37919,2.98463],[-59.37932,2.98429],[-59.38129,2.9834],[-59.38172,2.9826],[-59.38128,2.98241],[-59.38205,2.98177],[-59.38384,2.98167],[-59.38447,2.9805],[-59.38519,2.9803],[-59.38599,2.97944],[-59.38709,2.97927],[-59.38688,2.97826],[-59.38637,2.97783],[-59.38942,2.97679],[-59.39042,2.97526],[-59.39151,2.97472],[-59.39079,2.97421],[-59.39128,2.97299],[-59.39075,2.97293],[-59.39178,2.97225],[-59.39201,2.97144],[-59.39277,2.97124],[-59.39276,2.97027],[-59.39206,2.96988],[-59.39134,2.97035],[-59.3916,2.96943],[-59.39136,2.96844],[-59.39234,2.96848],[-59.392,2.96784],[-59.39379,2.96765],[-59.3941,2.96726],[-59.39364,2.96639],[-59.39389,2.96585],[-59.39384,2.96448],[-59.39424,2.96349],[-59.39384,2.96244],[-59.39438,2.96228],[-59.39464,2.96111],[-59.39534,2.96081],[-59.3948,2.95949],[-59.39485,2.95942],[-59.39667,2.95836],[-59.3971,2.95846],[-59.39682,2.95945],[-59.39735,2.95937],[-59.39827,2.96002],[-59.39934,2.95947],[-59.39987,2.95987],[-59.40181,2.9597],[-59.40179,2.95909],[-59.40271,2.95918],[-59.40318,2.95869],[-59.40367,2.95951],[-59.40452,2.95926],[-59.40453,2.9586],[-59.40559,2.95807],[-59.40574,2.95888],[-59.40645,2.95881],[-59.40679,2.95752],[-59.40749,2.95696],[-59.40805,2.95711],[-59.40836,2.95803],[-59.40935,2.95804],[-59.41191,2.95591],[-59.41273,2.95643],[-59.41341,2.956],[-59.41369,2.95633],[-59.41528,2.95595],[-59.41541,2.95471],[-59.41569,2.95452],[-59.41759,2.95556],[-59.41733,2.95417],[-59.4175,2.95259],[-59.41727,2.95164],[-59.41838,2.9516],[-59.41849,2.95106],[-59.4201,2.9501],[-59.421,2.95042],[-59.42186,2.95122],[-59.4224,2.95098],[-59.42287,2.95002],[-59.42469,2.95048],[-59.42611,2.9504],[-59.42741,2.94884],[-59.42806,2.94675],[-59.42845,2.94645],[-59.42883,2.94724],[-59.42996,2.94636],[-59.43106,2.94699],[-59.4314,2.94678],[-59.43088,2.94604],[-59.43115,2.94574],[-59.43283,2.9464],[-59.43308,2.9461],[-59.4356,2.9461],[-59.4351,2.94713],[-59.43705,2.94749],[-59.43769,2.94672],[-59.43913,2.94714],[-59.44034,2.94618],[-59.44146,2.94696],[-59.44291,2.94603],[-59.44361,2.94677],[-59.4436,2.94594],[-59.44522,2.94623],[-59.44589,2.94594],[-59.44727,2.94476],[-59.44772,2.94467],[-59.44837,2.94532],[-59.44812,2.9463],[-59.44973,2.94564],[-59.45163,2.94434],[-59.45208,2.94486],[-59.45377,2.94561],[-59.45487,2.94536],[-59.45572,2.94428],[-59.45609,2.94551],[-59.45694,2.94457],[-59.45761,2.94504],[-59.45825,2.94489],[-59.4595,2.94539],[-59.45932,2.94429],[-59.46019,2.94358],[-59.46354,2.94275],[-59.4649,2.94149],[-59.46566,2.9415],[-59.46581,2.9407],[-59.4664,2.94012],[-59.46634,2.9388],[-59.46826,2.93805],[-59.46915,2.93908],[-59.47119,2.93912],[-59.47322,2.93694],[-59.4748,2.93561],[-59.4748,2.93554],[-59.47512,2.93523],[-59.47679,2.935],[-59.47731,2.93454],[-59.47714,2.93398],[-59.47784,2.93326]]]},"properties":{"Name":"Rupanau","Region":9,"Grant_No":"No Data","Acres":86777,"Plan_Numbe":0}},
{"type":"Feature","geometry":{"type":"Polygon","coordinates":[[[-59.85921,8.12772],[-59.8635,8.12626],[-59.86443,8.12798],[-59.86561,8.1284],[-59.88543,8.12186],[-59.88582,8.12161],[-59.88681,8.12011],[-59.8867,8.11903],[-59.88596,8.1184],[-59.88381,8.11736],[-59.85848,8.12496],[-59.85815,8.12506],[-59.85814,8.12506],[-59.85921,8.12772]]]},"properties":{"Name":"Kamwatta","Region":1,"Grant_No":"G7764","Acres":395,"Plan_Numbe":23706}},
{"type":"Feature","geometry":{"type":"Polygon","coordinates":[[[-59.24156,3.70307],[-59.15499,3.70382],[-59.15539,3.70484],[-59.1551,3.70538],[-59.15567,3.70783],[-59.15528,3.70951],[-59.15486,3.71031],[-59.15413,3.71087],[-59.153,3.7113],[-59.15083,3.71133],[-59.15038,3.71231],[-59.15081,3.71336],[-59.15069,3.71445],[-59.15077,3.71694],[-59.15071,3.71989],[-59.15121,3.72281],[-59.15085,3.72632],[-59.15028,3.72695],[-59.14894,3.72727],[-59.14721,3.72708],[-59.14642,3.72719],[-59.14599,3.72814],[-59.14637,3.72948],[-59.14732,3.73091],[-59.14897,3.73301],[-59.14922,3.73433],[-59.1483,3.73546],[-59.14773,3.73652],[-59.14762,3.73837],[-59.14788,3.73957],[-59.14916,3.74164],[-59.15017,3.74214],[-59.15068,3.74331],[-59.15138,3.74418],[-59.15298,3.74516],[-59.15532,3.74695],[-59.15699,3.74742],[-59.1575,3.74857],[-59.15749,3.74973],[-59.15633,3.75141],[-59.15488,3.75272],[-59.15328,3.7539],[-59.15276,3.75465],[-59.15264,3.75548],[-59.15345,3.75643],[-59.15644,3.75871],[-59.158,3.75957],[-59.15869,3.76036],[-59.15894,3.7622],[-59.1598,3.76424],[-59.1596,3.76548],[-59.1587,3.76659],[-59.15855,3.76758],[-59.15802,3.76848],[-59.15834,3.77026],[-59.15914,3.77134],[-59.15902,3.77282],[-59.15821,3.77439],[-59.15862,3.77472],[-59.15852,3.77672],[-59.15951,3.77945],[-59.15944,3.78079],[-59.16022,3.78172],[-59.15978,3.78264],[-59.16027,3.78363],[-59.16038,3.78592],[-59.16099,3.78749],[-59.1621,3.78921],[-59.16291,3.7912],[-59.16372,3.79199],[-59.16341,3.79404],[-59.16464,3.795],[-59.16519,3.79626],[-59.16637,3.79741],[-59.16632,3.79812],[-59.1669,3.79833],[-59.16672,3.79941],[-59.16724,3.79988],[-59.16808,3.80158],[-59.16792,3.80216],[-59.16874,3.80276],[-59.16934,3.80373],[-59.16924,3.80436],[-59.17021,3.80507],[-59.1701,3.80594],[-59.17039,3.80701],[-59.17024,3.80848],[-59.17045,3.80906],[-59.17012,3.81087],[-59.16928,3.81253],[-59.16772,3.81424],[-59.16754,3.81552],[-59.16626,3.81671],[-59.1664,3.81815],[-59.16723,3.81875],[-59.16779,3.82053],[-59.16894,3.82156],[-59.17,3.82174],[-59.17059,3.82217],[-59.17081,3.82498],[-59.16911,3.82875],[-59.16674,3.83228],[-59.16708,3.83361],[-59.16709,3.83867],[-59.16731,3.84136],[-59.16829,3.84406],[-59.16861,3.84546],[-59.17206,3.85019],[-59.17378,3.85406],[-59.17348,3.85525],[-59.17368,3.856],[-59.19274,3.85671],[-59.21356,3.84047],[-59.21671,3.80559],[-59.23384,3.7627],[-59.25765,3.76841],[-59.27424,3.7858],[-59.29446,3.79065],[-59.29542,3.78925],[-59.29569,3.78745],[-59.29561,3.78664],[-59.29666,3.78442],[-59.29673,3.78329],[-59.29634,3.78275],[-59.29594,3.78123],[-59.29665,3.78049],[-59.29839,3.7812],[-59.29905,3.77937],[-59.29848,3.77822],[-59.29843,3.77711],[-59.29906,3.77593],[-59.29906,3.77509],[-59.29852,3.77389],[-59.29717,3.77355],[-59.29597,3.77205],[-59.29528,3.77282],[-59.29413,3.77294],[-59.29325,3.7726],[-59.29202,3.77142],[-59.29061,3.7731],[-59.28941,3.77308],[-59.28901,3.77239],[-59.28886,3.7701],[-59.28925,3.76951],[-59.2892,3.76868],[-59.28868,3.7676],[-59.2891,3.76659],[-59.2885,3.76511],[-59.28894,3.76334],[-59.28828,3.76282],[-59.28788,3.76182],[-59.28815,3.76125],[-59.28761,3.75995],[-59.2867,3.75941],[-59.28506,3.75919],[-59.28364,3.75964],[-59.28234,3.75974],[-59.28119,3.75881],[-59.28138,3.75773],[-59.28268,3.75728],[-59.28307,3.75669],[-59.28263,3.75615],[-59.28013,3.7551],[-59.27763,3.75351],[-59.27711,3.75262],[-59.27718,3.75139],[-59.27799,3.75117],[-59.27728,3.75046],[-59.27718,3.74947],[-59.27727,3.74682],[-59.27663,3.74544],[-59.27638,3.74434],[-59.2756,3.74512],[-59.27503,3.74503],[-59.27466,3.74282],[-59.27473,3.74131],[-59.27392,3.74151],[-59.27309,3.74056],[-59.27272,3.73923],[-59.27202,3.73515],[-59.27143,3.73458],[-59.27251,3.73451],[-59.27283,3.73404],[-59.27202,3.73313],[-59.26974,3.73183],[-59.26912,3.73014],[-59.26974,3.73117],[-59.27059,3.73127],[-59.2687,3.72871],[-59.26738,3.72835],[-59.26659,3.72847],[-59.26515,3.72688],[-59.26473,3.72609],[-59.26482,3.72459],[-59.26433,3.72334],[-59.26335,3.72287],[-59.26207,3.72179],[-59.26123,3.71973],[-59.26067,3.71885],[-59.26108,3.71798],[-59.26138,3.71877],[-59.26241,3.71911],[-59.26378,3.71918],[-59.26324,3.71781],[-59.26238,3.71638],[-59.26071,3.71648],[-59.26003,3.71678],[-59.25804,3.71659],[-59.25647,3.71583],[-59.25488,3.71406],[-59.25358,3.71203],[-59.25196,3.71058],[-59.25063,3.71046],[-59.24983,3.71004],[-59.24803,3.70843],[-59.24825,3.70806],[-59.24792,3.70548],[-59.24851,3.70491],[-59.24845,3.70316],[-59.24841,3.70316],[-59.24156,3.70307]]]},"properties":{"Name":"Massara Tract A","Region":9,"Grant_No":"No Data","Acres":38155,"Plan_Numbe":0}},
{"type":"Feature","geometry":{"type":"Polygon","coordinates":[[[-59.28785,3.85986],[-59.28865,3.85971],[-59.28959,3.85897],[-59.29095,3.85868],[-59.29273,3.85895],[-59.29602,3.85843],[-59.29609,3.858],[-59.29732,3.85762],[-59.29783,3.8589],[-59.29854,3.85898],[-59.29967,3.86011],[-59.30111,3.8609],[-59.30217,3.86259],[-59.30197,3.86345],[-59.30117,3.86381],[-59.29972,3.86524],[-59.29902,3.86531],[-59.29853,3.86644],[-59.29959,3.86802],[-59.30131,3.86883],[-59.30292,3.86843],[-59.30487,3.86891],[-59.30669,3.86892],[-59.30589,3.86775],[-59.30631,3.8666],[-59.30714,3.86665],[-59.30778,3.86737],[-59.30839,3.86651],[-59.31046,3.86657],[-59.31104,3.86708],[-59.31147,3.86905],[-59.31257,3.86966],[-59.31378,3.86894],[-59.31554,3.86884],[-59.31598,3.86929],[-59.31642,3.87103],[-59.3176,3.87197],[-59.3181,3.87191],[-59.3181,3.87087],[-59.31758,3.8699],[-59.31777,3.8685],[-59.31864,3.86684],[-59.31988,3.86657],[-59.32092,3.86725],[-59.3212,3.86665],[-59.32114,3.86473],[-59.3217,3.86426],[-59.32309,3.86463],[-59.32445,3.86445],[-59.32542,3.86484],[-59.32535,3.86619],[-59.32631,3.86777],[-59.32727,3.86818],[-59.32754,3.86901],[-59.32819,3.8692],[-59.33195,3.86962],[-59.33285,3.87084],[-59.33383,3.87158],[-59.33414,3.87267],[-59.33427,3.87427],[-59.33365,3.8764],[-59.33401,3.87733],[-59.33774,3.8789],[-59.33897,3.87827],[-59.33927,3.87635],[-59.34066,3.87372],[-59.34122,3.87149],[-59.34142,3.86992],[-59.34199,3.86855],[-59.34211,3.86767],[-59.34301,3.86526],[-59.3435,3.86449],[-59.3447,3.86415],[-59.34565,3.86463],[-59.34689,3.86609],[-59.34789,3.86673],[-59.34877,3.86689],[-59.35124,3.86659],[-59.35297,3.86671],[-59.35387,3.86667],[-59.3552,3.86621],[-59.35469,3.86485],[-59.35276,3.86367],[-59.35232,3.86297],[-59.3523,3.86166],[-59.35273,3.86044],[-59.35347,3.8595],[-59.35426,3.85958],[-59.3545,3.86023],[-59.3557,3.85985],[-59.35719,3.86107],[-59.35789,3.86135],[-59.35898,3.86065],[-59.36032,3.86086],[-59.36006,3.85955],[-59.35943,3.85879],[-59.35983,3.85711],[-59.35935,3.85622],[-59.35973,3.85495],[-59.35958,3.85391],[-59.35998,3.85334],[-59.36175,3.85311],[-59.36223,3.85285],[-59.36362,3.85101],[-59.36433,3.8495],[-59.36536,3.84823],[-59.36681,3.84729],[-59.36703,3.84668],[-59.36642,3.84429],[-59.36713,3.84342],[-59.36799,3.8431],[-59.36817,3.84225],[-59.36783,3.83966],[-59.36831,3.83887],[-59.36945,3.83832],[-59.37053,3.83852],[-59.37142,3.83833],[-59.37168,3.837],[-59.37233,3.83583],[-59.3727,3.83467],[-59.37271,3.83313],[-59.37377,3.83161],[-59.37364,3.83026],[-59.37491,3.82802],[-59.37525,3.82667],[-59.37517,3.82572],[-59.37575,3.82473],[-59.37607,3.82349],[-59.37723,3.82269],[-59.37806,3.82181],[-59.37767,3.82073],[-59.37837,3.81941],[-59.29661,3.8185],[-59.29017,3.81843],[-59.291,3.81972],[-59.29231,3.82274],[-59.29293,3.82457],[-59.29409,3.82707],[-59.29525,3.82928],[-59.2974,3.83182],[-59.29778,3.83298],[-59.29932,3.83579],[-59.29976,3.83627],[-59.30122,3.83676],[-59.30216,3.83779],[-59.30267,3.83877],[-59.30258,3.83946],[-59.30298,3.8402],[-59.30421,3.84095],[-59.3041,3.84224],[-59.30302,3.84331],[-59.30186,3.84594],[-59.30071,3.84738],[-59.2997,3.848],[-59.29683,3.84893],[-59.29523,3.84866],[-59.2944,3.84814],[-59.29252,3.84555],[-59.29213,3.84474],[-59.29251,3.84385],[-59.29472,3.84218],[-59.29595,3.84092],[-59.29636,3.84005],[-59.29589,3.83906],[-59.29445,3.83883],[-59.29143,3.83728],[-59.29036,3.83711],[-59.28975,3.83775],[-59.29066,3.84076],[-59.29038,3.84168],[-59.28784,3.84274],[-59.2866,3.84461],[-59.28707,3.84586],[-59.28688,3.84888],[-59.28756,3.85307],[-59.28785,3.85986]]]},"properties":{"Name":"Massara Tract C","Region":9,"Grant_No":"No Data","Acres":10832,"Plan_Numbe":0}},
{"type":"Feature","geometry":{"type":"Polygon","coordinates":[[[-59.52167,2.62836],[-59.5223,2.62991],[-59.52369,2.63081],[-59.52517,2.63055],[-59.5272,2.63102],[-59.52815,2.63143],[-59.52886,2.63212],[-59.52981,2.63238],[-59.53104,2.63194],[-59.53245,2.63202],[-59.53302,2.63157],[-59.53397,2.63228],[-59.53457,2.63163],[-59.53703,2.63041],[-59.53827,2.63011],[-59.54079,2.6301],[-59.54267,2.62955],[-59.54364,2.62946],[-59.54546,2.63039],[-59.54613,2.63052],[-59.54791,2.63035],[-59.54955,2.63107],[-59.55219,2.63002],[-59.55524,2.62916],[-59.55642,2.62808],[-59.55703,2.62616],[-59.55734,2.62449],[-59.5566,2.6233],[-59.55651,2.6219],[-59.5571,2.62062],[-59.55785,2.62002],[-59.55923,2.61963],[-59.56064,2.6199],[-59.56144,2.62044],[-59.56227,2.61964],[-59.56329,2.61911],[-59.56442,2.6189],[-59.56647,2.6189],[-59.56961,2.61845],[-59.5718,2.6197],[-59.57292,2.61989],[-59.57486,2.61953],[-59.5778,2.61814],[-59.57823,2.61727],[-59.57996,2.61703],[-59.58273,2.61765],[-59.58371,2.61746],[-59.58479,2.61675],[-59.58559,2.61662],[-59.58656,2.6171],[-59.58737,2.61821],[-59.58897,2.61847],[-59.58967,2.61799],[-59.59014,2.61681],[-59.59095,2.61583],[-59.59323,2.61438],[-59.59454,2.61382],[-59.59694,2.61348],[-59.59894,2.61383],[-59.60032,2.61192],[-59.60107,2.61133],[-59.60264,2.61135],[-59.60412,2.61234],[-59.60616,2.61231],[-59.60795,2.61197],[-59.60859,2.61149],[-59.61016,2.6113],[-59.6107,2.6116],[-59.6125,2.61198],[-59.61619,2.61123],[-59.61644,2.60952],[-59.61765,2.60839],[-59.61832,2.60827],[-59.61994,2.60856],[-59.62047,2.60773],[-59.62025,2.60649],[-59.62042,2.60585],[-59.62204,2.60387],[-59.62288,2.60256],[-59.62329,2.60148],[-59.62442,2.60129],[-59.6255,2.60044],[-59.62688,2.60046],[-59.62895,2.60182],[-59.63133,2.60248],[-59.6353,2.6026],[-59.63698,2.60274],[-59.63861,2.60234],[-59.63934,2.60252],[-59.64003,2.60222],[-59.64088,2.601],[-59.6416,2.60042],[-59.64485,2.59899],[-59.64586,2.59787],[-59.64675,2.59741],[-59.64765,2.59632],[-59.64963,2.59497],[-59.65087,2.5932],[-59.65213,2.59188],[-59.65282,2.59083],[-59.65315,2.58961],[-59.65293,2.5879],[-59.6532,2.58729],[-59.65485,2.58599],[-59.65592,2.58572],[-59.65804,2.58611],[-59.65959,2.58493],[-59.66053,2.584],[-59.66177,2.58367],[-59.66231,2.58305],[-59.66235,2.58222],[-59.66396,2.5813],[-59.66393,2.58067],[-59.66451,2.57983],[-59.66579,2.5792],[-59.66728,2.57906],[-59.66825,2.57934],[-59.66947,2.58013],[-59.67138,2.58018],[-59.67256,2.57942],[-59.67367,2.57983],[-59.67575,2.57881],[-59.67706,2.57917],[-59.67846,2.57816],[-59.68052,2.57718],[-59.68142,2.57701],[-59.68363,2.57736],[-59.67979,2.55555],[-59.67407,2.52343],[-59.64159,2.55927],[-59.62952,2.56974],[-59.62668,2.56681],[-59.6257,2.56723],[-59.62392,2.56762],[-59.62272,2.56743],[-59.62089,2.56751],[-59.61935,2.56807],[-59.61627,2.57053],[-59.61477,2.57103],[-59.61284,2.57036],[-59.61106,2.57123],[-59.60895,2.57329],[-59.60749,2.57384],[-59.60389,2.57425],[-59.60271,2.57449],[-59.59926,2.57436],[-59.5986,2.57455],[-59.59724,2.57558],[-59.59651,2.57587],[-59.59483,2.57703],[-59.59277,2.5797],[-59.59193,2.58051],[-59.5908,2.58208],[-59.58953,2.58257],[-59.58906,2.5833],[-59.58769,2.58452],[-59.58612,2.58563],[-59.58514,2.58598],[-59.58141,2.58593],[-59.57991,2.58537],[-59.57792,2.58536],[-59.57687,2.58565],[-59.57493,2.58711],[-59.57225,2.58799],[-59.57091,2.58973],[-59.5684,2.5893],[-59.5658,2.58795],[-59.56428,2.5886],[-59.5634,2.59038],[-59.56283,2.59071],[-59.56063,2.5908],[-59.5593,2.59102],[-59.55835,2.59156],[-59.55733,2.59291],[-59.55642,2.5964],[-59.55586,2.59691],[-59.55428,2.59984],[-59.55373,2.60101],[-59.55175,2.60136],[-59.55102,2.60188],[-59.54978,2.6034],[-59.54736,2.60374],[-59.54534,2.60436],[-59.54424,2.60438],[-59.54371,2.60603],[-59.54303,2.60696],[-59.54164,2.60787],[-59.54098,2.60731],[-59.53971,2.60719],[-59.53833,2.6082],[-59.53736,2.60943],[-59.53665,2.60983],[-59.53587,2.61089],[-59.53419,2.61477],[-59.5326,2.61666],[-59.53093,2.61687],[-59.53029,2.6172],[-59.52962,2.6189],[-59.52803,2.61987],[-59.52643,2.62048],[-59.52525,2.62239],[-59.52331,2.62376],[-59.523,2.62429],[-59.52293,2.6255],[-59.52247,2.62627],[-59.52221,2.62759],[-59.52167,2.62836]]]},"properties":{"Name":"Sawariwau","Region":0,"Grant_No":"No Data","Acres":16530,"Plan_Numbe":0}},
{"type":"Feature","geometry":{"type":"Polygon","coordinates":[[[-59.5239,2.69433],[-59.52539,2.69611],[-59.52616,2.698],[-59.5263,2.69917],[-59.52677,2.70062],[-59.52751,2.70403],[-59.52783,2.70502],[-59.5278,2.70655],[-59.52809,2.7083],[-59.52898,2.71079],[-59.52888,2.71145],[-59.52807,2.71234],[-59.52729,2.71363],[-59.52741,2.71554],[-59.5282,2.71773],[-59.52792,2.72041],[-59.52819,2.72151],[-59.528,2.72353],[-59.52746,2.72437],[-59.52737,2.72539],[-59.5267,2.72751],[-59.52371,2.7319],[-59.52308,2.73398],[-59.52301,2.73584],[-59.52328,2.73726],[-59.52478,2.74119],[-59.52529,2.74296],[-59.52515,2.74566],[-59.52563,2.74665],[-59.52547,2.74732],[-59.52569,2.74883],[-59.52611,2.75],[-59.52702,2.75024],[-59.52866,2.7512],[-59.52908,2.75186],[-59.53002,2.75476],[-59.53078,2.75621],[-59.53097,2.75709],[-59.53093,2.75944],[-59.52974,2.76034],[-59.5274,2.76333],[-59.52653,2.7642],[-59.52539,2.76464],[-59.52444,2.7655],[-59.52402,2.76664],[-59.52444,2.76798],[-59.52547,2.76941],[-59.52594,2.77054],[-59.52537,2.77335],[-59.52327,2.77735],[-59.52342,2.77867],[-59.52416,2.77942],[-59.52447,2.78031],[-59.52489,2.78286],[-59.5257,2.78533],[-59.5266,2.78669],[-59.52728,2.78704],[-59.5284,2.78709],[-59.53018,2.78793],[-59.53113,2.78896],[-59.53054,2.79056],[-59.5297,2.79067],[-59.52831,2.79229],[-59.52689,2.79424],[-59.52631,2.79542],[-59.52589,2.79706],[-59.52619,2.79956],[-59.5261,2.80312],[-59.54548,2.80258],[-59.56233,2.80101],[-59.60492,2.79704],[-59.60488,2.79592],[-59.6053,2.79538],[-59.60581,2.7951],[-59.606,2.79387],[-59.60546,2.79334],[-59.60573,2.79154],[-59.60469,2.79057],[-59.60505,2.78978],[-59.60438,2.78918],[-59.60476,2.7879],[-59.60399,2.78788],[-59.60389,2.78705],[-59.6028,2.78726],[-59.60182,2.78667],[-59.60221,2.78576],[-59.60125,2.78433],[-59.60049,2.78408],[-59.60015,2.78295],[-59.60036,2.7824],[-59.60173,2.78215],[-59.60184,2.7802],[-59.60135,2.77954],[-59.60076,2.77829],[-59.60078,2.77702],[-59.60003,2.77657],[-59.60025,2.77577],[-59.59942,2.77462],[-59.59979,2.77365],[-59.59923,2.7736],[-59.59937,2.77174],[-59.59915,2.77102],[-59.59947,2.77013],[-59.59935,2.76909],[-59.6002,2.7688],[-59.60038,2.76799],[-59.60186,2.76719],[-59.60236,2.76514],[-59.60139,2.76521],[-59.6012,2.76469],[-59.60235,2.7638],[-59.60237,2.7634],[-59.6036,2.76252],[-59.60335,2.7612],[-59.60548,2.76017],[-59.60518,2.75924],[-59.60578,2.75847],[-59.60566,2.75784],[-59.60493,2.7571],[-59.60496,2.75627],[-59.60452,2.75479],[-59.60456,2.75394],[-59.60505,2.75271],[-59.60603,2.75276],[-59.60715,2.75192],[-59.60769,2.75124],[-59.60864,2.75103],[-59.60989,2.75002],[-59.61041,2.74923],[-59.6115,2.74887],[-59.61266,2.74881],[-59.61342,2.74801],[-59.61319,2.74748],[-59.61367,2.74696],[-59.61305,2.74549],[-59.61342,2.74437],[-59.61355,2.74303],[-59.6147,2.74202],[-59.61517,2.7409],[-59.61607,2.73951],[-59.61657,2.73729],[-59.61728,2.7361],[-59.61837,2.73301],[-59.61826,2.73204],[-59.61868,2.73124],[-59.61875,2.72966],[-59.61883,2.72819],[-59.61901,2.72711],[-59.61891,2.72324],[-59.6198,2.72189],[-59.62014,2.72094],[-59.61992,2.71792],[-59.62037,2.71677],[-59.62047,2.71552],[-59.61965,2.71432],[-59.61927,2.71294],[-59.61958,2.71188],[-59.62064,2.7107],[-59.62006,2.70833],[-59.6189,2.70722],[-59.61822,2.70515],[-59.61882,2.70253],[-59.6187,2.70053],[-59.6191,2.69913],[-59.61835,2.69743],[-59.61844,2.69638],[-59.61895,2.69601],[-59.62009,2.69588],[-59.62088,2.69488],[-59.62151,2.69179],[-59.62196,2.69097],[-59.62204,2.68889],[-59.62298,2.68798],[-59.62294,2.68638],[-59.62392,2.68523],[-59.62401,2.68385],[-59.62486,2.68095],[-59.62554,2.67966],[-59.62646,2.67859],[-59.62744,2.67673],[-59.62805,2.67625],[-59.62867,2.67464],[-59.62976,2.67381],[-59.63027,2.67303],[-59.63087,2.67087],[-59.63111,2.67066],[-59.63256,2.66989],[-59.63496,2.66792],[-59.63577,2.66802],[-59.6373,2.66776],[-59.63832,2.66782],[-59.63963,2.66739],[-59.64023,2.66688],[-59.64259,2.66668],[-59.6433,2.66621],[-59.64368,2.66543],[-59.6449,2.66508],[-59.64511,2.66429],[-59.64563,2.66393],[-59.64699,2.66448],[-59.64766,2.66366],[-59.6493,2.66262],[-59.65075,2.65931],[-59.65069,2.65838],[-59.65026,2.6574],[-59.65076,2.65577],[-59.65176,2.65474],[-59.65234,2.65468],[-59.65325,2.65388],[-59.6541,2.65357],[-59.65411,2.65309],[-59.65483,2.65224],[-59.65517,2.65122],[-59.65653,2.65122],[-59.65768,2.6496],[-59.65813,2.64798],[-59.65788,2.64669],[-59.65724,2.64509],[-59.65726,2.6443],[-59.65663,2.64413],[-59.65698,2.6418],[-59.65733,2.64114],[-59.60319,2.65358],[-59.59944,2.65294],[-59.59775,2.65277],[-59.59675,2.65319],[-59.59578,2.65291],[-59.59447,2.65342],[-59.59374,2.65313],[-59.59131,2.65318],[-59.59067,2.65369],[-59.59072,2.65464],[-59.5896,2.65639],[-59.5896,2.65682],[-59.58883,2.65754],[-59.5881,2.65757],[-59.58763,2.65857],[-59.58675,2.65926],[-59.58582,2.65959],[-59.58588,2.66049],[-59.58468,2.66351],[-59.58303,2.66559],[-59.58202,2.66637],[-59.58214,2.66711],[-59.57964,2.66914],[-59.57833,2.67113],[-59.57668,2.67257],[-59.57499,2.67305],[-59.57418,2.67299],[-59.5726,2.67342],[-59.57165,2.67318],[-59.57048,2.67328],[-59.56917,2.67374],[-59.56798,2.6739],[-59.56517,2.67327],[-59.56435,2.67371],[-59.56376,2.67354],[-59.56333,2.67429],[-59.56161,2.6749],[-59.56195,2.67576],[-59.56171,2.67621],[-59.56097,2.67598],[-59.56044,2.67643],[-59.5575,2.67799],[-59.55709,2.6786],[-59.55479,2.67804],[-59.554,2.67715],[-59.55331,2.67725],[-59.55249,2.678],[-59.55195,2.67911],[-59.5504,2.68027],[-59.54861,2.67974],[-59.54654,2.68006],[-59.54563,2.68066],[-59.54395,2.68261],[-59.54192,2.68535],[-59.53968,2.68728],[-59.53682,2.68865],[-59.53466,2.68896],[-59.53465,2.68851],[-59.53179,2.68835],[-59.52995,2.68732],[-59.52923,2.68712],[-59.52774,2.68719],[-59.52566,2.68753],[-59.52469,2.68885],[-59.52529,2.6917],[-59.52497,2.69272],[-59.5239,2.69433]]]},"properties":{"Name":"Sawariwau","Region":0,"Grant_No":"No Data","Acres":37103,"Plan_Numbe":0}},
{"type":"Feature","geometry":{"type":"Polygon","coordinates":[[[-59.5223,2.62991],[-59.52203,2.62991],[-59.52169,2.63082],[-59.52124,2.63175],[-59.51999,2.63299],[-59.51907,2.63289],[-59.51843,2.63337],[-59.51755,2.63501],[-59.51636,2.63654],[-59.51592,2.63769],[-59.51491,2.63833],[-59.51552,2.63995],[-59.51406,2.6413],[-59.51385,2.64235],[-59.51414,2.64308],[-59.51419,2.64501],[-59.51456,2.64657],[-59.51337,2.64875],[-59.51323,2.65011],[-59.51283,2.65141],[-59.51302,2.65251],[-59.51392,2.65443],[-59.51319,2.65608],[-59.51138,2.65758],[-59.5111,2.65842],[-59.50991,2.65999],[-59.50984,2.66198],[-59.50945,2.66273],[-59.50928,2.66442],[-59.50781,2.66743],[-59.50798,2.66822],[-59.50918,2.67058],[-59.50987,2.67183],[-59.51066,2.67313],[-59.51116,2.67479],[-59.51118,2.67573],[-59.51191,2.6784],[-59.51192,2.67924],[-59.51135,2.68118],[-59.51151,2.68315],[-59.51249,2.68417],[-59.51434,2.68645],[-59.51663,2.68891],[-59.51863,2.69056],[-59.51834,2.69133],[-59.51887,2.6919],[-59.52284,2.69365],[-59.5239,2.69433],[-59.52497,2.69272],[-59.52529,2.6917],[-59.52469,2.68885],[-59.52566,2.68753],[-59.52774,2.68719],[-59.52923,2.68712],[-59.52995,2.68732],[-59.53179,2.68835],[-59.53465,2.68851],[-59.53466,2.68896],[-59.53682,2.68865],[-59.53968,2.68728],[-59.54192,2.68535],[-59.54395,2.68261],[-59.54563,2.68066],[-59.54654,2.68006],[-59.54861,2.67974],[-59.5504,2.68027],[-59.55195,2.67911],[-59.55249,2.678],[-59.55331,2.67725],[-59.554,2.67715],[-59.55479,2.67804],[-59.55709,2.6786],[-59.5575,2.67799],[-59.56044,2.67643],[-59.56097,2.67598],[-59.56171,2.67621],[-59.56195,2.67576],[-59.56161,2.6749],[-59.56333,2.67429],[-59.56376,2.67354],[-59.56435,2.67371],[-59.56517,2.67327],[-59.56798,2.6739],[-59.56917,2.67374],[-59.57048,2.67328],[-59.57165,2.67318],[-59.5726,2.67342],[-59.57418,2.67299],[-59.57499,2.67305],[-59.57668,2.67257],[-59.57833,2.67113],[-59.57964,2.66914],[-59.58214,2.66711],[-59.58202,2.66637],[-59.58303,2.66559],[-59.58468,2.66351],[-59.58588,2.66049],[-59.58582,2.65959],[-59.58675,2.65926],[-59.58763,2.65857],[-59.5881,2.65757],[-59.58883,2.65754],[-59.5896,2.65682],[-59.5896,2.65639],[-59.59072,2.65464],[-59.59067,2.65369],[-59.59131,2.65318],[-59.59374,2.65313],[-59.59447,2.65342],[-59.59578,2.65291],[-59.59675,2.65319],[-59.59775,2.65277],[-59.59944,2.65294],[-59.60319,2.65358],[-59.65733,2.64114],[-59.65778,2.64058],[-59.65801,2.63937],[-59.65955,2.63829],[-59.65943,2.63695],[-59.65977,2.63659],[-59.66092,2.63631],[-59.66151,2.63548],[-59.66238,2.6352],[-59.66247,2.63467],[-59.66348,2.63374],[-59.6643,2.6325],[-59.6645,2.63141],[-59.66615,2.6299],[-59.66683,2.62976],[-59.66718,2.62892],[-59.66775,2.62874],[-59.6686,2.6271],[-59.6697,2.6258],[-59.67001,2.62542],[-59.67101,2.62438],[-59.67171,2.62438],[-59.67256,2.62308],[-59.67337,2.62251],[-59.6742,2.61879],[-59.6755,2.61564],[-59.67692,2.61413],[-59.67762,2.61384],[-59.67863,2.61185],[-59.67998,2.6107],[-59.68061,2.61041],[-59.68091,2.60926],[-59.68164,2.60843],[-59.68153,2.6069],[-59.68169,2.60575],[-59.68141,2.60448],[-59.68572,2.58878],[-59.68363,2.57736],[-59.68142,2.57701],[-59.68052,2.57718],[-59.67846,2.57816],[-59.67706,2.57917],[-59.67575,2.57881],[-59.67367,2.57983],[-59.67256,2.57942],[-59.67138,2.58018],[-59.66947,2.58013],[-59.66825,2.57934],[-59.66728,2.57906],[-59.66579,2.5792],[-59.66451,2.57983],[-59.66393,2.58067],[-59.66396,2.5813],[-59.66235,2.58222],[-59.66231,2.58305],[-59.66177,2.58367],[-59.66053,2.584],[-59.65959,2.58493],[-59.65804,2.58611],[-59.65592,2.58572],[-59.65485,2.58599],[-59.6532,2.58729],[-59.65293,2.5879],[-59.65315,2.58961],[-59.65282,2.59083],[-59.65213,2.59188],[-59.65087,2.5932],[-59.64963,2.59497],[-59.64765,2.59632],[-59.64675,2.59741],[-59.64586,2.59787],[-59.64485,2.59899],[-59.6416,2.60042],[-59.64088,2.601],[-59.64003,2.60222],[-59.63934,2.60252],[-59.63861,2.60234],[-59.63698,2.60274],[-59.6353,2.6026],[-59.63133,2.60248],[-59.62895,2.60182],[-59.62688,2.60046],[-59.6255,2.60044],[-59.62442,2.60129],[-59.62329,2.60148],[-59.62288,2.60256],[-59.62204,2.60387],[-59.62042,2.60585],[-59.62025,2.60649],[-59.62047,2.60773],[-59.61994,2.60856],[-59.61832,2.60827],[-59.61765,2.60839],[-59.61644,2.60952],[-59.61619,2.61123],[-59.6125,2.61198],[-59.6107,2.6116],[-59.61016,2.6113],[-59.60859,2.61149],[-59.60795,2.61197],[-59.60616,2.61231],[-59.60412,2.61234],[-59.60264,2.61135],[-59.60107,2.61133],[-59.60032,2.61192],[-59.59894,2.61383],[-59.59694,2.61348],[-59.59454,2.61382],[-59.59323,2.61438],[-59.59095,2.61583],[-59.59014,2.61681],[-59.58967,2.61799],[-59.58897,2.61847],[-59.58737,2.61821],[-59.58656,2.6171],[-59.58559,2.61662],[-59.58479,2.61675],[-59.58371,2.61746],[-59.58273,2.61765],[-59.57996,2.61703],[-59.57823,2.61727],[-59.5778,2.61814],[-59.57486,2.61953],[-59.57292,2.61989],[-59.5718,2.6197],[-59.56961,2.61845],[-59.56647,2.6189],[-59.56442,2.6189],[-59.56329,2.61911],[-59.56227,2.61964],[-59.56144,2.62044],[-59.56064,2.6199],[-59.55923,2.61963],[-59.55785,2.62002],[-59.5571,2.62062],[-59.55651,2.6219],[-59.5566,2.6233],[-59.55734,2.62449],[-59.55703,2.62616],[-59.55642,2.62808],[-59.55524,2.62916],[-59.55219,2.63002],[-59.54955,2.63107],[-59.54791,2.63035],[-59.54613,2.63052],[-59.54546,2.63039],[-59.54364,2.62946],[-59.54267,2.62955],[-59.54079,2.6301],[-59.53827,2.63011],[-59.53703,2.63041],[-59.53457,2.63163],[-59.53397,2.63228],[-59.53302,2.63157],[-59.53245,2.63202],[-59.53104,2.63194],[-59.52981,2.63238],[-59.52886,2.63212],[-59.52815,2.63143],[-59.5272,2.63102],[-59.52517,2.63055],[-59.52369,2.63081],[-59.5223,2.62991]]]},"properties":{"Name":"Sawariwau","Region":0,"Grant_No":"No Data","Acres":25149,"Plan_Numbe":0}},
{"type":"Feature","geometry":{"type":"Polygon","coordinates":[[[-59.5223,2.62991],[-59.52167,2.62836],[-59.52221,2.62759],[-59.52247,2.62627],[-59.52293,2.6255],[-59.523,2.62429],[-59.52331,2.62376],[-59.52525,2.62239],[-59.52643,2.62048],[-59.52803,2.61987],[-59.52962,2.6189],[-59.53029,2.6172],[-59.53093,2.61687],[-59.5326,2.61666],[-59.53419,2.61477],[-59.53587,2.61089],[-59.53665,2.60983],[-59.53736,2.60943],[-59.53833,2.6082],[-59.53971,2.60719],[-59.54098,2.60731],[-59.54164,2.60787],[-59.54303,2.60696],[-59.54371,2.60603],[-59.54424,2.60438],[-59.54534,2.60436],[-59.54736,2.60374],[-59.54978,2.6034],[-59.55102,2.60188],[-59.55175,2.60136],[-59.55373,2.60101],[-59.55428,2.59984],[-59.55586,2.59691],[-59.55642,2.5964],[-59.55733,2.59291],[-59.55835,2.59156],[-59.5593,2.59102],[-59.56063,2.5908],[-59.56283,2.59071],[-59.5634,2.59038],[-59.56428,2.5886],[-59.5658,2.58795],[-59.5684,2.5893],[-59.57091,2.58973],[-59.57225,2.58799],[-59.57493,2.58711],[-59.57687,2.58565],[-59.57792,2.58536],[-59.57991,2.58537],[-59.58141,2.58593],[-59.58514,2.58598],[-59.58612,2.58563],[-59.58769,2.58452],[-59.58906,2.5833],[-59.58953,2.58257],[-59.5908,2.58208],[-59.59193,2.58051],[-59.59277,2.5797],[-59.59483,2.57703],[-59.59651,2.57587],[-59.59724,2.57558],[-59.5986,2.57455],[-59.59926,2.57436],[-59.60271,2.57449],[-59.60389,2.57425],[-59.60749,2.57384],[-59.60895,2.57329],[-59.61106,2.57123],[-59.61284,2.57036],[-59.61477,2.57103],[-59.61627,2.57053],[-59.61935,2.56807],[-59.62089,2.56751],[-59.62272,2.56743],[-59.62392,2.56762],[-59.6257,2.56723],[-59.62668,2.56681],[-59.62952,2.56974],[-59.64159,2.55927],[-59.67407,2.52343],[-59.5782,2.45523],[-59.57714,2.4526],[-59.57642,2.45208],[-59.57517,2.4518],[-59.57427,2.45237],[-59.57407,2.4533],[-59.57341,2.45467],[-59.57259,2.45524],[-59.5717,2.45654],[-59.57149,2.45777],[-59.56968,2.45987],[-59.5697,2.46042],[-59.5689,2.46221],[-59.56848,2.46371],[-59.5672,2.46423],[-59.56585,2.46518],[-59.56516,2.46701],[-59.56413,2.46783],[-59.5627,2.46808],[-59.56124,2.4691],[-59.56146,2.46993],[-59.56117,2.47125],[-59.56147,2.4725],[-59.56091,2.47329],[-59.56171,2.47408],[-59.56121,2.47581],[-59.56179,2.47826],[-59.5617,2.47927],[-59.56218,2.47945],[-59.56237,2.4807],[-59.5616,2.48116],[-59.56116,2.48185],[-59.55987,2.48266],[-59.55926,2.48398],[-59.55871,2.48412],[-59.55767,2.48535],[-59.55772,2.48724],[-59.55835,2.4878],[-59.55844,2.4886],[-59.55691,2.49],[-59.55664,2.49145],[-59.55676,2.49221],[-59.55663,2.49429],[-59.55683,2.49507],[-59.55645,2.49699],[-59.55595,2.49782],[-59.55558,2.49956],[-59.55507,2.50027],[-59.55545,2.50195],[-59.55527,2.50307],[-59.55568,2.50396],[-59.55582,2.50513],[-59.55642,2.50575],[-59.55676,2.50681],[-59.55613,2.50807],[-59.55491,2.50918],[-59.55445,2.51097],[-59.5532,2.51137],[-59.55035,2.51202],[-59.54866,2.51256],[-59.54735,2.51261],[-59.54617,2.51291],[-59.54513,2.51438],[-59.54284,2.51595],[-59.5425,2.51655],[-59.53989,2.51762],[-59.5368,2.51835],[-59.53179,2.51809],[-59.53076,2.51882],[-59.52945,2.51927],[-59.527,2.51975],[-59.52506,2.52051],[-59.52345,2.52081],[-59.52217,2.52214],[-59.51992,2.52308],[-59.51907,2.52298],[-59.51777,2.52242],[-59.51671,2.52298],[-59.51479,2.52363],[-59.51336,2.52374],[-59.512,2.52422],[-59.51074,2.52516],[-59.50954,2.52651],[-59.50811,2.52706],[-59.50749,2.52783],[-59.50723,2.5296],[-59.50735,2.53045],[-59.50694,2.53141],[-59.50626,2.53199],[-59.50431,2.53256],[-59.50287,2.53231],[-59.50175,2.53258],[-59.49907,2.53423],[-59.49628,2.53482],[-59.49424,2.53445],[-59.49149,2.53506],[-59.49061,2.53565],[-59.48877,2.53602],[-59.48747,2.53757],[-59.48562,2.53865],[-59.48458,2.53959],[-59.48382,2.53982],[-59.48301,2.5409],[-59.4819,2.54161],[-59.47952,2.54201],[-59.4787,2.54259],[-59.47825,2.54339],[-59.47872,2.54428],[-59.47802,2.5453],[-59.47439,2.54721],[-59.47386,2.54842],[-59.47288,2.54977],[-59.47283,2.55188],[-59.47327,2.55408],[-59.47295,2.55617],[-59.4742,2.55732],[-59.47424,2.55827],[-59.47345,2.56063],[-59.47374,2.56252],[-59.47378,2.56452],[-59.47359,2.5664],[-59.47426,2.56753],[-59.47562,2.56854],[-59.47794,2.57208],[-59.47955,2.57322],[-59.47991,2.57397],[-59.4797,2.57447],[-59.4782,2.57608],[-59.47722,2.57762],[-59.47886,2.57973],[-59.47896,2.58081],[-59.47847,2.58235],[-59.47716,2.58417],[-59.47671,2.58588],[-59.47682,2.58666],[-59.47688,2.58998],[-59.47604,2.593],[-59.47506,2.59439],[-59.47497,2.59558],[-59.47401,2.5982],[-59.47428,2.59964],[-59.47471,2.59974],[-59.4753,2.59869],[-59.47622,2.59886],[-59.4774,2.60017],[-59.47749,2.60112],[-59.47729,2.60317],[-59.47631,2.60387],[-59.47418,2.60405],[-59.47354,2.60483],[-59.47369,2.60581],[-59.47331,2.60735],[-59.4723,2.60849],[-59.47172,2.61014],[-59.47179,2.61121],[-59.47257,2.61432],[-59.47329,2.61551],[-59.47318,2.61627],[-59.47256,2.61688],[-59.47139,2.61694],[-59.47003,2.61747],[-59.46794,2.61953],[-59.46736,2.62059],[-59.46745,2.62114],[-59.46908,2.62279],[-59.46923,2.62379],[-59.46789,2.62419],[-59.46663,2.62687],[-59.46635,2.62778],[-59.46658,2.62907],[-59.46796,2.62977],[-59.46857,2.63125],[-59.46768,2.63292],[-59.46554,2.63488],[-59.46584,2.63566],[-59.46697,2.63636],[-59.46796,2.63754],[-59.46822,2.63864],[-59.46811,2.63951],[-59.46684,2.64318],[-59.46753,2.64393],[-59.46973,2.64441],[-59.471,2.64453],[-59.47342,2.64561],[-59.4747,2.64671],[-59.47557,2.64822],[-59.47747,2.64894],[-59.47869,2.6509],[-59.47888,2.65223],[-59.47937,2.65337],[-59.48069,2.65493],[-59.48116,2.65597],[-59.48428,2.65933],[-59.48463,2.66118],[-59.48427,2.66341],[-59.48445,2.66505],[-59.48477,2.66544],[-59.48766,2.66654],[-59.4884,2.66799],[-59.48921,2.66887],[-59.48963,2.66983],[-59.4897,2.67113],[-59.49005,2.67192],[-59.49195,2.67377],[-59.49607,2.67566],[-59.49827,2.67568],[-59.50003,2.67607],[-59.50143,2.67676],[-59.50178,2.67733],[-59.5032,2.67836],[-59.50707,2.68024],[-59.50871,2.68152],[-59.51151,2.68315],[-59.51135,2.68118],[-59.51192,2.67924],[-59.51191,2.6784],[-59.51118,2.67573],[-59.51116,2.67479],[-59.51066,2.67313],[-59.50987,2.67183],[-59.50918,2.67058],[-59.50798,2.66822],[-59.50781,2.66743],[-59.50928,2.66442],[-59.50945,2.66273],[-59.50984,2.66198],[-59.50991,2.65999],[-59.5111,2.65842],[-59.51138,2.65758],[-59.51319,2.65608],[-59.51392,2.65443],[-59.51302,2.65251],[-59.51283,2.65141],[-59.51323,2.65011],[-59.51337,2.64875],[-59.51456,2.64657],[-59.51419,2.64501],[-59.51414,2.64308],[-59.51385,2.64235],[-59.51406,2.6413],[-59.51552,2.63995],[-59.51491,2.63833],[-59.51592,2.63769],[-59.51636,2.63654],[-59.51755,2.63501],[-59.51843,2.63337],[-59.51907,2.63289],[-59.51999,2.63299],[-59.52124,2.63175],[-59.52169,2.63082],[-59.52203,2.62991],[-59.5223,2.62991]]]},"properties":{"Name":"Sawariwau Extension","Region":0,"Grant_No":"No Data","Acres":58415,"Plan_Numbe":0}},
{"type":"Feature","geometry":{"type":"Polygon","coordinates":[[[-61.29038,5.91673],[-61.28881,5.91695],[-61.28807,5.91764],[-61.28972,5.9229],[-61.28928,5.92628],[-61.28671,5.93375],[-61.28513,5.93703],[-61.28276,5.9414],[-61.27508,5.94639],[-61.26818,5.95011],[-61.25856,5.95574],[-61.25488,5.96127],[-61.25148,5.9649],[-61.24304,5.96903],[-61.23751,5.9716],[-61.23405,5.97586],[-61.23076,5.97961],[-61.22654,5.98154],[-61.21764,5.98533],[-61.21293,5.99077],[-61.20774,5.99251],[-61.20217,5.99742],[-61.19918,6.0034],[-61.19283,6.0107],[-61.19163,6.01384],[-61.19098,6.01455],[-61.18909,6.01601],[-61.18759,6.01678],[-61.18549,6.01759],[-61.18479,6.01904],[-61.18198,6.02013],[-61.17925,6.02284],[-61.17812,6.0237],[-61.17623,6.02547],[-61.17352,6.027],[-61.17077,6.02917],[-61.16968,6.0305],[-61.16897,6.03089],[-61.16812,6.03182],[-61.1661,6.03324],[-61.16567,6.03404],[-61.16463,6.03493],[-61.15957,6.04032],[-61.15883,6.04041],[-61.15681,6.04136],[-61.15627,6.04197],[-61.15496,6.04259],[-61.15445,6.04537],[-61.15474,6.04635],[-61.15362,6.0483],[-61.15338,6.04959],[-61.15265,6.05037],[-61.15119,6.05259],[-61.15099,6.05365],[-61.15201,6.05594],[-61.15175,6.0585],[-61.15202,6.05935],[-61.15183,6.06029],[-61.15405,6.06236],[-61.15411,6.06301],[-61.1525,6.06276],[-61.15247,6.06325],[-61.15422,6.06487],[-61.15555,6.06549],[-61.15618,6.06633],[-61.15609,6.06678],[-61.15676,6.06735],[-61.15521,6.06699],[-61.15468,6.06841],[-61.15483,6.06949],[-61.15545,6.07098],[-61.15517,6.07149],[-61.15591,6.07257],[-61.15686,6.07622],[-61.15757,6.07716],[-61.15783,6.07826],[-61.15876,6.07794],[-61.15897,6.07832],[-61.15826,6.0793],[-61.15873,6.08053],[-61.15774,6.08147],[-61.15858,6.08153],[-61.15922,6.08214],[-61.15785,6.08331],[-61.15816,6.08388],[-61.15719,6.08515],[-61.15774,6.08511],[-61.15794,6.08607],[-61.15703,6.08635],[-61.15662,6.0892],[-61.15693,6.09032],[-61.158,6.08962],[-61.15864,6.08979],[-61.15854,6.09049],[-61.15876,6.09238],[-61.15801,6.09312],[-61.15481,6.09534],[-61.15444,6.09611],[-61.1558,6.09652],[-61.15727,6.0957],[-61.15871,6.0956],[-61.15749,6.09725],[-61.15759,6.09873],[-61.15696,6.09989],[-61.15737,6.10144],[-61.1564,6.10465],[-61.15733,6.10477],[-61.15929,6.10383],[-61.15905,6.10491],[-61.1598,6.1064],[-61.16167,6.10802],[-61.16077,6.10916],[-61.16078,6.10992],[-61.16123,6.11153],[-61.16013,6.11198],[-61.15939,6.11292],[-61.15838,6.113],[-61.15622,6.11418],[-61.15522,6.11448],[-61.15422,6.11409],[-61.15339,6.11551],[-61.15292,6.11682],[-61.15385,6.1182],[-61.15299,6.11873],[-61.15275,6.12058],[-61.15189,6.12108],[-61.15148,6.12353],[-61.15033,6.12447],[-61.15034,6.1266],[-61.14939,6.12808],[-61.14907,6.12893],[-61.14943,6.13098],[-61.15163,6.13113],[-61.15084,6.13203],[-61.15105,6.13286],[-61.15214,6.13405],[-61.15224,6.13506],[-61.15182,6.1356],[-61.15066,6.13579],[-61.14951,6.13678],[-61.14977,6.13708],[-61.15076,6.13645],[-61.15153,6.13731],[-61.15098,6.13849],[-61.14932,6.14081],[-61.14887,6.13969],[-61.14806,6.13995],[-61.14756,6.1406],[-61.1479,6.14102],[-61.14829,6.14313],[-61.14904,6.14274],[-61.15034,6.14337],[-61.14985,6.14475],[-61.14856,6.14552],[-61.14895,6.14653],[-61.14798,6.14775],[-61.1471,6.14845],[-61.14753,6.14982],[-61.14688,6.15061],[-61.14678,6.15242],[-61.14643,6.15374],[-61.14524,6.15388],[-61.14243,6.15455],[-61.13965,6.15618],[-61.13843,6.15662],[-61.13838,6.15745],[-61.14072,6.1601],[-61.14102,6.16231],[-61.14016,6.16291],[-61.14036,6.16361],[-61.13889,6.16457],[-61.13878,6.16571],[-61.1372,6.16605],[-61.13674,6.16727],[-61.13855,6.16903],[-61.13896,6.17017],[-61.13749,6.17211],[-61.13652,6.17277],[-61.13613,6.17398],[-61.13701,6.1752],[-61.13656,6.17741],[-61.13804,6.17672],[-61.13881,6.17716],[-61.141,6.17925],[-61.14249,6.17937],[-61.14553,6.18034],[-61.14948,6.18059],[-61.15132,6.18082],[-61.153,6.18078],[-61.15569,6.1815],[-61.15634,6.18258],[-61.15708,6.18296],[-61.15826,6.18281],[-61.1604,6.18222],[-61.1624,6.182],[-61.16371,6.18302],[-61.16392,6.18454],[-61.1646,6.18491],[-61.16608,6.18516],[-61.167,6.18424],[-61.1677,6.18466],[-61.16953,6.18518],[-61.17083,6.18324],[-61.17163,6.18157],[-61.17207,6.18139],[-61.17479,6.18542],[-61.17506,6.18681],[-61.17626,6.18727],[-61.17757,6.18686],[-61.17902,6.18737],[-61.17945,6.18723],[-61.18047,6.18451],[-61.18107,6.18358],[-61.18218,6.1825],[-61.1822,6.18183],[-61.18349,6.18077],[-61.18333,6.17964],[-61.18363,6.17887],[-61.18461,6.17913],[-61.18703,6.17885],[-61.18499,6.17689],[-61.18492,6.17637],[-61.18673,6.17642],[-61.18705,6.17472],[-61.18585,6.17385],[-61.1861,6.17358],[-61.18742,6.17366],[-61.18757,6.17253],[-61.18687,6.17199],[-61.18726,6.17132],[-61.18875,6.17197],[-61.18913,6.17124],[-61.18828,6.1711],[-61.18786,6.17056],[-61.18882,6.16911],[-61.18909,6.16835],[-61.18892,6.16758],[-61.18963,6.16656],[-61.1887,6.16598],[-61.18764,6.16369],[-61.18721,6.16332],[-61.18752,6.1618],[-61.18699,6.16171],[-61.18613,6.16243],[-61.18531,6.16208],[-61.18599,6.1605],[-61.18582,6.16002],[-61.18518,6.16028],[-61.18393,6.15999],[-61.18316,6.1593],[-61.18359,6.15786],[-61.18283,6.15499],[-61.18389,6.15461],[-61.18461,6.15336],[-61.18469,6.15272],[-61.1843,6.15138],[-61.18532,6.15026],[-61.18422,6.14971],[-61.18386,6.14911],[-61.18416,6.14773],[-61.18485,6.14717],[-61.18575,6.14722],[-61.18616,6.14659],[-61.18595,6.14558],[-61.18629,6.14457],[-61.1881,6.14358],[-61.18876,6.14201],[-61.18937,6.14158],[-61.19031,6.14225],[-61.19077,6.14137],[-61.19035,6.1406],[-61.19073,6.14002],[-61.19224,6.13998],[-61.19259,6.13918],[-61.19142,6.1394],[-61.19102,6.13898],[-61.19079,6.13667],[-61.19094,6.13462],[-61.18934,6.13314],[-61.18978,6.13245],[-61.19543,6.1318],[-61.196,6.13208],[-61.19646,6.13289],[-61.19887,6.13277],[-61.1994,6.13246],[-61.19948,6.13151],[-61.20018,6.13133],[-61.20259,6.13312],[-61.20323,6.13418],[-61.20383,6.13379],[-61.20367,6.13297],[-61.20391,6.13199],[-61.20287,6.12993],[-61.20297,6.12922],[-61.2027,6.12731],[-61.20414,6.12688],[-61.20449,6.12566],[-61.20457,6.12269],[-61.20574,6.12158],[-61.20814,6.11845],[-61.20813,6.11773],[-61.20709,6.11736],[-61.20648,6.11683],[-61.20675,6.11583],[-61.20819,6.11403],[-61.20921,6.11187],[-61.21023,6.11174],[-61.20959,6.11277],[-61.2105,6.11282],[-61.21258,6.11382],[-61.21412,6.11508],[-61.21503,6.11527],[-61.21498,6.11318],[-61.21409,6.11178],[-61.21531,6.11156],[-61.21555,6.11243],[-61.21639,6.11296],[-61.21696,6.11378],[-61.21679,6.11453],[-61.21995,6.11705],[-61.22036,6.11753],[-61.22154,6.12003],[-61.22228,6.12187],[-61.22256,6.1239],[-61.22289,6.12499],[-61.22335,6.12552],[-61.22506,6.12498],[-61.22653,6.12546],[-61.22715,6.12478],[-61.22714,6.1238],[-61.22748,6.12345],[-61.22899,6.12436],[-61.23,6.12406],[-61.23084,6.12438],[-61.23034,6.12545],[-61.23113,6.12638],[-61.23249,6.12689],[-61.2326,6.12654],[-61.23137,6.12539],[-61.23422,6.12512],[-61.23452,6.12392],[-61.23516,6.12349],[-61.23544,6.12271],[-61.2372,6.12134],[-61.2365,6.12139],[-61.23671,6.1198],[-61.23591,6.11905],[-61.23619,6.11811],[-61.23723,6.1176],[-61.23759,6.11646],[-61.23868,6.11587],[-61.23943,6.11501],[-61.23974,6.11377],[-61.24075,6.11321],[-61.24116,6.11255],[-61.241,6.1109],[-61.24159,6.11069],[-61.24188,6.11197],[-61.24246,6.11166],[-61.24263,6.10893],[-61.24304,6.10853],[-61.2432,6.10949],[-61.24498,6.10881],[-61.24575,6.10801],[-61.24589,6.10915],[-61.24844,6.10848],[-61.25064,6.10942],[-61.2513,6.10831],[-61.25198,6.10858],[-61.25272,6.10833],[-61.25303,6.10773],[-61.25361,6.10841],[-61.25332,6.10904],[-61.25517,6.1097],[-61.25666,6.11122],[-61.26013,6.11234],[-61.26163,6.11156],[-61.26246,6.11031],[-61.26301,6.11114],[-61.26442,6.11087],[-61.26554,6.11098],[-61.26594,6.11032],[-61.26545,6.10956],[-61.26577,6.10932],[-61.26715,6.10958],[-61.26933,6.10973],[-61.27007,6.10961],[-61.26956,6.10878],[-61.27068,6.10829],[-61.27077,6.10767],[-61.27039,6.10644],[-61.27066,6.10614],[-61.27278,6.10598],[-61.27364,6.1052],[-61.27425,6.10377],[-61.27505,6.10275],[-61.27462,6.10216],[-61.27396,6.10212],[-61.27417,6.09963],[-61.27391,6.09674],[-61.27389,6.09529],[-61.27569,6.09245],[-61.27664,6.09211],[-61.27757,6.09219],[-61.27907,6.09433],[-61.27969,6.09398],[-61.27865,6.08915],[-61.2789,6.08767],[-61.27874,6.08622],[-61.27976,6.08482],[-61.27962,6.08312],[-61.281,6.08251],[-61.2821,6.0825],[-61.28301,6.08204],[-61.28566,6.07999],[-61.28663,6.07973],[-61.28642,6.079],[-61.28505,6.07736],[-61.28545,6.07693],[-61.28738,6.07703],[-61.28792,6.07591],[-61.29004,6.0745],[-61.29145,6.07451],[-61.29268,6.07319],[-61.29318,6.07297],[-61.29373,6.07376],[-61.29434,6.07383],[-61.29435,6.07227],[-61.29292,6.07082],[-61.2911,6.06946],[-61.29166,6.0687],[-61.2944,6.06806],[-61.29724,6.06713],[-61.29795,6.0665],[-61.29843,6.06545],[-61.29881,6.06344],[-61.29978,6.06255],[-61.30142,6.06165],[-61.30387,6.06053],[-61.30423,6.06002],[-61.30376,6.05876],[-61.30421,6.0576],[-61.30214,6.05636],[-61.3017,6.05447],[-61.30284,6.05346],[-61.304,6.05297],[-61.30563,6.05337],[-61.30646,6.05298],[-61.30703,6.05178],[-61.30875,6.05208],[-61.3098,6.05259],[-61.31085,6.05259],[-61.31203,6.05197],[-61.31227,6.05054],[-61.31288,6.04849],[-61.31136,6.04725],[-61.31084,6.04648],[-61.31158,6.04534],[-61.31247,6.04335],[-61.31469,6.04259],[-61.31583,6.04181],[-61.31706,6.03777],[-61.31807,6.03236],[-61.31856,6.03087],[-61.31971,6.02842],[-61.31937,6.02746],[-61.31998,6.0267],[-61.32244,6.02642],[-61.32473,6.02659],[-61.32611,6.0256],[-61.32685,6.02442],[-61.32702,6.02273],[-61.32682,6.02227],[-61.32742,6.02103],[-61.32848,6.01987],[-61.33096,6.01748],[-61.33191,6.01637],[-61.33329,6.01522],[-61.33382,6.01349],[-61.33479,6.01215],[-61.33525,6.01036],[-61.33493,6.00858],[-61.33484,6.00706],[-61.33573,6.00528],[-61.33513,6.0039],[-61.33373,6.00149],[-61.33235,6.00067],[-61.33238,6.0003],[-61.3313,5.99994],[-61.33094,5.99908],[-61.33291,5.99818],[-61.33619,5.99507],[-61.33695,5.99542],[-61.33891,5.99329],[-61.34174,5.99123],[-61.34354,5.99063],[-61.34422,5.98907],[-61.34697,5.98824],[-61.34875,5.98816],[-61.3502,5.98638],[-61.35093,5.98579],[-61.35115,5.98486],[-61.35091,5.98328],[-61.35146,5.98074],[-61.35233,5.97907],[-61.35265,5.9767],[-61.35359,5.97408],[-61.35562,5.97137],[-61.35766,5.96901],[-61.36134,5.96786],[-61.36228,5.96784],[-61.36378,5.96734],[-61.36479,5.96821],[-61.36557,5.96833],[-61.36653,5.96615],[-61.36692,5.9643],[-61.3687,5.96265],[-61.36907,5.96172],[-61.37178,5.96171],[-61.37345,5.96138],[-61.37501,5.95992],[-61.37577,5.95823],[-61.37517,5.9573],[-61.3745,5.95547],[-61.37492,5.95448],[-61.37584,5.95427],[-61.37653,5.95348],[-61.37814,5.95302],[-61.37855,5.95091],[-61.3793,5.95029],[-61.37936,5.94781],[-61.37892,5.94691],[-61.37942,5.94603],[-61.37921,5.9443],[-61.37959,5.94373],[-61.37981,5.94251],[-61.38071,5.94244],[-61.38173,5.93993],[-61.38252,5.93911],[-61.3826,5.9379],[-61.38371,5.93447],[-61.38446,5.93317],[-61.37704,5.92617],[-61.37498,5.92538],[-61.36909,5.92583],[-61.36583,5.92637],[-61.36435,5.92701],[-61.36089,5.93105],[-61.35919,5.93261],[-61.35713,5.93303],[-61.35502,5.93362],[-61.35263,5.93552],[-61.35059,5.9376],[-61.34588,5.93946],[-61.3362,5.94104],[-61.33408,5.94037],[-61.33241,5.93946],[-61.3297,5.93679],[-61.32797,5.93474],[-61.32562,5.93414],[-61.3199,5.93424],[-61.31737,5.93336],[-61.31308,5.93337],[-61.30912,5.93228],[-61.30529,5.93223],[-61.30103,5.92871],[-61.30072,5.92573],[-61.30012,5.92225],[-61.29906,5.91813],[-61.29813,5.91607],[-61.296,5.91472],[-61.29395,5.91519],[-61.29079,5.91667],[-61.29038,5.91673]]]},"properties":{"Name":"Kaikan","Region":7,"Grant_No":"G7800","Acres":81815,"Plan_Numbe":23775}},
{"type":"Feature","geometry":{"type":"Polygon","coordinates":[[[-60.68026,5.75151],[-60.67798,5.75021],[-60.67578,5.74992],[-60.6737,5.75143],[-60.67098,5.75515],[-60.66935,5.76066],[-60.66819,5.767],[-60.66763,5.77178],[-60.66658,5.7762],[-60.66517,5.77848],[-60.66291,5.77993],[-60.65838,5.77996],[-60.6524,5.77797],[-60.64487,5.77431],[-60.64089,5.77149],[-60.63781,5.77054],[-60.63543,5.77187],[-60.63178,5.77846],[-60.62978,5.78373],[-60.62874,5.78791],[-60.62756,5.79067],[-60.62578,5.79152],[-60.62303,5.79141],[-60.6204,5.78964],[-60.61851,5.7858],[-60.61796,5.78082],[-60.61781,5.77604],[-60.61718,5.77162],[-60.61585,5.76793],[-60.61222,5.75995],[-60.6086,5.75376],[-60.59559,5.73927],[-60.59454,5.7397],[-60.59354,5.73794],[-60.5919,5.73625],[-60.59002,5.73471],[-60.58571,5.73087],[-60.58299,5.72808],[-60.5799,5.72325],[-60.57948,5.72239],[-60.57727,5.72068],[-60.57647,5.71986],[-60.57433,5.71725],[-60.57297,5.71704],[-60.57096,5.71764],[-60.56904,5.71922],[-60.56853,5.7194],[-60.56746,5.71907],[-60.56523,5.71802],[-60.56401,5.72164],[-60.56129,5.7256],[-60.55797,5.7286],[-60.55513,5.73292],[-60.55303,5.73915],[-60.55116,5.74597],[-60.54977,5.75278],[-60.54778,5.75781],[-60.54709,5.76224],[-60.54475,5.77049],[-60.53914,5.78761],[-60.53573,5.79611],[-60.53337,5.80103],[-60.52923,5.80643],[-60.52295,5.81232],[-60.5188,5.81641],[-60.51439,5.81739],[-60.50819,5.81695],[-60.50281,5.81615],[-60.49733,5.81678],[-60.49639,5.81858],[-60.49712,5.8212],[-60.49904,5.82274],[-60.50599,5.8276],[-60.51054,5.83151],[-60.51475,5.83626],[-60.51548,5.83924],[-60.51467,5.842],[-60.51217,5.84273],[-60.50835,5.84251],[-60.49747,5.83888],[-60.48457,5.83633],[-60.47692,5.83387],[-60.46845,5.8344],[-60.46226,5.83539],[-60.45751,5.8396],[-60.45444,5.84368],[-60.45255,5.84776],[-60.4527,5.8517],[-60.45558,5.8555],[-60.45917,5.85739],[-60.46275,5.85689],[-60.4674,5.85698],[-60.47183,5.85911],[-60.47578,5.86231],[-60.47759,5.86469],[-60.47713,5.86744],[-60.47346,5.87152],[-60.46503,5.87898],[-60.45791,5.88547],[-60.45126,5.89029],[-60.44733,5.89139],[-60.44233,5.8919],[-60.43828,5.89372],[-60.43284,5.90164],[-60.43154,5.90416],[-60.43227,5.90642],[-60.43589,5.91213],[-60.43902,5.91629],[-60.44189,5.91783],[-60.44523,5.91793],[-60.45274,5.9174],[-60.46002,5.91784],[-60.46779,5.91922],[-60.47436,5.92073],[-60.47831,5.92346],[-60.48095,5.92547],[-60.48694,5.92937],[-60.48839,5.93163],[-60.48769,5.93451],[-60.48567,5.93667],[-60.48378,5.93847],[-60.48343,5.94063],[-60.48704,5.94526],[-60.48873,5.948],[-60.49065,5.95085],[-60.49151,5.9536],[-60.49069,5.95671],[-60.48916,5.95958],[-60.48668,5.96318],[-60.48443,5.96666],[-60.48349,5.96894],[-60.48386,5.97108],[-60.4871,5.97369],[-60.48807,5.97536],[-60.48797,5.97835],[-60.48703,5.98134],[-60.48562,5.98505],[-60.48504,5.9878],[-60.48398,5.99008],[-60.48185,5.99236],[-60.47828,5.99442],[-60.47519,5.99647],[-60.47327,5.99953],[-60.47241,6.00174],[-60.47154,6.00477],[-60.47027,6.01059],[-60.46864,6.0167],[-60.46734,6.01921],[-60.46664,6.02125],[-60.46737,6.02399],[-60.46968,6.02983],[-60.47054,6.03472],[-60.46984,6.03724],[-60.46843,6.04071],[-60.46763,6.04609],[-60.46659,6.05111],[-60.46459,6.05591],[-60.46249,6.06237],[-60.46085,6.06811],[-60.45935,6.07565],[-60.45773,6.08319],[-60.45635,6.09168],[-60.45639,6.09765],[-60.45716,6.10601],[-60.45934,6.11161],[-60.4608,6.11638],[-60.4631,6.12126],[-60.46624,6.12709],[-60.46997,6.13149],[-60.47321,6.1341],[-60.47656,6.13563],[-60.4835,6.13773],[-60.4915,6.13899],[-60.49891,6.13954],[-60.50476,6.13951],[-60.50977,6.14007],[-60.51277,6.14232],[-60.5166,6.14349],[-60.51958,6.14371],[-60.52423,6.1426],[-60.52972,6.14269],[-60.53426,6.14349],[-60.53845,6.14538],[-60.54155,6.145],[-60.54536,6.14318],[-60.54833,6.14113],[-60.55069,6.13669],[-60.55092,6.13466],[-60.55209,6.13286],[-60.55423,6.13094],[-60.55458,6.12764],[-60.55406,6.12317],[-60.55445,6.11958],[-60.5558,6.11552],[-60.55841,6.11323],[-60.56101,6.10963],[-60.56288,6.10424],[-60.56428,6.09862],[-60.56675,6.09394],[-60.56889,6.09166],[-60.57054,6.08878],[-60.5741,6.08589],[-60.5767,6.08265],[-60.5799,6.07904],[-60.58428,6.07436],[-60.58807,6.06967],[-60.59139,6.06619],[-60.59519,6.06413],[-60.5971,6.0634],[-60.59804,6.06149],[-60.59671,6.05911],[-60.5955,6.05637],[-60.5945,6.05016],[-60.59454,6.03953],[-60.59573,6.03701],[-60.5987,6.0352],[-60.60287,6.03386],[-60.60763,6.03275],[-60.613,6.03188],[-60.61632,6.03181],[-60.6182,6.03201],[-60.61925,6.03233],[-60.62043,6.03202],[-60.62234,6.0318],[-60.62482,6.031],[-60.62705,6.03094],[-60.62992,6.03047],[-60.63152,6.03116],[-60.63351,6.03318],[-60.63411,6.03294],[-60.63524,6.03024],[-60.63599,6.02979],[-60.63709,6.02974],[-60.63789,6.03126],[-60.63953,6.03353],[-60.64245,6.03575],[-60.6445,6.03637],[-60.64621,6.03751],[-60.64647,6.03819],[-60.646,6.04057],[-60.64619,6.04185],[-60.64658,6.0427],[-60.64855,6.04334],[-60.64991,6.04482],[-60.65046,6.04798],[-60.6502,6.04954],[-60.64971,6.05047],[-60.64975,6.05184],[-60.65006,6.05222],[-60.65197,6.05148],[-60.6536,6.05155],[-60.6547,6.05305],[-60.65504,6.05389],[-60.65641,6.05561],[-60.65676,6.05636],[-60.65851,6.05684],[-60.65931,6.05854],[-60.65925,6.06016],[-60.66173,6.06325],[-60.66203,6.06507],[-60.6611,6.0668],[-60.66251,6.06843],[-60.66341,6.06996],[-60.66361,6.07069],[-60.66342,6.07179],[-60.66379,6.07376],[-60.66369,6.07525],[-60.66449,6.07677],[-60.66547,6.0773],[-60.66657,6.07938],[-60.66904,6.08116],[-60.66966,6.0825],[-60.66995,6.08495],[-60.6699,6.08688],[-60.66885,6.08902],[-60.66832,6.08968],[-60.66725,6.09292],[-60.6656,6.09702],[-60.66497,6.098],[-60.66526,6.10077],[-60.66488,6.10139],[-60.66351,6.10198],[-60.66222,6.1051],[-60.66193,6.10665],[-60.66235,6.10856],[-60.66378,6.11102],[-60.66377,6.11196],[-60.66506,6.11433],[-60.66678,6.11628],[-60.66694,6.11678],[-60.66618,6.11857],[-60.66442,6.12108],[-60.66452,6.12255],[-60.66554,6.12405],[-60.66734,6.12452],[-60.668,6.12358],[-60.66916,6.12269],[-60.67008,6.12232],[-60.67113,6.12346],[-60.67302,6.12454],[-60.67433,6.12486],[-60.67688,6.12377],[-60.67832,6.12402],[-60.68097,6.12417],[-60.68372,6.12365],[-60.68561,6.12409],[-60.68717,6.12421],[-60.68777,6.12462],[-60.69036,6.12555],[-60.69233,6.12837],[-60.6934,6.12918],[-60.69549,6.13016],[-60.69625,6.1302],[-60.69703,6.12943],[-60.69779,6.12749],[-60.69781,6.12513],[-60.69833,6.12365],[-60.69842,6.11837],[-60.69885,6.11192],[-60.69905,6.1069],[-60.7001,6.1026],[-60.70222,6.09876],[-60.70444,6.09218],[-60.70689,6.08368],[-60.70909,6.07507],[-60.71001,6.06873],[-60.71104,6.06251],[-60.71137,6.05857],[-60.71085,6.05716],[-60.70574,6.05503],[-60.70369,6.05217],[-60.70267,6.04921],[-60.70303,6.04238],[-60.70455,6.03843],[-60.70583,6.03448],[-60.70628,6.03042],[-60.70637,6.02492],[-60.7061,6.02075],[-60.70478,6.01739],[-60.70171,6.01242],[-60.70009,6.00827],[-60.69833,6.00627],[-60.69549,6.0041],[-60.69357,6.0022],[-60.69059,5.99422],[-60.6905,5.98992],[-60.69119,5.98585],[-60.69412,5.97867],[-60.69516,5.97305],[-60.69644,5.96886],[-60.69773,5.96515],[-60.69782,5.96121],[-60.69655,5.95843],[-60.69611,5.95513],[-60.69657,5.95202],[-60.69809,5.94783],[-60.69997,5.94364],[-60.70125,5.93873],[-60.70254,5.9349],[-60.7044,5.92856],[-60.70544,5.9227],[-60.7054,5.91697],[-60.70669,5.9129],[-60.70712,5.90621],[-60.70707,5.8994],[-60.70692,5.89379],[-60.70628,5.88746],[-60.70614,5.88424],[-60.70575,5.8797],[-60.7056,5.87481],[-60.70617,5.87062],[-60.70686,5.86787],[-60.70713,5.86481],[-60.70627,5.86299],[-60.70526,5.86207],[-60.7038,5.86028],[-60.70251,5.85952],[-60.70228,5.85774],[-60.70177,5.85624],[-60.70167,5.85443],[-60.70132,5.85214],[-60.70179,5.8501],[-60.70172,5.84848],[-60.70306,5.84723],[-60.70285,5.84594],[-60.70288,5.84411],[-60.70399,5.84114],[-60.70461,5.83849],[-60.70463,5.83656],[-60.70441,5.8354],[-60.70351,5.83383],[-60.70207,5.83374],[-60.70157,5.83396],[-60.70037,5.83627],[-60.69919,5.8377],[-60.69772,5.8389],[-60.69675,5.83878],[-60.69484,5.83504],[-60.69385,5.83365],[-60.69174,5.83134],[-60.69264,5.83036],[-60.69347,5.82711],[-60.69468,5.82342],[-60.69448,5.82056],[-60.69408,5.81804],[-60.69249,5.81398],[-60.69226,5.81271],[-60.69118,5.81163],[-60.68895,5.81052],[-60.6874,5.80926],[-60.68693,5.80774],[-60.68707,5.8058],[-60.68755,5.80486],[-60.6864,5.80308],[-60.68607,5.80121],[-60.68522,5.79836],[-60.68492,5.79621],[-60.68505,5.79027],[-60.68491,5.78851],[-60.68538,5.78756],[-60.6864,5.7863],[-60.68628,5.78399],[-60.68551,5.78292],[-60.68438,5.782],[-60.68347,5.7817],[-60.68151,5.7815],[-60.68079,5.78002],[-60.67989,5.77911],[-60.67891,5.77864],[-60.67813,5.77666],[-60.67802,5.77548],[-60.67738,5.77381],[-60.67572,5.77221],[-60.67529,5.77119],[-60.67538,5.77048],[-60.67484,5.76693],[-60.67521,5.76519],[-60.67522,5.76407],[-60.67585,5.76276],[-60.676,5.76155],[-60.67674,5.76034],[-60.67694,5.7593],[-60.67803,5.75825],[-60.67846,5.75613],[-60.67978,5.7549],[-60.68027,5.7533],[-60.68026,5.75151]]]},"properties":{"Name":"Kamarang Keng","Region":7,"Grant_No":"G7797","Acres":225719,"Plan_Numbe":23774}},
{"type":"Feature","geometry":{"type":"Polygon","coordinates":[[[-58.85711,7.59834],[-58.85887,7.59853],[-58.86262,7.6012],[-58.86601,7.60339],[-58.86642,7.60494],[-58.86657,7.60674],[-58.86695,7.60812],[-58.86726,7.61108],[-58.86699,7.61582],[-58.86702,7.61811],[-58.86738,7.61902],[-58.86848,7.62074],[-58.87216,7.62395],[-58.87377,7.62562],[-58.87466,7.62626],[-58.87711,7.62899],[-58.88058,7.63514],[-58.88161,7.6368],[-58.88161,7.63678],[-58.88217,7.6365],[-58.88323,7.63596],[-58.88438,7.63579],[-58.88666,7.63609],[-58.88772,7.63587],[-58.88992,7.63476],[-58.89121,7.6338],[-58.89376,7.63144],[-58.89513,7.63055],[-58.90103,7.62727],[-58.90419,7.62523],[-58.90739,7.62239],[-58.90913,7.6214],[-58.91136,7.62041],[-58.91248,7.61978],[-58.91667,7.61689],[-58.92251,7.61632],[-58.92824,7.6156],[-58.94492,7.61366],[-58.95055,7.61306],[-58.95558,7.61234],[-58.9615,7.61177],[-58.9667,7.61107],[-58.97233,7.61052],[-58.98136,7.6094],[-58.99519,7.60779],[-59.00144,7.60749],[-59.00192,7.60608],[-59.00558,7.60436],[-59.00836,7.60366],[-59.00976,7.60217],[-59.00911,7.59997],[-59.00895,7.59803],[-59.00964,7.59643],[-59.01275,7.59414],[-59.01459,7.59339],[-59.01721,7.59111],[-59.01908,7.5899],[-59.02523,7.58743],[-59.02666,7.58671],[-59.02957,7.58371],[-59.03072,7.58174],[-59.03155,7.58068],[-59.03164,7.57939],[-59.03127,7.57808],[-59.03274,7.5797],[-59.03373,7.58051],[-59.03605,7.58021],[-59.03832,7.57867],[-59.03994,7.57658],[-59.03902,7.57486],[-59.03798,7.57463],[-59.03571,7.57454],[-59.03338,7.57485],[-59.03255,7.57441],[-59.02396,7.57559],[-59.01894,7.57514],[-59.01539,7.57445],[-59.00646,7.5711],[-59.00262,7.56787],[-58.99877,7.56223],[-58.99748,7.558],[-58.99662,7.55731],[-58.99449,7.55561],[-58.98954,7.55592],[-58.98374,7.55651],[-58.9814,7.55728],[-58.97822,7.5571],[-58.97623,7.55541],[-58.97508,7.55245],[-58.97436,7.54906],[-58.97222,7.54625],[-58.96837,7.54066],[-58.96627,7.53837],[-58.96314,7.53776],[-58.95887,7.53912],[-58.94415,7.54686],[-58.90027,7.57282],[-58.8604,7.59639],[-58.85711,7.59834]]]},"properties":{"Name":"Waramuri","Region":1,"Grant_No":"G7759","Acres":25172,"Plan_Numbe":23695}},
{"type":"Feature","geometry":{"type":"Polygon","coordinates":[[[-58.88161,7.6368],[-58.88268,7.63927],[-58.88316,7.64101],[-58.88446,7.64323],[-58.8857,7.6457],[-58.8874,7.64967],[-58.88961,7.65531],[-58.89036,7.65707],[-58.89186,7.66001],[-58.89287,7.66087],[-58.89383,7.66101],[-58.89627,7.66206],[-58.89673,7.6625],[-58.89714,7.6638],[-58.89855,7.6645],[-58.90016,7.66569],[-58.89834,7.66758],[-58.89876,7.66891],[-58.89978,7.67112],[-58.9002,7.67295],[-58.90072,7.67742],[-58.90226,7.68185],[-58.90498,7.69045],[-58.91641,7.68866],[-58.9301,7.68628],[-58.9355,7.68649],[-58.94108,7.6866],[-58.94934,7.68689],[-58.95758,7.68703],[-58.96322,7.6846],[-58.96391,7.68407],[-58.96567,7.68406],[-58.96731,7.68458],[-58.96854,7.68446],[-58.97107,7.68383],[-58.97289,7.68263],[-58.97395,7.68264],[-58.97517,7.68153],[-58.97627,7.68103],[-58.97813,7.68158],[-58.97964,7.68227],[-58.98221,7.68309],[-58.98326,7.68276],[-58.98458,7.68325],[-58.98603,7.68445],[-58.98614,7.68505],[-58.98722,7.68681],[-58.9887,7.68828],[-58.98904,7.68893],[-58.98925,7.69038],[-58.98904,7.69134],[-58.98948,7.6926],[-58.99029,7.69414],[-58.99023,7.69528],[-58.99057,7.69644],[-58.99147,7.69711],[-58.99273,7.69731],[-58.99357,7.69809],[-58.99581,7.69866],[-58.99714,7.69986],[-58.99797,7.69993],[-58.99918,7.69902],[-59.00009,7.69944],[-59.00052,7.70046],[-59.0012,7.70126],[-59.00227,7.70177],[-59.00333,7.7018],[-59.0051,7.70239],[-59.00713,7.70228],[-59.0079,7.70166],[-59.0089,7.70132],[-59.01086,7.7022],[-59.01114,7.70281],[-59.01308,7.70293],[-59.01454,7.70257],[-59.01581,7.7014],[-59.01683,7.70111],[-59.0191,7.70101],[-59.02006,7.70196],[-59.02207,7.70327],[-59.02258,7.70468],[-59.0245,7.70614],[-59.02491,7.70737],[-59.02597,7.70803],[-59.02844,7.70916],[-59.02925,7.70985],[-59.03213,7.71106],[-59.03259,7.71183],[-59.03323,7.71179],[-59.03379,7.71308],[-59.03573,7.7137],[-59.03674,7.71373],[-59.03788,7.71312],[-59.03852,7.71235],[-59.0389,7.71254],[-59.04059,7.7124],[-59.0413,7.71198],[-59.04175,7.71285],[-59.04281,7.71248],[-59.04314,7.71315],[-59.04371,7.71323],[-59.04688,7.71485],[-59.04768,7.7146],[-59.04773,7.71514],[-59.04856,7.71586],[-59.04906,7.71583],[-59.04939,7.71652],[-59.05113,7.71659],[-59.05136,7.71693],[-59.05253,7.71692],[-59.05363,7.71732],[-59.0541,7.71612],[-59.05582,7.71598],[-59.05618,7.71701],[-59.05701,7.71599],[-59.05691,7.71462],[-59.05808,7.71447],[-59.05843,7.71489],[-59.05944,7.71474],[-59.05978,7.71408],[-59.06039,7.71455],[-59.0611,7.71426],[-59.06136,7.71354],[-59.0626,7.71332],[-59.06268,7.71235],[-59.06327,7.71251],[-59.06406,7.71137],[-59.06465,7.7114],[-59.06515,7.71208],[-59.06532,7.71158],[-59.06622,7.71097],[-59.06657,7.71014],[-59.06721,7.70962],[-59.06948,7.70862],[-59.06826,7.70628],[-59.06683,7.70402],[-59.0644,7.70041],[-59.06051,7.69557],[-59.05769,7.69341],[-59.05469,7.69],[-59.05404,7.68889],[-59.0536,7.68727],[-59.05295,7.68402],[-59.053,7.68293],[-59.05383,7.68022],[-59.05461,7.67841],[-59.05537,7.67737],[-59.05745,7.67557],[-59.05984,7.67424],[-59.06342,7.67269],[-59.06603,7.6713],[-59.06607,7.67099],[-59.06527,7.66982],[-59.06465,7.66969],[-59.06466,7.66848],[-59.06261,7.66707],[-59.0612,7.66733],[-59.06012,7.66591],[-59.05908,7.66649],[-59.05879,7.66509],[-59.05785,7.66467],[-59.05723,7.66398],[-59.05716,7.66269],[-59.0561,7.66206],[-59.056,7.66089],[-59.05564,7.66011],[-59.05604,7.65937],[-59.05566,7.65816],[-59.05521,7.6577],[-59.05506,7.65662],[-59.05305,7.65543],[-59.05282,7.65468],[-59.05192,7.65433],[-59.05138,7.65375],[-59.05166,7.65321],[-59.05119,7.65251],[-59.05122,7.65181],[-59.05013,7.65144],[-59.05033,7.65062],[-59.04981,7.64999],[-59.0486,7.64918],[-59.04828,7.64869],[-59.04647,7.6488],[-59.04388,7.64862],[-59.04317,7.64927],[-59.04143,7.64893],[-59.04047,7.64773],[-59.03977,7.64738],[-59.0387,7.64738],[-59.03814,7.64655],[-59.03554,7.64415],[-59.03505,7.64316],[-59.03504,7.64224],[-59.03442,7.64206],[-59.03408,7.64071],[-59.0346,7.63978],[-59.03439,7.63905],[-59.03462,7.63737],[-59.03518,7.63625],[-59.03568,7.63427],[-59.03582,7.63224],[-59.03697,7.62921],[-59.03669,7.62847],[-59.03587,7.62787],[-59.03534,7.62643],[-59.03365,7.62467],[-59.03347,7.62153],[-59.03358,7.61841],[-59.03372,7.61743],[-59.03415,7.61427],[-59.03495,7.61186],[-59.03519,7.60999],[-59.03565,7.60783],[-59.03629,7.60571],[-59.03725,7.60334],[-59.03869,7.60112],[-59.03923,7.59791],[-59.03973,7.59663],[-59.04195,7.59408],[-59.04213,7.59283],[-59.04257,7.59205],[-59.04261,7.59097],[-59.04192,7.58748],[-59.04178,7.58579],[-59.04244,7.5845],[-59.04321,7.58361],[-59.04264,7.58205],[-59.04253,7.58061],[-59.04217,7.57953],[-59.04132,7.57825],[-59.04087,7.57707],[-59.04087,7.57475],[-59.04009,7.57379],[-59.03938,7.57381],[-59.03902,7.57486],[-59.03994,7.57658],[-59.03832,7.57867],[-59.03605,7.58021],[-59.03373,7.58051],[-59.03274,7.5797],[-59.03127,7.57808],[-59.03164,7.57939],[-59.03155,7.58068],[-59.03072,7.58174],[-59.02957,7.58371],[-59.02666,7.58671],[-59.02523,7.58743],[-59.01908,7.5899],[-59.01721,7.59111],[-59.01459,7.59339],[-59.01275,7.59414],[-59.00964,7.59643],[-59.00895,7.59803],[-59.00911,7.59997],[-59.00976,7.60217],[-59.00836,7.60366],[-59.00558,7.60436],[-59.00192,7.60608],[-59.00144,7.60749],[-58.99519,7.60779],[-58.98136,7.6094],[-58.97233,7.61052],[-58.9667,7.61107],[-58.9615,7.61177],[-58.95558,7.61234],[-58.95055,7.61306],[-58.94492,7.61366],[-58.92824,7.6156],[-58.92251,7.61632],[-58.91667,7.61689],[-58.91248,7.61978],[-58.91136,7.62041],[-58.90913,7.6214],[-58.90739,7.62239],[-58.90419,7.62523],[-58.90103,7.62727],[-58.89513,7.63055],[-58.89376,7.63144],[-58.89121,7.6338],[-58.88992,7.63476],[-58.88772,7.63587],[-58.88666,7.63609],[-58.88438,7.63579],[-58.88323,7.63596],[-58.88217,7.6365],[-58.88161,7.63678],[-58.88161,7.6368]]]},"properties":{"Name":"Santa Rosa","Region":1,"Grant_No":"G7769","Acres":40423,"Plan_Numbe":23696}},
{"type":"Feature","geometry":{"type":"Polygon","coordinates":[[[-59.84505,8.18756],[-59.84576,8.18544],[-59.84466,8.16786],[-59.84045,8.16852],[-59.83425,8.17002],[-59.83595,8.17599],[-59.83565,8.18588],[-59.83809,8.18538],[-59.84116,8.18756],[-59.84505,8.18756]]]},"properties":{"Name":"Tobago and Wauna Hill","Region":1,"Grant_No":"G7765","Acres":529,"Plan_Numbe":23710}},
{"type":"Feature","geometry":{"type":"Polygon","coordinates":[[[-59.87776,8.02727],[-59.87974,8.02702],[-59.88065,8.02721],[-59.88159,8.02793],[-59.88349,8.03015],[-59.8854,8.03187],[-59.8861,8.0329],[-59.88635,8.03526],[-59.88612,8.03662],[-59.88541,8.0391],[-59.88424,8.042],[-59.88378,8.04412],[-59.88434,8.04607],[-59.88512,8.04703],[-59.88647,8.04706],[-59.88701,8.04663],[-59.88879,8.04297],[-59.88952,8.04177],[-59.89128,8.03941],[-59.89289,8.03759],[-59.89488,8.03573],[-59.89734,8.03479],[-59.89885,8.03462],[-59.90032,8.0356],[-59.90056,8.03673],[-59.90049,8.03815],[-59.90135,8.03926],[-59.90205,8.03937],[-59.90313,8.03902],[-59.90536,8.03873],[-59.90765,8.03948],[-59.90724,8.04241],[-59.90736,8.04344],[-59.90924,8.04434],[-59.90981,8.0443],[-59.91034,8.04362],[-59.90987,8.04328],[-59.91006,8.04247],[-59.91091,8.04231],[-59.91229,8.04114],[-59.91383,8.04113],[-59.91717,8.04296],[-59.91721,8.04403],[-59.91766,8.04479],[-59.91884,8.04537],[-59.92077,8.04493],[-59.92231,8.04492],[-59.92375,8.04595],[-59.9255,8.04748],[-59.9262,8.04924],[-59.93565,8.05681],[-59.9458,8.06494],[-59.94494,8.06526],[-59.94258,8.06327],[-59.93341,8.06595],[-59.93114,8.06795],[-59.93085,8.0706],[-59.93097,8.07153],[-59.93033,8.07464],[-59.92992,8.07521],[-59.9396,8.08134],[-59.94012,8.07888],[-59.94069,8.07772],[-59.94154,8.07702],[-59.94298,8.07635],[-59.94443,8.07662],[-59.94674,8.07625],[-59.94771,8.07632],[-59.94877,8.07566],[-59.94971,8.07554],[-59.95055,8.07477],[-59.9531,8.07436],[-59.95482,8.07254],[-59.96022,8.07139],[-59.96147,8.07023],[-59.96258,8.06695],[-59.96259,8.06612],[-59.96203,8.0649],[-59.96229,8.06383],[-59.96483,8.06061],[-59.96604,8.06014],[-59.9675,8.05922],[-59.96881,8.05909],[-59.97067,8.05923],[-59.97221,8.05887],[-59.97461,8.06032],[-59.97627,8.06077],[-59.97759,8.0616],[-59.9808,8.06254],[-59.98123,8.06292],[-59.98258,8.06296],[-59.98421,8.06444],[-59.98654,8.06546],[-59.98725,8.06523],[-59.98855,8.06576],[-59.9899,8.06555],[-59.99143,8.06466],[-59.99324,8.06326],[-59.99478,8.06279],[-59.99649,8.0613],[-59.99712,8.061],[-59.99832,8.06099],[-59.99918,8.0613],[-60.00221,8.06321],[-60.00403,8.06493],[-60.00614,8.06505],[-60.0063,8.06196],[-60.00713,8.05912],[-60.00759,8.05825],[-60.00867,8.05704],[-60.00966,8.05558],[-60.0117,8.05377],[-60.01371,8.05308],[-60.01582,8.0516],[-60.01919,8.04962],[-60.0226,8.04705],[-60.0247,8.04495],[-60.02617,8.04292],[-60.02699,8.04112],[-60.0272,8.03988],[-60.02699,8.03858],[-60.02557,8.03661],[-60.0236,8.0343],[-60.02184,8.03264],[-60.01993,8.03116],[-60.01329,8.02667],[-60.01126,8.02539],[-60.0114,8.02487],[-60.0129,8.02337],[-60.01521,8.02075],[-60.01569,8.01975],[-60.01535,8.01954],[-60.01473,8.01794],[-60.01421,8.01713],[-60.01412,8.01604],[-60.01599,8.01262],[-60.01596,8.01128],[-60.01471,8.01],[-60.01375,8.00814],[-60.01338,8.00643],[-60.01288,8.00534],[-60.01168,8.00416],[-60.01161,8.00363],[-60.01062,8.00329],[-60.01067,8.00194],[-60.0111,8.00018],[-60.01183,7.99887],[-60.01057,7.9983],[-60.00989,7.99727],[-60.00982,7.99651],[-60.01053,7.99629],[-60.01033,7.99428],[-60.00976,7.99381],[-60.01007,7.99306],[-60.00955,7.99267],[-60.00956,7.99013],[-60.00974,7.98776],[-60.01014,7.98641],[-60.01075,7.98574],[-60.01262,7.9798],[-60.01357,7.9785],[-60.01428,7.97709],[-60.01435,7.97628],[-60.01507,7.97507],[-60.01612,7.97439],[-60.01677,7.9732],[-60.01709,7.97197],[-60.01859,7.96967],[-60.02034,7.9677],[-60.02118,7.96633],[-60.02232,7.96503],[-60.02533,7.96218],[-60.02745,7.96093],[-60.03208,7.95933],[-60.03492,7.95859],[-60.03812,7.95828],[-60.04018,7.95846],[-60.04348,7.95824],[-60.04485,7.95748],[-60.0453,7.95597],[-60.04544,7.95297],[-60.04496,7.95004],[-60.04488,7.94796],[-60.04535,7.94508],[-60.04635,7.94387],[-60.04782,7.94337],[-60.04958,7.94316],[-60.05403,7.94333],[-60.05655,7.94321],[-60.05733,7.94236],[-59.94837,7.94731],[-59.94313,7.94704],[-59.91081,7.94531],[-59.89634,7.94436],[-59.89603,7.94561],[-59.89647,7.94671],[-59.89644,7.94843],[-59.89681,7.94917],[-59.89845,7.95092],[-59.89921,7.95247],[-59.89943,7.95354],[-59.90027,7.95502],[-59.90062,7.95645],[-59.90059,7.958],[-59.89994,7.95963],[-59.90045,7.96061],[-59.90038,7.96157],[-59.90112,7.96235],[-59.90113,7.96311],[-59.90064,7.96421],[-59.90044,7.9671],[-59.90063,7.96763],[-59.89983,7.96927],[-59.89975,7.97045],[-59.89842,7.97159],[-59.8981,7.97218],[-59.89751,7.97205],[-59.89725,7.97266],[-59.89719,7.9746],[-59.89668,7.97574],[-59.89725,7.97693],[-59.89697,7.97863],[-59.89756,7.98131],[-59.89663,7.98172],[-59.89577,7.98281],[-59.89406,7.98678],[-59.89388,7.98773],[-59.89284,7.99042],[-59.89262,7.99192],[-59.89266,7.99348],[-59.89347,7.9942],[-59.8951,7.99446],[-59.89667,7.99435],[-59.89855,7.99364],[-59.90053,7.99312],[-59.90163,7.99335],[-59.90377,7.99418],[-59.90472,7.99479],[-59.90615,7.9953],[-59.90735,7.9974],[-59.90677,7.99852],[-59.90558,7.99937],[-59.90397,7.99988],[-59.90059,8.00024],[-59.89919,8.0008],[-59.89807,8.0015],[-59.89631,8.00336],[-59.89605,8.00452],[-59.89614,8.0064],[-59.89688,8.00797],[-59.89921,8.00954],[-59.90216,8.01185],[-59.90298,8.01339],[-59.90358,8.01585],[-59.90373,8.02035],[-59.90264,8.02021],[-59.90137,8.02075],[-59.89922,8.021],[-59.89678,8.0204],[-59.89453,8.01888],[-59.89196,8.01601],[-59.89106,8.0152],[-59.88971,8.01453],[-59.88866,8.01435],[-59.8872,8.01443],[-59.88319,8.01523],[-59.88146,8.01597],[-59.88073,8.01651],[-59.88003,8.01776],[-59.87914,8.01987],[-59.87787,8.0215],[-59.87851,8.02188],[-59.87862,8.0228],[-59.87806,8.02521],[-59.87776,8.02727]]]},"properties":{"Name":"Yarakita","Region":1,"Grant_No":"No Data","Acres":42853,"Plan_Numbe":0}},
{"type":"Feature","geometry":{"type":"Polygon","coordinates":[[[-59.19274,3.85671],[-59.19077,3.86701],[-59.18814,3.87346],[-59.18827,3.87529],[-59.18776,3.87651],[-59.18782,3.87794],[-59.18927,3.88005],[-59.19037,3.88282],[-59.19095,3.88366],[-59.19177,3.88606],[-59.19226,3.88678],[-59.19356,3.88789],[-59.19395,3.88848],[-59.1935,3.88887],[-59.19468,3.88896],[-59.19597,3.88941],[-59.19761,3.89039],[-59.19749,3.89187],[-59.19705,3.8933],[-59.19736,3.89519],[-59.19808,3.89706],[-59.19995,3.89731],[-59.20064,3.8968],[-59.20108,3.89519],[-59.20177,3.89426],[-59.20267,3.89364],[-59.2044,3.89371],[-59.20587,3.89431],[-59.20611,3.89501],[-59.20558,3.89671],[-59.20497,3.89681],[-59.2039,3.89817],[-59.20276,3.89896],[-59.20269,3.8997],[-59.20211,3.90101],[-59.20323,3.90181],[-59.20684,3.90147],[-59.20878,3.90119],[-59.21334,3.90153],[-59.21518,3.90153],[-59.21684,3.90101],[-59.21794,3.90135],[-59.2189,3.90242],[-59.21995,3.90418],[-59.2206,3.90603],[-59.21935,3.90789],[-59.21694,3.90959],[-59.21484,3.91162],[-59.21414,3.91271],[-59.2146,3.91284],[-59.21561,3.91218],[-59.21724,3.91186],[-59.2184,3.91222],[-59.21977,3.91306],[-59.22338,3.91306],[-59.22573,3.9126],[-59.22847,3.91289],[-59.23043,3.91355],[-59.23176,3.91358],[-59.23727,3.91577],[-59.2391,3.91603],[-59.23891,3.91748],[-59.23982,3.91754],[-59.23982,3.91809],[-59.23858,3.91758],[-59.23863,3.91897],[-59.23937,3.92073],[-59.24054,3.92409],[-59.24104,3.9247],[-59.24056,3.92639],[-59.24128,3.92743],[-59.24193,3.92745],[-59.24245,3.92692],[-59.24283,3.92528],[-59.24431,3.92285],[-59.24604,3.92293],[-59.24769,3.92404],[-59.24915,3.92458],[-59.25018,3.92464],[-59.25158,3.92439],[-59.25292,3.92387],[-59.25481,3.92278],[-59.25652,3.92325],[-59.25739,3.92395],[-59.25661,3.924],[-59.2576,3.92521],[-59.25742,3.92641],[-59.25588,3.92664],[-59.25502,3.92709],[-59.25433,3.92922],[-59.25461,3.93111],[-59.2558,3.93267],[-59.25637,3.9329],[-59.25752,3.9321],[-59.25736,3.92934],[-59.25828,3.92751],[-59.25885,3.92705],[-59.25971,3.92699],[-59.2609,3.92751],[-59.2621,3.92712],[-59.26365,3.92764],[-59.26518,3.92862],[-59.26519,3.92905],[-59.26431,3.92849],[-59.26472,3.92954],[-59.26609,3.93029],[-59.26746,3.93006],[-59.26832,3.93018],[-59.26946,3.93145],[-59.2692,3.93191],[-59.26962,3.93254],[-59.27082,3.93323],[-59.27155,3.93331],[-59.27357,3.93123],[-59.27472,3.92951],[-59.27684,3.92733],[-59.27873,3.92567],[-59.27976,3.9255],[-59.28021,3.92505],[-59.28045,3.92367],[-59.28011,3.92298],[-59.27942,3.92275],[-59.27874,3.92309],[-59.27816,3.92469],[-59.27753,3.92498],[-59.27639,3.9248],[-59.27571,3.92411],[-59.2748,3.92371],[-59.27411,3.9229],[-59.27298,3.92083],[-59.27247,3.9191],[-59.27253,3.91796],[-59.27293,3.91681],[-59.27374,3.91572],[-59.27449,3.91514],[-59.27425,3.91595],[-59.27608,3.91613],[-59.27728,3.91573],[-59.27831,3.9151],[-59.27934,3.91355],[-59.28181,3.91115],[-59.28335,3.90983],[-59.2868,3.90542],[-59.28772,3.90404],[-59.28932,3.9025],[-59.29127,3.89986],[-59.29254,3.8978],[-59.29305,3.89665],[-59.29237,3.89527],[-59.29072,3.894],[-59.29004,3.89285],[-59.28931,3.89015],[-59.28863,3.88928],[-59.28743,3.88675],[-59.28642,3.88353],[-59.2854,3.881],[-59.28456,3.87686],[-59.28463,3.87376],[-59.28384,3.87123],[-59.28362,3.86893],[-59.28363,3.8648],[-59.28399,3.86204],[-59.28439,3.86124],[-59.28564,3.8617],[-59.28616,3.86124],[-59.28702,3.85895],[-59.28703,3.85573],[-59.28693,3.85435],[-59.2862,3.84861],[-59.28639,3.84539],[-59.28602,3.84457],[-59.28669,3.84281],[-59.28732,3.84202],[-59.28922,3.84182],[-59.29006,3.84136],[-59.28977,3.83934],[-59.28916,3.8385],[-59.28967,3.83669],[-59.29058,3.83633],[-59.29178,3.83668],[-59.29255,3.83738],[-59.29423,3.83842],[-59.29532,3.83848],[-59.29686,3.83926],[-59.29671,3.84074],[-59.29553,3.8421],[-59.29272,3.84422],[-59.29268,3.84471],[-59.29425,3.84751],[-59.29523,3.84821],[-59.29598,3.84839],[-59.29757,3.84811],[-59.3001,3.84711],[-59.30098,3.84617],[-59.30171,3.84427],[-59.30329,3.84182],[-59.30191,3.83957],[-59.30112,3.83745],[-59.30012,3.83703],[-59.29822,3.8355],[-59.29751,3.83415],[-59.29719,3.83281],[-59.29664,3.83181],[-59.2953,3.83054],[-59.29354,3.82779],[-59.29276,3.82609],[-59.29072,3.82059],[-59.29026,3.82004],[-59.28873,3.81729],[-59.28808,3.81654],[-59.28725,3.81434],[-59.28692,3.81258],[-59.28681,3.80981],[-59.287,3.80867],[-59.28823,3.80791],[-59.28859,3.80687],[-59.28829,3.80501],[-59.28846,3.80373],[-59.28914,3.80104],[-59.28958,3.80018],[-59.29085,3.80006],[-59.29055,3.79932],[-59.2907,3.79757],[-59.2915,3.7958],[-59.29287,3.79493],[-59.29392,3.79498],[-59.29456,3.7955],[-59.29475,3.79503],[-59.29396,3.7925],[-59.29446,3.79065],[-59.27424,3.7858],[-59.25765,3.76841],[-59.23384,3.7627],[-59.21671,3.80559],[-59.21356,3.84047],[-59.19274,3.85671]]]},"properties":{"Name":"Yakarinta","Region":9,"Grant_No":"No Data","Acres":35473,"Plan_Numbe":38172}},
{"type":"Feature","geometry":{"type":"Polygon","coordinates":[[[-60.39872,5.51656],[-60.39999,5.51732],[-60.40068,5.51821],[-60.40106,5.52077],[-60.40015,5.52224],[-60.3998,5.52377],[-60.40041,5.52447],[-60.40141,5.52491],[-60.40489,5.52749],[-60.40603,5.52857],[-60.40726,5.53133],[-60.40793,5.53347],[-60.40908,5.5361],[-60.40971,5.53827],[-60.40914,5.53918],[-60.40672,5.53989],[-60.40028,5.54201],[-60.39837,5.54281],[-60.39665,5.5425],[-60.39566,5.54212],[-60.39429,5.54237],[-60.39403,5.54269],[-60.39447,5.5442],[-60.39304,5.54582],[-60.39326,5.5504],[-60.39386,5.5537],[-60.39483,5.5546],[-60.3958,5.55459],[-60.39688,5.55526],[-60.39744,5.55675],[-60.39728,5.5576],[-60.39598,5.55811],[-60.3957,5.55849],[-60.39735,5.55969],[-60.40034,5.55949],[-60.40136,5.56009],[-60.40184,5.56151],[-60.4022,5.56354],[-60.40215,5.567],[-60.40179,5.57054],[-60.4023,5.57227],[-60.40368,5.57397],[-60.40272,5.57476],[-60.40146,5.57504],[-60.39946,5.57445],[-60.39831,5.57487],[-60.39638,5.57508],[-60.39469,5.57622],[-60.39289,5.57865],[-60.38985,5.58134],[-60.38877,5.58327],[-60.38437,5.58671],[-60.38351,5.58716],[-60.38241,5.58868],[-60.38123,5.58889],[-60.37989,5.58961],[-60.37865,5.59268],[-60.37896,5.59411],[-60.37995,5.5955],[-60.38023,5.59685],[-60.37964,5.59842],[-60.38027,5.60012],[-60.38024,5.60175],[-60.37983,5.60239],[-60.37817,5.60405],[-60.37642,5.60522],[-60.37448,5.60448],[-60.36883,5.60382],[-60.36825,5.60384],[-60.36637,5.60488],[-60.36455,5.60538],[-60.36233,5.60515],[-60.36064,5.60541],[-60.35716,5.60545],[-60.35617,5.60577],[-60.35476,5.60549],[-60.35267,5.60481],[-60.35123,5.6051],[-60.35008,5.60499],[-60.34793,5.6064],[-60.34622,5.60737],[-60.34536,5.60868],[-60.3438,5.61148],[-60.34325,5.6146],[-60.34295,5.61568],[-60.34302,5.61763],[-60.34239,5.62027],[-60.34283,5.62303],[-60.34321,5.6238],[-60.34415,5.62458],[-60.34647,5.6258],[-60.34722,5.62719],[-60.34728,5.62824],[-60.34609,5.63022],[-60.34432,5.631],[-60.34319,5.63219],[-60.34255,5.63337],[-60.34108,5.63505],[-60.33941,5.63569],[-60.33911,5.63662],[-60.33956,5.63827],[-60.33987,5.64029],[-60.34014,5.64441],[-60.33942,5.64691],[-60.33891,5.64757],[-60.33826,5.64978],[-60.33649,5.65281],[-60.33638,5.65595],[-60.3354,5.65888],[-60.33522,5.66013],[-60.33406,5.66303],[-60.31093,5.75531],[-60.53859,5.7163],[-60.63251,5.6503],[-60.45083,5.52137],[-60.44914,5.51988],[-60.44792,5.51835],[-60.44703,5.51581],[-60.44716,5.51449],[-60.44806,5.51301],[-60.44813,5.51144],[-60.44708,5.50958],[-60.44422,5.50732],[-60.44243,5.50759],[-60.44019,5.50828],[-60.43918,5.50887],[-60.43842,5.5099],[-60.43645,5.51193],[-60.43488,5.51264],[-60.43388,5.51347],[-60.43319,5.51352],[-60.43203,5.51291],[-60.43095,5.51288],[-60.42836,5.51319],[-60.42334,5.51247],[-60.42109,5.51206],[-60.42029,5.51143],[-60.41918,5.51115],[-60.41747,5.51101],[-60.41679,5.51117],[-60.41357,5.51375],[-60.41352,5.51428],[-60.41222,5.51436],[-60.41045,5.51292],[-60.40943,5.51259],[-60.4081,5.51359],[-60.4076,5.51493],[-60.40742,5.51613],[-60.40706,5.51662],[-60.40676,5.51669],[-60.40629,5.51636],[-60.40551,5.51429],[-60.40502,5.51356],[-60.40428,5.51582],[-60.40538,5.51685],[-60.40392,5.51808],[-60.40328,5.51777],[-60.40299,5.51647],[-60.40211,5.51568],[-60.39883,5.51632],[-60.39872,5.51656]]]},"properties":{"Name":"Jawalla","Region":7,"Grant_No":"G7806","Acres":68513,"Plan_Numbe":23770}},
{"type":"Feature","geometry":{"type":"Polygon","coordinates":[[[-61.38446,5.93317],[-61.14835,5.66398],[-61.14677,5.66523],[-61.14463,5.66615],[-61.14223,5.66686],[-61.13962,5.66778],[-61.13432,5.66928],[-61.12683,5.67204],[-61.12452,5.67313],[-61.12264,5.67434],[-61.12072,5.67517],[-61.11708,5.67589],[-61.11382,5.67587],[-61.11202,5.67614],[-61.11125,5.67644],[-61.11014,5.67753],[-61.10874,5.67934],[-61.10644,5.68267],[-61.10287,5.68682],[-61.10031,5.6892],[-61.09824,5.68916],[-61.09476,5.68619],[-61.09385,5.68585],[-61.09321,5.68616],[-61.09246,5.68844],[-61.09148,5.68969],[-61.09015,5.69056],[-61.0884,5.69092],[-61.08428,5.69116],[-61.07429,5.69153],[-61.07,5.69186],[-61.06729,5.6916],[-61.06705,5.69297],[-61.06612,5.69425],[-61.06491,5.69524],[-61.06378,5.69562],[-61.06191,5.69673],[-61.06091,5.69834],[-61.06077,5.69989],[-61.06088,5.70109],[-61.06198,5.70529],[-61.06148,5.70697],[-61.05953,5.70812],[-61.05792,5.70835],[-61.05658,5.7093],[-61.05575,5.70953],[-61.05347,5.71064],[-61.05111,5.71222],[-61.05017,5.7125],[-61.04897,5.71335],[-61.04798,5.7144],[-61.04826,5.71584],[-61.04789,5.71659],[-61.04845,5.72088],[-61.04747,5.72388],[-61.04616,5.72444],[-61.04546,5.72583],[-61.04542,5.72687],[-61.04475,5.72732],[-61.04454,5.72797],[-61.04524,5.72863],[-61.04456,5.7298],[-61.04286,5.72981],[-61.04177,5.7293],[-61.03994,5.73],[-61.03883,5.72989],[-61.03792,5.72892],[-61.03591,5.72796],[-61.03506,5.7281],[-61.03485,5.72727],[-61.03383,5.72693],[-61.03227,5.72761],[-61.03172,5.72839],[-61.03003,5.72884],[-61.02822,5.72968],[-61.02472,5.73189],[-61.02088,5.73476],[-61.01683,5.73938],[-61.01397,5.7416],[-61.01374,5.74249],[-61.01214,5.74478],[-61.01219,5.74549],[-61.01111,5.74731],[-61.01007,5.74757],[-61.00912,5.74823],[-61.00878,5.74888],[-61.00891,5.75104],[-61.00927,5.75425],[-61.00896,5.75606],[-61.00866,5.7565],[-61.00727,5.75662],[-61.00682,5.75548],[-61.00587,5.75543],[-61.00544,5.75626],[-61.00453,5.75672],[-61.00478,5.75854],[-61.00403,5.76044],[-61.00284,5.76216],[-61.00181,5.76251],[-61.00122,5.76176],[-61.0005,5.76182],[-61.00086,5.76229],[-61.00018,5.763],[-60.99995,5.76385],[-60.99897,5.76353],[-60.99854,5.76374],[-60.99744,5.76536],[-60.99761,5.76603],[-60.99883,5.76666],[-60.99901,5.76768],[-60.99865,5.76817],[-60.99602,5.76917],[-60.99454,5.76877],[-60.99403,5.76907],[-60.99381,5.77043],[-60.99295,5.77126],[-60.99276,5.77195],[-60.9935,5.77326],[-60.99367,5.7754],[-60.99482,5.77612],[-60.99533,5.77682],[-60.99511,5.77782],[-60.99533,5.77892],[-60.99401,5.78071],[-60.99372,5.78053],[-60.99392,5.77952],[-60.99353,5.77947],[-60.99229,5.78102],[-60.99194,5.78367],[-60.99082,5.78482],[-60.98976,5.78537],[-60.98908,5.78918],[-60.98824,5.79014],[-60.98857,5.79068],[-60.98884,5.79223],[-60.98845,5.7943],[-60.98871,5.79501],[-60.99096,5.79601],[-60.99131,5.79671],[-60.99224,5.79761],[-60.99185,5.79813],[-60.98967,5.79897],[-60.98888,5.79961],[-60.98797,5.8008],[-60.985,5.79843],[-60.98443,5.79856],[-60.98227,5.79987],[-60.97937,5.8019],[-60.97767,5.8035],[-60.97716,5.80434],[-60.97742,5.80616],[-60.97708,5.80784],[-60.97338,5.80769],[-60.97241,5.80729],[-60.9715,5.80634],[-60.9702,5.80722],[-60.969,5.80868],[-60.96814,5.81036],[-60.96627,5.81151],[-60.96546,5.81158],[-60.96461,5.81208],[-60.96419,5.81192],[-60.96381,5.81084],[-60.96255,5.80952],[-60.96121,5.8101],[-60.96035,5.81083],[-60.96002,5.81152],[-60.95823,5.81345],[-60.95761,5.81441],[-60.95604,5.8153],[-60.95568,5.81593],[-60.95502,5.81611],[-60.9532,5.81532],[-60.95139,5.81416],[-60.95092,5.81353],[-60.95013,5.8136],[-60.9497,5.81415],[-60.94801,5.81362],[-60.94658,5.8138],[-60.94588,5.81344],[-60.94465,5.81082],[-60.94396,5.81025],[-60.94331,5.81027],[-60.94368,5.81226],[-60.94294,5.8125],[-60.94135,5.81144],[-60.94137,5.81075],[-60.94243,5.80979],[-60.94109,5.80971],[-60.93986,5.80895],[-60.93851,5.81031],[-60.93818,5.81103],[-60.93924,5.81336],[-60.94077,5.81552],[-60.94203,5.817],[-60.94331,5.81806],[-60.94492,5.81912],[-60.94686,5.82004],[-60.94881,5.82061],[-60.94945,5.82133],[-60.94977,5.82318],[-60.94982,5.82456],[-60.95082,5.82565],[-60.95239,5.82647],[-60.95394,5.82819],[-60.95301,5.82927],[-60.95152,5.82924],[-60.95124,5.83033],[-60.95018,5.83144],[-60.94894,5.83462],[-60.94826,5.83582],[-60.94814,5.83709],[-60.94836,5.83838],[-60.94793,5.84066],[-60.94856,5.84164],[-60.94781,5.84653],[-60.94779,5.85086],[-60.94801,5.85157],[-60.94913,5.85319],[-60.94931,5.85429],[-60.94992,5.85484],[-60.95271,5.855],[-60.95407,5.85613],[-60.95514,5.85758],[-60.95612,5.85827],[-60.95666,5.8591],[-60.95706,5.86085],[-60.95703,5.86238],[-60.9574,5.86346],[-60.95689,5.86433],[-60.95792,5.86465],[-60.95969,5.86683],[-60.96158,5.86848],[-60.96211,5.8687],[-60.96245,5.87006],[-60.96316,5.87145],[-60.96314,5.87249],[-60.96364,5.87356],[-60.96371,5.87635],[-60.96387,5.87807],[-60.96453,5.88021],[-60.96495,5.88101],[-60.9647,5.88325],[-60.96379,5.8862],[-60.96336,5.88667],[-60.96326,5.88775],[-60.96135,5.89022],[-60.96051,5.89161],[-61.1078,5.95052],[-61.11375,5.95025],[-61.12788,5.94952],[-61.13577,5.94848],[-61.15368,5.94695],[-61.1687,5.94457],[-61.18445,5.94116],[-61.19709,5.93753],[-61.20137,5.93647],[-61.20692,5.93557],[-61.21366,5.9338],[-61.22126,5.93236],[-61.22923,5.93094],[-61.23566,5.92968],[-61.242,5.9288],[-61.24549,5.92874],[-61.25148,5.9268],[-61.25838,5.92383],[-61.26741,5.92193],[-61.27032,5.92145],[-61.27432,5.92067],[-61.28078,5.92005],[-61.2834,5.91842],[-61.28687,5.91593],[-61.28841,5.91535],[-61.29038,5.91673],[-61.29079,5.91667],[-61.29395,5.91519],[-61.296,5.91472],[-61.29813,5.91607],[-61.29906,5.91813],[-61.30012,5.92225],[-61.30072,5.92573],[-61.30103,5.92871],[-61.30529,5.93223],[-61.30912,5.93228],[-61.31308,5.93337],[-61.31737,5.93336],[-61.3199,5.93424],[-61.32562,5.93414],[-61.32797,5.93474],[-61.3297,5.93679],[-61.33241,5.93946],[-61.33408,5.94037],[-61.3362,5.94104],[-61.34588,5.93946],[-61.35059,5.9376],[-61.35263,5.93552],[-61.35502,5.93362],[-61.35713,5.93303],[-61.35919,5.93261],[-61.36089,5.93105],[-61.36435,5.92701],[-61.36583,5.92637],[-61.36909,5.92583],[-61.37498,5.92538],[-61.37704,5.92617],[-61.38446,5.93317]]]},"properties":{"Name":"Paruima","Region":7,"Grant_No":"G7805","Acres":214443,"Plan_Numbe":23772}},
{"type":"Feature","geometry":{"type":"Polygon","coordinates":[[[-60.7054,5.91697],[-60.74071,5.91941],[-60.74367,5.91896],[-60.74466,5.9191],[-60.74606,5.91804],[-60.747,5.91807],[-60.74793,5.91764],[-60.74848,5.91673],[-60.75004,5.91708],[-60.75161,5.91614],[-60.75289,5.91512],[-60.75549,5.91385],[-60.75641,5.91285],[-60.75749,5.91297],[-60.75878,5.9124],[-60.75903,5.91189],[-60.76157,5.91081],[-60.76291,5.90992],[-60.76403,5.91003],[-60.766,5.90877],[-60.76746,5.90759],[-60.76836,5.90745],[-60.76897,5.90642],[-60.77024,5.90572],[-60.77058,5.90466],[-60.7721,5.9027],[-60.77295,5.90255],[-60.77547,5.90119],[-60.77959,5.90026],[-60.78136,5.899],[-60.78343,5.89851],[-60.78688,5.89858],[-60.78911,5.89908],[-60.78974,5.9009],[-60.79027,5.90527],[-60.79093,5.91176],[-60.79086,5.91715],[-60.7903,5.92396],[-60.7891,5.92712],[-60.78659,5.93059],[-60.78468,5.93284],[-60.78206,5.9357],[-60.78065,5.93784],[-60.78138,5.9401],[-60.78423,5.94097],[-60.79102,5.94052],[-60.79304,5.93847],[-60.79645,5.93357],[-60.79957,5.92969],[-60.804,5.92387],[-60.80661,5.9209],[-60.80904,5.91936],[-60.81126,5.91843],[-60.81257,5.91639],[-60.81305,5.91273],[-60.81333,5.90907],[-60.81452,5.90581],[-60.81664,5.90305],[-60.81834,5.9],[-60.81963,5.89633],[-60.82103,5.89347],[-60.8239,5.89201],[-60.8263,5.89151],[-60.83127,5.89137],[-60.83574,5.89215],[-60.83839,5.89488],[-60.84014,5.89863],[-60.84229,5.90166],[-60.84423,5.90264],[-60.8493,5.90212],[-60.85284,5.90098],[-60.85546,5.89842],[-60.85938,5.8927],[-60.86241,5.89136],[-60.86698,5.89224],[-60.87206,5.89343],[-60.87604,5.89685],[-60.87888,5.89947],[-60.88077,5.89717],[-60.88346,5.89453],[-60.88374,5.89278],[-60.88466,5.89197],[-60.88559,5.89019],[-60.88564,5.88956],[-60.88447,5.88736],[-60.88442,5.88513],[-60.88421,5.88363],[-60.88577,5.88191],[-60.887,5.87966],[-60.88742,5.87723],[-60.88729,5.87684],[-60.88461,5.873],[-60.88403,5.87139],[-60.88304,5.86992],[-60.88323,5.86837],[-60.8825,5.86757],[-60.88139,5.86514],[-60.88134,5.86419],[-60.88061,5.86155],[-60.87981,5.86052],[-60.87905,5.85852],[-60.87929,5.85597],[-60.87868,5.85296],[-60.8782,5.85124],[-60.87756,5.85005],[-60.87629,5.84929],[-60.87493,5.84919],[-60.87286,5.84983],[-60.87157,5.84914],[-60.8708,5.84726],[-60.86932,5.84607],[-60.86844,5.84479],[-60.86734,5.84402],[-60.86381,5.84336],[-60.86279,5.84274],[-60.8613,5.84338],[-60.85923,5.84388],[-60.85819,5.84382],[-60.85599,5.8423],[-60.85411,5.84124],[-60.85262,5.84012],[-60.85167,5.83914],[-60.84988,5.83591],[-60.84797,5.83359],[-60.84545,5.83116],[-60.84445,5.83045],[-60.84093,5.82735],[-60.8377,5.82414],[-60.83638,5.82259],[-60.83385,5.81992],[-60.83278,5.81919],[-60.82879,5.81837],[-60.82681,5.81732],[-60.82615,5.81636],[-60.82523,5.81442],[-60.82414,5.81143],[-60.82306,5.80948],[-60.82207,5.80694],[-60.82131,5.80439],[-60.82235,5.80443],[-60.8241,5.80374],[-60.82587,5.8026],[-60.82851,5.80167],[-60.82853,5.80111],[-60.82802,5.79893],[-60.82813,5.79814],[-60.83008,5.7953],[-60.82993,5.79458],[-60.82904,5.79312],[-60.82773,5.7914],[-60.82413,5.78734],[-60.82326,5.7866],[-60.82135,5.78323],[-60.8216,5.78177],[-60.82329,5.77826],[-60.82414,5.77405],[-60.82408,5.77135],[-60.82502,5.77066],[-60.82495,5.76873],[-60.82592,5.76816],[-60.82691,5.76699],[-60.82684,5.76178],[-60.82658,5.76084],[-60.82659,5.75949],[-60.8261,5.75711],[-60.82384,5.75346],[-60.82078,5.75033],[-60.81374,5.74459],[-60.81018,5.74268],[-60.80753,5.74159],[-60.80408,5.7409],[-60.79809,5.74084],[-60.79404,5.74127],[-60.79029,5.74231],[-60.78736,5.74324],[-60.78372,5.7455],[-60.78201,5.74714],[-60.77958,5.74787],[-60.77644,5.7486],[-60.77339,5.74791],[-60.77095,5.74752],[-60.7673,5.74754],[-60.76477,5.74837],[-60.76061,5.74789],[-60.75725,5.74558],[-60.75287,5.74235],[-60.74957,5.74002],[-60.74594,5.73864],[-60.74301,5.73917],[-60.74049,5.74172],[-60.73848,5.74438],[-60.73687,5.74734],[-60.73517,5.75019],[-60.73346,5.75284],[-60.73165,5.75499],[-60.72963,5.75653],[-60.72669,5.75787],[-60.72366,5.7585],[-60.72031,5.75892],[-60.71342,5.75948],[-60.71017,5.75879],[-60.70712,5.75871],[-60.70389,5.76025],[-60.70216,5.75945],[-60.70092,5.75692],[-60.69867,5.75378],[-60.69551,5.75157],[-60.69053,5.75008],[-60.68435,5.75052],[-60.68026,5.75151],[-60.68027,5.7533],[-60.67978,5.7549],[-60.67846,5.75613],[-60.67803,5.75825],[-60.67694,5.7593],[-60.67674,5.76034],[-60.676,5.76155],[-60.67585,5.76276],[-60.67522,5.76407],[-60.67521,5.76519],[-60.67484,5.76693],[-60.67538,5.77048],[-60.67529,5.77119],[-60.67572,5.77221],[-60.67738,5.77381],[-60.67802,5.77548],[-60.67813,5.77666],[-60.67891,5.77864],[-60.67989,5.77911],[-60.68079,5.78002],[-60.68151,5.7815],[-60.68347,5.7817],[-60.68438,5.782],[-60.68551,5.78292],[-60.68628,5.78399],[-60.6864,5.7863],[-60.68538,5.78756],[-60.68491,5.78851],[-60.68505,5.79027],[-60.68492,5.79621],[-60.68522,5.79836],[-60.68607,5.80121],[-60.6864,5.80308],[-60.68755,5.80486],[-60.68707,5.8058],[-60.68693,5.80774],[-60.6874,5.80926],[-60.68895,5.81052],[-60.69118,5.81163],[-60.69226,5.81271],[-60.69249,5.81398],[-60.69408,5.81804],[-60.69448,5.82056],[-60.69468,5.82342],[-60.69347,5.82711],[-60.69264,5.83036],[-60.69174,5.83134],[-60.69385,5.83365],[-60.69484,5.83504],[-60.69675,5.83878],[-60.69772,5.8389],[-60.69919,5.8377],[-60.70037,5.83627],[-60.70157,5.83396],[-60.70207,5.83374],[-60.70351,5.83383],[-60.70441,5.8354],[-60.70463,5.83656],[-60.70461,5.83849],[-60.70399,5.84114],[-60.70288,5.84411],[-60.70285,5.84594],[-60.70306,5.84723],[-60.70172,5.84848],[-60.70179,5.8501],[-60.70132,5.85214],[-60.70167,5.85443],[-60.70177,5.85624],[-60.70228,5.85774],[-60.70251,5.85952],[-60.7038,5.86028],[-60.70526,5.86207],[-60.70627,5.86299],[-60.70713,5.86481],[-60.70686,5.86787],[-60.70617,5.87062],[-60.7056,5.87481],[-60.70575,5.8797],[-60.70614,5.88424],[-60.70628,5.88746],[-60.70692,5.89379],[-60.70707,5.8994],[-60.70712,5.90621],[-60.70669,5.9129],[-60.7054,5.91697]]]},"properties":{"Name":"Waramadong","Region":7,"Grant_No":"G7801","Acres":76156,"Plan_Numbe":23773}},
{"type":"Feature","geometry":{"type":"Polygon","coordinates":[[[-57.91566,5.54935],[-57.9157,5.54878],[-57.91286,5.54483],[-57.91236,5.54337],[-57.91304,5.5422],[-57.91425,5.54155],[-57.91623,5.54086],[-57.91877,5.54048],[-57.92306,5.54058],[-57.92563,5.54106],[-57.92686,5.54109],[-57.92792,5.54056],[-57.92881,5.53923],[-57.92954,5.53766],[-57.9302,5.53526],[-57.93021,5.53263],[-57.92936,5.52881],[-57.92575,5.52246],[-57.92324,5.5195],[-57.92298,5.51866],[-57.92294,5.51718],[-57.92354,5.51468],[-57.92506,5.51232],[-57.92755,5.50974],[-57.92971,5.50775],[-57.93157,5.50646],[-57.93355,5.50487],[-57.9355,5.50292],[-57.93772,5.50271],[-57.94017,5.50185],[-57.94214,5.50165],[-57.94742,5.50164],[-57.94945,5.5015],[-57.95113,5.50066],[-57.95199,5.49954],[-57.95273,5.49807],[-57.9531,5.49676],[-57.95304,5.49569],[-57.9522,5.49274],[-57.95213,5.49167],[-57.95234,5.489],[-57.95332,5.48644],[-57.95587,5.48083],[-57.95656,5.47813],[-57.95641,5.47641],[-57.95568,5.47433],[-57.95455,5.47188],[-57.95348,5.47066],[-57.95222,5.46969],[-57.9495,5.46846],[-57.94574,5.46743],[-57.94345,5.46561],[-57.94223,5.46268],[-57.94163,5.4604],[-57.94182,5.45925],[-57.94279,5.45819],[-57.94542,5.45583],[-57.94985,5.45111],[-57.95138,5.44913],[-57.95288,5.44643],[-57.95342,5.44415],[-57.95373,5.44207],[-57.95558,5.43837],[-57.95759,5.43685],[-57.95997,5.43585],[-57.96213,5.43512],[-57.96388,5.43514],[-57.96523,5.43601],[-57.97163,5.43868],[-57.97306,5.43996],[-57.97436,5.44039],[-57.9753,5.43934],[-57.97616,5.43775],[-57.97911,5.43292],[-57.98025,5.43123],[-57.98138,5.42879],[-57.98179,5.42472],[-57.98206,5.42076],[-57.98175,5.41608],[-57.98216,5.41371],[-57.98347,5.41193],[-57.98486,5.41109],[-57.98738,5.41014],[-57.98955,5.40888],[-57.99061,5.40769],[-57.99162,5.40624],[-57.99244,5.40347],[-57.99217,5.40155],[-57.98974,5.40023],[-57.98853,5.39973],[-57.98413,5.3969],[-57.9553,5.39706],[-57.92109,5.39717],[-57.88836,5.39728],[-57.86578,5.39742],[-57.86312,5.41782],[-57.86147,5.42942],[-57.86126,5.43804],[-57.86003,5.46528],[-57.86118,5.4689],[-57.86051,5.47171],[-57.85834,5.47497],[-57.85574,5.47799],[-57.85367,5.47997],[-57.85223,5.48269],[-57.85086,5.48583],[-57.84952,5.48787],[-57.84879,5.4897],[-57.84552,5.49524],[-57.84604,5.49598],[-57.8462,5.49691],[-57.84584,5.4982],[-57.84522,5.49951],[-57.84378,5.50172],[-57.84339,5.50268],[-57.8434,5.50417],[-57.84371,5.50455],[-57.84645,5.50441],[-57.84851,5.50348],[-57.8508,5.50306],[-57.85136,5.50378],[-57.8504,5.50515],[-57.84972,5.50668],[-57.84969,5.50808],[-57.85012,5.50944],[-57.85121,5.5111],[-57.85246,5.51268],[-57.85399,5.51409],[-57.85586,5.51537],[-57.85783,5.51716],[-57.85936,5.5179],[-57.86078,5.51769],[-57.86214,5.51672],[-57.86293,5.51332],[-57.8638,5.51181],[-57.86448,5.51184],[-57.8654,5.5129],[-57.86677,5.51387],[-57.86926,5.51686],[-57.87014,5.51833],[-57.87039,5.51921],[-57.86956,5.52167],[-57.86783,5.52354],[-57.86667,5.52499],[-57.8662,5.52621],[-57.86675,5.5273],[-57.86882,5.52894],[-57.87079,5.5295],[-57.8732,5.52997],[-57.87495,5.53092],[-57.8753,5.53197],[-57.87487,5.53283],[-57.87474,5.53503],[-57.87436,5.537],[-57.87437,5.53801],[-57.87502,5.53939],[-57.88062,5.53885],[-57.88228,5.54027],[-57.88388,5.54438],[-57.88576,5.55087],[-57.88576,5.5548],[-57.8862,5.55605],[-57.88691,5.55626],[-57.8881,5.556],[-57.89151,5.55575],[-57.89237,5.55543],[-57.89271,5.55367],[-57.89187,5.55182],[-57.89116,5.54873],[-57.89037,5.54667],[-57.89009,5.54518],[-57.89058,5.54336],[-57.892,5.5422],[-57.89477,5.54216],[-57.89598,5.54261],[-57.89854,5.54488],[-57.90017,5.54692],[-57.90117,5.54864],[-57.90301,5.55132],[-57.90394,5.55248],[-57.90524,5.55346],[-57.9082,5.55386],[-57.91108,5.55394],[-57.91358,5.55366],[-57.91381,5.55327],[-57.91376,5.55179],[-57.91435,5.5501],[-57.91566,5.54935]]]},"properties":{"Name":"Wikki/Calcuni","Region":10,"Grant_No":"G7751","Acres":41633,"Plan_Numbe":23682}},
{"type":"Feature","geometry":{"type":"Polygon","coordinates":[[[-57.98027,5.39102],[-57.98159,5.38898],[-57.98358,5.38834],[-57.98754,5.38812],[-57.99066,5.38809],[-57.9933,5.38893],[-57.99595,5.38853],[-57.99726,5.38699],[-57.99711,5.38444],[-57.99583,5.3833],[-57.99363,5.38264],[-57.99131,5.38174],[-57.98928,5.38141],[-57.98622,5.38213],[-57.98512,5.38207],[-57.9836,5.38079],[-57.9831,5.37935],[-57.9833,5.37796],[-57.98532,5.37481],[-57.98722,5.37248],[-57.98902,5.37146],[-57.99354,5.36912],[-57.9961,5.368],[-57.99795,5.36756],[-57.99982,5.36784],[-58.00155,5.3688],[-58.00269,5.36976],[-58.00373,5.37034],[-58.00498,5.37147],[-58.00614,5.37306],[-58.00682,5.37347],[-58.00894,5.37317],[-58.00949,5.37257],[-58.00959,5.37153],[-58.00826,5.36982],[-58.0068,5.36862],[-58.0036,5.36463],[-58.00259,5.36357],[-58.00154,5.3618],[-57.9994,5.35773],[-57.99715,5.35318],[-57.99655,5.35121],[-57.99602,5.34876],[-57.9953,5.34692],[-57.99508,5.3448],[-57.99674,5.34326],[-58.00153,5.34231],[-58.00343,5.34169],[-58.00461,5.34151],[-58.0065,5.34086],[-58.0073,5.34022],[-58.00827,5.33901],[-58.00895,5.33685],[-58.00911,5.33483],[-58.00893,5.3317],[-58.00944,5.3298],[-58.01063,5.32826],[-58.01311,5.32662],[-58.01532,5.32554],[-58.01744,5.32491],[-58.01883,5.32485],[-58.02138,5.32556],[-58.02282,5.32677],[-58.0245,5.32954],[-58.02538,5.33041],[-58.02729,5.33155],[-58.02921,5.33159],[-58.02998,5.33182],[-58.03237,5.33206],[-58.03491,5.33262],[-58.03591,5.33254],[-58.03663,5.33193],[-58.03703,5.33069],[-58.0372,5.32876],[-58.03796,5.32719],[-58.03937,5.32591],[-58.04086,5.32522],[-58.04528,5.32353],[-58.04839,5.32171],[-58.04929,5.32106],[-58.05091,5.31941],[-58.05181,5.3179],[-58.05217,5.31636],[-58.05262,5.31552],[-58.05408,5.31445],[-58.0556,5.31401],[-58.05596,5.31263],[-58.05455,5.31023],[-58.05437,5.30926],[-58.05498,5.30755],[-58.05557,5.30698],[-58.05769,5.30566],[-58.06018,5.30466],[-58.06166,5.30352],[-58.06145,5.30248],[-58.0607,5.30073],[-58.05985,5.29982],[-58.05773,5.29894],[-58.05554,5.29712],[-58.05447,5.29651],[-58.05275,5.29619],[-58.05158,5.2956],[-58.05113,5.29501],[-58.04993,5.29205],[-58.04791,5.28885],[-58.04538,5.28571],[-58.04378,5.28433],[-58.03975,5.28206],[-58.03605,5.28041],[-58.03534,5.27987],[-58.03397,5.27961],[-58.03279,5.27999],[-58.03161,5.27984],[-58.03092,5.27928],[-58.0292,5.27631],[-58.02769,5.27445],[-58.02675,5.27405],[-58.02376,5.27435],[-58.02276,5.2736],[-58.02222,5.27257],[-58.02161,5.27065],[-58.02075,5.26951],[-58.01929,5.26847],[-58.01846,5.26756],[-58.01751,5.26604],[-58.01654,5.26525],[-58.01396,5.26432],[-58.01289,5.26438],[-58.01119,5.26483],[-58.00964,5.26482],[-58.00909,5.26453],[-58.00731,5.2617],[-58.00492,5.25994],[-58.00422,5.25868],[-58.00381,5.25576],[-58.00326,5.25319],[-58.00206,5.25065],[-58.00187,5.24905],[-58.00078,5.24646],[-57.99905,5.24345],[-57.99911,5.24198],[-58.00035,5.24036],[-58.00166,5.23785],[-58.00187,5.23595],[-58.00125,5.23384],[-58.0011,5.23216],[-57.99683,5.23418],[-57.99477,5.23706],[-57.99335,5.24315],[-57.99233,5.24981],[-57.99063,5.25947],[-57.98937,5.26257],[-57.98691,5.2655],[-57.98336,5.26712],[-57.97746,5.26839],[-57.97529,5.2696],[-57.97311,5.27115],[-57.97214,5.27242],[-57.97146,5.2746],[-57.97106,5.28017],[-57.97079,5.29063],[-57.97005,5.29344],[-57.96851,5.29655],[-57.96583,5.30138],[-57.96508,5.30414],[-57.96457,5.30798],[-57.96424,5.3112],[-57.96315,5.31408],[-57.96081,5.3173],[-57.95835,5.32011],[-57.95595,5.32351],[-57.95143,5.33023],[-57.94994,5.33311],[-57.94749,5.34035],[-57.94607,5.34581],[-57.94533,5.35081],[-57.94511,5.35437],[-57.94556,5.3565],[-57.94636,5.35795],[-57.94773,5.3591],[-57.94969,5.35913],[-57.95271,5.3606],[-57.95563,5.36169],[-57.95729,5.36243],[-57.95975,5.36329],[-57.96062,5.36534],[-57.96015,5.36783],[-57.96013,5.36936],[-57.96221,5.37243],[-57.96252,5.37388],[-57.96305,5.37505],[-57.96538,5.37724],[-57.96841,5.38037],[-57.96926,5.38087],[-57.97168,5.38173],[-57.97383,5.3832],[-57.97651,5.38377],[-57.97721,5.38511],[-57.97802,5.3861],[-57.97837,5.38795],[-57.97827,5.38898],[-57.97903,5.39043],[-57.98027,5.39102]]]},"properties":{"Name":"Hururu","Region":10,"Grant_No":"G7751","Acres":23552,"Plan_Numbe":23682}},
{"type":"Feature","geometry":{"type":"Polygon","coordinates":[[[-60.44422,5.50732],[-60.44604,5.50536],[-60.44666,5.50337],[-60.44759,5.50195],[-60.44816,5.5001],[-60.44755,5.49833],[-60.448,5.49547],[-60.45013,5.48958],[-60.45404,5.48241],[-60.45872,5.47587],[-60.46469,5.47353],[-60.47234,5.47336],[-60.47821,5.47371],[-60.48344,5.47496],[-60.49009,5.47862],[-60.49787,5.47947],[-60.50462,5.47918],[-60.5129,5.47887],[-60.52119,5.47933],[-60.5268,5.47956],[-60.52679,5.47841],[-60.52512,5.47599],[-60.52127,5.47129],[-60.51857,5.46645],[-60.51854,5.46211],[-60.52005,5.45827],[-60.51974,5.4492],[-60.51984,5.44499],[-60.51918,5.44039],[-60.51827,5.43669],[-60.51862,5.4326],[-60.52039,5.42876],[-60.5219,5.42518],[-60.52137,5.42211],[-60.51829,5.41919],[-60.51509,5.41679],[-60.51419,5.41437],[-60.51531,5.41065],[-60.51567,5.40733],[-60.51476,5.40414],[-60.51208,5.40224],[-60.50913,5.39907],[-60.5072,5.39601],[-60.50552,5.39258],[-60.50244,5.38774],[-60.50011,5.38201],[-60.49906,5.3769],[-60.49904,5.37256],[-60.49874,5.36566],[-60.49807,5.35992],[-60.49791,5.35379],[-60.49785,5.34332],[-60.49719,5.33885],[-60.4955,5.33375],[-60.49318,5.3293],[-60.49035,5.32446],[-60.4865,5.31899],[-60.48316,5.31403],[-60.48212,5.3102],[-60.48324,5.30611],[-60.48525,5.30162],[-60.48778,5.29829],[-60.48954,5.29394],[-60.4899,5.28934],[-60.48936,5.28474],[-60.48832,5.28053],[-60.48754,5.27683],[-60.48765,5.27466],[-60.48878,5.27095],[-60.4913,5.26698],[-60.49536,5.26389],[-60.49967,5.26016],[-60.50743,5.25654],[-60.51173,5.2523],[-60.51907,5.24357],[-60.52427,5.23831],[-60.52827,5.23485],[-60.53221,5.23155],[-60.53753,5.22653],[-60.53997,5.22393],[-60.54286,5.22164],[-60.54454,5.21942],[-60.54585,5.21652],[-60.54659,5.21443],[-60.54832,5.21193],[-60.54948,5.21188],[-60.55125,5.21065],[-60.55271,5.21016],[-60.55495,5.20707],[-60.55533,5.20487],[-60.55636,5.20332],[-60.55629,5.1999],[-60.55604,5.19857],[-60.55612,5.19678],[-60.55551,5.19495],[-60.55059,5.19756],[-60.54802,5.19915],[-60.54626,5.19986],[-60.54494,5.20068],[-60.54324,5.2012],[-60.54029,5.20241],[-60.53716,5.20414],[-60.5342,5.20516],[-60.53112,5.20543],[-60.52873,5.20551],[-60.52571,5.20521],[-60.51973,5.20543],[-60.51017,5.20618],[-60.50658,5.20588],[-60.50223,5.2049],[-60.49845,5.20303],[-60.49138,5.19972],[-60.48798,5.19879],[-60.48294,5.19844],[-60.4769,5.19867],[-60.46922,5.19814],[-60.46335,5.19615],[-60.45729,5.1919],[-60.45318,5.18864],[-60.45134,5.18682],[-60.44873,5.18027],[-60.44746,5.17876],[-60.44494,5.17789],[-60.44186,5.1786],[-60.43816,5.18102],[-60.43521,5.18325],[-60.43226,5.18471],[-60.42887,5.18574],[-60.42617,5.18702],[-60.42328,5.18773],[-60.42039,5.18945],[-60.41757,5.19186],[-60.41665,5.19496],[-60.41767,5.19861],[-60.41882,5.20126],[-60.41915,5.20308],[-60.41846,5.20511],[-60.41639,5.20651],[-60.41363,5.20791],[-60.40622,5.2106],[-60.40308,5.2115],[-60.3956,5.21457],[-60.39152,5.21535],[-60.38812,5.21562],[-60.38459,5.21545],[-60.38044,5.21465],[-60.3762,5.21202],[-60.37355,5.20914],[-60.37196,5.20618],[-60.37,5.20442],[-60.36741,5.20431],[-60.36389,5.20496],[-60.35886,5.20637],[-60.35503,5.20804],[-60.35239,5.20824],[-60.34767,5.20744],[-60.342,5.20747],[-60.33583,5.2077],[-60.33055,5.20798],[-60.3257,5.20788],[-60.32154,5.20695],[-60.31751,5.20552],[-60.31442,5.20566],[-60.31216,5.20725],[-60.30966,5.20979],[-60.30773,5.21359],[-60.30542,5.21726],[-60.30417,5.22017],[-60.3023,5.22289],[-60.2996,5.2243],[-60.29539,5.2247],[-60.29073,5.22548],[-60.28702,5.22626],[-60.28331,5.22754],[-60.27924,5.23021],[-60.27303,5.23611],[-60.27015,5.2377],[-60.26563,5.24031],[-60.26192,5.24254],[-60.25514,5.24599],[-60.24918,5.24873],[-60.24478,5.25096],[-60.24032,5.25345],[-60.23612,5.25612],[-60.22765,5.26096],[-60.22426,5.26344],[-60.22093,5.26573],[-60.21717,5.26783],[-60.21365,5.26886],[-60.20624,5.26645],[-60.19909,5.25873],[-60.19481,5.25051],[-60.1929,5.24289],[-60.19074,5.23516],[-60.18623,5.22993],[-60.17948,5.22671],[-60.17275,5.226],[-60.16415,5.22804],[-60.15756,5.2302],[-60.14574,5.23488],[-60.13652,5.23743],[-60.13016,5.23721],[-60.12807,5.23875],[-60.13732,5.24464],[-60.14636,5.23905],[-60.1597,5.23482],[-60.16699,5.23402],[-60.17134,5.22845],[-60.18104,5.22895],[-60.18517,5.23238],[-60.18535,5.23257],[-60.18926,5.23919],[-60.18997,5.24678],[-60.18998,5.2469],[-60.19019,5.25014],[-60.19789,5.2692],[-60.19795,5.2693],[-60.20218,5.27978],[-60.2024,5.2807],[-60.20326,5.29289],[-60.20324,5.29312],[-60.20735,5.30064],[-60.20226,5.31144],[-60.19562,5.31964],[-60.1969,5.3298],[-60.19147,5.33514],[-60.19291,5.3405],[-60.19321,5.34121],[-60.19501,5.34449],[-60.20052,5.35164],[-60.20864,5.36112],[-60.20875,5.36232],[-60.20887,5.36664],[-60.20868,5.36983],[-60.20717,5.37765],[-60.20671,5.3791],[-60.2113,5.39055],[-60.21207,5.3905],[-60.21747,5.39199],[-60.21888,5.39305],[-60.22087,5.39552],[-60.22007,5.39986],[-60.21997,5.40007],[-60.21297,5.4046],[-60.21289,5.4046],[-60.22218,5.41797],[-60.22178,5.42052],[-60.21786,5.42158],[-60.19858,5.4248],[-60.1973,5.4252],[-60.19759,5.42997],[-60.19952,5.43452],[-60.20465,5.43792],[-60.21016,5.43808],[-60.21431,5.4354],[-60.21847,5.43195],[-60.22131,5.43042],[-60.22529,5.43059],[-60.22853,5.43323],[-60.23214,5.43511],[-60.23745,5.43508],[-60.24201,5.43544],[-60.24561,5.4358],[-60.24978,5.4354],[-60.253,5.43367],[-60.25697,5.43137],[-60.26451,5.4241],[-60.26961,5.41894],[-60.27357,5.4155],[-60.2781,5.41034],[-60.28093,5.40748],[-60.28376,5.4048],[-60.28664,5.40157],[-60.29075,5.39849],[-60.29414,5.39676],[-60.29603,5.3963],[-60.29997,5.39592],[-60.30366,5.3977],[-60.30798,5.40154],[-60.31138,5.40585],[-60.31225,5.41051],[-60.31254,5.41401],[-60.31131,5.41842],[-60.30882,5.42347],[-60.30561,5.42736],[-60.30393,5.43141],[-60.30404,5.43447],[-60.30738,5.43858],[-60.31104,5.4417],[-60.31611,5.44384],[-60.32159,5.44534],[-60.325,5.4464],[-60.33475,5.45567],[-60.33908,5.46124],[-60.34946,5.47296],[-60.35325,5.47716],[-60.35524,5.47976],[-60.35585,5.48177],[-60.35551,5.48294],[-60.35616,5.48598],[-60.35773,5.48823],[-60.35873,5.48874],[-60.35987,5.49008],[-60.3605,5.49202],[-60.36188,5.49318],[-60.36276,5.49339],[-60.36379,5.49306],[-60.36454,5.49553],[-60.36566,5.49703],[-60.36622,5.49724],[-60.36807,5.49728],[-60.36887,5.49809],[-60.37006,5.49791],[-60.37061,5.49733],[-60.372,5.49678],[-60.37279,5.49714],[-60.37385,5.49701],[-60.37582,5.4975],[-60.37699,5.49743],[-60.37833,5.497],[-60.37851,5.49755],[-60.37967,5.49696],[-60.3812,5.49699],[-60.38272,5.49729],[-60.38334,5.497],[-60.38355,5.49636],[-60.38447,5.4965],[-60.38527,5.49612],[-60.38574,5.49645],[-60.38579,5.49752],[-60.38704,5.49775],[-60.38839,5.49864],[-60.3887,5.49945],[-60.38798,5.50066],[-60.38794,5.50156],[-60.38841,5.50286],[-60.38989,5.50242],[-60.39061,5.50138],[-60.39123,5.5022],[-60.3907,5.50289],[-60.39166,5.50412],[-60.39197,5.50494],[-60.392,5.50613],[-60.39304,5.50724],[-60.39314,5.50793],[-60.39472,5.50877],[-60.39468,5.50961],[-60.39513,5.51049],[-60.396,5.51135],[-60.39732,5.51067],[-60.39736,5.51146],[-60.39816,5.51297],[-60.3972,5.5148],[-60.39805,5.51512],[-60.39872,5.51656],[-60.39883,5.51632],[-60.40211,5.51568],[-60.40299,5.51647],[-60.40328,5.51777],[-60.40392,5.51808],[-60.40538,5.51685],[-60.40428,5.51582],[-60.40502,5.51356],[-60.40551,5.51429],[-60.40629,5.51636],[-60.40676,5.51669],[-60.40706,5.51662],[-60.40742,5.51613],[-60.4076,5.51493],[-60.4081,5.51359],[-60.40943,5.51259],[-60.41045,5.51292],[-60.41222,5.51436],[-60.41352,5.51428],[-60.41357,5.51375],[-60.41679,5.51117],[-60.41747,5.51101],[-60.41918,5.51115],[-60.42029,5.51143],[-60.42109,5.51206],[-60.42334,5.51247],[-60.42836,5.51319],[-60.43095,5.51288],[-60.43203,5.51291],[-60.43319,5.51352],[-60.43388,5.51347],[-60.43488,5.51264],[-60.43645,5.51193],[-60.43842,5.5099],[-60.43918,5.50887],[-60.44019,5.50828],[-60.44243,5.50759],[-60.44422,5.50732]]]},"properties":{"Name":"Phillipai","Region":7,"Grant_No":"G7798","Acres":229486,"Plan_Numbe":23769}},
{"type":"Feature","geometry":{"type":"Polygon","coordinates":[[[-60.2892,7.21734],[-60.28935,7.21819],[-60.28908,7.21892],[-60.28834,7.21918],[-60.28803,7.22008],[-60.28844,7.22082],[-60.28767,7.22142],[-60.28814,7.22222],[-60.28746,7.22253],[-60.286,7.22238],[-60.28571,7.22299],[-60.28584,7.22403],[-60.28502,7.22486],[-60.28439,7.22508],[-60.28522,7.22584],[-60.28464,7.22662],[-60.28338,7.2268],[-60.28316,7.22747],[-60.28363,7.22942],[-60.28255,7.22988],[-60.28222,7.23048],[-60.28111,7.23133],[-60.28097,7.23203],[-60.28143,7.23277],[-60.28095,7.2331],[-60.2804,7.23269],[-60.27827,7.23311],[-60.2779,7.23354],[-60.27892,7.2341],[-60.27823,7.23551],[-60.27737,7.23536],[-60.27683,7.23616],[-60.27669,7.23745],[-60.27718,7.23754],[-60.27711,7.23821],[-60.27549,7.24149],[-60.27471,7.24192],[-60.27086,7.24198],[-60.26957,7.24227],[-60.2676,7.24347],[-60.26638,7.24399],[-60.26572,7.24472],[-60.26395,7.24514],[-60.26244,7.24436],[-60.26017,7.2428],[-60.25785,7.24319],[-60.25725,7.24371],[-60.25526,7.24384],[-60.25221,7.24306],[-60.25098,7.24367],[-60.24978,7.24354],[-60.24804,7.243],[-60.24665,7.2432],[-60.24627,7.2438],[-60.24628,7.24519],[-60.24655,7.24674],[-60.24722,7.2478],[-60.24609,7.24828],[-60.24391,7.24759],[-60.24323,7.24759],[-60.24218,7.24814],[-60.24104,7.24926],[-60.23957,7.25031],[-60.23731,7.25018],[-60.23629,7.25032],[-60.2355,7.25085],[-60.23376,7.25253],[-60.23252,7.25271],[-60.22845,7.25261],[-60.22635,7.25237],[-60.22315,7.2534],[-60.22236,7.25306],[-60.22169,7.25155],[-60.22083,7.25057],[-60.21993,7.25075],[-60.21901,7.25277],[-60.21844,7.2536],[-60.21659,7.25509],[-60.21463,7.25583],[-60.21184,7.25634],[-60.21108,7.25738],[-60.20946,7.25831],[-60.20847,7.26056],[-60.20835,7.26146],[-60.20868,7.26282],[-60.20863,7.26379],[-60.20811,7.26428],[-60.20647,7.26451],[-60.20502,7.26497],[-60.20313,7.26619],[-60.20192,7.26671],[-60.2021,7.26771],[-60.19981,7.26927],[-60.19829,7.26959],[-60.19746,7.27041],[-60.1973,7.27283],[-60.19675,7.27413],[-60.19604,7.27432],[-60.19661,7.27486],[-60.1971,7.27601],[-60.19924,7.27736],[-60.20147,7.279],[-60.20183,7.28053],[-60.20154,7.28158],[-60.2018,7.28205],[-60.20289,7.28212],[-60.20377,7.28124],[-60.20471,7.28114],[-60.20589,7.28138],[-60.20636,7.28204],[-60.20475,7.28317],[-60.20377,7.28481],[-60.20211,7.28553],[-60.20129,7.28642],[-60.20066,7.28759],[-60.20072,7.28837],[-60.20146,7.28929],[-60.20145,7.28983],[-60.19916,7.29117],[-60.19895,7.29171],[-60.19988,7.29264],[-60.19997,7.29378],[-60.19952,7.29487],[-60.19928,7.29651],[-60.19971,7.29851],[-60.19971,7.30019],[-60.20014,7.30097],[-60.20163,7.30196],[-60.20195,7.3035],[-60.20324,7.30421],[-60.20433,7.30453],[-60.2062,7.30408],[-60.20982,7.30643],[-60.21217,7.30744],[-60.21327,7.30747],[-60.21359,7.30779],[-60.21224,7.3096],[-60.2123,7.31091],[-60.21288,7.31107],[-60.21473,7.31095],[-60.21754,7.31161],[-60.22009,7.31036],[-60.221,7.30959],[-60.22095,7.30847],[-60.22037,7.30759],[-60.21952,7.30697],[-60.2199,7.3052],[-60.22161,7.30437],[-60.2225,7.30434],[-60.22575,7.30551],[-60.22588,7.30649],[-60.22671,7.30683],[-60.2286,7.30681],[-60.22909,7.30644],[-60.22892,7.30541],[-60.23005,7.30364],[-60.23053,7.3035],[-60.23248,7.30451],[-60.23302,7.30399],[-60.23309,7.30251],[-60.23387,7.302],[-60.2349,7.30175],[-60.2364,7.30314],[-60.237,7.30347],[-60.2376,7.30323],[-60.23885,7.30159],[-60.23955,7.30181],[-60.24106,7.30362],[-60.24191,7.30488],[-60.24319,7.30582],[-60.2448,7.30603],[-60.24709,7.30585],[-60.24754,7.30621],[-60.24846,7.30789],[-60.25024,7.30912],[-60.25112,7.30918],[-60.25212,7.30851],[-60.2528,7.3077],[-60.25291,7.30662],[-60.2544,7.3052],[-60.25694,7.30417],[-60.25806,7.30436],[-60.25855,7.30386],[-60.25922,7.30228],[-60.25965,7.30182],[-60.26092,7.30137],[-60.26259,7.29919],[-60.26409,7.29859],[-60.2653,7.29875],[-60.26477,7.29939],[-60.26484,7.30036],[-60.26535,7.30049],[-60.26629,7.29989],[-60.26619,7.30112],[-60.26702,7.30168],[-60.26733,7.30241],[-60.26713,7.30341],[-60.26758,7.304],[-60.26894,7.30406],[-60.2697,7.30446],[-60.27,7.30558],[-60.27207,7.30682],[-60.27284,7.30692],[-60.27358,7.30655],[-60.27457,7.30557],[-60.27527,7.30627],[-60.27521,7.30911],[-60.27557,7.30996],[-60.27722,7.31082],[-60.27841,7.31247],[-60.27947,7.3118],[-60.27968,7.30997],[-60.28001,7.30909],[-60.28073,7.30862],[-60.28142,7.30881],[-60.28282,7.30969],[-60.28559,7.31067],[-60.28448,7.31171],[-60.28481,7.31266],[-60.28601,7.31266],[-60.28754,7.31487],[-60.28949,7.31636],[-60.2894,7.31729],[-60.28889,7.31899],[-60.28987,7.3206],[-60.28994,7.32227],[-60.29031,7.32274],[-60.29129,7.32306],[-60.29364,7.32245],[-60.29501,7.32301],[-60.29581,7.32307],[-60.29622,7.32362],[-60.29549,7.32496],[-60.29512,7.32684],[-60.29705,7.32895],[-60.29694,7.32968],[-60.29731,7.33087],[-60.2969,7.33124],[-60.29597,7.33286],[-60.29311,7.3344],[-60.28972,7.33518],[-60.28896,7.3356],[-60.28693,7.33741],[-60.28349,7.34012],[-60.2815,7.3414],[-60.2799,7.34185],[-60.27696,7.3432],[-60.27574,7.34422],[-60.27276,7.34621],[-60.27146,7.34746],[-60.27,7.3484],[-60.26882,7.34999],[-60.26793,7.35085],[-60.26655,7.35354],[-60.26626,7.35704],[-60.26572,7.3576],[-60.26335,7.3593],[-60.26194,7.35986],[-60.26069,7.36],[-60.25936,7.35961],[-60.25406,7.36023],[-60.25159,7.36074],[-60.24849,7.36188],[-60.24699,7.36309],[-60.24637,7.36309],[-60.24642,7.36491],[-60.24798,7.36599],[-60.25058,7.36741],[-60.25392,7.36876],[-60.25652,7.37052],[-60.26025,7.37369],[-60.26302,7.37558],[-60.26614,7.37723],[-60.27153,7.37743],[-60.27477,7.37825],[-60.27753,7.37954],[-60.28019,7.38275],[-60.28188,7.38536],[-60.28501,7.38833],[-60.28647,7.39094],[-60.28697,7.39428],[-60.28939,7.39678],[-60.29393,7.39686],[-60.29571,7.39458],[-60.29797,7.39277],[-60.30098,7.39406],[-60.30398,7.39583],[-60.31012,7.40021],[-60.31372,7.40245],[-60.31635,7.40147],[-60.31957,7.3993],[-60.32458,7.39819],[-60.32925,7.39767],[-60.33463,7.39787],[-60.34158,7.39782],[-60.34564,7.39719],[-60.35043,7.39716],[-60.3545,7.3976],[-60.35904,7.39638],[-60.36356,7.39324],[-60.36737,7.3901],[-60.3719,7.38756],[-60.37559,7.38598],[-60.38027,7.38654],[-60.38424,7.38985],[-60.3875,7.39389],[-60.39379,7.40232],[-60.39596,7.4047],[-60.39598,7.40673],[-60.39504,7.40936],[-60.39519,7.41295],[-60.39618,7.4176],[-60.39669,7.42106],[-60.39659,7.42428],[-60.39817,7.42738],[-60.40046,7.42975],[-60.40121,7.43321],[-60.40183,7.43667],[-60.40304,7.43821],[-60.40447,7.43725],[-60.40662,7.43627],[-60.40997,7.43613],[-60.41297,7.43742],[-60.41682,7.44026],[-60.41912,7.44275],[-60.4201,7.4462],[-60.42013,7.45062],[-60.42207,7.45324],[-60.42482,7.45357],[-60.4277,7.45331],[-60.43212,7.4522],[-60.43557,7.4505],[-60.43974,7.44784],[-60.44355,7.44519],[-60.44689,7.44337],[-60.45621,7.44198],[-60.461,7.44206],[-60.46555,7.44298],[-60.47048,7.44498],[-60.476,7.44732],[-60.48009,7.44992],[-60.48369,7.45144],[-60.48715,7.45022],[-60.49132,7.44792],[-60.49595,7.44322],[-60.50022,7.43769],[-60.50318,7.43397],[-60.50459,7.43061],[-60.50576,7.4269],[-60.50693,7.42438],[-60.51121,7.42017],[-60.51335,7.41896],[-60.51563,7.41918],[-60.51743,7.42048],[-60.51792,7.42191],[-60.51783,7.42477],[-60.52072,7.42714],[-60.52217,7.42976],[-60.52398,7.43165],[-60.52913,7.43173],[-60.53201,7.4323],[-60.53417,7.43288],[-60.53537,7.43431],[-60.53576,7.43789],[-60.53745,7.43931],[-60.53961,7.44001],[-60.54129,7.44119],[-60.54155,7.44322],[-60.54253,7.4462],[-60.54421,7.44618],[-60.54731,7.4458],[-60.5509,7.44589],[-60.5533,7.44611],[-60.55486,7.44717],[-60.5574,7.4499],[-60.55871,7.44941],[-60.55954,7.44761],[-60.56168,7.44652],[-60.56562,7.44553],[-60.56742,7.44624],[-60.56875,7.44718],[-60.57161,7.44668],[-60.57352,7.44559],[-60.57601,7.44306],[-60.57731,7.44126],[-60.57934,7.44017],[-60.58137,7.43979],[-60.58388,7.43894],[-60.58688,7.44011],[-60.58903,7.43961],[-60.58996,7.43674],[-60.58933,7.43304],[-60.58545,7.4265],[-60.5841,7.42233],[-60.58384,7.41923],[-60.58526,7.4179],[-60.58813,7.41728],[-60.59148,7.4169],[-60.59638,7.41674],[-60.59781,7.41625],[-60.59924,7.41492],[-60.59921,7.41218],[-60.59896,7.40991],[-60.59834,7.40776],[-60.59568,7.40396],[-60.59421,7.40039],[-60.59347,7.39729],[-60.59513,7.39489],[-60.59847,7.39379],[-60.60109,7.39317],[-60.60491,7.39171],[-60.60741,7.39037],[-60.60878,7.38816],[-60.60875,7.38438],[-60.61009,7.38059],[-60.6114,7.37303],[-60.6124,7.36925],[-60.61202,7.36444],[-60.60785,7.35864],[-60.60543,7.35763],[-60.60232,7.3556],[-60.59747,7.35118],[-60.59538,7.34742],[-60.5943,7.34125],[-60.59356,7.33439],[-60.59213,7.32753],[-60.59036,7.32103],[-60.58928,7.31589],[-60.58993,7.31108],[-60.59265,7.30728],[-60.59641,7.30416],[-60.60188,7.30103],[-60.60599,7.29825],[-60.61042,7.29409],[-60.61382,7.28926],[-60.61481,7.28445],[-60.61615,7.27963],[-60.62024,7.27513],[-60.62875,7.26511],[-60.63216,7.26131],[-60.63522,7.25682],[-60.6369,7.25269],[-60.63687,7.24857],[-60.63372,7.24139],[-60.63195,7.23523],[-60.62947,7.22598],[-60.627,7.21776],[-60.62522,7.20988],[-60.62208,7.20441],[-60.61792,7.19998],[-60.61309,7.19762],[-60.60862,7.19697],[-60.60345,7.19598],[-60.60068,7.19257],[-60.59937,7.18983],[-60.59682,7.18299],[-60.59403,7.17752],[-60.58885,7.17412],[-60.58332,7.17005],[-60.57813,7.16563],[-60.57019,7.16157],[-60.56363,7.1575],[-60.55775,7.15274],[-60.55427,7.14762],[-60.55079,7.14181],[-60.54731,7.13566],[-60.54486,7.12984],[-60.54209,7.12712],[-60.53899,7.1268],[-60.53213,7.12822],[-60.52768,7.13066],[-60.52394,7.13618],[-60.5209,7.14307],[-60.51786,7.15064],[-60.51278,7.15961],[-60.51042,7.16546],[-60.50566,7.17202],[-60.49986,7.1779],[-60.49472,7.18034],[-60.48614,7.18144],[-60.47961,7.18218],[-60.47344,7.18463],[-60.46762,7.18742],[-60.46463,7.19436],[-60.45807,7.19779],[-60.45088,7.20093],[-60.44366,7.20133],[-60.4378,7.19863],[-60.43021,7.19551],[-60.42674,7.19047],[-60.42118,7.1833],[-60.41738,7.1799],[-60.41323,7.17718],[-60.40771,7.17482],[-60.40014,7.17316],[-60.39292,7.17287],[-60.38778,7.17565],[-60.383,7.17947],[-60.37923,7.18155],[-60.37271,7.18366],[-60.36721,7.18336],[-60.36135,7.181],[-60.35685,7.17725],[-60.35457,7.17482],[-60.34744,7.17641],[-60.34607,7.17744],[-60.34403,7.17987],[-60.34337,7.18021],[-60.34176,7.17959],[-60.33968,7.18083],[-60.33867,7.18268],[-60.33828,7.18415],[-60.33782,7.18494],[-60.33667,7.18611],[-60.33603,7.18766],[-60.33579,7.18881],[-60.336,7.18929],[-60.33729,7.19048],[-60.33765,7.1912],[-60.33656,7.19226],[-60.33543,7.19263],[-60.33492,7.19314],[-60.33359,7.19628],[-60.3334,7.19707],[-60.33212,7.19901],[-60.33077,7.20073],[-60.32869,7.20157],[-60.32895,7.20389],[-60.32729,7.20513],[-60.32461,7.20734],[-60.32278,7.20773],[-60.32162,7.20697],[-60.32022,7.20502],[-60.31961,7.20526],[-60.31949,7.20663],[-60.31858,7.20641],[-60.31753,7.20555],[-60.31676,7.20553],[-60.31547,7.20493],[-60.31446,7.20506],[-60.3136,7.20432],[-60.31335,7.20309],[-60.31291,7.20267],[-60.31219,7.2032],[-60.31027,7.20274],[-60.30618,7.20297],[-60.30441,7.20389],[-60.30291,7.20409],[-60.30144,7.20372],[-60.30053,7.20439],[-60.30031,7.20512],[-60.29826,7.20713],[-60.29807,7.20775],[-60.29739,7.20807],[-60.29518,7.20823],[-60.2935,7.20939],[-60.29264,7.21036],[-60.2914,7.21024],[-60.29102,7.2108],[-60.29105,7.21193],[-60.28989,7.21219],[-60.28973,7.21279],[-60.28917,7.21282],[-60.28788,7.21403],[-60.28737,7.21608],[-60.28806,7.21692],[-60.2892,7.21734]]]},"properties":{"Name":"Baramita","Region":1,"Grant_No":"No Data","Acres":258780,"Plan_Numbe":0}},
{"type":"Feature","geometry":{"type":"Polygon","coordinates":[[[-59.61334,1.72644],[-59.61266,1.72469],[-59.61197,1.72387],[-59.61099,1.72343],[-59.60955,1.72217],[-59.60941,1.72157],[-59.60966,1.72025],[-59.60911,1.71908],[-59.60793,1.71922],[-59.60599,1.71991],[-59.60411,1.72141],[-59.60126,1.72388],[-59.59927,1.72486],[-59.59554,1.72528],[-59.59214,1.72515],[-59.58887,1.7268],[-59.58561,1.72871],[-59.58142,1.73099],[-59.5771,1.73194],[-59.57378,1.73393],[-59.57173,1.73401],[-59.56956,1.73322],[-59.56762,1.73282],[-59.56626,1.73443],[-59.56318,1.73633],[-59.55853,1.73682],[-59.55394,1.73594],[-59.55097,1.73164],[-59.54857,1.72774],[-59.54617,1.72361],[-59.54365,1.71994],[-59.53914,1.71799],[-59.53361,1.71668],[-59.53047,1.71508],[-59.52858,1.71164],[-59.52658,1.70734],[-59.52492,1.70257],[-59.52463,1.69764],[-59.52451,1.6927],[-59.52308,1.68903],[-59.51931,1.68622],[-59.51092,1.68055],[-59.50321,1.67368],[-59.49835,1.66633],[-59.49712,1.65932],[-59.49686,1.6544],[-59.47623,1.62491],[-59.46843,1.61673],[-59.45867,1.61532],[-59.44684,1.61188],[-59.44184,1.60495],[-59.43835,1.59702],[-59.43562,1.59065],[-59.42898,1.57889],[-59.4254,1.56718],[-59.4223,1.55714],[-59.4173,1.55451],[-59.40983,1.55207],[-59.40545,1.55466],[-59.40052,1.55356],[-59.39709,1.55115],[-59.39585,1.54729],[-59.39339,1.53871],[-59.39328,1.53376],[-59.39368,1.52992],[-59.39121,1.52636],[-59.3878,1.52627],[-59.38485,1.52496],[-59.38265,1.52056],[-59.3809,1.51626],[-59.37936,1.51362],[-59.38133,1.51142],[-59.38242,1.50767],[-59.38231,1.50569],[-59.38007,1.50661],[-59.37618,1.50592],[-59.37312,1.50482],[-59.36935,1.50449],[-59.36199,1.50755],[-59.36146,1.50475],[-59.36064,1.50252],[-59.35915,1.50316],[-59.35748,1.50616],[-59.35693,1.50913],[-59.35792,1.51199],[-59.35923,1.51365],[-59.35814,1.51574],[-59.35398,1.51596],[-59.34794,1.51616],[-59.33987,1.51675],[-59.33305,1.51374],[-59.32757,1.51414],[-59.32629,1.51341],[-59.32728,1.51038],[-59.32881,1.50817],[-59.33023,1.50487],[-59.32869,1.4981],[-59.32723,1.49415],[-59.32551,1.49056],[-59.32413,1.48817],[-59.32261,1.48633],[-59.3217,1.48367],[-59.32124,1.48088],[-59.32298,1.47757],[-59.32466,1.4756],[-59.32549,1.47327],[-59.32505,1.46931],[-59.32501,1.46616],[-59.32548,1.46292],[-59.32425,1.46171],[-59.3199,1.46117],[-59.31662,1.46139],[-59.31301,1.46096],[-59.30907,1.45898],[-59.30447,1.45601],[-59.3013,1.45271],[-59.30042,1.44853],[-59.29855,1.44357],[-59.29581,1.43983],[-59.29275,1.43785],[-59.28759,1.43694],[-59.28407,1.43437],[-59.28202,1.42917],[-59.27939,1.42476],[-59.27621,1.4208],[-59.27534,1.41631],[-59.275,1.4131],[-59.27537,1.40935],[-59.27259,1.40737],[-59.26919,1.40341],[-59.267,1.40022],[-59.26284,1.39736],[-59.25857,1.39418],[-59.25288,1.39033],[-59.24883,1.38692],[-59.24478,1.38527],[-59.23931,1.38583],[-59.23318,1.38627],[-59.22869,1.38573],[-59.22508,1.38188],[-59.22238,1.37875],[-59.21917,1.37649],[-59.21445,1.37522],[-59.21102,1.3735],[-59.20868,1.37151],[-59.2068,1.37033],[-59.20509,1.37158],[-59.20374,1.37386],[-59.20331,1.37644],[-59.20111,1.37832],[-59.19616,1.37868],[-59.19332,1.37664],[-59.18822,1.37398],[-59.18372,1.37126],[-59.17984,1.36727],[-59.1776,1.36263],[-59.17572,1.35825],[-59.17388,1.35594],[-59.16914,1.35615],[-59.16658,1.35685],[-59.16379,1.35858],[-59.16172,1.35922],[-59.16037,1.35922],[-59.15847,1.35768],[-59.15667,1.35514],[-59.15549,1.3526],[-59.15376,1.35138],[-59.14811,1.34933],[-59.14529,1.34792],[-59.14234,1.34782],[-59.13873,1.34782],[-59.13555,1.3487],[-59.13397,1.35007],[-59.13143,1.3519],[-59.12828,1.35117],[-59.12548,1.34927],[-59.12297,1.34651],[-59.12045,1.34552],[-59.11665,1.34382],[-59.11356,1.34289],[-59.11126,1.34366],[-59.10765,1.34564],[-59.10536,1.34653],[-59.10241,1.34811],[-59.09945,1.34873],[-59.09781,1.34774],[-59.09547,1.34504],[-59.0931,1.34445],[-59.09161,1.34584],[-59.08873,1.34643],[-59.08772,1.3464],[-59.08555,1.34533],[-59.08566,1.34225],[-59.08565,1.3374],[-59.08543,1.33531],[-59.08324,1.33443],[-59.08051,1.333],[-59.0781,1.33201],[-59.07525,1.33014],[-59.07247,1.32873],[-59.06968,1.329],[-59.06884,1.33083],[-59.06671,1.33472],[-59.06446,1.33635],[-59.06227,1.33714],[-59.05896,1.33745],[-59.05698,1.33567],[-59.05556,1.33302],[-59.0549,1.32719],[-59.05391,1.32389],[-59.05096,1.32378],[-59.04702,1.32499],[-59.04308,1.32511],[-59.03859,1.32478],[-59.03389,1.32456],[-59.03017,1.32523],[-59.02517,1.32876],[-59.02232,1.33001],[-59.01994,1.33013],[-59.01717,1.32808],[-59.01562,1.32458],[-59.01375,1.32326],[-59.01025,1.32381],[-59.00533,1.32426],[-59.00161,1.32448],[-58.99551,1.32589],[-58.99362,1.32691],[-58.99209,1.32625],[-58.99078,1.32306],[-58.98935,1.31535],[-58.98781,1.3115],[-58.98551,1.30775],[-58.98348,1.3055],[-58.98139,1.30445],[-58.97816,1.30608],[-58.97411,1.3113],[-58.97228,1.31201],[-58.96882,1.31167],[-58.96441,1.3123],[-58.96118,1.3124],[-58.95862,1.31304],[-58.9553,1.31364],[-58.95292,1.31269],[-58.95093,1.31107],[-58.94854,1.31069],[-58.94683,1.3116],[-58.94514,1.31279],[-58.94403,1.31433],[-58.94438,1.31633],[-58.94345,1.31761],[-58.94125,1.31767],[-58.93043,1.31663],[-58.92568,1.31634],[-58.91932,1.31482],[-58.9179,1.31301],[-58.91754,1.30899],[-58.91713,1.30654],[-58.91807,1.30309],[-58.92207,1.29807],[-58.92348,1.29504],[-58.92491,1.29227],[-58.92433,1.2895],[-58.92291,1.28768],[-58.91975,1.28532],[-58.91617,1.2835],[-58.9135,1.28336],[-58.90947,1.28199],[-58.90639,1.28072],[-58.90287,1.27901],[-58.89888,1.27652],[-58.89548,1.27237],[-58.89442,1.26831],[-58.89328,1.26631],[-58.89101,1.26411],[-58.89166,1.26115],[-58.89569,1.25662],[-58.89877,1.25579],[-58.90162,1.25436],[-58.90514,1.25103],[-58.9065,1.24849],[-58.90946,1.24484],[-58.91109,1.24105],[-58.91208,1.23779],[-58.91214,1.23477],[-58.91024,1.23305],[-58.90682,1.23162],[-58.89999,1.2299],[-58.89496,1.23],[-58.89116,1.23],[-58.88708,1.22972],[-58.88321,1.22839],[-58.88005,1.2259],[-58.87654,1.22294],[-58.87322,1.22027],[-58.87105,1.21747],[-58.87156,1.21575],[-58.87404,1.2123],[-58.87456,1.21028],[-58.87379,1.20851],[-58.86993,1.20489],[-58.86629,1.20123],[-58.86522,1.20166],[-58.86454,1.20309],[-58.86342,1.20455],[-58.86167,1.20503],[-58.86141,1.20412],[-58.86175,1.20106],[-58.86145,1.19762],[-58.86102,1.1952],[-58.85948,1.194],[-58.85631,1.19236],[-58.85626,1.19116],[-58.85742,1.18749],[-58.85759,1.18616],[-58.85771,1.18314],[-58.85728,1.18236],[-58.85626,1.18215],[-58.85437,1.18271],[-58.85176,1.18228],[-58.85013,1.18159],[-58.84859,1.18056],[-58.84696,1.17875],[-58.84589,1.17733],[-58.84593,1.17556],[-58.84649,1.17362],[-58.84649,1.1725],[-58.84576,1.16987],[-58.84481,1.16738],[-58.84443,1.16569],[-58.8437,1.16401],[-58.84233,1.16255],[-58.84036,1.16242],[-58.83659,1.1635],[-58.83505,1.16411],[-58.83334,1.1645],[-58.83124,1.16725],[-58.82919,1.16967],[-58.82838,1.17032],[-58.82568,1.17066],[-58.82307,1.17118],[-58.81994,1.17153],[-58.81737,1.17256],[-58.81562,1.17369],[-58.81301,1.17567],[-58.81177,1.17692],[-58.80924,1.1783],[-58.80663,1.17848],[-58.80488,1.17766],[-58.80278,1.17576],[-58.80128,1.17594],[-58.80034,1.17684],[-58.79965,1.17875],[-58.79948,1.18059],[-58.79888,1.18226],[-58.79816,1.18326],[-58.79618,1.18877],[-58.79521,1.19012],[-58.79401,1.19102],[-58.79208,1.19098],[-58.7905,1.19072],[-58.78249,1.19107],[-58.78065,1.19056],[-58.77949,1.18978],[-58.77885,1.18802],[-58.77872,1.18651],[-58.77808,1.1853],[-58.77684,1.18496],[-58.77469,1.18526],[-58.77328,1.18621],[-58.77191,1.18686],[-58.76735,1.19004],[-58.76519,1.19186],[-58.76387,1.19341],[-58.76207,1.196],[-58.76123,1.19693],[-58.76029,1.19754],[-58.75745,1.1998],[-58.75634,1.20087],[-58.75343,1.2057],[-58.75214,1.20622],[-58.75043,1.20739],[-58.74881,1.20765],[-58.74756,1.2073],[-58.74653,1.20618],[-58.74632,1.20455],[-58.74568,1.20347],[-58.74396,1.2036],[-58.74264,1.20412],[-58.74092,1.20433],[-58.73981,1.20476],[-58.73785,1.20642],[-58.73611,1.20678],[-58.73322,1.20939],[-58.73194,1.2111],[-58.73151,1.21256],[-58.73054,1.2142],[-58.72911,1.21559],[-58.72633,1.21999],[-58.72526,1.22193],[-58.72432,1.22322],[-58.72257,1.22395],[-58.72133,1.22538],[-58.72061,1.22814],[-58.72065,1.23302],[-58.72016,1.23578],[-58.71924,1.23697],[-58.71585,1.23697],[-58.71418,1.23788],[-58.7138,1.23939],[-58.71409,1.24054],[-58.71658,1.24137],[-58.71804,1.24253],[-58.71975,1.24343],[-58.72053,1.24468],[-58.72078,1.24641],[-58.72081,1.24795],[-58.72126,1.25123],[-58.72105,1.2549],[-58.7201,1.25837],[-58.72016,1.25955],[-58.71691,1.2727],[-58.71577,1.27332],[-58.71518,1.27507],[-58.71372,1.27748],[-58.7115,1.2827],[-58.71088,1.28641],[-58.71062,1.28854],[-58.70994,1.29107],[-58.70861,1.29283],[-58.70664,1.2943],[-58.70484,1.29477],[-58.70262,1.29447],[-58.70096,1.29409],[-58.6998,1.2931],[-58.69499,1.29224],[-58.69281,1.29202],[-58.6911,1.29237],[-58.68921,1.29345],[-58.68716,1.29513],[-58.68502,1.29651],[-58.68249,1.29651],[-58.6798,1.29544],[-58.67808,1.29246],[-58.67684,1.28827],[-58.67588,1.28474],[-58.67462,1.28197],[-58.67234,1.28066],[-58.66868,1.27905],[-58.66583,1.27851],[-58.66321,1.27847],[-58.66146,1.27975],[-58.66071,1.28352],[-58.66024,1.28812],[-58.65937,1.28905],[-58.6548,1.28948],[-58.6518,1.28779],[-58.64942,1.28622],[-58.6464,1.28546],[-58.6436,1.28511],[-58.64153,1.28529],[-58.63978,1.28572],[-58.63701,1.28678],[-58.63556,1.2887],[-58.63367,1.29008],[-58.63111,1.29056],[-58.62819,1.29047],[-58.62442,1.28858],[-58.62207,1.28591],[-58.61573,1.28315],[-58.6136,1.28049],[-58.61192,1.27774],[-58.60973,1.27349],[-58.60809,1.27219],[-58.60639,1.27312],[-58.6048,1.27355],[-58.59671,1.27379],[-58.59354,1.2733],[-58.59133,1.27256],[-58.58945,1.27068],[-58.58807,1.26884],[-58.5865,1.26766],[-58.58403,1.26714],[-58.58154,1.26773],[-58.57358,1.27249],[-58.57072,1.27357],[-58.56738,1.27405],[-58.56305,1.27357],[-58.5604,1.2725],[-58.55881,1.26978],[-58.55632,1.26841],[-58.55217,1.26871],[-58.54643,1.26876],[-58.54322,1.26816],[-58.53847,1.26622],[-58.53628,1.26583],[-58.5344,1.26631],[-58.53256,1.2676],[-58.53076,1.26928],[-58.52906,1.26923],[-58.52703,1.26817],[-58.52583,1.26312],[-58.52497,1.26118],[-58.52287,1.25983],[-58.52096,1.26025],[-58.51912,1.2616],[-58.51842,1.26347],[-58.51736,1.26903],[-58.51594,1.27158],[-58.51402,1.27291],[-58.51183,1.27352],[-58.50905,1.27356],[-58.50682,1.27318],[-58.50267,1.27309],[-58.49895,1.27654],[-58.49595,1.27913],[-58.49428,1.28262],[-58.49253,1.28599],[-58.49137,1.28857],[-58.49035,1.29168],[-58.49005,1.2956],[-58.48967,1.29814],[-58.48817,1.29982],[-58.4864,1.30068],[-58.48429,1.30131],[-58.48156,1.3023],[-58.47945,1.30333],[-58.4787,1.30483],[-58.47773,1.31112],[-58.47636,1.31496],[-58.47632,1.31639],[-58.47177,1.32842],[-58.46894,1.34369],[-58.46838,1.35782],[-58.4699,1.36297],[-58.4754,1.37003],[-58.47498,1.37267],[-58.4752,1.37638],[-58.47719,1.38714],[-58.47902,1.39013],[-58.48254,1.39169],[-58.48608,1.39383],[-58.48913,1.39554],[-58.4928,1.39851],[-58.49454,1.39981],[-58.4944,1.40213],[-58.49281,1.40309],[-58.49042,1.40404],[-58.48831,1.40614],[-58.48721,1.40874],[-58.48517,1.41128],[-58.48216,1.41372],[-58.48016,1.41617],[-58.4797,1.4225],[-58.47985,1.42612],[-58.48037,1.43047],[-58.48166,1.43701],[-58.48145,1.44228],[-58.48141,1.44681],[-58.48043,1.45008],[-58.47828,1.45194],[-58.47594,1.45492],[-58.47379,1.45647],[-58.47161,1.45905],[-58.469,1.46199],[-58.4666,1.46406],[-58.46442,1.46466],[-58.46125,1.46462],[-58.45838,1.46415],[-58.45572,1.46411],[-58.45268,1.4626],[-58.45079,1.45993],[-58.44908,1.45717],[-58.44711,1.45597],[-58.44522,1.45653],[-58.44338,1.45843],[-58.4409,1.46123],[-58.4385,1.46351],[-58.43555,1.46515],[-58.4323,1.46615],[-58.42926,1.46628],[-58.42506,1.46615],[-58.42253,1.46655],[-58.41757,1.47021],[-58.4153,1.4712],[-58.41286,1.47168],[-58.40879,1.46948],[-58.40416,1.46358],[-58.40206,1.46358],[-58.39962,1.466],[-58.39602,1.46836],[-58.39106,1.46858],[-58.38651,1.47068],[-58.38442,1.47565],[-58.38462,1.48004],[-58.39069,1.49206],[-58.39224,1.49582],[-58.39163,1.49992],[-58.39005,1.50307],[-58.38838,1.5054],[-58.38701,1.50773],[-58.38654,1.51006],[-58.38714,1.51294],[-58.38976,1.51656],[-58.39224,1.51768],[-58.39785,1.51923],[-58.40111,1.52117],[-58.40334,1.51966],[-58.4056,1.51836],[-58.40798,1.51754],[-58.4103,1.51876],[-58.41404,1.51982],[-58.41687,1.51952],[-58.41995,1.51943],[-58.42488,1.5215],[-58.42802,1.52374],[-58.43246,1.52604],[-58.43619,1.52829],[-58.43932,1.53028],[-58.44373,1.53075],[-58.4517,1.53062],[-58.45482,1.52962],[-58.45838,1.52889],[-58.45923,1.53031],[-58.45851,1.53307],[-58.45641,1.53643],[-58.45436,1.53859],[-58.45265,1.54199],[-58.4497,1.55079],[-58.44803,1.55428],[-58.44632,1.55665],[-58.44555,1.5598],[-58.44568,1.56273],[-58.44496,1.56821],[-58.4462,1.57325],[-58.44824,1.57659],[-58.45066,1.58023],[-58.45062,1.58411],[-58.44908,1.58842],[-58.44724,1.59263],[-58.44468,1.59674],[-58.44476,1.60023],[-58.44755,1.60251],[-58.44995,1.60268],[-58.45359,1.60333],[-58.45629,1.60514],[-58.45663,1.60854],[-58.45565,1.61031],[-58.45381,1.6107],[-58.44798,1.6107],[-58.4449,1.61131],[-58.44229,1.61213],[-58.44173,1.61463],[-58.44143,1.61704],[-58.43913,1.61907],[-58.43551,1.62121],[-58.43269,1.62273],[-58.42894,1.62783],[-58.42624,1.63184],[-58.42609,1.63642],[-58.42792,1.63921],[-58.43143,1.64093],[-58.43451,1.64196],[-58.43751,1.64364],[-58.43863,1.64661],[-58.43799,1.64998],[-58.43645,1.65174],[-58.43307,1.65653],[-58.42939,1.66072],[-58.42545,1.66356],[-58.42237,1.66408],[-58.41907,1.66227],[-58.41551,1.66085],[-58.41126,1.66009],[-58.40782,1.66171],[-58.40366,1.6645],[-58.40035,1.66811],[-58.39725,1.66967],[-58.3935,1.67087],[-58.38939,1.67122],[-58.38553,1.67182],[-58.38328,1.67358],[-58.38057,1.67523],[-58.37736,1.67774],[-58.37546,1.68031],[-58.37515,1.68266],[-58.37283,1.68535],[-58.3695,1.68541],[-58.36532,1.68509],[-58.3605,1.68767],[-58.35581,1.68914],[-58.35123,1.69093],[-58.34915,1.69227],[-58.34958,1.69302],[-58.34968,1.69399],[-58.35127,1.69666],[-58.35166,1.69685],[-58.3539,1.69634],[-58.35525,1.69533],[-58.35713,1.69454],[-58.35827,1.69445],[-58.36005,1.69331],[-58.36074,1.69264],[-58.36338,1.69233],[-58.36402,1.69132],[-58.3654,1.69046],[-58.36616,1.6907],[-58.36794,1.69043],[-58.3693,1.68925],[-58.36988,1.68986],[-58.37199,1.68825],[-58.37258,1.68806],[-58.37499,1.68811],[-58.37665,1.68757],[-58.37909,1.68739],[-58.38035,1.68641],[-58.38191,1.68555],[-58.38275,1.68614],[-58.38384,1.6865],[-58.38603,1.6868],[-58.38751,1.68658],[-58.38998,1.68716],[-58.39282,1.6869],[-58.39461,1.68702],[-58.396,1.68674],[-58.39773,1.68681],[-58.39845,1.68638],[-58.39943,1.68466],[-58.40123,1.68313],[-58.40195,1.68078],[-58.40366,1.68036],[-58.406,1.67913],[-58.40741,1.67933],[-58.40775,1.68004],[-58.40771,1.68331],[-58.40797,1.68406],[-58.4095,1.68596],[-58.41043,1.68742],[-58.41301,1.68833],[-58.41477,1.68966],[-58.41756,1.69316],[-58.42071,1.69657],[-58.42253,1.69741],[-58.42327,1.69808],[-58.42437,1.69954],[-58.42565,1.70221],[-58.42569,1.70315],[-58.4254,1.70513],[-58.42544,1.70604],[-58.42593,1.70721],[-58.42808,1.70933],[-58.43069,1.71068],[-58.43171,1.71144],[-58.43344,1.71231],[-58.43503,1.71377],[-58.43683,1.71483],[-58.43962,1.71574],[-58.44072,1.71595],[-58.44204,1.71678],[-58.44338,1.7187],[-58.44669,1.72114],[-58.44843,1.72308],[-58.44932,1.72445],[-58.44996,1.72464],[-58.45119,1.72406],[-58.45181,1.72404],[-58.45273,1.72482],[-58.455,1.728],[-58.45812,1.7293],[-58.45993,1.7308],[-58.46114,1.73135],[-58.46176,1.73227],[-58.46279,1.73303],[-58.46382,1.73339],[-58.46555,1.73347],[-58.46631,1.73432],[-58.46781,1.73527],[-58.46816,1.7358],[-58.46793,1.73733],[-58.46848,1.73797],[-58.46981,1.73856],[-58.47075,1.73938],[-58.47258,1.73943],[-58.47413,1.74053],[-58.47453,1.74254],[-58.47496,1.74363],[-58.47567,1.74458],[-58.47759,1.74519],[-58.47825,1.74616],[-58.47927,1.74673],[-58.47959,1.74734],[-58.48096,1.74857],[-58.48285,1.74954],[-58.48345,1.75031],[-58.48419,1.7504],[-58.4851,1.75218],[-58.4862,1.75334],[-58.48698,1.75368],[-58.48753,1.75459],[-58.48835,1.75491],[-58.48885,1.75614],[-58.48832,1.75753],[-58.48758,1.75858],[-58.48877,1.76076],[-58.49047,1.76125],[-58.49164,1.76108],[-58.49314,1.76273],[-58.49507,1.7635],[-58.49646,1.76471],[-58.49695,1.76597],[-58.49773,1.767],[-58.49806,1.7685],[-58.49889,1.76887],[-58.50028,1.7689],[-58.50175,1.76941],[-58.50253,1.77068],[-58.50432,1.77135],[-58.50642,1.77169],[-58.50752,1.77356],[-58.50759,1.77444],[-58.50714,1.77511],[-58.50723,1.77582],[-58.50982,1.77842],[-58.50992,1.77912],[-58.51125,1.78001],[-58.51185,1.77938],[-58.51269,1.78006],[-58.51252,1.78122],[-58.51195,1.78166],[-58.5122,1.78285],[-58.51275,1.78318],[-58.5126,1.78389],[-58.51149,1.78442],[-58.51025,1.78386],[-58.50988,1.78455],[-58.51137,1.78625],[-58.51236,1.78827],[-58.51346,1.7891],[-58.51224,1.79061],[-58.51216,1.79127],[-58.51295,1.79118],[-58.51394,1.79234],[-58.5147,1.792],[-58.51557,1.79106],[-58.5162,1.79138],[-58.51516,1.7926],[-58.51566,1.79291],[-58.51635,1.7921],[-58.51695,1.79236],[-58.51715,1.79383],[-58.51824,1.79387],[-58.51909,1.79332],[-58.51986,1.79364],[-58.52013,1.79483],[-58.52146,1.79577],[-58.52195,1.79705],[-58.52249,1.7976],[-58.5243,1.79758],[-58.52506,1.79778],[-58.52764,1.79798],[-58.52827,1.79832],[-58.53038,1.79808],[-58.53007,1.79696],[-58.53065,1.79668],[-58.53081,1.79729],[-58.53195,1.7965],[-58.53264,1.79645],[-58.53364,1.79695],[-58.53354,1.79852],[-58.53399,1.7999],[-58.53463,1.79916],[-58.53544,1.7988],[-58.53679,1.7999],[-58.53759,1.79982],[-58.53801,1.80077],[-58.53782,1.80114],[-58.53845,1.80249],[-58.53806,1.80307],[-58.53781,1.80428],[-58.53826,1.80483],[-58.53789,1.80565],[-58.53826,1.8065],[-58.53903,1.80659],[-58.53968,1.80742],[-58.54027,1.80753],[-58.54245,1.80729],[-58.54302,1.80643],[-58.54415,1.80858],[-58.54493,1.80887],[-58.54524,1.80952],[-58.54462,1.80991],[-58.54549,1.81153],[-58.54502,1.81196],[-58.54486,1.813],[-58.54608,1.81501],[-58.54587,1.81551],[-58.54607,1.81709],[-58.5467,1.81844],[-58.54674,1.8192],[-58.54604,1.82066],[-58.54497,1.82039],[-58.54431,1.82065],[-58.54403,1.82129],[-58.54401,1.82404],[-58.54366,1.82559],[-58.5435,1.82748],[-58.54446,1.82786],[-58.54489,1.82842],[-58.54496,1.82982],[-58.54685,1.83092],[-58.5479,1.83105],[-58.55008,1.83184],[-58.55094,1.83198],[-58.55175,1.83287],[-58.55315,1.83385],[-58.55609,1.83634],[-58.55792,1.83761],[-58.56071,1.83994],[-58.56118,1.84086],[-58.56285,1.83919],[-58.56285,1.83964],[-58.56156,1.84124],[-58.56311,1.8435],[-58.56336,1.84337],[-58.56342,1.84034],[-58.56404,1.83953],[-58.5653,1.83953],[-58.56523,1.84015],[-58.56619,1.84066],[-58.56751,1.84056],[-58.56877,1.83961],[-58.57072,1.83878],[-58.57147,1.83715],[-58.57011,1.83474],[-58.56993,1.83396],[-58.57016,1.83283],[-58.5706,1.83229],[-58.57223,1.83202],[-58.57292,1.83234],[-58.57429,1.83399],[-58.57579,1.83523],[-58.57638,1.83518],[-58.57793,1.83432],[-58.57848,1.83329],[-58.58068,1.83076],[-58.58305,1.83229],[-58.58368,1.83231],[-58.58408,1.83375],[-58.58288,1.83424],[-58.58202,1.83575],[-58.58225,1.83711],[-58.58327,1.83821],[-58.58608,1.83948],[-58.58898,1.84024],[-58.59097,1.84028],[-58.59323,1.84076],[-58.59375,1.83995],[-58.59411,1.83845],[-58.59503,1.8374],[-58.59773,1.83608],[-58.59948,1.83638],[-58.5999,1.83677],[-58.60187,1.83748],[-58.60305,1.83689],[-58.60349,1.83578],[-58.60387,1.83289],[-58.60454,1.83233],[-58.60562,1.83238],[-58.6064,1.83278],[-58.60782,1.83274],[-58.60856,1.83245],[-58.60953,1.83335],[-58.60866,1.83425],[-58.60692,1.83458],[-58.60579,1.8352],[-58.60499,1.83632],[-58.6051,1.83701],[-58.60588,1.83744],[-58.60713,1.83742],[-58.6085,1.83709],[-58.61232,1.837],[-58.615,1.83735],[-58.61701,1.83748],[-58.61765,1.83695],[-58.61834,1.83568],[-58.61929,1.83469],[-58.61984,1.83235],[-58.62105,1.83015],[-58.62159,1.82968],[-58.62305,1.83002],[-58.62387,1.83209],[-58.62502,1.83317],[-58.62606,1.83301],[-58.62727,1.83143],[-58.62841,1.8281],[-58.62851,1.82683],[-58.62777,1.82547],[-58.62649,1.82477],[-58.6253,1.82451],[-58.62481,1.82381],[-58.62517,1.82248],[-58.62587,1.82174],[-58.62678,1.82166],[-58.6289,1.82386],[-58.63063,1.82496],[-58.63214,1.82644],[-58.63349,1.82727],[-58.637,1.82828],[-58.63756,1.82874],[-58.63858,1.8308],[-58.64022,1.83313],[-58.64168,1.83412],[-58.64214,1.83415],[-58.64354,1.83533],[-58.64423,1.83522],[-58.64513,1.83458],[-58.64662,1.8341],[-58.64722,1.8336],[-58.64743,1.83285],[-58.64762,1.8289],[-58.64795,1.82668],[-58.64765,1.82566],[-58.64646,1.82491],[-58.646,1.82415],[-58.64637,1.8226],[-58.64707,1.82217],[-58.64831,1.82224],[-58.6497,1.8235],[-58.65109,1.82412],[-58.65204,1.82403],[-58.65374,1.82271],[-58.65538,1.82111],[-58.65692,1.82033],[-58.65713,1.81997],[-58.65849,1.81973],[-58.65957,1.82017],[-58.66056,1.82097],[-58.66214,1.82083],[-58.66307,1.82025],[-58.66428,1.82139],[-58.66415,1.82315],[-58.66321,1.82474],[-58.66341,1.82585],[-58.66425,1.82707],[-58.66452,1.82869],[-58.66566,1.82902],[-58.66657,1.82848],[-58.66767,1.82745],[-58.66866,1.82728],[-58.6713,1.82835],[-58.67512,1.82819],[-58.67716,1.82831],[-58.67855,1.82867],[-58.67951,1.82835],[-58.68033,1.82847],[-58.68493,1.82814],[-58.68561,1.82765],[-58.68581,1.82637],[-58.68539,1.82559],[-58.68319,1.82493],[-58.68321,1.82393],[-58.6842,1.8212],[-58.68493,1.82055],[-58.68665,1.82095],[-58.6875,1.8206],[-58.6899,1.82189],[-58.69048,1.82344],[-58.69059,1.82491],[-58.69091,1.82549],[-58.69185,1.82531],[-58.69398,1.82337],[-58.69499,1.82309],[-58.6958,1.82353],[-58.6981,1.82348],[-58.69922,1.82383],[-58.70064,1.82467],[-58.70349,1.82522],[-58.7043,1.82492],[-58.70486,1.82426],[-58.706,1.82364],[-58.70582,1.82304],[-58.70659,1.82267],[-58.70686,1.82315],[-58.70782,1.8235],[-58.70692,1.82423],[-58.70727,1.82535],[-58.70745,1.82706],[-58.70862,1.82782],[-58.71011,1.82773],[-58.7108,1.82659],[-58.71057,1.82469],[-58.71109,1.8236],[-58.71263,1.82279],[-58.71388,1.82305],[-58.71637,1.8254],[-58.71799,1.82529],[-58.71869,1.82274],[-58.71935,1.82183],[-58.72094,1.8214],[-58.72191,1.82185],[-58.72375,1.82211],[-58.72471,1.82346],[-58.72559,1.82532],[-58.72635,1.82541],[-58.72819,1.82485],[-58.72865,1.82412],[-58.72871,1.82322],[-58.72844,1.82165],[-58.72895,1.82062],[-58.7326,1.82085],[-58.7345,1.82178],[-58.73687,1.82218],[-58.73795,1.82275],[-58.73868,1.82461],[-58.73864,1.82528],[-58.74001,1.82656],[-58.7431,1.82704],[-58.74614,1.82797],[-58.74816,1.82754],[-58.74948,1.82643],[-58.75149,1.82625],[-58.75259,1.82697],[-58.75412,1.82875],[-58.75484,1.83037],[-58.75602,1.83055],[-58.75776,1.82952],[-58.75832,1.83002],[-58.76035,1.83096],[-58.76135,1.83094],[-58.76236,1.82992],[-58.76304,1.82881],[-58.76554,1.82653],[-58.76637,1.82613],[-58.76726,1.8245],[-58.76884,1.82423],[-58.76947,1.82435],[-58.77264,1.82626],[-58.77326,1.82678],[-58.77421,1.82652],[-58.77584,1.82648],[-58.77671,1.82552],[-58.77774,1.82513],[-58.77877,1.82418],[-58.77963,1.8243],[-58.78027,1.82588],[-58.78121,1.82709],[-58.78089,1.82855],[-58.7799,1.83039],[-58.77732,1.83391],[-58.77628,1.83485],[-58.77698,1.8355],[-58.77894,1.83636],[-58.78019,1.83747],[-58.78139,1.83697],[-58.7824,1.83691],[-58.78272,1.83626],[-58.78381,1.83563],[-58.78418,1.83421],[-58.7851,1.83329],[-58.78515,1.83155],[-58.78595,1.83088],[-58.78705,1.83069],[-58.78789,1.83091],[-58.7906,1.82957],[-58.79441,1.82947],[-58.79523,1.82976],[-58.79612,1.83123],[-58.79648,1.83128],[-58.79879,1.83035],[-58.80052,1.83023],[-58.80239,1.83045],[-58.80307,1.83076],[-58.80426,1.83042],[-58.8066,1.8277],[-58.80774,1.82733],[-58.80926,1.82496],[-58.81042,1.82396],[-58.81284,1.82225],[-58.81516,1.82012],[-58.81534,1.81907],[-58.81667,1.81856],[-58.81816,1.81924],[-58.81923,1.81949],[-58.81987,1.81919],[-58.8204,1.81645],[-58.82051,1.81442],[-58.8215,1.81341],[-58.82414,1.81322],[-58.82696,1.81363],[-58.82875,1.81426],[-58.83053,1.81424],[-58.83206,1.81397],[-58.83295,1.81326],[-58.83362,1.81232],[-58.8345,1.81203],[-58.83527,1.81252],[-58.83512,1.813],[-58.83638,1.81384],[-58.83788,1.81411],[-58.83949,1.81478],[-58.84048,1.81493],[-58.84144,1.81455],[-58.84346,1.81244],[-58.84431,1.81252],[-58.84433,1.8112],[-58.84475,1.8107],[-58.84549,1.81119],[-58.84486,1.81234],[-58.84472,1.81397],[-58.84639,1.81422],[-58.84757,1.81508],[-58.84874,1.81502],[-58.84927,1.81441],[-58.84924,1.81378],[-58.84861,1.81311],[-58.84695,1.81194],[-58.84699,1.81116],[-58.84814,1.81011],[-58.84931,1.80949],[-58.85317,1.80878],[-58.85414,1.80798],[-58.8556,1.8052],[-58.85655,1.80383],[-58.85773,1.8037],[-58.85948,1.80415],[-58.86057,1.8048],[-58.86195,1.80595],[-58.86161,1.80725],[-58.8608,1.80789],[-58.86085,1.80883],[-58.86367,1.81118],[-58.86502,1.81129],[-58.86599,1.81057],[-58.86606,1.80972],[-58.86488,1.80796],[-58.86483,1.80733],[-58.86543,1.8066],[-58.86595,1.80651],[-58.86671,1.80727],[-58.86834,1.80811],[-58.86907,1.80819],[-58.87021,1.80757],[-58.87086,1.80628],[-58.87004,1.80541],[-58.86866,1.80566],[-58.86706,1.80519],[-58.86682,1.80397],[-58.86731,1.80214],[-58.86779,1.8013],[-58.86844,1.8009],[-58.86862,1.80157],[-58.86937,1.80102],[-58.87007,1.79903],[-58.87077,1.79901],[-58.87192,1.79952],[-58.87496,1.80239],[-58.87526,1.8039],[-58.8762,1.80471],[-58.87791,1.80441],[-58.87997,1.80486],[-58.88155,1.804],[-58.88259,1.80436],[-58.88308,1.80524],[-58.88278,1.80639],[-58.88342,1.80847],[-58.88344,1.8094],[-58.88396,1.81008],[-58.88688,1.80991],[-58.8877,1.81016],[-58.88925,1.80846],[-58.89115,1.80692],[-58.89214,1.80662],[-58.89257,1.80616],[-58.89374,1.80632],[-58.89444,1.80669],[-58.89588,1.80811],[-58.89646,1.80938],[-58.89736,1.80983],[-58.90118,1.81004],[-58.90257,1.81045],[-58.90481,1.81223],[-58.90917,1.81357],[-58.91216,1.81369],[-58.91388,1.81403],[-58.91747,1.81425],[-58.91801,1.81406],[-58.92052,1.81413],[-58.92143,1.81393],[-58.9236,1.81539],[-58.92384,1.81586],[-58.92365,1.8181],[-58.92425,1.81808],[-58.9286,1.81495],[-58.93014,1.8146],[-58.93131,1.81514],[-58.93275,1.81674],[-58.93318,1.81665],[-58.93419,1.81518],[-58.93501,1.81364],[-58.93602,1.81281],[-58.93833,1.8097],[-58.93988,1.8089],[-58.94134,1.80775],[-58.94226,1.80767],[-58.94431,1.80802],[-58.94531,1.80748],[-58.94659,1.80584],[-58.94765,1.80567],[-58.9489,1.80581],[-58.95074,1.80685],[-58.95292,1.80772],[-58.95468,1.809],[-58.95583,1.80932],[-58.95736,1.80934],[-58.95814,1.809],[-58.95828,1.80834],[-58.95803,1.80631],[-58.95848,1.80534],[-58.95939,1.80517],[-58.96041,1.80562],[-58.95984,1.80624],[-58.95989,1.80712],[-58.96164,1.81056],[-58.96237,1.81146],[-58.96322,1.812],[-58.96523,1.81392],[-58.96662,1.81397],[-58.96876,1.81348],[-58.97019,1.81294],[-58.97157,1.81272],[-58.97191,1.81192],[-58.97208,1.81048],[-58.97276,1.81038],[-58.9747,1.81239],[-58.97624,1.81497],[-58.97633,1.81641],[-58.9774,1.81665],[-58.97849,1.81618],[-58.98238,1.81395],[-58.98303,1.81247],[-58.98344,1.8122],[-58.98524,1.81249],[-58.98764,1.81268],[-58.99063,1.81411],[-58.99093,1.81493],[-58.99156,1.81465],[-58.99029,1.81292],[-58.98922,1.81116],[-58.9898,1.81016],[-58.99153,1.80984],[-58.99252,1.81045],[-58.99507,1.81289],[-58.99627,1.8137],[-58.99809,1.81345],[-59.00045,1.8134],[-59.00155,1.81378],[-59.00226,1.81373],[-59.00308,1.81472],[-59.00286,1.81812],[-59.00353,1.81954],[-59.006,1.82011],[-59.00734,1.81972],[-59.00851,1.81978],[-59.00996,1.82032],[-59.0121,1.81975],[-59.01459,1.81816],[-59.01567,1.81694],[-59.01638,1.81543],[-59.01701,1.81507],[-59.01814,1.81513],[-59.0193,1.81549],[-59.01984,1.81517],[-59.01934,1.81419],[-59.0185,1.81326],[-59.01855,1.81188],[-59.01925,1.81091],[-59.02088,1.81007],[-59.02119,1.81064],[-59.02179,1.81064],[-59.02396,1.80986],[-59.02564,1.80965],[-59.02603,1.80997],[-59.02683,1.81201],[-59.02745,1.81272],[-59.02889,1.81356],[-59.02971,1.81377],[-59.0298,1.81428],[-59.02892,1.81595],[-59.02827,1.81614],[-59.02825,1.81688],[-59.03096,1.81712],[-59.03214,1.81643],[-59.03357,1.81706],[-59.03361,1.81775],[-59.03508,1.81887],[-59.03536,1.82044],[-59.03657,1.82149],[-59.03666,1.82191],[-59.03618,1.82392],[-59.03533,1.82493],[-59.0348,1.82512],[-59.03479,1.82613],[-59.03578,1.82582],[-59.0365,1.82501],[-59.03764,1.82493],[-59.03824,1.82402],[-59.039,1.82361],[-59.03961,1.82239],[-59.04011,1.82194],[-59.03967,1.82037],[-59.04024,1.8199],[-59.04155,1.81961],[-59.04322,1.82027],[-59.04449,1.82162],[-59.04572,1.82263],[-59.04614,1.82375],[-59.04896,1.82639],[-59.05067,1.82726],[-59.05277,1.82928],[-59.05591,1.83065],[-59.05818,1.83246],[-59.05945,1.8329],[-59.06107,1.83375],[-59.06131,1.83424],[-59.06091,1.83594],[-59.0604,1.83719],[-59.06124,1.83823],[-59.06257,1.83893],[-59.06314,1.83879],[-59.06352,1.83799],[-59.06408,1.83523],[-59.06501,1.83494],[-59.06584,1.83514],[-59.06701,1.83471],[-59.06805,1.83488],[-59.0685,1.83548],[-59.06952,1.83572],[-59.06872,1.83619],[-59.06921,1.83745],[-59.07015,1.83797],[-59.0741,1.83701],[-59.07773,1.83726],[-59.08068,1.83839],[-59.0826,1.83923],[-59.08332,1.84003],[-59.08423,1.84326],[-59.08492,1.84363],[-59.08527,1.84271],[-59.08612,1.84176],[-59.08707,1.84151],[-59.08954,1.8414],[-59.09258,1.84088],[-59.09372,1.8391],[-59.09525,1.83939],[-59.09461,1.84004],[-59.09514,1.84207],[-59.09611,1.84224],[-59.0974,1.84156],[-59.09802,1.83974],[-59.0983,1.83836],[-59.09893,1.83767],[-59.09962,1.83796],[-59.09977,1.84024],[-59.10096,1.84161],[-59.10292,1.84167],[-59.10358,1.8419],[-59.10429,1.84152],[-59.1038,1.84],[-59.10399,1.83944],[-59.10503,1.83897],[-59.1053,1.8382],[-59.10522,1.83646],[-59.10561,1.83591],[-59.10589,1.83447],[-59.10564,1.83386],[-59.10465,1.83327],[-59.10501,1.83217],[-59.10561,1.83207],[-59.10659,1.83342],[-59.10804,1.83503],[-59.10962,1.83625],[-59.11166,1.83701],[-59.11149,1.8382],[-59.11196,1.84077],[-59.11332,1.84217],[-59.11535,1.84268],[-59.11708,1.84386],[-59.11744,1.84382],[-59.1184,1.84196],[-59.1197,1.84209],[-59.12043,1.84154],[-59.12074,1.84192],[-59.11993,1.84227],[-59.11978,1.84286],[-59.1217,1.84416],[-59.12223,1.84487],[-59.12336,1.84493],[-59.12467,1.84412],[-59.12579,1.84391],[-59.12664,1.84223],[-59.1277,1.84154],[-59.1283,1.84172],[-59.12923,1.84277],[-59.13026,1.84254],[-59.1317,1.84082],[-59.13268,1.84099],[-59.13431,1.84251],[-59.13536,1.84295],[-59.13719,1.84311],[-59.13858,1.84364],[-59.14037,1.84214],[-59.14219,1.84207],[-59.14448,1.84408],[-59.14759,1.84633],[-59.14916,1.84712],[-59.15006,1.84793],[-59.15059,1.84784],[-59.15525,1.84878],[-59.15647,1.84865],[-59.15696,1.84922],[-59.15709,1.8517],[-59.15673,1.85305],[-59.15566,1.85379],[-59.15571,1.85438],[-59.15695,1.8548],[-59.15908,1.85383],[-59.16022,1.8536],[-59.16188,1.85371],[-59.16343,1.8545],[-59.1647,1.85555],[-59.16727,1.85717],[-59.17028,1.85956],[-59.17259,1.86154],[-59.17331,1.8617],[-59.17535,1.85994],[-59.17613,1.85908],[-59.17741,1.85903],[-59.17856,1.85862],[-59.18027,1.85721],[-59.18182,1.85641],[-59.18331,1.85333],[-59.18426,1.84951],[-59.18491,1.84865],[-59.1871,1.84811],[-59.18764,1.84756],[-59.18808,1.84443],[-59.18927,1.84398],[-59.19065,1.84401],[-59.19099,1.84374],[-59.1908,1.84271],[-59.19183,1.84132],[-59.19234,1.84131],[-59.19462,1.84241],[-59.19621,1.84273],[-59.19709,1.84331],[-59.19825,1.8431],[-59.19893,1.84226],[-59.20042,1.84215],[-59.20032,1.84128],[-59.20068,1.84044],[-59.20134,1.84039],[-59.20273,1.84149],[-59.20435,1.84119],[-59.20526,1.84139],[-59.20628,1.83964],[-59.20694,1.83811],[-59.20797,1.83717],[-59.20865,1.83696],[-59.20926,1.83581],[-59.21011,1.8348],[-59.21174,1.83564],[-59.2113,1.83692],[-59.21367,1.83734],[-59.21412,1.83796],[-59.21546,1.83839],[-59.21557,1.8392],[-59.21688,1.84065],[-59.21874,1.84075],[-59.21987,1.84135],[-59.22015,1.8428],[-59.2196,1.84365],[-59.21934,1.84568],[-59.22016,1.84605],[-59.2209,1.84722],[-59.22095,1.84795],[-59.22149,1.84827],[-59.22264,1.84783],[-59.22311,1.84848],[-59.22342,1.85075],[-59.2239,1.85126],[-59.22498,1.85147],[-59.22566,1.85082],[-59.22613,1.84907],[-59.22617,1.84776],[-59.22677,1.84566],[-59.22742,1.84571],[-59.22833,1.84688],[-59.22844,1.84817],[-59.22966,1.84856],[-59.23093,1.84746],[-59.23052,1.8468],[-59.23082,1.84587],[-59.23141,1.84595],[-59.23157,1.84691],[-59.2325,1.84705],[-59.23301,1.84543],[-59.23362,1.84484],[-59.234,1.84592],[-59.2335,1.84724],[-59.23512,1.84826],[-59.23537,1.84754],[-59.23638,1.84642],[-59.23644,1.8455],[-59.23749,1.84519],[-59.2381,1.8458],[-59.23793,1.84686],[-59.23819,1.84746],[-59.23753,1.84917],[-59.23801,1.84977],[-59.23885,1.84992],[-59.23966,1.84873],[-59.23933,1.84807],[-59.23975,1.84783],[-59.24074,1.84814],[-59.24337,1.84964],[-59.24367,1.84957],[-59.24384,1.84832],[-59.24525,1.8476],[-59.24566,1.84856],[-59.24691,1.84831],[-59.24813,1.84715],[-59.24885,1.84708],[-59.2485,1.84814],[-59.24752,1.84878],[-59.24757,1.84927],[-59.24866,1.84924],[-59.2504,1.84863],[-59.25044,1.84816],[-59.25117,1.84814],[-59.25143,1.8494],[-59.25234,1.85033],[-59.25452,1.84981],[-59.25513,1.8493],[-59.25748,1.84802],[-59.25671,1.84733],[-59.25659,1.84601],[-59.25753,1.84539],[-59.25968,1.84599],[-59.26063,1.84547],[-59.26106,1.84562],[-59.26208,1.84467],[-59.2635,1.8439],[-59.26459,1.84404],[-59.26503,1.84255],[-59.26699,1.84231],[-59.26726,1.84189],[-59.2666,1.83983],[-59.26726,1.83952],[-59.26846,1.84041],[-59.26866,1.84096],[-59.27001,1.84266],[-59.27065,1.84296],[-59.27081,1.84373],[-59.2703,1.84471],[-59.27047,1.84535],[-59.27176,1.84443],[-59.27228,1.84354],[-59.27215,1.84284],[-59.27282,1.84184],[-59.2732,1.84221],[-59.27316,1.84322],[-59.27416,1.8435],[-59.27334,1.84466],[-59.27318,1.84592],[-59.2747,1.84593],[-59.27646,1.84514],[-59.27653,1.84599],[-59.27582,1.84681],[-59.27586,1.84753],[-59.27668,1.84753],[-59.27747,1.84689],[-59.27838,1.84677],[-59.27966,1.84738],[-59.28028,1.84731],[-59.27987,1.84547],[-59.27903,1.84451],[-59.28008,1.84321],[-59.28097,1.84437],[-59.28041,1.84508],[-59.282,1.84565],[-59.28256,1.84664],[-59.28336,1.8445],[-59.28392,1.84393],[-59.28561,1.84376],[-59.28682,1.84323],[-59.28688,1.84212],[-59.28593,1.84185],[-59.28606,1.84118],[-59.28727,1.84024],[-59.28836,1.84001],[-59.28986,1.84057],[-59.28951,1.84257],[-59.28995,1.84331],[-59.29062,1.84366],[-59.2917,1.84369],[-59.2942,1.84316],[-59.29456,1.84219],[-59.29544,1.84138],[-59.29591,1.83916],[-59.29567,1.83816],[-59.29605,1.83743],[-59.29598,1.83646],[-59.29616,1.83389],[-59.29703,1.83239],[-59.29696,1.83158],[-59.29634,1.8307],[-59.29671,1.82919],[-59.29829,1.82926],[-59.29761,1.82795],[-59.2964,1.82769],[-59.29607,1.82679],[-59.29708,1.82577],[-59.29863,1.82634],[-59.30005,1.82835],[-59.30255,1.82961],[-59.3033,1.83053],[-59.30449,1.83048],[-59.30551,1.82987],[-59.30563,1.8285],[-59.30618,1.82829],[-59.30734,1.82848],[-59.30811,1.82953],[-59.30868,1.82928],[-59.30862,1.8267],[-59.3092,1.8261],[-59.31036,1.82636],[-59.31042,1.8277],[-59.31087,1.82824],[-59.31151,1.82763],[-59.31144,1.82661],[-59.31284,1.82708],[-59.31351,1.82793],[-59.31396,1.82784],[-59.31475,1.82684],[-59.31646,1.82583],[-59.31734,1.82471],[-59.31768,1.82364],[-59.31844,1.82259],[-59.31902,1.82244],[-59.31906,1.82368],[-59.32013,1.82302],[-59.32137,1.82306],[-59.32266,1.82413],[-59.32371,1.82439],[-59.32466,1.82428],[-59.32521,1.82378],[-59.32662,1.82415],[-59.32723,1.82586],[-59.32822,1.82571],[-59.32867,1.82527],[-59.32919,1.82398],[-59.33065,1.82278],[-59.32945,1.82152],[-59.33016,1.82012],[-59.33098,1.81953],[-59.3312,1.81891],[-59.33241,1.81877],[-59.33322,1.81897],[-59.33384,1.81795],[-59.33446,1.81775],[-59.33599,1.81808],[-59.33665,1.81749],[-59.33674,1.81691],[-59.33599,1.81586],[-59.33481,1.81586],[-59.33384,1.81501],[-59.33472,1.81462],[-59.33488,1.81379],[-59.33537,1.81338],[-59.33777,1.8131],[-59.33806,1.81354],[-59.33742,1.81412],[-59.33839,1.81498],[-59.33991,1.81542],[-59.34064,1.81659],[-59.34145,1.81672],[-59.34128,1.81557],[-59.34291,1.81528],[-59.34405,1.81451],[-59.34524,1.81318],[-59.34605,1.81279],[-59.34622,1.8112],[-59.34848,1.81109],[-59.34914,1.81013],[-59.34864,1.80979],[-59.34965,1.80786],[-59.35051,1.80739],[-59.35146,1.80529],[-59.35065,1.80431],[-59.35132,1.80322],[-59.35172,1.80192],[-59.35231,1.80152],[-59.35325,1.80155],[-59.35348,1.80099],[-59.35258,1.80019],[-59.35301,1.79969],[-59.35269,1.79884],[-59.35429,1.79917],[-59.35488,1.79833],[-59.35419,1.79773],[-59.3545,1.79735],[-59.35523,1.79794],[-59.35568,1.7978],[-59.35569,1.79672],[-59.35624,1.79656],[-59.35679,1.7971],[-59.35733,1.79674],[-59.3575,1.79755],[-59.35842,1.79757],[-59.35859,1.79636],[-59.3606,1.79553],[-59.36046,1.79432],[-59.36192,1.79389],[-59.36302,1.7946],[-59.36338,1.79584],[-59.36415,1.79584],[-59.36595,1.79346],[-59.36717,1.79397],[-59.36801,1.79321],[-59.36995,1.79281],[-59.36965,1.79324],[-59.37008,1.79445],[-59.37065,1.7941],[-59.37053,1.79327],[-59.37181,1.79335],[-59.37117,1.79431],[-59.37267,1.79451],[-59.3728,1.79559],[-59.37417,1.7962],[-59.37397,1.79578],[-59.37453,1.7952],[-59.37487,1.79395],[-59.37624,1.79367],[-59.37867,1.79201],[-59.37931,1.79203],[-59.37974,1.79111],[-59.37963,1.79],[-59.37997,1.7899],[-59.38098,1.79095],[-59.38146,1.79014],[-59.38074,1.78927],[-59.38189,1.78896],[-59.38267,1.78913],[-59.38387,1.78883],[-59.38418,1.78933],[-59.38513,1.78903],[-59.3851,1.79003],[-59.38588,1.79064],[-59.38616,1.79138],[-59.38685,1.79162],[-59.38816,1.79049],[-59.38785,1.79164],[-59.38813,1.79239],[-59.39018,1.79237],[-59.39035,1.79306],[-59.3913,1.7937],[-59.39202,1.79297],[-59.393,1.79301],[-59.39389,1.7927],[-59.39448,1.79328],[-59.39554,1.79303],[-59.39655,1.79316],[-59.39677,1.79375],[-59.3975,1.79351],[-59.39802,1.79399],[-59.39758,1.79464],[-59.39878,1.79569],[-59.39842,1.79665],[-59.39905,1.79729],[-59.39986,1.79704],[-59.40019,1.79645],[-59.401,1.79635],[-59.40127,1.79564],[-59.40181,1.79552],[-59.40188,1.79619],[-59.40341,1.7965],[-59.40406,1.7976],[-59.40418,1.79655],[-59.40527,1.79618],[-59.40595,1.79651],[-59.40709,1.79609],[-59.40839,1.79648],[-59.408,1.79746],[-59.40862,1.79807],[-59.40901,1.79923],[-59.40949,1.799],[-59.40956,1.7979],[-59.41001,1.79798],[-59.41019,1.7992],[-59.41065,1.79951],[-59.41143,1.79878],[-59.41249,1.79947],[-59.41361,1.79887],[-59.41455,1.79918],[-59.41564,1.79875],[-59.41666,1.79965],[-59.41751,1.8],[-59.41792,1.80069],[-59.41871,1.80047],[-59.4189,1.79977],[-59.42003,1.79955],[-59.42113,1.79977],[-59.42172,1.80037],[-59.42303,1.79909],[-59.42374,1.8003],[-59.42501,1.80038],[-59.42558,1.8009],[-59.42685,1.80134],[-59.42776,1.80133],[-59.42942,1.8008],[-59.43141,1.79984],[-59.43385,1.79956],[-59.43532,1.79874],[-59.43778,1.79716],[-59.43896,1.79612],[-59.43931,1.79469],[-59.44018,1.79287],[-59.44112,1.79153],[-59.44244,1.79003],[-59.44462,1.78796],[-59.44672,1.78623],[-59.44752,1.78594],[-59.44789,1.78516],[-59.44935,1.78518],[-59.44971,1.78477],[-59.45143,1.78438],[-59.45215,1.78518],[-59.4535,1.78478],[-59.45399,1.78524],[-59.45457,1.78508],[-59.45534,1.7856],[-59.45642,1.78464],[-59.45921,1.78299],[-59.46053,1.78128],[-59.4622,1.78062],[-59.46354,1.7813],[-59.46522,1.78024],[-59.46675,1.77983],[-59.4674,1.78018],[-59.46996,1.77908],[-59.47082,1.77925],[-59.47196,1.78003],[-59.47369,1.77997],[-59.47634,1.77919],[-59.47796,1.77918],[-59.47882,1.77883],[-59.48048,1.77867],[-59.48413,1.77672],[-59.48573,1.77605],[-59.48676,1.77615],[-59.48787,1.77493],[-59.49017,1.77329],[-59.49109,1.77211],[-59.4926,1.77162],[-59.49502,1.77166],[-59.49729,1.77068],[-59.49931,1.77101],[-59.50069,1.7707],[-59.50245,1.7698],[-59.50352,1.77005],[-59.50467,1.7708],[-59.50544,1.77095],[-59.5068,1.77195],[-59.50964,1.77213],[-59.51055,1.77239],[-59.51183,1.77314],[-59.51264,1.77328],[-59.51478,1.77246],[-59.51629,1.77234],[-59.5186,1.77261],[-59.5198,1.77223],[-59.52052,1.77135],[-59.52154,1.77073],[-59.52276,1.76952],[-59.52465,1.76932],[-59.52549,1.76888],[-59.52698,1.76773],[-59.52863,1.76748],[-59.53025,1.76622],[-59.5313,1.76604],[-59.53282,1.76522],[-59.53458,1.76543],[-59.54133,1.76603],[-59.54268,1.76605],[-59.54408,1.76526],[-59.5449,1.76431],[-59.54705,1.7629],[-59.5494,1.76092],[-59.55062,1.76049],[-59.5526,1.76092],[-59.55603,1.76009],[-59.55682,1.75844],[-59.55916,1.757],[-59.56289,1.75537],[-59.56398,1.75528],[-59.56501,1.75565],[-59.56667,1.75525],[-59.56741,1.75442],[-59.56819,1.75402],[-59.56951,1.75401],[-59.57149,1.75349],[-59.57273,1.75368],[-59.57376,1.75351],[-59.5741,1.75279],[-59.57547,1.75132],[-59.57591,1.75054],[-59.57737,1.74913],[-59.57864,1.74824],[-59.58062,1.74821],[-59.5812,1.74861],[-59.58196,1.74841],[-59.58378,1.74671],[-59.58592,1.7457],[-59.58754,1.74521],[-59.58853,1.74433],[-59.58976,1.74362],[-59.59113,1.74353],[-59.59229,1.74303],[-59.59593,1.74229],[-59.59686,1.74163],[-59.59671,1.74022],[-59.59691,1.73953],[-59.59909,1.73809],[-59.60067,1.73808],[-59.60289,1.73691],[-59.60394,1.73708],[-59.60443,1.73672],[-59.60567,1.73494],[-59.60672,1.73444],[-59.60784,1.73463],[-59.61008,1.73327],[-59.61198,1.73165],[-59.61259,1.73041],[-59.61275,1.72814],[-59.61334,1.72644]]]},"properties":{"Name":"Konashen (Homestead)","Region":9,"Grant_No":"No Data","Acres":1533955,"Plan_Numbe":0}},
{"type":"Feature","geometry":{"type":"Polygon","coordinates":[[[-58.59355,5.31325],[-58.58846,5.31389],[-58.58384,5.31438],[-58.54381,5.31848],[-58.54123,5.31693],[-58.54034,5.31692],[-58.5375,5.31781],[-58.53513,5.31821],[-58.53444,5.31762],[-58.53344,5.31626],[-58.53314,5.31624],[-58.53182,5.31468],[-58.53141,5.31355],[-58.53203,5.31181],[-58.53202,5.31114],[-58.53253,5.31055],[-58.53251,5.30979],[-58.5332,5.30802],[-58.53341,5.3069],[-58.53324,5.30568],[-58.53411,5.3041],[-58.53527,5.30306],[-58.53654,5.30227],[-58.5384,5.30182],[-58.53992,5.30086],[-58.54173,5.30042],[-58.54289,5.29991],[-58.54392,5.29867],[-58.54426,5.29384],[-58.54245,5.29343],[-58.54256,5.29322],[-58.54479,5.29359],[-58.54634,5.2915],[-58.54682,5.29041],[-58.54682,5.28974],[-58.54735,5.28906],[-58.54893,5.28905],[-58.54914,5.28935],[-58.54834,5.29037],[-58.54938,5.29046],[-58.55196,5.28922],[-58.55157,5.28779],[-58.55299,5.28696],[-58.55335,5.28638],[-58.55366,5.284],[-58.55189,5.28337],[-58.55136,5.28257],[-58.55142,5.2814],[-58.46614,5.28081],[-58.46624,5.30453],[-58.46917,5.30544],[-58.47181,5.30682],[-58.47505,5.30895],[-58.47669,5.31079],[-58.47734,5.31348],[-58.47773,5.31397],[-58.47883,5.31428],[-58.48175,5.31598],[-58.48301,5.31753],[-58.48443,5.31886],[-58.48491,5.31968],[-58.48467,5.32096],[-58.48347,5.32379],[-58.48216,5.32581],[-58.48208,5.3281],[-58.48285,5.3292],[-58.48356,5.32967],[-58.48736,5.33032],[-58.48822,5.33097],[-58.48889,5.33187],[-58.48942,5.33374],[-58.49019,5.33496],[-58.49243,5.33705],[-58.49445,5.34006],[-58.49629,5.34369],[-58.49816,5.34759],[-58.49868,5.34848],[-58.5007,5.35058],[-58.50138,5.35179],[-58.50301,5.3536],[-58.50513,5.35492],[-58.50659,5.35543],[-58.50938,5.35519],[-58.51027,5.35545],[-58.51087,5.35613],[-58.51193,5.35652],[-58.51392,5.3566],[-58.51565,5.35697],[-58.52018,5.3571],[-58.52181,5.35814],[-58.52524,5.35959],[-58.52694,5.36099],[-58.53017,5.36165],[-58.53225,5.36126],[-58.53349,5.36138],[-58.53687,5.36345],[-58.53857,5.36404],[-58.54067,5.36535],[-58.54243,5.36711],[-58.54791,5.36991],[-58.55353,5.37158],[-58.55462,5.37295],[-58.55318,5.37488],[-58.55126,5.37676],[-58.55111,5.37898],[-58.55051,5.38132],[-58.55104,5.38561],[-58.5508,5.38716],[-58.55085,5.389],[-58.55204,5.39215],[-58.55301,5.39302],[-58.55397,5.39456],[-58.55406,5.39524],[-58.55483,5.39506],[-58.55474,5.39589],[-58.55629,5.39742],[-58.55822,5.39847],[-58.55985,5.39876],[-58.56173,5.39738],[-58.56309,5.39672],[-58.56466,5.39533],[-58.56549,5.39513],[-58.57031,5.39535],[-58.57188,5.39571],[-58.5737,5.39739],[-58.5748,5.39866],[-58.57709,5.39577],[-58.57659,5.39064],[-58.5803,5.3873],[-58.577,5.38463],[-58.57477,5.38316],[-58.57206,5.38189],[-58.56844,5.38004],[-58.56373,5.3774],[-58.56236,5.37652],[-58.55736,5.37271],[-58.55569,5.37169],[-58.5566,5.37087],[-58.55564,5.3693],[-58.55566,5.36857],[-58.55632,5.3677],[-58.55792,5.36747],[-58.55832,5.36649],[-58.55774,5.36603],[-58.55716,5.36622],[-58.55513,5.36575],[-58.55316,5.36457],[-58.55322,5.36355],[-58.55144,5.36198],[-58.54909,5.36075],[-58.54918,5.35956],[-58.55064,5.3591],[-58.55247,5.36001],[-58.55331,5.36065],[-58.55416,5.36064],[-58.55519,5.36208],[-58.55628,5.36176],[-58.55664,5.36037],[-58.55606,5.35926],[-58.55671,5.35768],[-58.55763,5.3573],[-58.55816,5.35654],[-58.55904,5.35427],[-58.55861,5.3529],[-58.55795,5.35249],[-58.55695,5.35267],[-58.55629,5.35332],[-58.55629,5.35456],[-58.55563,5.35602],[-58.55462,5.35631],[-58.55401,5.35603],[-58.55279,5.35469],[-58.55202,5.35413],[-58.54943,5.35388],[-58.54868,5.35309],[-58.5483,5.3522],[-58.54738,5.35121],[-58.54685,5.34992],[-58.54615,5.34952],[-58.54598,5.34853],[-58.54642,5.34794],[-58.54691,5.34943],[-58.54743,5.3498],[-58.54808,5.34909],[-58.5484,5.34685],[-58.54828,5.34603],[-58.54719,5.34545],[-58.5463,5.34619],[-58.54551,5.34606],[-58.54412,5.34531],[-58.5443,5.34391],[-58.54591,5.34167],[-58.54656,5.34104],[-58.54866,5.33994],[-58.54972,5.34051],[-58.55079,5.34029],[-58.55242,5.33958],[-58.55301,5.34016],[-58.5548,5.3403],[-58.55518,5.34139],[-58.55569,5.34181],[-58.55643,5.34346],[-58.55713,5.34386],[-58.55765,5.34468],[-58.55899,5.34398],[-58.55966,5.34436],[-58.56089,5.34413],[-58.56203,5.34336],[-58.563,5.34304],[-58.56414,5.3421],[-58.56504,5.34195],[-58.56635,5.34119],[-58.56754,5.34151],[-58.56854,5.34027],[-58.56986,5.34034],[-58.57128,5.33974],[-58.57297,5.33991],[-58.57368,5.33947],[-58.57544,5.3394],[-58.57691,5.33844],[-58.57799,5.3384],[-58.57951,5.33794],[-58.58005,5.33711],[-58.58119,5.33727],[-58.58273,5.33691],[-58.58638,5.3367],[-58.5877,5.33686],[-58.59038,5.33627],[-58.59106,5.33544],[-58.59098,5.33393],[-58.59182,5.33307],[-58.59205,5.33217],[-58.59152,5.33149],[-58.59044,5.33102],[-58.59355,5.31325]]]},"properties":{"Name":"Great Falls 58 Miles","Region":10,"Grant_No":"No Data","Acres":20031,"Plan_Numbe":0}},
{"type":"Feature","geometry":{"type":"Polygon","coordinates":[[[-59.04028,4.1482],[-59.04272,4.14902],[-59.04364,4.14979],[-59.04416,4.15083],[-59.04495,4.15163],[-59.04557,4.15277],[-59.04562,4.15562],[-59.04592,4.15666],[-59.04737,4.15847],[-59.04831,4.15926],[-59.04937,4.15958],[-59.05107,4.15959],[-59.05311,4.1619],[-59.05467,4.16286],[-59.05588,4.16446],[-59.05509,4.1676],[-59.05611,4.17018],[-59.05727,4.17164],[-59.0575,4.17243],[-59.05727,4.17332],[-59.05754,4.17491],[-59.05835,4.17589],[-59.0587,4.17736],[-59.05888,4.17959],[-59.06017,4.18096],[-59.06038,4.18256],[-59.06162,4.18404],[-59.063,4.18497],[-59.06471,4.18128],[-59.06554,4.18168],[-59.06544,4.18287],[-59.06634,4.18287],[-59.06759,4.18128],[-59.06773,4.17918],[-59.06848,4.17947],[-59.06978,4.17921],[-59.07071,4.1782],[-59.06995,4.17658],[-59.07006,4.17629],[-59.07139,4.17654],[-59.07304,4.17744],[-59.0738,4.17841],[-59.07498,4.17631],[-59.07529,4.17607],[-59.07646,4.17627],[-59.07919,4.17764],[-59.08135,4.17842],[-59.08185,4.17878],[-59.0824,4.18008],[-59.08237,4.18391],[-59.08255,4.18445],[-59.08367,4.18481],[-59.08528,4.18332],[-59.08596,4.18166],[-59.08592,4.18083],[-59.08487,4.17827],[-59.0853,4.17719],[-59.08735,4.17696],[-59.0885,4.17624],[-59.08983,4.17634],[-59.09069,4.1771],[-59.09195,4.17695],[-59.09331,4.17626],[-59.09446,4.17684],[-59.09479,4.17593],[-59.09661,4.17445],[-59.09715,4.17355],[-59.097,4.17236],[-59.09589,4.17164],[-59.09333,4.17081],[-59.09297,4.1702],[-59.0938,4.16915],[-59.09668,4.17041],[-59.0975,4.16994],[-59.09882,4.16748],[-59.09929,4.16733],[-59.10066,4.16787],[-59.10188,4.16928],[-59.10257,4.16877],[-59.1031,4.16657],[-59.10378,4.16588],[-59.10464,4.16588],[-59.10478,4.16519],[-59.10449,4.16349],[-59.10557,4.16223],[-59.11088,4.16045],[-59.11361,4.16062],[-59.11512,4.16094],[-59.11653,4.16072],[-59.11739,4.16086],[-59.11807,4.16043],[-59.11929,4.16028],[-59.12285,4.16121],[-59.12476,4.16304],[-59.12642,4.1634],[-59.12688,4.16311],[-59.1281,4.16105],[-59.12831,4.1604],[-59.13032,4.15982],[-59.13094,4.1601],[-59.13144,4.16111],[-59.13288,4.16223],[-59.13271,4.15511],[-59.12991,4.04615],[-59.12767,3.98269],[-59.12693,3.95703],[-59.15759,3.9561],[-59.1526,3.89385],[-59.1506,3.89352],[-59.14965,3.89316],[-59.14686,3.89277],[-59.1416,3.89105],[-59.1404,3.89092],[-59.13881,3.89139],[-59.13728,3.89157],[-59.13435,3.89236],[-59.13404,3.893],[-59.13327,3.89292],[-59.13191,3.89379],[-59.13096,3.89415],[-59.12688,3.89625],[-59.12567,3.89715],[-59.12423,3.89784],[-59.12261,3.89836],[-59.12137,3.89983],[-59.12144,3.90088],[-59.12076,3.90351],[-59.12052,3.90681],[-59.12055,3.90917],[-59.1204,3.91184],[-59.12093,3.91198],[-59.12034,3.91309],[-59.11892,3.91432],[-59.11766,3.91508],[-59.11048,3.9172],[-59.10711,3.91789],[-59.10169,3.91711],[-59.10032,3.91735],[-59.0998,3.917],[-59.09854,3.91682],[-59.09721,3.91618],[-59.09654,3.91543],[-59.0929,3.91285],[-59.09258,3.91227],[-59.09136,3.91118],[-59.08905,3.90836],[-59.08638,3.90554],[-59.08455,3.90438],[-59.0816,3.90189],[-59.08053,3.9002],[-59.07951,3.89889],[-59.07873,3.89738],[-59.07839,3.89602],[-59.07788,3.89515],[-59.07681,3.89422],[-59.07705,3.89313],[-59.07789,3.89163],[-59.07889,3.89114],[-59.07889,3.8908],[-59.07744,3.89065],[-59.07622,3.88898],[-59.07573,3.88736],[-59.07468,3.88544],[-59.07299,3.88395],[-59.07238,3.88102],[-59.0725,3.88044],[-59.07357,3.87809],[-59.07309,3.87688],[-59.07189,3.8758],[-59.06904,3.87432],[-59.06489,3.87107],[-59.0619,3.86894],[-59.06056,3.86821],[-59.0585,3.86736],[-59.05609,3.86575],[-59.05481,3.86537],[-59.0532,3.86517],[-59.05011,3.86425],[-59.04847,3.86362],[-59.04571,3.86179],[-59.04392,3.86073],[-59.04286,3.86038],[-59.039,3.86006],[-59.03377,3.85854],[-59.03166,3.85814],[-59.02985,3.85814],[-59.02932,3.8587],[-59.02935,3.86072],[-59.02881,3.86339],[-59.02919,3.86624],[-59.03005,3.86813],[-59.031,3.86871],[-59.03116,3.87101],[-59.03089,3.87196],[-59.02968,3.87363],[-59.02866,3.87406],[-59.02667,3.87374],[-59.02546,3.87316],[-59.02315,3.87244],[-59.02084,3.87239],[-59.02006,3.87295],[-59.01939,3.87459],[-59.02002,3.87565],[-59.02075,3.8761],[-59.02093,3.87713],[-59.02058,3.87825],[-59.01973,3.87895],[-59.01792,3.87921],[-59.01423,3.87947],[-59.01342,3.87932],[-59.00913,3.87898],[-59.00747,3.87873],[-59.00468,3.87811],[-59.00274,3.87748],[-58.99792,3.87626],[-58.99722,3.87696],[-58.99599,3.87719],[-58.99418,3.87687],[-58.99186,3.87612],[-58.99209,3.87711],[-58.9916,3.8774],[-58.99203,3.87922],[-58.992,3.88051],[-58.99246,3.88097],[-58.99217,3.88176],[-58.9926,3.88229],[-58.9921,3.88328],[-58.99276,3.88417],[-58.99316,3.88648],[-58.9929,3.88797],[-58.99241,3.88876],[-58.99222,3.89074],[-58.9915,3.89173],[-58.99137,3.89266],[-58.9916,3.89454],[-58.99157,3.89569],[-58.99201,3.89741],[-58.99198,3.89995],[-58.99096,3.9019],[-58.9911,3.90299],[-58.99114,3.90586],[-58.9915,3.90751],[-58.99223,3.9088],[-58.99247,3.9123],[-58.99382,3.91537],[-58.99321,3.91916],[-58.99384,3.92194],[-58.9943,3.92286],[-58.99457,3.92494],[-58.99444,3.926],[-58.99378,3.92662],[-58.99375,3.92798],[-58.99281,3.92947],[-58.99185,3.93],[-58.98975,3.9305],[-58.98706,3.9339],[-58.9869,3.9348],[-58.98733,3.93661],[-58.98609,3.93893],[-58.9856,3.94038],[-58.98587,3.9417],[-58.98544,3.94299],[-58.98508,3.94537],[-58.98377,3.94659],[-58.98358,3.94778],[-58.98305,3.94831],[-58.98141,3.94878],[-58.97954,3.9502],[-58.9781,3.95102],[-58.97789,3.95201],[-58.97832,3.95369],[-58.97979,3.95661],[-58.97992,3.95808],[-58.981,3.96014],[-58.9816,3.9616],[-58.98216,3.96513],[-58.98157,3.96732],[-58.98016,3.96922],[-58.97866,3.97073],[-58.97815,3.97181],[-58.97738,3.97271],[-58.97692,3.97414],[-58.97722,3.97568],[-58.97705,3.97771],[-58.97665,3.97911],[-58.97569,3.98292],[-58.97557,3.98511],[-58.97584,3.98855],[-58.97648,3.98989],[-58.97751,3.99075],[-58.97777,3.9913],[-58.9776,3.99238],[-58.97761,3.99488],[-58.97671,3.99677],[-58.97625,3.99897],[-58.97647,4.00207],[-58.97686,4.00288],[-58.97888,4.00563],[-58.97983,4.00834],[-58.98069,4.0104],[-58.98146,4.01135],[-58.98179,4.01223],[-58.98181,4.01346],[-58.98015,4.01729],[-58.97836,4.02083],[-58.97704,4.02496],[-58.97597,4.02776],[-58.97423,4.03168],[-58.97393,4.0328],[-58.97475,4.0362],[-58.97497,4.03783],[-58.97489,4.04128],[-58.97528,4.04317],[-58.9749,4.04571],[-58.97443,4.047],[-58.97324,4.04838],[-58.97328,4.0501],[-58.97231,4.05286],[-58.97107,4.05454],[-58.96983,4.05545],[-58.96794,4.0573],[-58.96803,4.05855],[-58.96911,4.06053],[-58.96877,4.06177],[-58.99517,4.05754],[-58.99975,4.057],[-59.00177,4.05649],[-59.02664,4.05251],[-59.02947,4.05216],[-59.02863,4.05408],[-59.02832,4.05517],[-59.02827,4.05709],[-59.02885,4.05886],[-59.02936,4.05943],[-59.02958,4.06192],[-59.02868,4.06353],[-59.02573,4.06452],[-59.0247,4.06469],[-59.02394,4.06556],[-59.02348,4.06705],[-59.02234,4.06797],[-59.02048,4.06871],[-59.0195,4.07013],[-59.01868,4.07238],[-59.01851,4.07346],[-59.01867,4.07463],[-59.01928,4.07624],[-59.01885,4.07989],[-59.01956,4.08234],[-59.01961,4.08461],[-59.01908,4.08594],[-59.01924,4.08837],[-59.01957,4.08992],[-59.01967,4.09172],[-59.02049,4.09307],[-59.02089,4.0948],[-59.02215,4.09578],[-59.02655,4.09661],[-59.02718,4.09719],[-59.02761,4.09829],[-59.02849,4.09948],[-59.03055,4.10069],[-59.03157,4.10158],[-59.03288,4.1033],[-59.03429,4.107],[-59.03557,4.10898],[-59.03637,4.11132],[-59.0364,4.11375],[-59.03594,4.11588],[-59.03613,4.11733],[-59.03669,4.11863],[-59.03779,4.12013],[-59.03998,4.12216],[-59.04017,4.12311],[-59.04135,4.12608],[-59.04154,4.12751],[-59.04156,4.12991],[-59.04178,4.13169],[-59.04178,4.13342],[-59.04151,4.13504],[-59.04091,4.13679],[-59.04142,4.13859],[-59.04164,4.14079],[-59.0416,4.14289],[-59.0413,4.14427],[-59.04074,4.14535],[-59.04076,4.1462],[-59.04005,4.14703],[-59.04028,4.1482]]]},"properties":{"Name":"Annai","Region":9,"Grant_No":"G7793","Acres":114771,"Plan_Numbe":23712}},
{"type":"Feature","geometry":{"type":"Polygon","coordinates":[[[-58.97665,3.97911],[-58.97521,3.98072],[-58.97209,3.98219],[-58.97053,3.98346],[-58.96868,3.98433],[-58.96735,3.98564],[-58.96599,3.98797],[-58.96462,3.98967],[-58.96309,3.99012],[-58.96216,3.98971],[-58.95923,3.98742],[-58.95779,3.98759],[-58.95602,3.9869],[-58.95455,3.9861],[-58.95339,3.98579],[-58.95229,3.98501],[-58.95037,3.98409],[-58.94912,3.98383],[-58.94744,3.98378],[-58.9454,3.98409],[-58.94394,3.98456],[-58.94199,3.98563],[-58.9411,3.98649],[-58.93758,3.9875],[-58.93619,3.98825],[-58.93396,3.98833],[-58.9315,3.98791],[-58.92823,3.986],[-58.9268,3.98456],[-58.92631,3.9813],[-58.92467,3.98037],[-58.92219,3.9811],[-58.92151,3.98113],[-58.92052,3.9817],[-58.9193,3.98206],[-58.91682,3.98231],[-58.91557,3.9827],[-58.91182,3.98538],[-58.91035,3.98592],[-58.90791,3.98658],[-58.90438,3.9883],[-58.90413,3.99043],[-58.90371,3.99152],[-58.90215,3.99414],[-58.90042,3.99677],[-58.9002,3.99739],[-58.90077,3.99872],[-58.90093,4.00086],[-58.90158,4.00261],[-58.90114,4.00424],[-58.90132,4.0057],[-58.90172,4.00691],[-58.90108,4.00913],[-58.90107,4.00997],[-58.90153,4.01198],[-58.89713,4.00764],[-58.89468,4.00919],[-58.89333,4.01022],[-58.89201,4.01152],[-58.89133,4.01186],[-58.8894,4.01197],[-58.88874,4.01261],[-58.8877,4.01524],[-58.88696,4.01629],[-58.88536,4.01721],[-58.88352,4.01793],[-58.88242,4.01865],[-58.88168,4.01971],[-58.88177,4.02167],[-58.88105,4.02325],[-58.88236,4.02271],[-58.88539,4.02183],[-58.88806,4.02174],[-58.88974,4.02185],[-58.89317,4.02153],[-58.89494,4.0217],[-58.89758,4.02234],[-58.89932,4.02301],[-58.89999,4.02363],[-58.90118,4.02524],[-58.90284,4.02839],[-58.90371,4.02963],[-58.90546,4.03078],[-58.90709,4.03151],[-58.90754,4.0321],[-58.90847,4.03455],[-58.91008,4.03731],[-58.91087,4.03949],[-58.91445,4.04641],[-58.91593,4.0517],[-58.9161,4.05769],[-58.91549,4.06127],[-58.91371,4.06377],[-58.91147,4.06572],[-58.90892,4.06759],[-58.90768,4.06884],[-58.90614,4.07188],[-58.90639,4.073],[-58.90906,4.07394],[-58.91167,4.07368],[-58.91348,4.07436],[-58.91546,4.07477],[-58.91769,4.07448],[-58.91983,4.0747],[-58.92171,4.07569],[-58.92598,4.07668],[-58.92669,4.07747],[-58.92896,4.07841],[-58.93228,4.0786],[-58.93389,4.07913],[-58.93501,4.0801],[-58.93618,4.08204],[-58.9373,4.08303],[-58.93977,4.08371],[-58.94058,4.08419],[-58.94686,4.0892],[-58.94798,4.0903],[-58.95029,4.09209],[-58.95198,4.09375],[-58.95308,4.09446],[-58.95421,4.09765],[-58.95485,4.09868],[-58.95752,4.10198],[-58.95867,4.10382],[-58.95951,4.10571],[-58.9604,4.10848],[-58.96121,4.10956],[-58.96197,4.11122],[-58.9628,4.11218],[-58.96334,4.11353],[-58.96347,4.11493],[-58.96406,4.11618],[-58.96511,4.11703],[-58.9655,4.11792],[-58.96451,4.12013],[-58.96422,4.12238],[-58.96329,4.12439],[-58.96325,4.12551],[-58.96373,4.12848],[-58.96542,4.1317],[-58.96683,4.13343],[-58.98553,4.13873],[-58.98707,4.14107],[-58.9876,4.14211],[-58.98845,4.14452],[-58.99028,4.14626],[-58.99245,4.14738],[-58.99406,4.14758],[-58.99536,4.14752],[-58.9973,4.14854],[-58.9988,4.14852],[-59.00131,4.1492],[-59.0023,4.14932],[-59.00441,4.14918],[-59.0056,4.14882],[-59.00733,4.14861],[-59.00949,4.14885],[-59.01164,4.14999],[-59.0122,4.15045],[-59.01428,4.15131],[-59.0154,4.1516],[-59.01711,4.15171],[-59.01972,4.1523],[-59.02303,4.15267],[-59.02458,4.15309],[-59.02627,4.15303],[-59.02861,4.15226],[-59.03194,4.15059],[-59.03423,4.14924],[-59.03456,4.14884],[-59.03487,4.14722],[-59.03616,4.14701],[-59.03916,4.14838],[-59.04028,4.1482],[-59.04005,4.14703],[-59.04076,4.1462],[-59.04074,4.14535],[-59.0413,4.14427],[-59.0416,4.14289],[-59.04164,4.14079],[-59.04142,4.13859],[-59.04091,4.13679],[-59.04151,4.13504],[-59.04178,4.13342],[-59.04178,4.13169],[-59.04156,4.12991],[-59.04154,4.12751],[-59.04135,4.12608],[-59.04017,4.12311],[-59.03998,4.12216],[-59.03779,4.12013],[-59.03669,4.11863],[-59.03613,4.11733],[-59.03594,4.11588],[-59.0364,4.11375],[-59.03637,4.11132],[-59.03557,4.10898],[-59.03429,4.107],[-59.03288,4.1033],[-59.03157,4.10158],[-59.03055,4.10069],[-59.02849,4.09948],[-59.02761,4.09829],[-59.02718,4.09719],[-59.02655,4.09661],[-59.02215,4.09578],[-59.02089,4.0948],[-59.02049,4.09307],[-59.01967,4.09172],[-59.01957,4.08992],[-59.01924,4.08837],[-59.01908,4.08594],[-59.01961,4.08461],[-59.01956,4.08234],[-59.01885,4.07989],[-59.01928,4.07624],[-59.01867,4.07463],[-59.01851,4.07346],[-59.01868,4.07238],[-59.0195,4.07013],[-59.02048,4.06871],[-59.02234,4.06797],[-59.02348,4.06705],[-59.02394,4.06556],[-59.0247,4.06469],[-59.02573,4.06452],[-59.02868,4.06353],[-59.02958,4.06192],[-59.02936,4.05943],[-59.02885,4.05886],[-59.02827,4.05709],[-59.02832,4.05517],[-59.02863,4.05408],[-59.02947,4.05216],[-59.02664,4.05251],[-59.00177,4.05649],[-58.99975,4.057],[-58.99517,4.05754],[-58.96877,4.06177],[-58.96911,4.06053],[-58.96803,4.05855],[-58.96794,4.0573],[-58.96983,4.05545],[-58.97107,4.05454],[-58.97231,4.05286],[-58.97328,4.0501],[-58.97324,4.04838],[-58.97443,4.047],[-58.9749,4.04571],[-58.97528,4.04317],[-58.97489,4.04128],[-58.97497,4.03783],[-58.97475,4.0362],[-58.97393,4.0328],[-58.97423,4.03168],[-58.97597,4.02776],[-58.97704,4.02496],[-58.97836,4.02083],[-58.98015,4.01729],[-58.98181,4.01346],[-58.98179,4.01223],[-58.98146,4.01135],[-58.98069,4.0104],[-58.97983,4.00834],[-58.97888,4.00563],[-58.97686,4.00288],[-58.97647,4.00207],[-58.97625,3.99897],[-58.97671,3.99677],[-58.97761,3.99488],[-58.9776,3.99238],[-58.97777,3.9913],[-58.97751,3.99075],[-58.97648,3.98989],[-58.97584,3.98855],[-58.97557,3.98511],[-58.97569,3.98292],[-58.97665,3.97911]]]},"properties":{"Name":"Annai Extension","Region":9,"Grant_No":"No Data","Acres":38397,"Plan_Numbe":0}},
{"type":"Feature","geometry":{"type":"Polygon","coordinates":[[[-58.6132,4.05955],[-58.61282,4.05814],[-58.61201,4.05714],[-58.61073,4.05698],[-58.60934,4.05544],[-58.6079,4.05438],[-58.60404,4.0508],[-58.60305,4.05029],[-58.6,4.034],[-58.59976,4.03459],[-58.59724,4.03817],[-58.59499,4.04255],[-58.59239,4.0468],[-58.58986,4.04982],[-58.58873,4.05172],[-58.5879,4.05448],[-58.58744,4.05529],[-58.58495,4.05851],[-58.58186,4.06075],[-58.57901,4.06314],[-58.57743,4.06433],[-58.57501,4.06552],[-58.57162,4.06596],[-58.57039,4.06591],[-58.56794,4.06518],[-58.56485,4.06565],[-58.562,4.06641],[-58.55839,4.06725],[-58.55358,4.06872],[-58.55227,4.06929],[-58.54904,4.07024],[-58.54778,4.07008],[-58.54238,4.07228],[-58.54117,4.07296],[-58.53824,4.07556],[-58.53615,4.07769],[-58.5347,4.07937],[-58.53177,4.08238],[-58.53091,4.08348],[-58.52898,4.08543],[-58.5282,4.08646],[-58.52654,4.08822],[-58.52571,4.08879],[-58.52393,4.0906],[-58.52141,4.09285],[-58.51618,4.09788],[-58.51271,4.1018],[-58.51097,4.1034],[-58.51073,4.10391],[-58.50944,4.105],[-58.5078,4.10713],[-58.50649,4.10927],[-58.50472,4.11184],[-58.50292,4.11567],[-58.50228,4.11757],[-58.50124,4.1241],[-58.50121,4.12657],[-58.50138,4.12918],[-58.50129,4.13215],[-58.50154,4.13332],[-58.50148,4.15019],[-58.50317,4.14907],[-58.50444,4.1479],[-58.50729,4.14855],[-58.50769,4.14821],[-58.5054,4.14659],[-58.50582,4.14486],[-58.5068,4.1437],[-58.50774,4.14324],[-58.51087,4.14218],[-58.51299,4.14201],[-58.5133,4.1415],[-58.51333,4.14005],[-58.51508,4.13812],[-58.51652,4.13681],[-58.51785,4.13618],[-58.51878,4.13544],[-58.51982,4.13603],[-58.52019,4.1341],[-58.52106,4.13274],[-58.52236,4.13154],[-58.52295,4.13052],[-58.52442,4.12921],[-58.52521,4.12827],[-58.52634,4.12572],[-58.5271,4.12455],[-58.52811,4.12375],[-58.53204,4.12142],[-58.53272,4.12156],[-58.53345,4.12227],[-58.53393,4.12204],[-58.53345,4.12096],[-58.53367,4.11934],[-58.53466,4.11826],[-58.53596,4.11815],[-58.53647,4.11766],[-58.53714,4.1155],[-58.53952,4.11394],[-58.54141,4.11357],[-58.54237,4.11308],[-58.54415,4.1137],[-58.54327,4.1118],[-58.54358,4.11069],[-58.54463,4.10953],[-58.54491,4.10851],[-58.5466,4.10674],[-58.54773,4.10634],[-58.54886,4.10662],[-58.5496,4.10779],[-58.54966,4.10966],[-58.55071,4.11125],[-58.5522,4.11216],[-58.55759,4.11012],[-58.56122,4.10524],[-58.5631,4.10212],[-58.56405,4.10144],[-58.56451,4.10151],[-58.56683,4.10467],[-58.56879,4.10592],[-58.57121,4.1069],[-58.57245,4.10669],[-58.57333,4.1061],[-58.57449,4.10599],[-58.57524,4.10641],[-58.57553,4.10726],[-58.57595,4.1067],[-58.57693,4.10652],[-58.57805,4.10686],[-58.57943,4.10662],[-58.58038,4.1056],[-58.5803,4.10454],[-58.58067,4.10358],[-58.58194,4.1027],[-58.58345,4.1032],[-58.58504,4.10155],[-58.587,4.1008],[-58.58896,4.09949],[-58.5897,4.09871],[-58.59065,4.09653],[-58.59084,4.09562],[-58.59057,4.094],[-58.59073,4.09333],[-58.59173,4.09184],[-58.59234,4.09056],[-58.59488,4.08821],[-58.59636,4.08749],[-58.59756,4.08653],[-58.59787,4.08493],[-58.59877,4.08336],[-58.6002,4.08176],[-58.60078,4.08077],[-58.60226,4.07895],[-58.60451,4.07701],[-58.60491,4.07631],[-58.60528,4.07445],[-58.60631,4.07295],[-58.61304,4.06214],[-58.61279,4.0615],[-58.6132,4.05955]]]},"properties":{"Name":"Apoteri Tract B","Region":9,"Grant_No":"No Data","Acres":12928,"Plan_Numbe":0}},
{"type":"Feature","geometry":{"type":"Polygon","coordinates":[[[-58.63422,3.85628],[-58.63359,3.85584],[-58.63211,3.85576],[-58.62984,3.85672],[-58.62889,3.85762],[-58.62733,3.85811],[-58.62406,3.85883],[-58.62246,3.85986],[-58.62125,3.85994],[-58.6201,3.85938],[-58.6188,3.85825],[-58.61506,3.85757],[-58.61366,3.85747],[-58.61192,3.8578],[-58.6096,3.85884],[-58.60817,3.85971],[-58.60615,3.86126],[-58.6047,3.86401],[-58.60273,3.86545],[-58.60079,3.86581],[-58.59814,3.86728],[-58.59609,3.86913],[-58.5951,3.86952],[-58.59387,3.87034],[-58.5906,3.87161],[-58.58723,3.87305],[-58.58524,3.87462],[-58.58327,3.87581],[-58.57932,3.87933],[-58.57881,3.87992],[-58.57631,3.88124],[-58.57533,3.88144],[-58.57219,3.88145],[-58.57091,3.88179],[-58.56708,3.88128],[-58.56603,3.88126],[-58.5644,3.88211],[-58.56061,3.88309],[-58.55969,3.88376],[-58.559,3.88389],[-58.55709,3.88564],[-58.55684,3.88643],[-58.55572,3.88828],[-58.55378,3.8905],[-58.55281,3.89122],[-58.55189,3.89237],[-58.55016,3.89564],[-58.54934,3.89867],[-58.54779,3.90075],[-58.54679,3.90245],[-58.54593,3.90471],[-58.54542,3.90553],[-58.54356,3.90731],[-58.54297,3.90872],[-58.54172,3.91098],[-58.54182,3.90982],[-58.5409,3.90644],[-58.54044,3.90587],[-58.53987,3.90439],[-58.53864,3.90295],[-58.53815,3.90174],[-58.53807,3.9001],[-58.53761,3.89715],[-58.53712,3.89548],[-58.53658,3.89446],[-58.53591,3.89381],[-58.53417,3.89164],[-58.53384,3.89076],[-58.5321,3.88838],[-58.53112,3.8874],[-58.52925,3.88618],[-58.52815,3.885],[-58.52667,3.884],[-58.52408,3.88318],[-58.52275,3.88182],[-58.52086,3.88047],[-58.5196,3.87888],[-58.51771,3.87765],[-58.51715,3.87698],[-58.51479,3.87311],[-58.51404,3.87098],[-58.51315,3.86977],[-58.51258,3.86959],[-58.51184,3.86803],[-58.51058,3.86611],[-58.51029,3.86538],[-58.4728,3.86276],[-58.47086,3.86415],[-58.46864,3.86675],[-58.46765,3.8686],[-58.46678,3.86969],[-58.46464,3.87021],[-58.46318,3.8711],[-58.461,3.87085],[-58.45911,3.87081],[-58.45826,3.87108],[-58.4565,3.87235],[-58.45516,3.87362],[-58.45374,3.87466],[-58.4519,3.87534],[-58.44933,3.87537],[-58.44713,3.87472],[-58.44508,3.87438],[-58.4431,3.87484],[-58.44097,3.87635],[-58.44011,3.87606],[-58.43842,3.87446],[-58.4373,3.8743],[-58.43433,3.87442],[-58.43111,3.87513],[-58.42871,3.87699],[-58.42711,3.87807],[-58.42549,3.87882],[-58.4239,3.87984],[-58.42266,3.88158],[-58.41833,3.88468],[-58.41716,3.88593],[-58.41586,3.88702],[-58.41395,3.88795],[-58.41103,3.89003],[-58.41013,3.89105],[-58.40883,3.89209],[-58.40712,3.89397],[-58.4053,3.89503],[-58.40312,3.89587],[-58.40182,3.89703],[-58.40087,3.89881],[-58.40054,3.90006],[-58.39957,3.90257],[-58.39807,3.90383],[-58.39699,3.90521],[-58.3958,3.90585],[-58.39531,3.90576],[-58.394,3.90434],[-58.39362,3.90517],[-58.3936,3.90648],[-58.39315,3.90739],[-58.39232,3.90795],[-58.39378,3.90962],[-58.39478,3.91175],[-58.39534,3.91344],[-58.39577,3.91545],[-58.39589,3.91821],[-58.39551,3.92081],[-58.39513,3.92187],[-58.3939,3.92442],[-58.39361,3.92596],[-58.39348,3.92788],[-58.39379,3.92955],[-58.39445,3.93054],[-58.39668,3.93314],[-58.39873,3.93596],[-58.40387,3.94115],[-58.40594,3.94304],[-58.41148,3.9464],[-58.41243,3.94717],[-58.41339,3.94725],[-58.41434,3.94773],[-58.41369,3.94637],[-58.41265,3.94552],[-58.41116,3.94387],[-58.40819,3.93976],[-58.40677,3.93884],[-58.40627,3.93818],[-58.40517,3.9376],[-58.40312,3.93593],[-58.39922,3.93153],[-58.39811,3.93002],[-58.39831,3.92945],[-58.39935,3.93002],[-58.40084,3.93198],[-58.40194,3.93281],[-58.40298,3.93299],[-58.4044,3.93505],[-58.40609,3.93676],[-58.40843,3.9382],[-58.41059,3.94032],[-58.41147,3.94251],[-58.41199,3.94337],[-58.4142,3.94601],[-58.41526,3.94813],[-58.41583,3.95098],[-58.41612,3.95154],[-58.41753,3.95879],[-58.41776,3.96042],[-58.42013,3.96518],[-58.42374,3.9696],[-58.42752,3.9736],[-58.42883,3.97448],[-58.43146,3.97538],[-58.43169,3.97576],[-58.43383,3.97666],[-58.43592,3.9779],[-58.43705,3.97878],[-58.4398,3.98218],[-58.44032,3.98334],[-58.44079,3.98548],[-58.44064,3.98688],[-58.43974,3.98996],[-58.43907,3.99127],[-58.43678,3.99383],[-58.4357,3.99541],[-58.43537,3.99665],[-58.43537,3.99889],[-58.43605,4.00225],[-58.43662,4.00372],[-58.43676,4.0049],[-58.43725,4.00537],[-58.4382,4.0093],[-58.43954,4.0128],[-58.43999,4.01296],[-58.44105,4.01704],[-58.4415,4.01847],[-58.44288,4.02077],[-58.44466,4.02257],[-58.44691,4.02347],[-58.45423,4.02502],[-58.45605,4.02506],[-58.45886,4.02555],[-58.461,4.02501],[-58.46206,4.02494],[-58.46579,4.02568],[-58.46719,4.02581],[-58.4702,4.0258],[-58.47913,4.0261],[-58.48298,4.0265],[-58.48568,4.02634],[-58.4882,4.02597],[-58.48944,4.02559],[-58.49112,4.02412],[-58.49343,4.02131],[-58.49528,4.01966],[-58.49613,4.01916],[-58.49811,4.01854],[-58.50137,4.01818],[-58.50398,4.0188],[-58.50738,4.01916],[-58.50932,4.01963],[-58.51499,4.02206],[-58.52192,4.02535],[-58.52292,4.02602],[-58.52751,4.02834],[-58.52992,4.02935],[-58.5344,4.03023],[-58.54117,4.03053],[-58.54461,4.03057],[-58.54625,4.03041],[-58.54774,4.03004],[-58.55304,4.02838],[-58.55473,4.02809],[-58.55729,4.02783],[-58.56146,4.0276],[-58.56474,4.02732],[-58.56883,4.02668],[-58.57009,4.02636],[-58.57176,4.02625],[-58.57556,4.02626],[-58.57772,4.02707],[-58.5797,4.02831],[-58.5818,4.03054],[-58.58232,4.03135],[-58.5848,4.03639],[-58.58589,4.03907],[-58.58634,4.03984],[-58.58724,4.04264],[-58.58871,4.04492],[-58.58941,4.04643],[-58.59102,4.04493],[-58.59238,4.04289],[-58.59333,4.04115],[-58.59415,4.03917],[-58.5962,4.03618],[-58.59694,4.03438],[-58.59736,4.0308],[-58.59782,4.0287],[-58.59839,4.02767],[-58.59794,4.02929],[-58.59785,4.03068],[-58.5975,4.03205],[-58.59735,4.03377],[-58.59764,4.03377],[-58.59836,4.03255],[-58.5995,4.02958],[-58.60062,4.02556],[-58.60109,4.02418],[-58.60329,4.01952],[-58.60445,4.01728],[-58.60582,4.01369],[-58.61035,4.00963],[-58.61244,4.00809],[-58.61475,4.00617],[-58.61545,4.00626],[-58.61869,4.00512],[-58.62098,4.00462],[-58.62373,4.00357],[-58.62505,4.00283],[-58.62973,4.00074],[-58.63368,3.99876],[-58.63649,3.99779],[-58.63723,3.99738],[-58.63822,3.99632],[-58.64006,3.99543],[-58.64126,3.99529],[-58.64373,3.99454],[-58.64921,3.99355],[-58.65089,3.9931],[-58.65288,3.9923],[-58.65412,3.99252],[-58.65656,3.99223],[-58.66002,3.99158],[-58.66408,3.99068],[-58.66643,3.99052],[-58.66863,3.98979],[-58.66886,3.98917],[-58.66998,3.98781],[-58.67093,3.98762],[-58.67105,3.98595],[-58.67226,3.98519],[-58.67243,3.98442],[-58.67142,3.98433],[-58.67173,3.98364],[-58.67143,3.9824],[-58.67192,3.98196],[-58.67198,3.98117],[-58.67153,3.98071],[-58.67183,3.97929],[-58.67137,3.9785],[-58.67209,3.97683],[-58.6716,3.97645],[-58.67183,3.97594],[-58.67154,3.97489],[-58.67097,3.97452],[-58.67188,3.97389],[-58.67131,3.973],[-58.67143,3.97195],[-58.67106,3.96937],[-58.6708,3.96879],[-58.66914,3.9665],[-58.66935,3.95977],[-58.66903,3.95892],[-58.66888,3.95746],[-58.66935,3.95578],[-58.67039,3.95297],[-58.67046,3.95204],[-58.6702,3.9507],[-58.6702,3.949],[-58.66938,3.94574],[-58.66869,3.94491],[-58.66807,3.94337],[-58.66707,3.94234],[-58.66641,3.94104],[-58.66596,3.93899],[-58.66537,3.9382],[-58.66589,3.93762],[-58.66549,3.93697],[-58.66503,3.93709],[-58.66359,3.9362],[-58.66391,3.935],[-58.66318,3.93436],[-58.6609,3.93414],[-58.6609,3.93335],[-58.66003,3.93175],[-58.65863,3.93126],[-58.65767,3.93131],[-58.65676,3.93029],[-58.65528,3.9276],[-58.6541,3.92706],[-58.65429,3.92655],[-58.65396,3.92448],[-58.652,3.92325],[-58.65234,3.9228],[-58.65193,3.92023],[-58.65195,3.91857],[-58.65225,3.91656],[-58.65188,3.91575],[-58.64756,3.91501],[-58.6456,3.91499],[-58.64435,3.91455],[-58.64403,3.91363],[-58.64406,3.91272],[-58.64326,3.91195],[-58.64235,3.91153],[-58.63933,3.90933],[-58.63895,3.90825],[-58.63808,3.9071],[-58.63695,3.90611],[-58.6363,3.90495],[-58.63579,3.90328],[-58.63573,3.90189],[-58.63657,3.89976],[-58.63735,3.89828],[-58.63796,3.89645],[-58.6395,3.89272],[-58.64154,3.8899],[-58.64202,3.88842],[-58.64187,3.88542],[-58.64215,3.88361],[-58.64253,3.8797],[-58.64307,3.87802],[-58.64399,3.87617],[-58.64458,3.87552],[-58.64641,3.87462],[-58.6477,3.87282],[-58.64879,3.87083],[-58.64899,3.86908],[-58.64844,3.8674],[-58.64761,3.86663],[-58.64577,3.86619],[-58.64099,3.86644],[-58.63921,3.8661],[-58.63757,3.86517],[-58.63612,3.86372],[-58.63557,3.86258],[-58.63514,3.86019],[-58.63435,3.85924],[-58.63443,3.85701],[-58.63422,3.85628]]]},"properties":{"Name":"Apoteri Tract A","Region":9,"Grant_No":"No Data","Acres":106919,"Plan_Numbe":0}},
{"type":"Feature","geometry":{"type":"Polygon","coordinates":[[[-59.25769,3.93299],[-59.2564,3.93334],[-59.2549,3.93254],[-59.25406,3.93066],[-59.25387,3.9292],[-59.25433,3.9279],[-59.25507,3.92666],[-59.25604,3.92606],[-59.25711,3.92607],[-59.25729,3.92543],[-59.25665,3.92448],[-59.2553,3.92348],[-59.25475,3.92339],[-59.25323,3.92437],[-59.25118,3.92509],[-59.24956,3.92524],[-59.2487,3.9251],[-59.24487,3.92337],[-59.24408,3.92389],[-59.24266,3.92804],[-59.24083,3.9278],[-59.24016,3.92692],[-59.23984,3.92391],[-59.23876,3.92097],[-59.23793,3.92032],[-59.23771,3.91975],[-59.23778,3.91815],[-59.23756,3.918],[-59.23664,3.91949],[-59.23595,3.92018],[-59.23336,3.92175],[-59.23298,3.92251],[-59.23211,3.92591],[-59.23104,3.92883],[-59.23057,3.9307],[-59.2306,3.93209],[-59.23029,3.93312],[-59.22968,3.9363],[-59.22897,3.93742],[-59.22578,3.93794],[-59.22261,3.93782],[-59.22236,3.99855],[-59.25764,3.9867],[-59.25769,3.93299]]]},"properties":{"Name":"Yakarinta Extension","Region":9,"Grant_No":"No Data","Acres":6923,"Plan_Numbe":0}},
{"type":"Feature","geometry":{"type":"Polygon","coordinates":[[[-59.06607,7.67099],[-59.06614,7.67113],[-59.06901,7.66985],[-59.07252,7.66786],[-59.07545,7.66561],[-59.07745,7.66257],[-59.07937,7.6591],[-59.08118,7.65628],[-59.0825,7.65346],[-59.08418,7.64921],[-59.08507,7.64768],[-59.08628,7.64499],[-59.08778,7.64201],[-59.08828,7.64125],[-59.08964,7.63845],[-59.0903,7.63743],[-59.09241,7.63506],[-59.09424,7.6316],[-59.09515,7.62953],[-59.09521,7.62879],[-59.09585,7.62733],[-59.09637,7.62466],[-59.09676,7.62367],[-59.09706,7.62112],[-59.09787,7.61808],[-59.09816,7.61612],[-59.09865,7.61434],[-59.10118,7.60849],[-59.10178,7.60756],[-59.10277,7.60681],[-59.10422,7.60533],[-59.10512,7.60489],[-59.10658,7.60369],[-59.10819,7.60277],[-59.10958,7.6022],[-59.11198,7.60317],[-59.11581,7.60529],[-59.12087,7.60755],[-59.1234,7.60801],[-59.12537,7.6079],[-59.12751,7.60724],[-59.12854,7.60719],[-59.12898,7.60646],[-59.12914,7.60421],[-59.12985,7.60247],[-59.13201,7.5996],[-59.13362,7.59725],[-59.13615,7.59464],[-59.13755,7.59297],[-59.14216,7.58814],[-59.14531,7.58439],[-59.14779,7.58088],[-59.14861,7.57796],[-59.14857,7.57546],[-59.14791,7.57327],[-59.14572,7.56792],[-59.14528,7.56531],[-59.14532,7.56342],[-59.14578,7.56221],[-59.14898,7.55816],[-59.15099,7.5566],[-59.15242,7.55596],[-59.1551,7.55519],[-59.15631,7.55506],[-59.15814,7.55545],[-59.15938,7.55522],[-59.16108,7.55462],[-59.16199,7.554],[-59.16503,7.55297],[-59.1661,7.55275],[-59.16601,7.5514],[-59.16485,7.54978],[-59.16476,7.54927],[-59.16333,7.54664],[-59.16308,7.54554],[-59.16339,7.54492],[-59.16622,7.54271],[-59.16776,7.54175],[-59.17052,7.54051],[-59.17168,7.53981],[-59.17285,7.53863],[-59.17395,7.53673],[-59.17369,7.53494],[-59.17281,7.53433],[-59.16979,7.53388],[-59.16822,7.53457],[-59.16745,7.53543],[-59.1668,7.53665],[-59.16636,7.53833],[-59.16561,7.53913],[-59.16546,7.54004],[-59.1644,7.54077],[-59.16305,7.54086],[-59.16173,7.5406],[-59.16031,7.53984],[-59.15881,7.53813],[-59.15734,7.53596],[-59.15647,7.53279],[-59.15655,7.53113],[-59.15703,7.52867],[-59.15831,7.5263],[-59.15877,7.52502],[-59.15883,7.52411],[-59.15825,7.52325],[-59.15619,7.52212],[-59.15513,7.52106],[-59.15463,7.51986],[-59.15459,7.51895],[-59.15413,7.51805],[-59.15436,7.51768],[-59.15572,7.5182],[-59.15653,7.51799],[-59.15712,7.51643],[-59.157,7.51466],[-59.1578,7.51486],[-59.15815,7.51448],[-59.15895,7.51132],[-59.15832,7.51046],[-59.15809,7.50899],[-59.15878,7.50767],[-59.15881,7.50643],[-59.15979,7.5045],[-59.15872,7.50212],[-59.15826,7.49961],[-59.15874,7.49779],[-59.15937,7.49631],[-59.16021,7.4949],[-59.16048,7.49258],[-59.16029,7.48992],[-59.16081,7.48862],[-59.16117,7.48575],[-59.16071,7.48438],[-59.15941,7.48444],[-59.1576,7.48507],[-59.15524,7.48477],[-59.15368,7.48384],[-59.15275,7.48357],[-59.15193,7.48272],[-59.15151,7.48119],[-59.15053,7.47921],[-59.15023,7.47736],[-59.14958,7.47655],[-59.14855,7.47608],[-59.14739,7.47503],[-59.14652,7.47337],[-59.14637,7.47048],[-59.14591,7.46807],[-59.14579,7.46558],[-59.1449,7.46356],[-59.14495,7.46227],[-59.14453,7.46126],[-59.1446,7.46031],[-59.14387,7.45846],[-59.14398,7.4574],[-59.14371,7.45623],[-59.14421,7.45536],[-59.14297,7.45345],[-59.14038,7.45138],[-59.14078,7.44965],[-59.13932,7.44906],[-59.13868,7.44854],[-59.13881,7.44722],[-59.13872,7.44542],[-59.1396,7.44437],[-59.139,7.44313],[-59.13874,7.44076],[-59.13786,7.43946],[-59.13742,7.4381],[-59.12623,7.43859],[-59.12501,7.43815],[-59.12387,7.43839],[-59.12195,7.43841],[-59.12106,7.43911],[-59.12023,7.44022],[-59.12011,7.44182],[-59.1194,7.44253],[-59.11842,7.44251],[-59.11737,7.44346],[-59.11593,7.44432],[-59.11509,7.44588],[-59.11407,7.44595],[-59.11336,7.44647],[-59.11232,7.44821],[-59.11224,7.45104],[-59.11182,7.45234],[-59.11124,7.45332],[-59.1104,7.4565],[-59.10935,7.45704],[-59.10522,7.45707],[-59.10326,7.45793],[-59.10183,7.4592],[-59.10007,7.45946],[-59.09859,7.46103],[-59.09803,7.46235],[-59.09664,7.46428],[-59.0964,7.46533],[-59.09549,7.46618],[-59.09351,7.46924],[-59.09315,7.47033],[-59.09157,7.47218],[-59.09029,7.47327],[-59.08982,7.47543],[-59.08917,7.47655],[-59.08891,7.47821],[-59.08903,7.48064],[-59.08878,7.48126],[-59.08898,7.48284],[-59.08844,7.48388],[-59.08845,7.48501],[-59.08876,7.48685],[-59.08844,7.48919],[-59.08872,7.4911],[-59.08966,7.49386],[-59.09038,7.49504],[-59.0902,7.49818],[-59.08841,7.50036],[-59.08536,7.50507],[-59.08353,7.50696],[-59.08175,7.50907],[-59.07902,7.51058],[-59.07839,7.51128],[-59.07518,7.51258],[-59.07425,7.51278],[-59.07277,7.51416],[-59.07134,7.51437],[-59.07044,7.51518],[-59.06935,7.51664],[-59.06843,7.51698],[-59.06697,7.51712],[-59.06559,7.51702],[-59.06363,7.51784],[-59.06286,7.51786],[-59.0617,7.51741],[-59.05984,7.51787],[-59.0583,7.5172],[-59.05588,7.5165],[-59.05515,7.5161],[-59.05358,7.5162],[-59.05248,7.51655],[-59.0515,7.51634],[-59.0504,7.51555],[-59.0496,7.5153],[-59.04799,7.51523],[-59.0468,7.51486],[-59.04531,7.51474],[-59.04391,7.51432],[-59.0432,7.51376],[-59.04006,7.51471],[-59.0396,7.51423],[-59.03871,7.51437],[-59.03797,7.51526],[-59.03521,7.51586],[-59.03436,7.51637],[-59.03282,7.51655],[-59.03161,7.51536],[-59.02962,7.51592],[-59.02786,7.51584],[-59.02721,7.51624],[-59.0285,7.51681],[-59.02932,7.51668],[-59.03052,7.51728],[-59.03233,7.51846],[-59.0329,7.51966],[-59.03543,7.52071],[-59.03677,7.52227],[-59.03791,7.52245],[-59.03844,7.52426],[-59.03906,7.52463],[-59.03889,7.52647],[-59.03915,7.52759],[-59.0398,7.52905],[-59.04035,7.52935],[-59.04044,7.5306],[-59.04127,7.53102],[-59.04162,7.53215],[-59.04138,7.5346],[-59.04166,7.53536],[-59.04132,7.5359],[-59.04082,7.53926],[-59.04011,7.54051],[-59.04013,7.54289],[-59.0398,7.54406],[-59.03878,7.54595],[-59.03924,7.5507],[-59.03974,7.55137],[-59.04139,7.55192],[-59.04204,7.55249],[-59.04324,7.55413],[-59.04593,7.55485],[-59.04732,7.55577],[-59.04752,7.55907],[-59.04767,7.55985],[-59.04731,7.56121],[-59.04532,7.56356],[-59.04737,7.56733],[-59.04825,7.57022],[-59.04877,7.57111],[-59.0496,7.57168],[-59.05011,7.57294],[-59.05013,7.57396],[-59.04957,7.57539],[-59.04799,7.57649],[-59.04571,7.58049],[-59.04503,7.58151],[-59.04321,7.58361],[-59.04244,7.5845],[-59.04178,7.58579],[-59.04192,7.58748],[-59.04261,7.59097],[-59.04257,7.59205],[-59.04213,7.59283],[-59.04195,7.59408],[-59.03973,7.59663],[-59.03923,7.59791],[-59.03869,7.60112],[-59.03725,7.60334],[-59.03629,7.60571],[-59.03565,7.60783],[-59.03519,7.60999],[-59.03495,7.61186],[-59.03415,7.61427],[-59.03372,7.61743],[-59.03358,7.61841],[-59.03347,7.62153],[-59.03365,7.62467],[-59.03534,7.62643],[-59.03587,7.62787],[-59.03669,7.62847],[-59.03697,7.62921],[-59.03582,7.63224],[-59.03568,7.63427],[-59.03518,7.63625],[-59.03462,7.63737],[-59.03439,7.63905],[-59.0346,7.63978],[-59.03408,7.64071],[-59.03442,7.64206],[-59.03504,7.64224],[-59.03505,7.64316],[-59.03554,7.64415],[-59.03814,7.64655],[-59.0387,7.64738],[-59.03977,7.64738],[-59.04047,7.64773],[-59.04143,7.64893],[-59.04317,7.64927],[-59.04388,7.64862],[-59.04647,7.6488],[-59.04828,7.64869],[-59.0486,7.64918],[-59.04981,7.64999],[-59.05033,7.65062],[-59.05013,7.65144],[-59.05122,7.65181],[-59.05119,7.65251],[-59.05166,7.65321],[-59.05138,7.65375],[-59.05192,7.65433],[-59.05282,7.65468],[-59.05305,7.65543],[-59.05506,7.65662],[-59.05521,7.6577],[-59.05566,7.65816],[-59.05604,7.65937],[-59.05564,7.66011],[-59.056,7.66089],[-59.0561,7.66206],[-59.05716,7.66269],[-59.05723,7.66398],[-59.05785,7.66467],[-59.05879,7.66509],[-59.05908,7.66649],[-59.06012,7.66591],[-59.0612,7.66733],[-59.06261,7.66707],[-59.06466,7.66848],[-59.06465,7.66969],[-59.06527,7.66982],[-59.06607,7.67099]]]},"properties":{"Name":"Kwabanna","Region":1,"Grant_No":"No Data","Acres":51539,"Plan_Numbe":23698}},
{"type":"Feature","geometry":{"type":"Polygon","coordinates":[[[-58.63827,6.92266],[-58.63648,6.92406],[-58.63424,6.92463],[-58.63097,6.92465],[-58.62989,6.92548],[-58.62863,6.92751],[-58.62815,6.92911],[-58.62693,6.93024],[-58.62525,6.93026],[-58.62379,6.92982],[-58.62222,6.9284],[-58.62168,6.92963],[-58.61967,6.93128],[-58.61768,6.93336],[-58.61555,6.93632],[-58.61381,6.93993],[-58.6124,6.94118],[-58.61123,6.94141],[-58.60995,6.94119],[-58.60794,6.94048],[-58.60741,6.93937],[-58.60812,6.93789],[-58.60816,6.93632],[-58.60734,6.93397],[-58.60685,6.93318],[-58.6039,6.93331],[-58.60346,6.9337],[-58.60319,6.93478],[-58.60325,6.93676],[-58.60345,6.93743],[-58.60456,6.93837],[-58.60543,6.94063],[-58.60422,6.94464],[-58.60375,6.94569],[-58.60221,6.94669],[-58.6002,6.94671],[-58.59825,6.94648],[-58.59667,6.94605],[-58.59541,6.94545],[-58.59272,6.94535],[-58.5904,6.9457],[-58.58769,6.94568],[-58.58495,6.94529],[-58.58333,6.94576],[-58.58206,6.94756],[-58.58112,6.9494],[-58.58055,6.95127],[-58.57901,6.95393],[-58.5785,6.95445],[-58.57684,6.95521],[-58.57481,6.95574],[-58.57281,6.9553],[-58.57146,6.95526],[-58.56956,6.95557],[-58.56819,6.95619],[-58.56541,6.95811],[-58.56366,6.95909],[-58.5584,6.96078],[-58.5544,6.9623],[-58.55586,6.9646],[-58.55808,6.9694],[-58.56035,6.97219],[-58.56235,6.97353],[-58.56407,6.97608],[-58.56538,6.98113],[-58.56575,6.98708],[-58.56717,6.99233],[-58.56863,6.99428],[-58.57114,6.99627],[-58.57235,6.99857],[-58.57321,7.00092],[-58.57372,7.00347],[-58.57413,7.00677],[-58.5755,7.01127],[-58.57632,7.01627],[-58.57713,7.01962],[-58.57835,7.02302],[-58.57986,7.02532],[-58.58262,7.02701],[-58.58497,7.0274],[-58.58617,7.02735],[-58.58828,7.02849],[-58.59195,7.03183],[-58.59431,7.03327],[-58.59786,7.03336],[-58.60447,7.03054],[-58.60672,7.03068],[-58.60978,7.03117],[-58.61303,7.03146],[-58.61539,7.0313],[-58.61799,7.03019],[-58.61884,7.02944],[-58.62184,7.02783],[-58.62534,7.02706],[-58.6278,7.02761],[-58.6327,7.02774],[-58.63471,7.02883],[-58.63562,7.03068],[-58.63643,7.03323],[-58.63689,7.03528],[-58.63764,7.03668],[-58.63885,7.03737],[-58.6422,7.03691],[-58.64525,7.03595],[-58.64841,7.03629],[-58.65097,7.03673],[-58.65448,7.03987],[-58.65694,7.04031],[-58.65829,7.03991],[-58.66049,7.0383],[-58.66193,7.03634],[-58.66333,7.03368],[-58.66557,7.03062],[-58.66822,7.02866],[-58.67187,7.02735],[-58.67552,7.02704],[-58.67767,7.02633],[-58.68002,7.02492],[-58.68487,7.02105],[-58.68742,7.01989],[-58.68876,7.01907],[-58.68994,7.01801],[-58.69116,7.01612],[-58.69233,7.01354],[-58.69273,7.01137],[-58.69255,7.00937],[-58.69143,7.00867],[-58.68902,7.00815],[-58.68668,7.00645],[-58.6861,7.00488],[-58.68565,7.00001],[-58.68507,6.99643],[-58.68419,6.99285],[-58.68303,6.98884],[-58.6813,6.98555],[-58.68072,6.97934],[-58.68007,6.97677],[-58.6792,6.97387],[-58.67607,6.97033],[-58.67111,6.96616],[-58.66905,6.96262],[-58.66775,6.96112],[-58.66635,6.95995],[-58.66451,6.95662],[-58.66299,6.95287],[-58.66201,6.94933],[-58.65889,6.94665],[-58.65587,6.94548],[-58.652,6.94485],[-58.64963,6.94411],[-58.64704,6.94154],[-58.64531,6.93939],[-58.64272,6.93553],[-58.64077,6.9306],[-58.63946,6.92631],[-58.63827,6.92266]]]},"properties":{"Name":"Bethany","Region":2,"Grant_No":"No Data","Acres":29942,"Plan_Numbe":0}},
{"type":"Feature","geometry":{"type":"Polygon","coordinates":[[[-59.14859,5.40785],[-59.15109,5.40868],[-59.15378,5.40994],[-59.15513,5.40947],[-59.15685,5.4085],[-59.15779,5.4077],[-59.15952,5.40703],[-59.16089,5.40561],[-59.16293,5.40622],[-59.16314,5.40544],[-59.16148,5.40463],[-59.16093,5.40278],[-59.16006,5.4013],[-59.16003,5.39941],[-59.16077,5.3972],[-59.16225,5.39639],[-59.1647,5.39618],[-59.16615,5.39679],[-59.16626,5.39756],[-59.16702,5.39709],[-59.16651,5.39647],[-59.16707,5.39541],[-59.16836,5.3953],[-59.16945,5.39561],[-59.17131,5.39582],[-59.17325,5.39543],[-59.17424,5.39495],[-59.1756,5.39316],[-59.17627,5.39295],[-59.17719,5.39326],[-59.17957,5.39337],[-59.1801,5.39364],[-59.18095,5.39261],[-59.18097,5.39162],[-59.18209,5.38915],[-59.18198,5.38728],[-59.18269,5.38665],[-59.1837,5.38706],[-59.1851,5.38677],[-59.18593,5.38578],[-59.18609,5.38511],[-59.18753,5.38451],[-59.18716,5.38345],[-59.18869,5.38288],[-59.18879,5.3816],[-59.18837,5.38069],[-59.18717,5.3799],[-59.18617,5.37846],[-59.18306,5.37646],[-59.1826,5.3753],[-59.18253,5.37414],[-59.18289,5.373],[-59.1835,5.37222],[-59.18352,5.37145],[-59.18298,5.37035],[-59.1826,5.37019],[-59.18074,5.37034],[-59.17987,5.36963],[-59.17993,5.36885],[-59.18073,5.36762],[-59.18158,5.36705],[-59.18263,5.36552],[-59.18487,5.36429],[-59.18594,5.36291],[-59.1861,5.36177],[-59.18721,5.36033],[-59.18714,5.35957],[-59.18835,5.35897],[-59.1892,5.35811],[-59.18946,5.35651],[-59.18879,5.355],[-59.18733,5.3545],[-59.18699,5.35351],[-59.18652,5.35342],[-59.18682,5.35268],[-59.18784,5.35225],[-59.18795,5.35119],[-59.18887,5.35098],[-59.1906,5.34944],[-59.19162,5.34874],[-59.19147,5.34766],[-59.19333,5.34473],[-59.19481,5.34551],[-59.19499,5.34517],[-59.1945,5.34394],[-59.19336,5.34378],[-59.19365,5.3428],[-59.19326,5.34193],[-59.19333,5.3412],[-59.19433,5.34052],[-59.19567,5.34106],[-59.19767,5.33732],[-59.20065,5.33093],[-59.20102,5.32922],[-59.20172,5.3285],[-59.20849,5.3232],[-59.21032,5.32196],[-59.21315,5.32057],[-59.21431,5.32021],[-59.21789,5.31846],[-59.21874,5.31776],[-59.22071,5.31562],[-59.22181,5.31409],[-59.22215,5.31327],[-59.22155,5.31303],[-59.2202,5.31331],[-59.2194,5.3124],[-59.2188,5.31279],[-59.2176,5.31282],[-59.21623,5.3138],[-59.21557,5.31379],[-59.21463,5.31432],[-59.21453,5.31499],[-59.21265,5.31612],[-59.21165,5.316],[-59.20827,5.31622],[-59.20755,5.31558],[-59.20602,5.31564],[-59.20598,5.31626],[-59.20517,5.31626],[-59.20467,5.31704],[-59.20527,5.31759],[-59.20395,5.31791],[-59.20301,5.31749],[-59.20217,5.31588],[-59.20114,5.31499],[-59.19916,5.31376],[-59.1986,5.31319],[-59.19696,5.31317],[-59.19549,5.31185],[-59.19507,5.31173],[-59.19409,5.3103],[-59.19287,5.31006],[-59.19254,5.31045],[-59.19151,5.31033],[-59.19126,5.31094],[-59.19033,5.31118],[-59.19034,5.31052],[-59.18893,5.30974],[-59.18837,5.31046],[-59.18779,5.31008],[-59.18825,5.30945],[-59.18621,5.30803],[-59.18625,5.30723],[-59.18564,5.30668],[-59.18444,5.30472],[-59.1834,5.30374],[-59.18328,5.30255],[-59.18262,5.30216],[-59.18196,5.30229],[-59.18121,5.30103],[-59.17965,5.30108],[-59.17941,5.2999],[-59.17895,5.29937],[-59.17883,5.29756],[-59.17753,5.29688],[-59.17659,5.29743],[-59.17434,5.29789],[-59.17357,5.29724],[-59.17304,5.29737],[-59.17078,5.29674],[-59.16975,5.29348],[-59.16989,5.29215],[-59.16873,5.29179],[-59.16675,5.29173],[-59.16566,5.29029],[-59.16494,5.28972],[-59.16314,5.28772],[-59.1614,5.28785],[-59.16001,5.28677],[-59.15876,5.28486],[-59.15834,5.2839],[-59.15631,5.28311],[-59.15499,5.28207],[-59.15479,5.28152],[-59.15504,5.28029],[-59.15494,5.27896],[-59.1528,5.28012],[-59.15075,5.27899],[-59.15012,5.27895],[-59.14848,5.28002],[-59.14747,5.28011],[-59.14677,5.27976],[-59.14541,5.28001],[-59.1446,5.28047],[-59.14389,5.28132],[-59.14288,5.28447],[-59.14268,5.28646],[-59.14233,5.28791],[-59.14173,5.28933],[-59.14141,5.29093],[-59.14167,5.29241],[-59.14265,5.29277],[-59.14495,5.29291],[-59.14571,5.2946],[-59.14621,5.29645],[-59.14607,5.29787],[-59.14696,5.29944],[-59.14681,5.30039],[-59.14574,5.30207],[-59.14555,5.30372],[-59.14401,5.30525],[-59.14375,5.3058],[-59.1442,5.30696],[-59.14381,5.30782],[-59.14361,5.30956],[-59.14378,5.31036],[-59.14452,5.31143],[-59.14438,5.31316],[-59.14381,5.31445],[-59.14384,5.31603],[-59.14338,5.317],[-59.14394,5.31914],[-59.14391,5.32023],[-59.14353,5.32136],[-59.14282,5.32592],[-59.14286,5.32773],[-59.14383,5.32925],[-59.14462,5.33105],[-59.14465,5.33246],[-59.14418,5.33363],[-59.14449,5.3356],[-59.14393,5.33586],[-59.14466,5.3387],[-59.14466,5.34297],[-59.14564,5.34504],[-59.14664,5.34566],[-59.14694,5.34623],[-59.14671,5.34709],[-59.14671,5.34894],[-59.14643,5.35106],[-59.14542,5.35188],[-59.14533,5.35303],[-59.14578,5.35396],[-59.1455,5.35503],[-59.14558,5.35672],[-59.14487,5.35918],[-59.14511,5.36143],[-59.1449,5.3651],[-59.14445,5.36593],[-59.14429,5.36774],[-59.14196,5.37002],[-59.14006,5.37037],[-59.13875,5.36949],[-59.13755,5.36915],[-59.13584,5.36793],[-59.13437,5.36785],[-59.1337,5.36851],[-59.13276,5.36872],[-59.13156,5.3695],[-59.13075,5.36972],[-59.13007,5.36886],[-59.12855,5.36834],[-59.12784,5.36836],[-59.12643,5.3694],[-59.12592,5.37034],[-59.12575,5.37175],[-59.12482,5.37239],[-59.12394,5.37255],[-59.12408,5.37338],[-59.12369,5.37438],[-59.12048,5.37712],[-59.12006,5.37836],[-59.12057,5.37921],[-59.12207,5.38069],[-59.12337,5.38154],[-59.12578,5.38206],[-59.12794,5.38171],[-59.12973,5.38157],[-59.13234,5.38081],[-59.13385,5.38012],[-59.13607,5.37973],[-59.1397,5.38096],[-59.14181,5.38149],[-59.14397,5.38179],[-59.14759,5.38332],[-59.15054,5.38433],[-59.15069,5.38544],[-59.15127,5.38616],[-59.15131,5.38705],[-59.14919,5.39023],[-59.14875,5.39064],[-59.14635,5.39209],[-59.14493,5.39348],[-59.14414,5.39469],[-59.14346,5.39616],[-59.14334,5.39781],[-59.14457,5.40201],[-59.14579,5.40495],[-59.14703,5.40665],[-59.14859,5.40785]]]},"properties":{"Name":"Campbell Town","Region":8,"Grant_No":"No Data","Acres":16177,"Plan_Numbe":0}},
{"type":"Feature","geometry":{"type":"Polygon","coordinates":[[[-59.65791,5.02479],[-59.6594,5.02193],[-59.65975,5.02079],[-59.65961,5.01975],[-59.65907,5.01921],[-59.65598,5.01688],[-59.65434,5.01577],[-59.65238,5.01473],[-59.65142,5.01317],[-59.65049,5.01319],[-59.64986,5.01234],[-59.65055,5.01089],[-59.64945,5.00992],[-59.6455,5.00898],[-59.64394,5.00765],[-59.64347,5.0067],[-59.64175,5.0067],[-59.64019,5.00802],[-59.63932,5.00908],[-59.63926,5.01053],[-59.63881,5.01138],[-59.63754,5.01078],[-59.63714,5.00951],[-59.63496,5.00787],[-59.6315,5.00707],[-59.62939,5.00627],[-59.62841,5.00514],[-59.62821,5.00359],[-59.62766,5.00273],[-59.62605,5.00254],[-59.62488,5.00332],[-59.62336,5.00348],[-59.62086,5.00285],[-59.61906,5.00289],[-59.61755,5.00258],[-59.61558,5.00196],[-59.61415,5.00204],[-59.61286,5.00139],[-59.6106,4.99887],[-59.60916,4.99748],[-59.60537,4.99544],[-59.60449,4.99518],[-59.60323,4.99435],[-59.60037,4.99302],[-59.59962,4.99285],[-59.59637,4.99111],[-59.59364,4.99098],[-59.59018,4.99042],[-59.58807,4.9897],[-59.58546,4.98967],[-59.58416,4.98932],[-59.58305,4.98873],[-59.5807,4.98708],[-59.57946,4.98528],[-59.57865,4.98179],[-59.57864,4.98057],[-59.57914,4.9767],[-59.57957,4.97512],[-59.57861,4.9742],[-59.57744,4.974],[-59.57596,4.97404],[-59.57477,4.97507],[-59.572,4.97658],[-59.56964,4.97874],[-59.56808,4.97949],[-59.56494,4.97925],[-59.56439,4.97937],[-59.56201,4.98081],[-59.5603,4.98145],[-59.55919,4.98214],[-59.55841,4.9823],[-59.5548,4.9838],[-59.5536,4.98397],[-59.55179,4.98372],[-59.55058,4.98409],[-59.54934,4.98595],[-59.54923,4.98655],[-59.54771,4.99038],[-59.54643,4.9927],[-59.54577,4.99362],[-59.54421,4.99467],[-59.54238,4.99675],[-59.54178,4.99714],[-59.54011,4.99889],[-59.53926,5.00006],[-59.53828,5.00302],[-59.53834,5.00452],[-59.5379,5.00523],[-59.53628,5.0066],[-59.53435,5.01177],[-59.53406,5.01352],[-59.53229,5.01385],[-59.53083,5.01358],[-59.52582,5.01348],[-59.52371,5.01377],[-59.52143,5.01383],[-59.5203,5.01367],[-59.51849,5.01293],[-59.51701,5.01273],[-59.5153,5.01301],[-59.51341,5.0143],[-59.5124,5.0146],[-59.51132,5.01445],[-59.5097,5.01388],[-59.50845,5.01394],[-59.50748,5.01563],[-59.5068,5.01742],[-59.50681,5.01835],[-59.50644,5.01908],[-59.50615,5.02114],[-59.50645,5.02184],[-59.50752,5.02294],[-59.5108,5.02518],[-59.51319,5.02799],[-59.51473,5.03074],[-59.51578,5.03219],[-59.51891,5.03541],[-59.52167,5.03732],[-59.52211,5.03782],[-59.52213,5.04132],[-59.52283,5.04321],[-59.52354,5.04453],[-59.52437,5.04663],[-59.52504,5.04685],[-59.52559,5.04647],[-59.5265,5.045],[-59.52727,5.04455],[-59.52818,5.0449],[-59.52934,5.04621],[-59.52949,5.04686],[-59.52841,5.04799],[-59.52599,5.04797],[-59.52567,5.04937],[-59.52649,5.05043],[-59.52771,5.05067],[-59.52808,5.05109],[-59.5283,5.0541],[-59.5282,5.05973],[-59.52832,5.06078],[-59.52911,5.06136],[-59.52998,5.06129],[-59.53362,5.05921],[-59.53583,5.05834],[-59.53735,5.05799],[-59.53857,5.05839],[-59.5414,5.06022],[-59.5422,5.06138],[-59.54319,5.06046],[-59.54467,5.05994],[-59.54855,5.05814],[-59.55178,5.05748],[-59.55543,5.05732],[-59.55854,5.05682],[-59.56216,5.05531],[-59.56355,5.05445],[-59.56519,5.05398],[-59.56666,5.05316],[-59.56901,5.05252],[-59.57121,5.05168],[-59.57274,5.05007],[-59.57412,5.04909],[-59.5745,5.0485],[-59.57708,5.04579],[-59.57878,5.04482],[-59.58007,5.04481],[-59.58276,5.04601],[-59.58456,5.04668],[-59.58583,5.04684],[-59.58674,5.0473],[-59.58817,5.04757],[-59.58927,5.04806],[-59.59054,5.04913],[-59.59236,5.04962],[-59.59321,5.05009],[-59.59483,5.05035],[-59.5956,5.05069],[-59.59776,5.05225],[-59.59868,5.05247],[-59.60089,5.05129],[-59.60207,5.05099],[-59.60369,5.05139],[-59.6056,5.05131],[-59.60699,5.05089],[-59.60852,5.05],[-59.60867,5.04827],[-59.60827,5.0473],[-59.60798,5.04571],[-59.60837,5.04469],[-59.60853,5.04337],[-59.60816,5.04238],[-59.60917,5.03976],[-59.60933,5.03875],[-59.60926,5.0361],[-59.65791,5.02479]]]},"properties":{"Name":"Chenapau","Region":8,"Grant_No":"G7752","Acres":20383,"Plan_Numbe":23680}},
{"type":"Feature","geometry":{"type":"Polygon","coordinates":[[[-59.91974,4.95982],[-59.92043,4.96121],[-59.92269,4.96496],[-59.93199,4.97295],[-59.94581,4.98029],[-59.95262,4.98117],[-59.95869,4.98092],[-59.96333,4.9808],[-59.96401,4.98033],[-59.96518,4.98008],[-59.96632,4.98027],[-59.96827,4.9787],[-59.96906,4.979],[-59.96969,4.97968],[-59.96958,4.98082],[-59.97028,4.98285],[-59.97098,4.98391],[-59.97423,4.98419],[-59.97553,4.98401],[-59.97675,4.9843],[-59.97799,4.98507],[-59.97954,4.98517],[-59.9809,4.9855],[-59.98169,4.9847],[-59.98505,4.98498],[-59.9859,4.98552],[-59.9869,4.98906],[-59.98882,4.98835],[-59.99049,4.98684],[-59.99084,4.98543],[-59.99068,4.98427],[-59.98761,4.98055],[-59.9866,4.97903],[-59.98649,4.97843],[-59.98744,4.97682],[-59.98732,4.97591],[-59.98791,4.97366],[-59.98848,4.97264],[-59.99143,4.96981],[-59.99159,4.96791],[-59.99258,4.9672],[-59.99388,4.96571],[-59.99371,4.96497],[-59.99234,4.96343],[-59.9912,4.96117],[-59.99167,4.9608],[-59.99181,4.9595],[-59.99137,4.95807],[-59.99062,4.95672],[-59.98961,4.95401],[-59.98947,4.95235],[-59.98962,4.94986],[-59.99,4.94926],[-59.99091,4.9493],[-59.99189,4.95049],[-59.99301,4.95065],[-59.99394,4.94992],[-59.99419,4.94934],[-59.99387,4.9466],[-59.99418,4.94411],[-59.99417,4.93998],[-59.99394,4.93902],[-59.99255,4.9383],[-59.99198,4.93745],[-59.99259,4.93681],[-59.99312,4.93564],[-59.99336,4.93421],[-59.99388,4.93344],[-59.99519,4.93305],[-59.99712,4.93131],[-59.9975,4.93073],[-59.99823,4.92696],[-59.99825,4.92353],[-59.99846,4.92055],[-59.99876,4.91827],[-59.99952,4.91761],[-60.0012,4.91738],[-60.00177,4.91693],[-60.00216,4.91469],[-60.00233,4.91112],[-60.00225,4.91044],[-60.00252,4.90813],[-60.00156,4.90761],[-60.00121,4.90572],[-60.0023,4.90461],[-60.00387,4.90098],[-60.00412,4.89794],[-60.00564,4.89325],[-60.00529,4.89202],[-60.00581,4.89086],[-60.00592,4.88979],[-60.00713,4.88766],[-60.00716,4.88689],[-60.00494,4.88564],[-60.00413,4.88613],[-60.00162,4.887],[-59.9941,4.88019],[-59.98636,4.87472],[-59.98092,4.87422],[-59.9789,4.86947],[-59.97631,4.86621],[-59.97384,4.86393],[-59.96634,4.86127],[-59.95999,4.86204],[-59.95525,4.86378],[-59.9517,4.86311],[-59.94907,4.86346],[-59.9489,4.86459],[-59.94775,4.86753],[-59.94705,4.8688],[-59.94618,4.86964],[-59.94568,4.87106],[-59.94579,4.87216],[-59.94778,4.87435],[-59.94763,4.87596],[-59.94679,4.8766],[-59.94506,4.87655],[-59.94407,4.87747],[-59.94392,4.87875],[-59.94309,4.88041],[-59.94193,4.88137],[-59.93926,4.88171],[-59.938,4.8816],[-59.93279,4.88225],[-59.93172,4.88201],[-59.92979,4.88227],[-59.92882,4.88278],[-59.92791,4.8836],[-59.92537,4.88515],[-59.92325,4.88829],[-59.92234,4.88891],[-59.92097,4.88927],[-59.91981,4.89051],[-59.9195,4.89168],[-59.92006,4.8936],[-59.92193,4.89498],[-59.92339,4.89564],[-59.92448,4.89691],[-59.9249,4.89842],[-59.92475,4.90268],[-59.9254,4.90461],[-59.92634,4.90551],[-59.92899,4.90663],[-59.92985,4.90784],[-59.93002,4.90901],[-59.92985,4.91045],[-59.92919,4.91308],[-59.92863,4.91409],[-59.92789,4.91482],[-59.92654,4.91546],[-59.92563,4.91558],[-59.92406,4.91525],[-59.92293,4.91452],[-59.92106,4.91378],[-59.91959,4.91421],[-59.91892,4.91501],[-59.91844,4.9176],[-59.91777,4.91914],[-59.91664,4.92058],[-59.91453,4.92365],[-59.91345,4.92541],[-59.91302,4.92747],[-59.91311,4.92897],[-59.91358,4.93133],[-59.91458,4.93472],[-59.91538,4.93677],[-59.91661,4.9389],[-59.91845,4.94387],[-59.91885,4.94533],[-59.9189,4.94879],[-59.91883,4.95084],[-59.91885,4.95337],[-59.92009,4.95744],[-59.91974,4.95982]]]},"properties":{"Name":"Waipa","Region":8,"Grant_No":"G7770","Acres":24631,"Plan_Numbe":23675}},
{"type":"Feature","geometry":{"type":"Polygon","coordinates":[[[-59.90721,4.97373],[-59.90694,4.97801],[-59.90437,4.98459],[-59.89816,4.98858],[-59.89864,4.99463],[-59.89058,5.00384],[-59.88773,5.00632],[-59.88717,5.00681],[-59.87837,5.01449],[-59.87599,5.01899],[-59.87007,5.02988],[-59.86803,5.03593],[-59.86792,5.03628],[-59.86591,5.04225],[-59.86401,5.05273],[-59.86452,5.06516],[-59.85501,5.07092],[-59.84214,5.0808],[-59.85169,5.07638],[-59.90178,5.06328],[-59.90273,5.06254],[-59.90309,5.06154],[-59.90326,5.0592],[-59.90406,5.05927],[-59.90451,5.05975],[-59.90588,5.05896],[-59.91125,5.05892],[-59.91385,5.05928],[-59.91441,5.05887],[-59.9135,5.05817],[-59.91366,5.05716],[-59.91485,5.05508],[-59.91584,5.05398],[-59.91655,5.05388],[-59.91785,5.05448],[-59.91892,5.05556],[-59.92015,5.05585],[-59.92272,5.05577],[-59.92301,5.05556],[-59.92332,5.05402],[-59.92376,5.05356],[-59.92471,5.05348],[-59.92539,5.0551],[-59.92593,5.0554],[-59.92685,5.05477],[-59.9278,5.05336],[-59.92878,5.05114],[-59.92982,5.05059],[-59.93011,5.05168],[-59.93098,5.05188],[-59.93249,5.05275],[-59.93372,5.05321],[-59.93408,5.05269],[-59.93439,5.05131],[-59.93476,5.05093],[-59.93651,5.05132],[-59.93815,5.05027],[-59.93936,5.04855],[-59.94098,5.04945],[-59.94308,5.04846],[-59.94785,5.04763],[-59.94981,5.04683],[-59.95395,5.04476],[-59.95631,5.0423],[-59.95796,5.04033],[-59.95931,5.03916],[-59.96126,5.03773],[-59.96246,5.03712],[-59.96616,5.03448],[-59.96721,5.03402],[-59.96809,5.03398],[-59.96968,5.03501],[-59.97097,5.03547],[-59.97198,5.03777],[-59.9744,5.04011],[-59.97476,5.04169],[-59.97527,5.0425],[-59.97685,5.04369],[-59.97833,5.04274],[-59.9785,5.04218],[-59.97784,5.04085],[-59.9777,5.03924],[-59.97781,5.03798],[-59.97838,5.03587],[-59.97756,5.03364],[-59.97613,5.03251],[-59.97481,5.03036],[-59.97523,5.03039],[-59.97562,5.02824],[-59.97623,5.0277],[-59.97698,5.02645],[-59.9773,5.02541],[-59.97721,5.02414],[-59.97767,5.0228],[-59.97781,5.02133],[-59.97771,5.01994],[-59.97795,5.01875],[-59.98033,5.01621],[-59.98179,5.01626],[-59.98238,5.01661],[-59.9844,5.01874],[-59.98535,5.01878],[-59.98558,5.01839],[-59.98524,5.01199],[-59.98521,5.0094],[-59.9854,5.00752],[-59.98603,5.00646],[-59.98771,5.00643],[-59.98841,5.00595],[-59.98828,5.00323],[-59.98975,5.00124],[-59.98917,5.00004],[-59.98805,4.99901],[-59.9876,4.99774],[-59.98803,4.99314],[-59.98683,4.99005],[-59.9869,4.98906],[-59.9859,4.98552],[-59.98505,4.98498],[-59.98169,4.9847],[-59.9809,4.9855],[-59.97954,4.98517],[-59.97799,4.98507],[-59.97675,4.9843],[-59.97553,4.98401],[-59.97423,4.98419],[-59.97098,4.98391],[-59.97028,4.98285],[-59.96958,4.98082],[-59.96969,4.97968],[-59.96906,4.979],[-59.96827,4.9787],[-59.96632,4.98027],[-59.96518,4.98008],[-59.96401,4.98033],[-59.96333,4.9808],[-59.95869,4.98092],[-59.95262,4.98117],[-59.94581,4.98029],[-59.93199,4.97295],[-59.92269,4.96496],[-59.92043,4.96121],[-59.91974,4.95982],[-59.91923,4.96087],[-59.91766,4.96292],[-59.9157,4.96629],[-59.91467,4.96785],[-59.91331,4.96944],[-59.91137,4.97112],[-59.9104,4.97176],[-59.90917,4.97294],[-59.90721,4.97373]]]},"properties":{"Name":"Kaibarupai","Region":8,"Grant_No":"G7774","Acres":24129,"Plan_Numbe":23676}},
{"type":"Feature","geometry":{"type":"Polygon","coordinates":[[[-59.30657,3.98121],[-59.30651,3.96477],[-59.30652,3.94917],[-59.30648,3.93452],[-59.29722,3.93443],[-59.27775,3.93426],[-59.27084,3.93415],[-59.26939,3.93532],[-59.26854,3.93529],[-59.26679,3.93573],[-59.26393,3.93574],[-59.26257,3.93521],[-59.26236,3.93422],[-59.2616,3.93353],[-59.2596,3.93383],[-59.25852,3.93295],[-59.25858,3.93794],[-59.25858,3.98661],[-59.27585,3.98193],[-59.27768,3.98188],[-59.27842,3.98205],[-59.27923,3.98275],[-59.28081,3.98259],[-59.28175,3.98303],[-59.28378,3.98295],[-59.28501,3.98233],[-59.28618,3.98212],[-59.28776,3.98271],[-59.28935,3.98228],[-59.29013,3.98247],[-59.29123,3.98318],[-59.29315,3.98322],[-59.29438,3.98356],[-59.29737,3.98334],[-59.29782,3.98348],[-59.30035,3.98304],[-59.30326,3.98224],[-59.30452,3.98167],[-59.30657,3.98121]]]},"properties":{"Name":"Massara","Region":0,"Grant_No":"No Data","Acres":7100,"Plan_Numbe":0}},
{"type":"Feature","geometry":{"type":"Polygon","coordinates":[[[-59.71274,3.15605],[-59.71318,3.15603],[-59.71343,3.15611],[-59.71364,3.15624],[-59.71406,3.1566],[-59.71435,3.15687],[-59.71455,3.15708],[-59.7148,3.1574],[-59.7149,3.15754],[-59.7152,3.15784],[-59.71548,3.15803],[-59.71644,3.15754],[-59.71712,3.15751],[-59.71757,3.15806],[-59.71894,3.15787],[-59.71937,3.15755],[-59.72029,3.15827],[-59.72204,3.15816],[-59.72263,3.15867],[-59.7241,3.15905],[-59.72786,3.16168],[-59.72952,3.16255],[-59.73085,3.16221],[-59.73078,3.13518],[-59.73154,3.13443],[-59.83772,3.13601],[-59.83847,3.13526],[-59.83846,3.12957],[-59.8377,3.12824],[-59.83762,3.12824],[-59.8371,3.12797],[-59.83675,3.12625],[-59.83594,3.12479],[-59.83435,3.12263],[-59.83264,3.12196],[-59.8323,3.12176],[-59.83229,3.12176],[-59.82998,3.12196],[-59.82924,3.12146],[-59.82896,3.12068],[-59.82924,3.12025],[-59.82923,3.11956],[-59.82775,3.11884],[-59.82577,3.11836],[-59.82434,3.11781],[-59.82277,3.11759],[-59.82197,3.11758],[-59.81894,3.11617],[-59.81828,3.11617],[-59.81779,3.11593],[-59.81704,3.11584],[-59.81586,3.11428],[-59.81586,3.11426],[-59.81507,3.11337],[-59.8155,3.11292],[-59.8149,3.11262],[-59.81454,3.11272],[-59.81454,3.11172],[-59.81462,3.11162],[-59.81497,3.11184],[-59.81518,3.11188],[-59.81541,3.11139],[-59.81532,3.11017],[-59.81483,3.10954],[-59.81412,3.10987],[-59.81397,3.10977],[-59.81447,3.10918],[-59.81417,3.10844],[-59.81331,3.10813],[-59.81367,3.10772],[-59.81413,3.10735],[-59.81404,3.10693],[-59.81282,3.10563],[-59.81282,3.10454],[-59.81231,3.10372],[-59.81149,3.1032],[-59.81171,3.10157],[-59.81099,3.1003],[-59.81001,3.09956],[-59.80949,3.09928],[-59.8089,3.09839],[-59.80796,3.09557],[-59.80682,3.09384],[-59.8053,3.09221],[-59.80501,3.09145],[-59.80478,3.09046],[-59.804,3.08887],[-59.80365,3.08852],[-59.80249,3.08654],[-59.80248,3.08569],[-59.80291,3.08458],[-59.80305,3.08375],[-59.80269,3.08316],[-59.80126,3.08243],[-59.80117,3.08226],[-59.80118,3.08222],[-59.80121,3.08203],[-59.80189,3.08173],[-59.80204,3.08152],[-59.80204,3.08124],[-59.80158,3.08072],[-59.80059,3.08085],[-59.80003,3.08089],[-59.79962,3.07942],[-59.79939,3.07833],[-59.799,3.07762],[-59.79887,3.0771],[-59.79828,3.07572],[-59.79807,3.07514],[-59.7974,3.07449],[-59.79733,3.07357],[-59.79814,3.07312],[-59.79852,3.07271],[-59.79855,3.07264],[-59.79777,3.07132],[-59.79746,3.07119],[-59.7964,3.07122],[-59.79393,3.07064],[-59.79345,3.07075],[-59.79217,3.06996],[-59.79202,3.06971],[-59.79204,3.06961],[-59.7928,3.06848],[-59.79322,3.06828],[-59.79271,3.06742],[-59.79211,3.06686],[-59.792,3.06548],[-59.79215,3.06506],[-59.79215,3.06478],[-59.79179,3.06477],[-59.79107,3.06455],[-59.79014,3.06373],[-59.79011,3.06264],[-59.79026,3.06215],[-59.79005,3.06168],[-59.78926,3.06151],[-59.78814,3.06081],[-59.7878,3.06023],[-59.78774,3.05899],[-59.78765,3.05796],[-59.78703,3.05611],[-59.78636,3.05546],[-59.78498,3.05546],[-59.78478,3.05551],[-59.78313,3.0556],[-59.78309,3.0556],[-59.78213,3.05551],[-59.78138,3.0547],[-59.78117,3.05236],[-59.77987,3.05099],[-59.7775,3.04822],[-59.77684,3.0482],[-59.77634,3.04895],[-59.77674,3.04973],[-59.7765,3.0501],[-59.77586,3.05011],[-59.77247,3.04843],[-59.77073,3.04795],[-59.77059,3.04802],[-59.77004,3.04861],[-59.76973,3.04877],[-59.76941,3.04878],[-59.76864,3.04782],[-59.76849,3.04704],[-59.76861,3.04633],[-59.76815,3.04622],[-59.76715,3.04668],[-59.7666,3.04693],[-59.7659,3.04681],[-59.76567,3.04623],[-59.76583,3.04473],[-59.76585,3.04357],[-59.76569,3.04177],[-59.76565,3.04163],[-59.76509,3.04053],[-59.76354,3.04014],[-59.76331,3.04021],[-59.76251,3.04038],[-59.76245,3.04039],[-59.7622,3.04042],[-59.76214,3.04055],[-59.76207,3.04073],[-59.76178,3.04113],[-59.76122,3.04032],[-59.76092,3.03967],[-59.76068,3.03907],[-59.75886,3.03849],[-59.75775,3.03729],[-59.75493,3.03616],[-59.75424,3.0355],[-59.75381,3.035],[-59.75278,3.03424],[-59.75169,3.03309],[-59.75049,3.03123],[-59.74998,3.03089],[-59.74732,3.02924],[-59.74643,3.02775],[-59.74581,3.02729],[-59.7433,3.02484],[-59.74249,3.02386],[-59.74262,3.02381],[-59.74262,3.02361],[-59.74203,3.02241],[-59.74126,3.02152],[-59.74015,3.02121],[-59.74011,3.02122],[-59.73974,3.02109],[-59.7393,3.02063],[-59.73781,3.01924],[-59.73686,3.01794],[-59.73619,3.01738],[-59.73601,3.01728],[-59.73465,3.01655],[-59.73446,3.01619],[-59.73433,3.01458],[-59.73412,3.01372],[-59.7337,3.01282],[-59.73196,3.0117],[-59.7317,3.01087],[-59.73227,3.00991],[-59.73237,3.00833],[-59.73179,3.00844],[-59.73055,3.00796],[-59.72963,3.00652],[-59.72992,3.005],[-59.72915,3.0034],[-59.72892,3.00096],[-59.72844,3.00026],[-59.72775,3.00018],[-59.72619,2.99938],[-59.72602,2.99874],[-59.72624,2.99662],[-59.72535,2.9958],[-59.72392,2.99502],[-59.72246,2.99384],[-59.72207,2.9931],[-59.72196,2.99057],[-59.72115,2.98975],[-59.71896,2.98854],[-59.71871,2.98812],[-59.71924,2.9873],[-59.71913,2.98574],[-59.71814,2.98411],[-59.71649,2.98291],[-59.71469,2.98255],[-59.7121,2.98133],[-59.71007,2.97996],[-59.70836,2.97863],[-59.70667,2.9783],[-59.70604,2.97738],[-59.70503,2.97693],[-59.70322,2.97781],[-59.70223,2.97746],[-59.70151,2.97671],[-59.7004,2.9747],[-59.6992,2.97403],[-59.69872,2.9729],[-59.69877,2.97131],[-59.70035,2.97024],[-59.69993,2.96882],[-59.69916,2.96795],[-59.6979,2.96735],[-59.69715,2.96662],[-59.69606,2.96483],[-59.69448,2.96414],[-59.69246,2.96284],[-59.69145,2.9618],[-59.69043,2.96124],[-59.68967,2.96137],[-59.68875,2.96266],[-59.68817,2.96282],[-59.6861,2.96508],[-59.68624,2.96606],[-59.68544,2.96715],[-59.68431,2.96795],[-59.68435,2.96844],[-59.68308,2.96913],[-59.6822,2.96905],[-59.68143,2.9696],[-59.68137,2.97013],[-59.68007,2.97148],[-59.6792,2.97192],[-59.67882,2.97288],[-59.67806,2.97318],[-59.67766,2.97279],[-59.67657,2.9739],[-59.67635,2.97597],[-59.67561,2.97747],[-59.67436,2.97945],[-59.67429,2.97997],[-59.67257,2.98174],[-59.67234,2.98271],[-59.6719,2.983],[-59.67181,2.98436],[-59.67059,2.986],[-59.6697,2.98926],[-59.66898,2.99089],[-59.66018,2.99952],[-59.6593,3.00044],[-59.65335,3.00703],[-59.65053,3.00995],[-59.63842,3.02205],[-59.62349,3.03641],[-59.62245,3.03728],[-59.61398,3.0434],[-59.61192,3.04526],[-59.60961,3.04915],[-59.60828,3.05103],[-59.60116,3.05754],[-59.60006,3.05859],[-59.59183,3.06682],[-59.59065,3.06846],[-59.58983,3.07084],[-59.58969,3.07206],[-59.59095,3.08351],[-59.59067,3.08494],[-59.58793,3.09012],[-59.58707,3.09137],[-59.58002,3.09933],[-59.57943,3.10041],[-59.57562,3.11369],[-59.57488,3.11498],[-59.5622,3.12832],[-59.56053,3.12979],[-59.54844,3.13724],[-59.54642,3.13864],[-59.53213,3.15162],[-59.53048,3.15324],[-59.51906,3.16656],[-59.52108,3.167],[-59.52332,3.16708],[-59.52534,3.1676],[-59.52807,3.16907],[-59.52961,3.17008],[-59.53068,3.17143],[-59.53093,3.17279],[-59.53153,3.1731],[-59.53397,3.17293],[-59.53629,3.17299],[-59.53825,3.1717],[-59.53992,3.17147],[-59.54384,3.17134],[-59.54496,3.17161],[-59.5469,3.1716],[-59.54825,3.17112],[-59.55057,3.16994],[-59.55208,3.16896],[-59.55641,3.16408],[-59.55798,3.16218],[-59.55855,3.16125],[-59.55918,3.15909],[-59.55991,3.15822],[-59.56271,3.15746],[-59.56437,3.15624],[-59.56511,3.15493],[-59.56628,3.15347],[-59.56735,3.15282],[-59.56919,3.15282],[-59.57162,3.15399],[-59.57344,3.15532],[-59.5774,3.15527],[-59.57943,3.15633],[-59.58158,3.15583],[-59.58363,3.15467],[-59.58506,3.15458],[-59.58617,3.15416],[-59.58773,3.15273],[-59.58903,3.15282],[-59.58962,3.15236],[-59.59134,3.15292],[-59.59179,3.15412],[-59.59273,3.1545],[-59.59539,3.15445],[-59.59614,3.15486],[-59.59773,3.15487],[-59.59915,3.15518],[-59.60038,3.15569],[-59.60105,3.15566],[-59.60177,3.15614],[-59.60384,3.15707],[-59.60429,3.15847],[-59.60538,3.15882],[-59.60658,3.15801],[-59.60703,3.15902],[-59.60783,3.15953],[-59.60871,3.16124],[-59.60987,3.16178],[-59.6107,3.16265],[-59.61098,3.16395],[-59.61175,3.16587],[-59.61286,3.16669],[-59.61352,3.16754],[-59.61307,3.16759],[-59.61288,3.16833],[-59.6134,3.1686],[-59.6132,3.1699],[-59.61339,3.17289],[-59.61513,3.17339],[-59.61621,3.17461],[-59.61773,3.17557],[-59.61794,3.17605],[-59.62054,3.17739],[-59.62057,3.17738],[-59.62071,3.17734],[-59.62072,3.17734],[-59.62078,3.17731],[-59.62079,3.17729],[-59.62083,3.17723],[-59.62089,3.17714],[-59.6209,3.17711],[-59.62101,3.17625],[-59.62102,3.17623],[-59.62107,3.17613],[-59.62112,3.17608],[-59.62113,3.17607],[-59.62122,3.176],[-59.62128,3.17591],[-59.62133,3.17584],[-59.62136,3.17578],[-59.62139,3.17573],[-59.62159,3.17525],[-59.6216,3.17521],[-59.62168,3.17496],[-59.62175,3.17486],[-59.62211,3.17425],[-59.62216,3.17417],[-59.6222,3.17409],[-59.62222,3.17407],[-59.62226,3.17403],[-59.62231,3.17399],[-59.62235,3.17396],[-59.62237,3.17395],[-59.62266,3.17386],[-59.62267,3.17386],[-59.62349,3.17386],[-59.62363,3.17384],[-59.62372,3.17381],[-59.62385,3.17377],[-59.62406,3.17367],[-59.62415,3.17362],[-59.62427,3.17354],[-59.62442,3.17345],[-59.62617,3.17244],[-59.62631,3.17234],[-59.62821,3.17227],[-59.62826,3.17224],[-59.62827,3.17223],[-59.62827,3.17222],[-59.62839,3.17213],[-59.62847,3.17206],[-59.62852,3.172],[-59.62857,3.17195],[-59.62862,3.1719],[-59.62868,3.17185],[-59.62881,3.17176],[-59.62887,3.17173],[-59.62918,3.17162],[-59.62921,3.17161],[-59.62933,3.1716],[-59.6296,3.17162],[-59.63051,3.17155],[-59.63056,3.17153],[-59.63082,3.17144],[-59.63086,3.17142],[-59.6309,3.1714],[-59.63176,3.17033],[-59.63276,3.17035],[-59.63281,3.17031],[-59.63285,3.17027],[-59.63287,3.17024],[-59.63289,3.17021],[-59.63303,3.17017],[-59.63311,3.17014],[-59.63352,3.16999],[-59.63362,3.16994],[-59.63565,3.1692],[-59.63577,3.16915],[-59.63721,3.16859],[-59.63768,3.16843],[-59.63891,3.16794],[-59.63899,3.16791],[-59.63996,3.16747],[-59.64005,3.16743],[-59.64103,3.16741],[-59.64104,3.16741],[-59.6411,3.16737],[-59.64112,3.16735],[-59.64115,3.16732],[-59.64121,3.16721],[-59.64122,3.16717],[-59.64136,3.1667],[-59.64142,3.16658],[-59.64146,3.16653],[-59.64161,3.16634],[-59.64163,3.16633],[-59.64318,3.16593],[-59.64328,3.16587],[-59.64332,3.16583],[-59.64346,3.1657],[-59.64348,3.16567],[-59.64356,3.16557],[-59.64358,3.16553],[-59.64365,3.16538],[-59.64417,3.16527],[-59.64425,3.16525],[-59.64447,3.16519],[-59.64448,3.16519],[-59.64465,3.16511],[-59.64474,3.16505],[-59.64479,3.16501],[-59.64494,3.16489],[-59.64499,3.16484],[-59.64508,3.16475],[-59.64519,3.16462],[-59.64521,3.16459],[-59.64649,3.16472],[-59.64666,3.16433],[-59.64676,3.16416],[-59.64682,3.1641],[-59.64687,3.16405],[-59.64705,3.16391],[-59.6471,3.16388],[-59.64711,3.16388],[-59.64716,3.16385],[-59.64723,3.16383],[-59.64725,3.16382],[-59.64733,3.1638],[-59.64908,3.16449],[-59.64914,3.16448],[-59.64931,3.16441],[-59.64936,3.16438],[-59.64939,3.16436],[-59.64942,3.16431],[-59.64944,3.16427],[-59.64937,3.16348],[-59.64938,3.16344],[-59.64995,3.16247],[-59.64997,3.16244],[-59.65003,3.16228],[-59.65009,3.16211],[-59.65022,3.16135],[-59.65022,3.16134],[-59.65035,3.16113],[-59.65039,3.1611],[-59.65043,3.16107],[-59.65047,3.16105],[-59.65151,3.16113],[-59.65166,3.16101],[-59.65192,3.1608],[-59.65213,3.16062],[-59.65244,3.16041],[-59.6525,3.16038],[-59.65312,3.15997],[-59.65323,3.15989],[-59.65329,3.15986],[-59.65331,3.15986],[-59.65338,3.15983],[-59.65341,3.15982],[-59.65358,3.15972],[-59.65364,3.15968],[-59.6537,3.15963],[-59.6538,3.15953],[-59.65443,3.15943],[-59.65463,3.15933],[-59.65465,3.15931],[-59.65473,3.15926],[-59.65485,3.15913],[-59.65495,3.15902],[-59.655,3.15895],[-59.65506,3.15884],[-59.65526,3.15833],[-59.65701,3.15852],[-59.65837,3.15836],[-59.65838,3.15836],[-59.65852,3.1583],[-59.65863,3.15826],[-59.65886,3.15818],[-59.65886,3.15817],[-59.65903,3.15809],[-59.65907,3.15807],[-59.65947,3.15781],[-59.6595,3.1578],[-59.66076,3.15799],[-59.66137,3.15761],[-59.66179,3.15736],[-59.66257,3.15698],[-59.66262,3.15697],[-59.66355,3.15669],[-59.66358,3.15669],[-59.66421,3.15652],[-59.66432,3.15649],[-59.66511,3.15628],[-59.66533,3.15623],[-59.66556,3.1562],[-59.6659,3.15616],[-59.66764,3.15607],[-59.66772,3.15604],[-59.66844,3.15588],[-59.66846,3.15588],[-59.67111,3.15541],[-59.67392,3.15449],[-59.67424,3.15435],[-59.67459,3.1542],[-59.675,3.15402],[-59.67593,3.15359],[-59.67601,3.15355],[-59.67623,3.15344],[-59.67624,3.15343],[-59.67628,3.15339],[-59.67635,3.15332],[-59.67647,3.15324],[-59.67652,3.15321],[-59.67674,3.15313],[-59.67678,3.15313],[-59.6775,3.15289],[-59.67771,3.15277],[-59.67773,3.15276],[-59.67785,3.15271],[-59.6786,3.15244],[-59.67886,3.15221],[-59.67889,3.15217],[-59.67894,3.1521],[-59.67896,3.15209],[-59.67902,3.15204],[-59.67907,3.152],[-59.67927,3.15163],[-59.67928,3.15157],[-59.67933,3.15121],[-59.67937,3.15113],[-59.67941,3.15109],[-59.67945,3.15104],[-59.67952,3.151],[-59.67957,3.15098],[-59.67959,3.15097],[-59.67967,3.15095],[-59.67971,3.15093],[-59.6798,3.1509],[-59.67983,3.15088],[-59.67998,3.15078],[-59.6801,3.15067],[-59.68014,3.15063],[-59.68018,3.15058],[-59.68019,3.15056],[-59.68069,3.14988],[-59.68074,3.14986],[-59.68081,3.14981],[-59.68105,3.1497],[-59.68109,3.14965],[-59.68113,3.1496],[-59.68124,3.14943],[-59.68125,3.14941],[-59.68131,3.14931],[-59.68133,3.14927],[-59.68141,3.14902],[-59.68141,3.14901],[-59.68146,3.14892],[-59.68165,3.1488],[-59.68224,3.14864],[-59.68226,3.14862],[-59.68234,3.14857],[-59.68239,3.14853],[-59.6824,3.14852],[-59.68246,3.14848],[-59.68256,3.14837],[-59.68261,3.14829],[-59.68264,3.14825],[-59.68273,3.14805],[-59.68275,3.148],[-59.68306,3.14698],[-59.68311,3.1469],[-59.68321,3.14677],[-59.68329,3.14666],[-59.68377,3.14559],[-59.68377,3.14558],[-59.68382,3.14549],[-59.68391,3.1454],[-59.68393,3.14538],[-59.68403,3.14532],[-59.68405,3.14531],[-59.68416,3.14526],[-59.68419,3.14524],[-59.68429,3.14515],[-59.68434,3.14508],[-59.68438,3.14502],[-59.68415,3.1439],[-59.68468,3.14413],[-59.68561,3.14589],[-59.6863,3.14659],[-59.68637,3.14667],[-59.68644,3.14674],[-59.68653,3.1468],[-59.68657,3.14683],[-59.68666,3.14688],[-59.68671,3.1469],[-59.68676,3.14692],[-59.68775,3.14735],[-59.68778,3.14735],[-59.68858,3.14762],[-59.68866,3.14757],[-59.68869,3.14755],[-59.68876,3.14753],[-59.68933,3.14773],[-59.68953,3.14777],[-59.68958,3.14778],[-59.68969,3.14778],[-59.68974,3.14778],[-59.68983,3.14776],[-59.68996,3.14778],[-59.69018,3.14798],[-59.69019,3.14811],[-59.69019,3.14815],[-59.69021,3.14823],[-59.69024,3.14831],[-59.69028,3.14838],[-59.69032,3.14845],[-59.6905,3.14871],[-59.69067,3.14929],[-59.69102,3.14945],[-59.69105,3.14941],[-59.69113,3.14932],[-59.69114,3.1493],[-59.6913,3.14913],[-59.69146,3.14899],[-59.69263,3.14921],[-59.6929,3.14917],[-59.69291,3.14916],[-59.69292,3.14914],[-59.69293,3.14914],[-59.69294,3.14911],[-59.69292,3.14861],[-59.69292,3.1486],[-59.69294,3.14853],[-59.69295,3.14851],[-59.69297,3.14848],[-59.69309,3.1484],[-59.6931,3.1484],[-59.69365,3.14842],[-59.69366,3.14842],[-59.69501,3.14876],[-59.69504,3.14874],[-59.69565,3.1492],[-59.69566,3.14919],[-59.69568,3.14918],[-59.69572,3.14914],[-59.69578,3.14906],[-59.69589,3.14891],[-59.6959,3.1489],[-59.69593,3.14884],[-59.69598,3.14882],[-59.69599,3.14881],[-59.69707,3.14932],[-59.6984,3.14997],[-59.69841,3.14997],[-59.69944,3.15016],[-59.69979,3.15057],[-59.69983,3.15062],[-59.69988,3.15065],[-59.69993,3.15068],[-59.70002,3.1507],[-59.70008,3.1507],[-59.70014,3.1507],[-59.70017,3.15069],[-59.7002,3.15068],[-59.70023,3.15066],[-59.70026,3.15065],[-59.70044,3.15063],[-59.70074,3.15068],[-59.70096,3.15083],[-59.70103,3.15088],[-59.70111,3.15093],[-59.70126,3.15101],[-59.70164,3.15119],[-59.70194,3.15141],[-59.704,3.1539],[-59.70514,3.15463],[-59.70596,3.15506],[-59.70634,3.15524],[-59.70653,3.15533],[-59.70692,3.1555],[-59.70705,3.15555],[-59.70712,3.15556],[-59.70719,3.15558],[-59.70732,3.1556],[-59.70746,3.15562],[-59.71004,3.15549],[-59.71005,3.15549],[-59.71111,3.15545],[-59.71199,3.15604],[-59.71272,3.15606],[-59.71274,3.15605]]]},"properties":{"Name":"Shulinab","Region":0,"Grant_No":"No Data","Acres":94400,"Plan_Numbe":0}},
{"type":"Feature","geometry":{"type":"Polygon","coordinates":[[[-58.60937,6.51976],[-58.60979,6.52107],[-58.61092,6.52195],[-58.61244,6.52119],[-58.61241,6.52023],[-58.6114,6.52],[-58.61131,6.51958],[-58.61219,6.51931],[-58.61312,6.51974],[-58.61405,6.5192],[-58.61509,6.518],[-58.61507,6.51729],[-58.61409,6.5154],[-58.61416,6.51482],[-58.6156,6.51417],[-58.61584,6.51344],[-58.61673,6.51387],[-58.6214,6.51236],[-58.62199,6.51162],[-58.62201,6.5106],[-58.62309,6.5103],[-58.62387,6.50974],[-58.62386,6.50911],[-58.62315,6.50826],[-58.62304,6.5067],[-58.62414,6.50563],[-58.62456,6.50461],[-58.62546,6.50335],[-58.62549,6.50227],[-58.62594,6.50167],[-58.62884,6.50145],[-58.63126,6.50236],[-58.63394,6.50209],[-58.63604,6.50076],[-58.63797,6.50093],[-58.63927,6.49973],[-58.64042,6.50014],[-58.64157,6.49983],[-58.64266,6.50089],[-58.64535,6.50097],[-58.64821,6.5012],[-58.64962,6.50087],[-58.65427,6.49725],[-58.65569,6.49523],[-58.65772,6.49128],[-58.6583,6.49049],[-58.66006,6.49079],[-58.66093,6.49033],[-58.6626,6.49176],[-58.66534,6.49297],[-58.6693,6.49256],[-58.67071,6.49251],[-58.67173,6.4931],[-58.67271,6.49429],[-58.67484,6.49519],[-58.67556,6.49595],[-58.67649,6.49633],[-58.67864,6.49685],[-58.68055,6.49699],[-58.68114,6.49729],[-58.6822,6.49718],[-58.6835,6.49635],[-58.68432,6.49485],[-58.68466,6.49379],[-58.68615,6.49151],[-58.68799,6.49054],[-58.68835,6.4896],[-58.68999,6.48784],[-58.69192,6.48641],[-58.69424,6.4856],[-58.69629,6.48593],[-58.69815,6.48678],[-58.69876,6.48684],[-58.70027,6.48629],[-58.70337,6.48627],[-58.70527,6.48502],[-58.70782,6.4844],[-58.70917,6.48205],[-58.71223,6.48002],[-58.71722,6.46843],[-58.71439,6.46908],[-58.71215,6.46907],[-58.70429,6.46973],[-58.7019,6.47115],[-58.70002,6.47134],[-58.69577,6.47056],[-58.69468,6.47053],[-58.69158,6.46903],[-58.6909,6.4682],[-58.68911,6.46656],[-58.68801,6.46591],[-58.68614,6.46352],[-58.68459,6.46023],[-58.68368,6.45987],[-58.68144,6.45947],[-58.67946,6.45944],[-58.67649,6.4605],[-58.67529,6.46109],[-58.67439,6.46243],[-58.67408,6.46428],[-58.67408,6.46756],[-58.67388,6.46965],[-58.67329,6.47207],[-58.67228,6.47373],[-58.67105,6.47643],[-58.67023,6.47729],[-58.66897,6.4781],[-58.67096,6.45923],[-58.6798,6.43732],[-58.679,6.43484],[-58.67937,6.43248],[-58.67819,6.42877],[-58.67818,6.42694],[-58.67682,6.42467],[-58.67657,6.42362],[-58.67662,6.42204],[-58.67572,6.419],[-58.67514,6.41808],[-58.67377,6.41738],[-58.6717,6.41727],[-58.67009,6.41654],[-58.66844,6.41664],[-58.66622,6.41775],[-58.66516,6.41777],[-58.66365,6.41876],[-58.66169,6.41901],[-58.65941,6.41902],[-58.65796,6.41838],[-58.65546,6.41775],[-58.65327,6.41746],[-58.65242,6.41756],[-58.65122,6.41872],[-58.6498,6.4207],[-58.6493,6.42205],[-58.64865,6.42235],[-58.64683,6.42207],[-58.64559,6.42136],[-58.6448,6.42125],[-58.64426,6.4201],[-58.64258,6.42099],[-58.64223,6.42161],[-58.63908,6.42491],[-58.63745,6.42734],[-58.63737,6.4294],[-58.63698,6.42994],[-58.6368,6.43117],[-58.63632,6.43221],[-58.63556,6.43314],[-58.63561,6.43364],[-58.63494,6.43418],[-58.63292,6.43659],[-58.63228,6.44092],[-58.63152,6.44172],[-58.63151,6.44265],[-58.63089,6.4434],[-58.63022,6.44534],[-58.62894,6.44722],[-58.62764,6.44856],[-58.62652,6.45085],[-58.62505,6.4519],[-58.62442,6.45273],[-58.62295,6.45398],[-58.62102,6.45725],[-58.6212,6.45833],[-58.62109,6.46042],[-58.62033,6.46188],[-58.62073,6.46301],[-58.62043,6.46388],[-58.62008,6.46611],[-58.61927,6.46671],[-58.61823,6.46841],[-58.61738,6.46905],[-58.61624,6.46916],[-58.61593,6.4706],[-58.61643,6.47155],[-58.61663,6.47323],[-58.61657,6.47521],[-58.61625,6.47617],[-58.61643,6.47716],[-58.61638,6.47878],[-58.61599,6.47931],[-58.61641,6.48042],[-58.61613,6.48096],[-58.61583,6.48299],[-58.61544,6.48373],[-58.61573,6.48669],[-58.61512,6.48739],[-58.61471,6.48851],[-58.61528,6.49143],[-58.61506,6.49438],[-58.61473,6.49532],[-58.61498,6.49746],[-58.61393,6.50147],[-58.6133,6.50215],[-58.61191,6.50488],[-58.61064,6.50597],[-58.61016,6.50699],[-58.61022,6.50761],[-58.60814,6.50966],[-58.60634,6.51198],[-58.60601,6.51288],[-58.60671,6.51444],[-58.6084,6.51766],[-58.60937,6.51976]]]},"properties":{"Name":"Karau","Region":7,"Grant_No":"No Data","Acres":15308,"Plan_Numbe":0}},
{"type":"Feature","geometry":{"type":"Polygon","coordinates":[[[-59.63165,4.6745],[-59.59457,4.67239],[-59.59478,4.67085],[-59.59663,4.66849],[-59.5966,4.66733],[-59.59713,4.6668],[-59.59678,4.66581],[-59.59718,4.66441],[-59.59793,4.66395],[-59.59783,4.66293],[-59.59893,4.66231],[-59.5979,4.66017],[-59.59786,4.65906],[-59.59873,4.65835],[-59.59977,4.65927],[-59.60062,4.65948],[-59.60146,4.65873],[-59.60134,4.65816],[-59.59902,4.65659],[-59.59908,4.6559],[-59.59863,4.65521],[-59.59878,4.65431],[-59.59968,4.65396],[-59.59999,4.65289],[-59.58588,4.63879],[-59.55192,4.60487],[-59.55159,4.60564],[-59.55151,4.60706],[-59.55083,4.60783],[-59.55041,4.60881],[-59.54962,4.6092],[-59.54872,4.61014],[-59.54683,4.61101],[-59.54608,4.61217],[-59.54624,4.6135],[-59.54615,4.61646],[-59.54581,4.61794],[-59.54605,4.61988],[-59.546,4.62191],[-59.54619,4.62332],[-59.54607,4.62429],[-59.54489,4.62632],[-59.54452,4.6282],[-59.54455,4.63127],[-59.54438,4.63179],[-59.54292,4.63336],[-59.54214,4.63451],[-59.54192,4.63584],[-59.54262,4.63732],[-59.54246,4.63853],[-59.54206,4.63913],[-59.54155,4.64108],[-59.53987,4.64285],[-59.53823,4.64406],[-59.53763,4.64427],[-59.53608,4.64572],[-59.53564,4.64679],[-59.53406,4.64897],[-59.53363,4.65037],[-59.53394,4.65237],[-59.53398,4.65408],[-59.53427,4.65662],[-59.53352,4.65811],[-59.5307,4.66121],[-59.53003,4.66161],[-59.52899,4.66327],[-59.52796,4.66395],[-59.52691,4.66524],[-59.5264,4.66633],[-59.52649,4.66801],[-59.52564,4.67007],[-59.52497,4.67087],[-59.52406,4.67146],[-59.52213,4.67224],[-59.52071,4.67206],[-59.51936,4.67072],[-59.5171,4.67004],[-59.51381,4.67005],[-59.51208,4.67076],[-59.51011,4.67098],[-59.50859,4.67064],[-59.50715,4.67061],[-59.50647,4.67128],[-59.50651,4.67197],[-59.50789,4.6726],[-59.50752,4.6739],[-59.50581,4.67454],[-59.50479,4.67565],[-59.50341,4.67566],[-59.50288,4.67619],[-59.50183,4.67824],[-59.5003,4.679],[-59.49936,4.68067],[-59.49887,4.68115],[-59.49696,4.68161],[-59.49538,4.68392],[-59.49367,4.68469],[-59.49285,4.68641],[-59.49159,4.68706],[-59.49082,4.68782],[-59.49101,4.68972],[-59.49146,4.69081],[-59.49262,4.69236],[-59.49505,4.69348],[-59.50901,4.69607],[-59.51951,4.69175],[-59.52675,4.70411],[-59.53087,4.7101],[-59.54369,4.71827],[-59.55053,4.71247],[-59.55869,4.70427],[-59.57458,4.70333],[-59.58481,4.70207],[-59.59646,4.69331],[-59.60687,4.69482],[-59.61392,4.69824],[-59.61649,4.69891],[-59.62421,4.68687],[-59.63165,4.6745]]]},"properties":{"Name":"Taruka","Region":8,"Grant_No":"G7786","Acres":20114,"Plan_Numbe":23667}},
{"type":"Feature","geometry":{"type":"Polygon","coordinates":[[[-59.08914,7.77796],[-59.09168,7.7803],[-59.09328,7.78224],[-59.0953,7.78383],[-59.09545,7.78325],[-59.09657,7.78259],[-59.09718,7.78158],[-59.09787,7.77958],[-59.09846,7.77882],[-59.09825,7.77835],[-59.09967,7.77757],[-59.10106,7.77741],[-59.10248,7.77621],[-59.1029,7.7754],[-59.10352,7.7758],[-59.1046,7.77473],[-59.10463,7.77377],[-59.10614,7.77342],[-59.10698,7.7711],[-59.10573,7.76872],[-59.10681,7.76749],[-59.10842,7.76647],[-59.10857,7.76555],[-59.10934,7.76531],[-59.10992,7.76454],[-59.10976,7.7638],[-59.11172,7.76218],[-59.11276,7.76218],[-59.11403,7.76101],[-59.11506,7.76125],[-59.11672,7.75884],[-59.11741,7.75753],[-59.12009,7.75674],[-59.12212,7.75701],[-59.12405,7.75579],[-59.12465,7.75465],[-59.12706,7.7521],[-59.1311,7.7492],[-59.13548,7.74683],[-59.13646,7.74619],[-59.13758,7.74594],[-59.13957,7.74516],[-59.14037,7.74457],[-59.1413,7.74474],[-59.14181,7.74527],[-59.14263,7.74526],[-59.13036,7.70477],[-59.12894,7.70737],[-59.12832,7.70956],[-59.12733,7.71165],[-59.1269,7.71164],[-59.12447,7.71019],[-59.12334,7.71002],[-59.12158,7.7104],[-59.11974,7.71123],[-59.11803,7.71253],[-59.11582,7.714],[-59.11246,7.71529],[-59.10969,7.71683],[-59.10805,7.7175],[-59.10511,7.71749],[-59.10282,7.71788],[-59.10182,7.71828],[-59.09901,7.72063],[-59.09813,7.7208],[-59.09675,7.72222],[-59.09423,7.72431],[-59.09396,7.72524],[-59.09296,7.72662],[-59.09094,7.72764],[-59.08949,7.72913],[-59.0894,7.72969],[-59.08843,7.73055],[-59.08843,7.73165],[-59.08726,7.73257],[-59.0873,7.73422],[-59.08648,7.73523],[-59.08705,7.73618],[-59.08695,7.73694],[-59.08575,7.73757],[-59.08564,7.73832],[-59.08422,7.73888],[-59.08271,7.73874],[-59.08213,7.73933],[-59.08151,7.73933],[-59.07957,7.7402],[-59.07885,7.74027],[-59.07745,7.7421],[-59.07674,7.74227],[-59.07471,7.74205],[-59.0739,7.74151],[-59.07143,7.7422],[-59.07122,7.74376],[-59.07155,7.74579],[-59.07191,7.74678],[-59.07373,7.74996],[-59.07525,7.7533],[-59.07879,7.76262],[-59.08247,7.77078],[-59.08365,7.77182],[-59.08427,7.77314],[-59.08515,7.77426],[-59.08687,7.77605],[-59.08914,7.77796]]]},"properties":{"Name":"Assakata","Region":1,"Grant_No":"G7758","Acres":8388,"Plan_Numbe":23697}},
{"type":"Feature","geometry":{"type":"Polygon","coordinates":[[[-59.82825,7.96785],[-59.82757,7.96821],[-59.82677,7.96787],[-59.82463,7.96652],[-59.8239,7.96626],[-59.82173,7.96485],[-59.81923,7.96423],[-59.81718,7.9646],[-59.81603,7.9666],[-59.81579,7.96984],[-59.81575,7.97225],[-59.81619,7.97534],[-59.81679,7.97649],[-59.81697,7.97764],[-59.82087,7.98148],[-59.8214,7.98449],[-59.82058,7.98643],[-59.81983,7.98752],[-59.81822,7.98874],[-59.81592,7.99135],[-59.81492,7.99293],[-59.81475,7.99496],[-59.81515,7.99587],[-59.81498,7.99685],[-59.81654,7.99864],[-59.81902,8.00032],[-59.82189,8.00242],[-59.82255,8.00333],[-59.8226,8.0043],[-59.8223,8.00576],[-59.82188,8.00669],[-59.82085,8.00792],[-59.81958,8.00901],[-59.81658,8.01099],[-59.81408,8.01243],[-59.8122,8.01422],[-59.81025,8.01696],[-59.80854,8.01986],[-59.80597,8.02234],[-59.80559,8.02334],[-59.80564,8.02542],[-59.80646,8.02668],[-59.80774,8.02733],[-59.80932,8.02724],[-59.81121,8.02627],[-59.81266,8.02449],[-59.81488,8.02228],[-59.81642,8.02104],[-59.81838,8.02018],[-59.81942,8.02001],[-59.82282,8.02015],[-59.82437,8.02044],[-59.82739,8.02165],[-59.82955,8.02268],[-59.83217,8.0217],[-59.83494,8.01991],[-59.83728,8.01816],[-59.8397,8.01587],[-59.84077,8.0151],[-59.84281,8.01416],[-59.84358,8.01408],[-59.84459,8.01476],[-59.84557,8.01687],[-59.84606,8.01868],[-59.84621,8.02142],[-59.8465,8.02283],[-59.84775,8.0249],[-59.84914,8.02527],[-59.85115,8.02507],[-59.85254,8.02471],[-59.85415,8.02405],[-59.85801,8.02306],[-59.85934,8.02311],[-59.86102,8.0235],[-59.86396,8.02479],[-59.86613,8.025],[-59.86821,8.0246],[-59.87202,8.02331],[-59.87712,8.02127],[-59.87818,8.02033],[-59.87969,8.01694],[-59.88088,8.01532],[-59.87735,8.01284],[-59.87647,8.01131],[-59.87702,8.00965],[-59.87797,8.00845],[-59.87967,8.00519],[-59.88003,8.00428],[-59.87991,8.00332],[-59.87924,8.0024],[-59.87718,8.00034],[-59.8759,7.99923],[-59.87324,7.99795],[-59.87107,7.99643],[-59.87002,7.99512],[-59.86972,7.99355],[-59.86903,7.99197],[-59.86821,7.99128],[-59.86657,7.98897],[-59.8664,7.98743],[-59.86527,7.9864],[-59.86333,7.98595],[-59.86287,7.98545],[-59.86406,7.98428],[-59.86464,7.98432],[-59.86502,7.98335],[-59.8652,7.98115],[-59.86407,7.97993],[-59.86371,7.97881],[-59.86272,7.97755],[-59.86249,7.97611],[-59.86291,7.9748],[-59.86379,7.97394],[-59.86459,7.97232],[-59.86509,7.97181],[-59.8657,7.9698],[-59.86678,7.96887],[-59.86319,7.96876],[-59.86188,7.96877],[-59.86035,7.96873],[-59.82825,7.96785]]]},"properties":{"Name":"Hotoquai","Region":1,"Grant_No":"G7768","Acres":8986,"Plan_Numbe":23704}},
{"type":"Feature","geometry":{"type":"Polygon","coordinates":[[[-59.70989,7.52888],[-59.7143,7.52351],[-59.72279,7.50842],[-59.72751,7.49651],[-59.72655,7.49587],[-59.72449,7.49651],[-59.72349,7.49716],[-59.72203,7.49705],[-59.72061,7.49741],[-59.71923,7.49738],[-59.71823,7.49683],[-59.71735,7.49562],[-59.71776,7.49475],[-59.71721,7.49405],[-59.71578,7.49361],[-59.71294,7.49049],[-59.71161,7.48863],[-59.70895,7.48766],[-59.70699,7.48429],[-59.70513,7.48277],[-59.70326,7.48062],[-59.70134,7.47935],[-59.69762,7.47856],[-59.69449,7.47812],[-59.69217,7.47843],[-59.69031,7.47817],[-59.68866,7.47772],[-59.68605,7.4767],[-59.68383,7.47557],[-59.68245,7.47527],[-59.68073,7.47607],[-59.6781,7.47912],[-59.67725,7.4798],[-59.67516,7.48078],[-59.67354,7.4811],[-59.66864,7.48097],[-59.66549,7.48134],[-59.66216,7.48107],[-59.6617,7.48123],[-59.66075,7.48241],[-59.66019,7.48381],[-59.65793,7.48591],[-59.6556,7.48761],[-59.65468,7.488],[-59.65278,7.48835],[-59.65046,7.48932],[-59.64869,7.48901],[-59.64444,7.48867],[-59.64341,7.48815],[-59.64116,7.48735],[-59.63942,7.48689],[-59.6383,7.48638],[-59.63699,7.48633],[-59.63467,7.48732],[-59.63112,7.48851],[-59.62884,7.48899],[-59.62727,7.48909],[-59.62627,7.48894],[-59.62491,7.48836],[-59.62319,7.48798],[-59.62123,7.48721],[-59.62021,7.48698],[-59.619,7.48622],[-59.61771,7.48595],[-59.61619,7.48642],[-59.61545,7.48578],[-59.61426,7.48597],[-59.6135,7.4848],[-59.61192,7.48494],[-59.61187,7.48595],[-59.6112,7.48565],[-59.61024,7.486],[-59.60955,7.4856],[-59.60872,7.486],[-59.6073,7.48514],[-59.60516,7.48458],[-59.60485,7.48582],[-59.60322,7.48561],[-59.60156,7.48639],[-59.60077,7.48782],[-59.5988,7.49017],[-59.59681,7.48983],[-59.59544,7.49024],[-59.59363,7.48971],[-59.59232,7.49046],[-59.59076,7.49062],[-59.59035,7.49141],[-59.58911,7.49149],[-59.58842,7.49231],[-59.58561,7.49287],[-59.58321,7.4937],[-59.58353,7.49444],[-59.58096,7.49508],[-59.57992,7.49554],[-59.57857,7.49675],[-59.57791,7.49674],[-59.5774,7.49595],[-59.57755,7.49545],[-59.57612,7.4951],[-59.5757,7.49584],[-59.57501,7.49489],[-59.57582,7.49472],[-59.57527,7.49381],[-59.57384,7.49398],[-59.57364,7.49264],[-59.57328,7.4921],[-59.57329,7.49065],[-59.57192,7.48987],[-59.57105,7.49058],[-59.57029,7.49061],[-59.56953,7.48983],[-59.5677,7.48943],[-59.56667,7.48971],[-59.56562,7.49094],[-59.56262,7.49331],[-59.56119,7.49534],[-59.55999,7.49544],[-59.55939,7.49427],[-59.55867,7.49355],[-59.55816,7.49435],[-59.5579,7.49576],[-59.55811,7.49773],[-59.55787,7.49967],[-59.55413,7.50211],[-59.55214,7.50483],[-59.55079,7.50688],[-59.55013,7.51012],[-59.54833,7.51021],[-59.54628,7.51054],[-59.54471,7.51158],[-59.54315,7.51161],[-59.54206,7.51524],[-59.5401,7.51757],[-59.53664,7.51884],[-59.53694,7.51944],[-59.53867,7.5212],[-59.53924,7.51931],[-59.5403,7.51983],[-59.54082,7.52391],[-59.54062,7.52542],[-59.53949,7.52576],[-59.53789,7.52697],[-59.53725,7.52795],[-59.53624,7.52729],[-59.5362,7.52497],[-59.53545,7.52337],[-59.53411,7.52276],[-59.53035,7.52285],[-59.52846,7.52336],[-59.52743,7.52437],[-59.52619,7.52431],[-59.52539,7.52383],[-59.52449,7.52171],[-59.52049,7.52219],[-59.5182,7.52328],[-59.51743,7.5235],[-59.51733,7.52261],[-59.51793,7.52182],[-59.51809,7.5207],[-59.51711,7.52068],[-59.5151,7.52203],[-59.51211,7.52618],[-59.51103,7.52631],[-59.51105,7.52502],[-59.51068,7.52416],[-59.50738,7.52511],[-59.50602,7.52681],[-59.50539,7.52873],[-59.50544,7.52966],[-59.50836,7.52852],[-59.5092,7.52878],[-59.50908,7.52967],[-59.50767,7.53125],[-59.52704,7.53539],[-59.55067,7.53137],[-59.56183,7.52823],[-59.57853,7.53072],[-59.5818,7.53474],[-59.60138,7.5416],[-59.6018,7.53863],[-59.60258,7.53679],[-59.60407,7.53487],[-59.60519,7.53397],[-59.6072,7.53294],[-59.61046,7.53105],[-59.61141,7.52995],[-59.61409,7.52728],[-59.61705,7.5249],[-59.61846,7.52357],[-59.62105,7.52184],[-59.6232,7.52125],[-59.62683,7.52044],[-59.63024,7.52023],[-59.63233,7.51979],[-59.63358,7.51926],[-59.6356,7.51811],[-59.6367,7.51731],[-59.63863,7.51538],[-59.64028,7.51424],[-59.6419,7.51342],[-59.64455,7.51259],[-59.64631,7.51246],[-59.65097,7.51288],[-59.65261,7.51319],[-59.65498,7.51288],[-59.65703,7.51211],[-59.65976,7.51044],[-59.66205,7.50924],[-59.66433,7.50864],[-59.66564,7.50864],[-59.66742,7.50903],[-59.66944,7.51006],[-59.67194,7.51188],[-59.67325,7.51241],[-59.67479,7.51272],[-59.67759,7.51292],[-59.67979,7.51274],[-59.68284,7.51137],[-59.68539,7.50953],[-59.68758,7.50916],[-59.6898,7.50909],[-59.69241,7.50938],[-59.69356,7.50991],[-59.6954,7.51115],[-59.69653,7.51226],[-59.69879,7.51541],[-59.70022,7.5168],[-59.70144,7.51767],[-59.70203,7.51929],[-59.7044,7.5221],[-59.7062,7.52353],[-59.70859,7.52615],[-59.70989,7.52888]]]},"properties":{"Name":"Chinese Landing","Region":1,"Grant_No":"G7777","Acres":19920,"Plan_Numbe":23703}},
{"type":"Feature","geometry":{"type":"Polygon","coordinates":[[[-59.82385,8.17168],[-59.82599,8.17268],[-59.82923,8.17313],[-59.83041,8.17232],[-59.83156,8.17106],[-59.83234,8.16863],[-59.83005,8.16572],[-59.82922,8.16516],[-59.82695,8.16478],[-59.82247,8.1629],[-59.8213,8.16454],[-59.82187,8.1651],[-59.82042,8.16669],[-59.82186,8.168],[-59.82385,8.17168]]]},"properties":{"Name":"Bunbury Hill","Region":1,"Grant_No":"G7794","Acres":229,"Plan_Numbe":23711}},
{"type":"Feature","geometry":{"type":"Polygon","coordinates":[[[-59.22895,7.7281],[-59.22928,7.7289],[-59.23129,7.7302],[-59.23195,7.73117],[-59.23297,7.73099],[-59.23358,7.73044],[-59.23529,7.73014],[-59.23638,7.72955],[-59.2379,7.72809],[-59.23856,7.72773],[-59.24049,7.72808],[-59.24151,7.72862],[-59.24198,7.72836],[-59.24326,7.72886],[-59.24445,7.7281],[-59.24502,7.72406],[-59.24527,7.7229],[-59.2462,7.72006],[-59.24688,7.71871],[-59.2497,7.71387],[-59.25251,7.70932],[-59.25312,7.7075],[-59.25347,7.70524],[-59.2535,7.70292],[-59.25304,7.69882],[-59.25241,7.69715],[-59.25175,7.69621],[-59.24634,7.69112],[-59.24458,7.68899],[-59.24216,7.6854],[-59.24043,7.68164],[-59.23913,7.67809],[-59.23847,7.67569],[-59.23787,7.67217],[-59.23793,7.67072],[-59.23757,7.6652],[-59.23738,7.66386],[-59.23748,7.66161],[-59.23743,7.65772],[-59.23731,7.65605],[-59.23755,7.6538],[-59.23794,7.65198],[-59.23866,7.64998],[-59.23952,7.64831],[-59.23934,7.64733],[-59.23794,7.6449],[-59.236,7.64237],[-59.22987,7.63968],[-59.2279,7.63791],[-59.22702,7.63661],[-59.22661,7.63545],[-59.22582,7.63113],[-59.22472,7.62812],[-59.22325,7.62635],[-59.22117,7.62549],[-59.21819,7.62579],[-59.2167,7.62635],[-59.21266,7.62709],[-59.20684,7.62749],[-59.20484,7.62772],[-59.20124,7.6289],[-59.19947,7.6301],[-59.19627,7.63193],[-59.19497,7.63245],[-59.19144,7.63334],[-59.18938,7.63347],[-59.18932,7.63441],[-59.18981,7.63484],[-59.19167,7.64017],[-59.19181,7.6415],[-59.19125,7.64388],[-59.19112,7.64524],[-59.19127,7.6475],[-59.1921,7.6488],[-59.19274,7.65209],[-59.19281,7.65327],[-59.19329,7.6537],[-59.19489,7.65409],[-59.19628,7.65557],[-59.19546,7.65743],[-59.19528,7.6591],[-59.19485,7.66027],[-59.19279,7.66307],[-59.19254,7.66358],[-59.19116,7.67063],[-59.18109,7.68143],[-59.16333,7.68167],[-59.15774,7.69197],[-59.1516,7.6871],[-59.14971,7.68708],[-59.14887,7.68773],[-59.14878,7.69075],[-59.14784,7.69246],[-59.14854,7.69333],[-59.14841,7.6962],[-59.14889,7.69845],[-59.15105,7.70123],[-59.15211,7.70217],[-59.15463,7.70365],[-59.15588,7.70477],[-59.15719,7.70643],[-59.15745,7.70759],[-59.15674,7.7101],[-59.15703,7.71082],[-59.15765,7.71104],[-59.15934,7.71266],[-59.15996,7.7144],[-59.16099,7.7164],[-59.16301,7.71871],[-59.16717,7.7217],[-59.16871,7.72249],[-59.17009,7.72292],[-59.17235,7.72317],[-59.17355,7.72312],[-59.17719,7.72267],[-59.18025,7.72273],[-59.18174,7.7225],[-59.18618,7.72248],[-59.1876,7.72309],[-59.19026,7.72246],[-59.19135,7.72205],[-59.1932,7.72045],[-59.19703,7.7165],[-59.19779,7.71559],[-59.20062,7.71329],[-59.2032,7.71204],[-59.20662,7.71104],[-59.20767,7.7106],[-59.21047,7.71062],[-59.21248,7.71105],[-59.21419,7.71217],[-59.21519,7.71409],[-59.2153,7.71547],[-59.21571,7.71623],[-59.2155,7.7175],[-59.21555,7.71997],[-59.21679,7.72192],[-59.21698,7.72308],[-59.21864,7.72649],[-59.22006,7.72688],[-59.22122,7.7268],[-59.22443,7.72795],[-59.2264,7.72757],[-59.22694,7.72681],[-59.22749,7.72691],[-59.22895,7.7281]]]},"properties":{"Name":"Little Kaniballi","Region":1,"Grant_No":"G7719","Acres":18391,"Plan_Numbe":0}},
{"type":"Feature","geometry":{"type":"Polygon","coordinates":[[[-59.28785,3.85986],[-59.28674,3.86135],[-59.28447,3.86264],[-59.28431,3.86434],[-59.28425,3.86916],[-59.28447,3.87166],[-59.28516,3.8732],[-59.28525,3.87511],[-59.28504,3.87642],[-59.28517,3.87761],[-59.28634,3.88133],[-59.28742,3.88409],[-59.28815,3.88675],[-59.28935,3.88853],[-59.29112,3.89375],[-59.29182,3.89429],[-59.29347,3.89504],[-59.29381,3.89621],[-59.29347,3.89777],[-59.29107,3.90154],[-59.28911,3.90375],[-59.28673,3.90678],[-59.2829,3.91137],[-59.28068,3.91334],[-59.2797,3.91456],[-59.27954,3.91528],[-59.2767,3.91651],[-59.2738,3.91683],[-59.27307,3.9182],[-59.2732,3.91949],[-59.27387,3.92128],[-59.2747,3.92283],[-59.27547,3.92351],[-59.27747,3.92446],[-59.2781,3.92422],[-59.27849,3.9228],[-59.27976,3.92224],[-59.28062,3.92254],[-59.28111,3.92432],[-59.28084,3.92526],[-59.27909,3.92645],[-59.27661,3.92861],[-59.27324,3.93267],[-59.27249,3.93346],[-59.27087,3.934],[-59.30672,3.93447],[-59.32796,3.93475],[-59.32791,3.93178],[-59.32819,3.91327],[-59.35399,3.88581],[-59.3539,3.88407],[-59.35297,3.86671],[-59.35124,3.86659],[-59.34877,3.86689],[-59.34789,3.86673],[-59.34689,3.86609],[-59.34565,3.86463],[-59.3447,3.86415],[-59.3435,3.86449],[-59.34301,3.86526],[-59.34211,3.86767],[-59.34199,3.86855],[-59.34142,3.86992],[-59.34122,3.87149],[-59.34066,3.87372],[-59.33927,3.87635],[-59.33897,3.87827],[-59.33774,3.8789],[-59.33401,3.87733],[-59.33365,3.8764],[-59.33427,3.87427],[-59.33414,3.87267],[-59.33383,3.87158],[-59.33285,3.87084],[-59.33195,3.86962],[-59.32819,3.8692],[-59.32754,3.86901],[-59.32727,3.86818],[-59.32631,3.86777],[-59.32535,3.86619],[-59.32542,3.86484],[-59.32445,3.86445],[-59.32309,3.86463],[-59.3217,3.86426],[-59.32114,3.86473],[-59.3212,3.86665],[-59.32092,3.86725],[-59.31988,3.86657],[-59.31864,3.86684],[-59.31777,3.8685],[-59.31758,3.8699],[-59.3181,3.87087],[-59.3181,3.87191],[-59.3176,3.87197],[-59.31642,3.87103],[-59.31598,3.86929],[-59.31554,3.86884],[-59.31378,3.86894],[-59.31257,3.86966],[-59.31147,3.86905],[-59.31104,3.86708],[-59.31046,3.86657],[-59.30839,3.86651],[-59.30778,3.86737],[-59.30714,3.86665],[-59.30631,3.8666],[-59.30589,3.86775],[-59.30669,3.86892],[-59.30487,3.86891],[-59.30292,3.86843],[-59.30131,3.86883],[-59.29959,3.86802],[-59.29853,3.86644],[-59.29902,3.86531],[-59.29972,3.86524],[-59.30117,3.86381],[-59.30197,3.86345],[-59.30217,3.86259],[-59.30111,3.8609],[-59.29967,3.86011],[-59.29854,3.85898],[-59.29783,3.8589],[-59.29732,3.85762],[-59.29609,3.858],[-59.29602,3.85843],[-59.29273,3.85895],[-59.29095,3.85868],[-59.28959,3.85897],[-59.28865,3.85971],[-59.28785,3.85986]]]},"properties":{"Name":"Massara","Region":9,"Grant_No":"G7746","Acres":11618,"Plan_Numbe":23631}},
{"type":"Feature","geometry":{"type":"Polygon","coordinates":[[[-59.66892,4.37534],[-59.66923,4.37481],[-59.66958,4.37282],[-59.67037,4.37134],[-59.67088,4.371],[-59.67271,4.37097],[-59.67364,4.36971],[-59.67507,4.36947],[-59.67557,4.36894],[-59.67641,4.36888],[-59.67703,4.36839],[-59.67879,4.36902],[-59.67983,4.36851],[-59.68057,4.36684],[-59.682,4.36506],[-59.68217,4.3641],[-59.68295,4.36298],[-59.68286,4.36059],[-59.68218,4.35893],[-59.6816,4.35824],[-59.68091,4.35665],[-59.68023,4.35652],[-59.67925,4.35712],[-59.67874,4.35703],[-59.67778,4.35422],[-59.6782,4.35246],[-59.67762,4.35079],[-59.67687,4.34976],[-59.6755,4.34836],[-59.67557,4.3469],[-59.67607,4.34611],[-59.67818,4.34434],[-59.67864,4.34369],[-59.67907,4.34128],[-59.68303,4.33912],[-59.68429,4.33911],[-59.68566,4.33664],[-59.6866,4.33641],[-59.6899,4.33517],[-59.69146,4.33378],[-59.6921,4.33258],[-59.69452,4.32977],[-59.69566,4.32888],[-59.69648,4.32724],[-59.69732,4.32664],[-59.69846,4.32426],[-59.69863,4.32358],[-59.69973,4.32295],[-59.70068,4.32274],[-59.70155,4.32195],[-59.7038,4.31881],[-59.70428,4.31848],[-59.70526,4.31631],[-59.70467,4.31428],[-59.70419,4.31338],[-59.70332,4.31267],[-59.70263,4.31093],[-59.70258,4.3096],[-59.70377,4.30679],[-59.7046,4.30586],[-59.70566,4.30564],[-59.70665,4.3048],[-59.70658,4.30397],[-59.70788,4.3042],[-59.70826,4.30538],[-59.70927,4.3064],[-59.71033,4.30653],[-59.7117,4.30624],[-59.71299,4.30418],[-59.71533,4.30405],[-59.71712,4.30312],[-59.71836,4.30165],[-59.71846,4.29984],[-59.7193,4.29773],[-59.72027,4.29581],[-59.72348,4.293],[-59.7238,4.29243],[-59.7255,4.29062],[-59.72652,4.29],[-59.72779,4.28819],[-59.72857,4.28774],[-59.72973,4.28758],[-59.73089,4.28662],[-59.73146,4.28582],[-59.73187,4.28389],[-59.7317,4.28328],[-59.73005,4.28237],[-59.7286,4.28114],[-59.72833,4.27913],[-59.72859,4.278],[-59.72937,4.27721],[-59.73034,4.27724],[-59.73122,4.27614],[-59.73302,4.27492],[-59.73335,4.27394],[-59.73328,4.27305],[-59.73236,4.27203],[-59.73205,4.27112],[-59.73059,4.26955],[-59.72894,4.2686],[-59.72768,4.26838],[-59.72579,4.26886],[-59.724,4.27012],[-59.72245,4.2718],[-59.72233,4.27223],[-59.71999,4.27517],[-59.71923,4.27546],[-59.71689,4.27412],[-59.71637,4.27407],[-59.71507,4.27312],[-59.71386,4.27259],[-59.71153,4.27217],[-59.71031,4.27004],[-59.70852,4.26847],[-59.70851,4.26772],[-59.70901,4.26698],[-59.71,4.26666],[-59.71042,4.26583],[-59.71122,4.26525],[-59.71317,4.26487],[-59.71538,4.26387],[-59.71713,4.26258],[-59.72047,4.25859],[-59.72268,4.25659],[-59.72339,4.25554],[-59.72453,4.25431],[-59.72599,4.25216],[-59.72738,4.25039],[-59.72997,4.24744],[-59.73179,4.24422],[-59.73246,4.24339],[-59.73412,4.24217],[-59.7357,4.24027],[-59.73621,4.23906],[-59.73735,4.23702],[-59.73903,4.23525],[-59.73914,4.23376],[-59.73801,4.23238],[-59.73769,4.2315],[-59.73597,4.22996],[-59.73531,4.22902],[-59.73461,4.22668],[-59.73422,4.2264],[-59.73385,4.22503],[-59.73402,4.22432],[-59.73481,4.22338],[-59.73546,4.22182],[-59.73514,4.22008],[-59.73547,4.21798],[-59.73584,4.2175],[-59.73705,4.21707],[-59.73738,4.2154],[-59.73782,4.21483],[-59.73783,4.2126],[-59.73737,4.21123],[-59.73608,4.21209],[-59.73576,4.2119],[-59.73742,4.21072],[-59.73713,4.20955],[-59.73613,4.20929],[-59.73543,4.20845],[-59.7353,4.20727],[-59.73481,4.20629],[-59.73419,4.20613],[-59.73307,4.205],[-59.73319,4.20339],[-59.7329,4.20186],[-59.73246,4.2013],[-59.7314,4.19756],[-59.72989,4.19635],[-59.73015,4.19504],[-59.72869,4.19425],[-59.72877,4.19336],[-59.72832,4.19224],[-59.72653,4.19088],[-59.72549,4.18988],[-59.72504,4.18823],[-59.7255,4.18716],[-59.72682,4.18666],[-59.72756,4.18612],[-59.72807,4.18508],[-59.72943,4.18441],[-59.73055,4.18251],[-59.73081,4.18159],[-59.73035,4.18093],[-59.72906,4.18048],[-59.72775,4.17956],[-59.72586,4.17935],[-59.72329,4.17638],[-59.72234,4.17491],[-59.72154,4.17289],[-59.7211,4.17227],[-59.71943,4.17079],[-59.71925,4.16947],[-59.71962,4.16917],[-59.71955,4.16809],[-59.71921,4.16836],[-59.71887,4.16754],[-59.7182,4.16717],[-59.71656,4.16698],[-59.7159,4.1673],[-59.71392,4.16697],[-59.71298,4.16653],[-59.71093,4.16482],[-59.71025,4.16388],[-59.70832,4.16261],[-59.70661,4.16173],[-59.70515,4.16118],[-59.70323,4.16154],[-59.70173,4.16102],[-59.7005,4.16005],[-59.69968,4.15866],[-59.69805,4.15686],[-59.69718,4.1553],[-59.69511,4.15366],[-59.69394,4.15364],[-59.69196,4.1525],[-59.69088,4.15209],[-59.68998,4.15139],[-59.68845,4.15107],[-59.68715,4.15146],[-59.68693,4.15001],[-59.68654,4.14962],[-59.68493,4.1495],[-59.68449,4.14896],[-59.68453,4.14792],[-59.68417,4.14745],[-59.68328,4.14764],[-59.68177,4.14752],[-59.68087,4.14772],[-59.67997,4.14861],[-59.67917,4.14841],[-59.67848,4.14876],[-59.67768,4.14846],[-59.67746,4.14775],[-59.67634,4.14706],[-59.67505,4.14704],[-59.67419,4.14741],[-59.67248,4.14751],[-59.67112,4.14669],[-59.66808,4.14531],[-59.66614,4.14482],[-59.6651,4.14511],[-59.66451,4.14671],[-59.66207,4.14746],[-59.6611,4.14737],[-59.65888,4.14664],[-59.65888,4.1463],[-59.65759,4.14682],[-59.65666,4.14689],[-59.65483,4.14744],[-59.65349,4.14675],[-59.65097,4.14687],[-59.65,4.14674],[-59.64855,4.14564],[-59.64635,4.14558],[-59.64553,4.14526],[-59.64446,4.14539],[-59.64327,4.1451],[-59.6426,4.14449],[-59.64092,4.14419],[-59.63524,4.14253],[-59.63427,4.14114],[-59.63338,4.14054],[-59.63241,4.13929],[-59.63049,4.13882],[-59.6279,4.13844],[-59.62622,4.13747],[-59.62447,4.13583],[-59.62293,4.1349],[-59.6214,4.13422],[-59.62112,4.13355],[-59.61862,4.13295],[-59.61855,4.13224],[-59.62038,4.13115],[-59.62113,4.13106],[-59.62156,4.1298],[-59.62278,4.12911],[-59.62403,4.12631],[-59.62465,4.12687],[-59.62491,4.12602],[-59.62495,4.12421],[-59.62535,4.12336],[-59.62466,4.12326],[-59.62474,4.12105],[-59.62495,4.12051],[-59.62482,4.11921],[-59.62514,4.11856],[-59.62752,4.11528],[-59.63036,4.11311],[-59.63169,4.11161],[-59.63128,4.1104],[-59.6331,4.10596],[-59.63447,4.10455],[-59.63621,4.10075],[-59.63663,4.09934],[-59.63674,4.09815],[-59.63731,4.09724],[-59.63775,4.09716],[-59.63811,4.09614],[-59.63763,4.09536],[-59.63926,4.09373],[-59.63995,4.09252],[-59.64113,4.09137],[-59.64294,4.08926],[-59.64448,4.08765],[-59.64527,4.08501],[-59.64636,4.08308],[-59.64752,4.08018],[-59.65013,4.0761],[-59.65179,4.07436],[-59.65408,4.07139],[-59.65421,4.07007],[-59.65349,4.06921],[-59.65115,4.06915],[-59.64942,4.06848],[-59.64694,4.06793],[-59.64476,4.06805],[-59.64252,4.06784],[-59.64168,4.06717],[-59.64135,4.06648],[-59.64026,4.06244],[-59.63952,4.0612],[-59.63689,4.05866],[-59.63401,4.05616],[-59.63293,4.05501],[-59.63216,4.05519],[-59.63058,4.05439],[-59.63008,4.05329],[-59.629,4.05256],[-59.62625,4.05441],[-59.62431,4.05448],[-59.62056,4.05388],[-59.6184,4.05305],[-59.61701,4.0508],[-59.6174,4.04976],[-59.61729,4.04855],[-59.61908,4.04391],[-59.6198,4.04006],[-59.61952,4.03846],[-59.61828,4.03755],[-59.61667,4.03684],[-59.61559,4.03607],[-59.61032,4.03331],[-59.60833,4.03248],[-59.606,4.03173],[-59.6051,4.03162],[-59.60268,4.03094],[-59.60201,4.03046],[-59.60134,4.02923],[-59.60136,4.02793],[-59.60247,4.02535],[-59.6029,4.02388],[-59.60278,4.022],[-59.60226,4.02064],[-59.60064,4.01822],[-59.60061,4.01698],[-59.60149,4.01553],[-59.60254,4.01455],[-59.60343,4.01423],[-59.60537,4.01415],[-59.60618,4.01437],[-59.60772,4.01532],[-59.60949,4.01717],[-59.61068,4.01862],[-59.61141,4.01887],[-59.61262,4.01878],[-59.61335,4.01805],[-59.61341,4.01725],[-59.61307,4.01614],[-59.61118,4.01433],[-59.60915,4.0117],[-59.60863,4.00975],[-59.60715,4.00763],[-59.60655,4.00731],[-59.60485,4.0076],[-59.60356,4.00843],[-59.60212,4.01029],[-59.6009,4.01153],[-59.59969,4.01305],[-59.59822,4.01576],[-59.5965,4.01808],[-59.59575,4.01854],[-59.59378,4.01802],[-59.59311,4.01677],[-59.59325,4.0143],[-59.59266,4.01168],[-59.59158,4.00955],[-59.59145,4.00829],[-59.59164,4.00686],[-59.59241,4.00567],[-59.59493,4.00429],[-59.59652,4.00278],[-59.59689,4.00177],[-59.59661,4.00121],[-59.59517,4.00113],[-59.59404,4.00076],[-59.59262,3.99951],[-59.59072,3.99706],[-59.58965,3.99539],[-59.58782,3.99442],[-59.58574,3.99418],[-59.58461,3.99539],[-59.58422,3.99772],[-59.58494,4.00066],[-59.58506,4.0022],[-59.58472,4.00295],[-59.58407,4.00331],[-59.58222,4.00375],[-59.5816,4.00352],[-59.57973,4.00148],[-59.57841,3.99886],[-59.57799,3.99644],[-59.57764,3.99595],[-59.57541,3.99506],[-59.57458,3.99313],[-59.57244,3.98983],[-59.57229,3.9888],[-59.57161,3.9873],[-59.57191,3.98655],[-59.57411,3.98564],[-59.57812,3.98366],[-59.5804,3.98232],[-59.58215,3.98111],[-59.58453,3.97785],[-59.58615,3.9762],[-59.58636,3.97522],[-59.5849,3.97008],[-59.5843,3.96894],[-59.58336,3.96851],[-59.58202,3.96833],[-59.57983,3.9686],[-59.57737,3.96913],[-59.57406,3.97034],[-59.5721,3.9705],[-59.57073,3.96992],[-59.56998,3.96932],[-59.56869,3.96762],[-59.5681,3.96601],[-59.56707,3.96508],[-59.56629,3.96525],[-59.56665,3.9675],[-59.56642,3.96983],[-59.56586,3.97062],[-59.563,3.97276],[-59.561,3.97331],[-59.55977,3.97474],[-59.55917,3.97693],[-59.55846,3.97818],[-59.5569,3.97951],[-59.55568,3.97986],[-59.55406,3.97995],[-59.55193,3.97969],[-59.54806,3.97866],[-59.54488,3.97995],[-59.54388,3.97891],[-59.54379,3.97581],[-59.54404,3.97358],[-59.5438,3.97298],[-59.54208,3.97194],[-59.54029,3.97172],[-59.53727,3.97203],[-59.53589,3.97234],[-59.53318,3.97158],[-59.53053,3.96938],[-59.52877,3.97013],[-59.52761,3.96967],[-59.52653,3.96963],[-59.52591,3.96897],[-59.52554,3.96758],[-59.5255,3.96616],[-59.52507,3.96391],[-59.52461,3.96308],[-59.52228,3.95987],[-59.52131,3.95813],[-59.51902,3.95554],[-59.51899,3.95439],[-59.51931,3.95391],[-59.52187,3.95277],[-59.52225,3.95175],[-59.52193,3.95096],[-59.5207,3.94986],[-59.51617,3.9471],[-59.51529,3.94636],[-59.51492,3.94552],[-59.5153,3.94469],[-59.51728,3.94396],[-59.51968,3.94269],[-59.52148,3.94147],[-59.52524,3.93929],[-59.52616,3.9385],[-59.52591,3.93716],[-59.52537,3.93589],[-59.52428,3.93435],[-59.52293,3.93278],[-59.52307,3.93159],[-59.52371,3.93085],[-59.52395,3.92922],[-59.39613,3.93089],[-59.32791,3.93178],[-59.32796,3.93475],[-59.32847,3.96706],[-59.32874,3.96717],[-59.34684,3.97353],[-59.42742,4.00181],[-59.4242,4.01037],[-59.42999,4.02467],[-59.42826,4.03046],[-59.42178,4.03977],[-59.41717,4.04188],[-59.41646,4.04311],[-59.41188,4.04589],[-59.39077,4.08411],[-59.36684,4.0756],[-59.35241,4.06801],[-59.35419,4.09627],[-59.35505,4.12382],[-59.35536,4.13958],[-59.33727,4.14452],[-59.33465,4.15684],[-59.33241,4.16648],[-59.32991,4.1788],[-59.32824,4.1835],[-59.32974,4.18486],[-59.34767,4.19386],[-59.35529,4.20569],[-59.36094,4.2075],[-59.3849,4.21309],[-59.40391,4.2142],[-59.42279,4.21558],[-59.42545,4.21674],[-59.42968,4.22077],[-59.43599,4.22648],[-59.4349,4.23006],[-59.43017,4.23145],[-59.42719,4.23152],[-59.42467,4.2357],[-59.42124,4.23929],[-59.42209,4.24117],[-59.42132,4.24333],[-59.41583,4.25181],[-59.41112,4.2584],[-59.40724,4.26473],[-59.40349,4.26904],[-59.39908,4.27258],[-59.39597,4.27592],[-59.39673,4.27725],[-59.40456,4.28443],[-59.40597,4.288],[-59.40634,4.29113],[-59.40708,4.2936],[-59.40832,4.29663],[-59.4092,4.30079],[-59.4103,4.30259],[-59.41077,4.30612],[-59.41302,4.31205],[-59.4144,4.31755],[-59.4153,4.32048],[-59.41728,4.32577],[-59.41755,4.32817],[-59.41893,4.33207],[-59.42271,4.3419],[-59.42818,4.35675],[-59.43313,4.36934],[-59.4309,4.37745],[-59.43041,4.37962],[-59.42788,4.38823],[-59.42716,4.3911],[-59.43227,4.39952],[-59.43444,4.40245],[-59.43568,4.40708],[-59.4358,4.41185],[-59.43468,4.41495],[-59.43322,4.41659],[-59.43309,4.41742],[-59.43459,4.41859],[-59.43603,4.42168],[-59.43623,4.42362],[-59.43246,4.42883],[-59.43228,4.4324],[-59.43275,4.43513],[-59.43485,4.43649],[-59.43685,4.43875],[-59.43928,4.44115],[-59.44082,4.44344],[-59.44368,4.44493],[-59.44418,4.44596],[-59.44452,4.4479],[-59.44506,4.4496],[-59.44679,4.45172],[-59.44839,4.45332],[-59.45006,4.45531],[-59.452,4.45831],[-59.45386,4.45914],[-59.45616,4.46056],[-59.45696,4.46229],[-59.45949,4.46395],[-59.46099,4.46558],[-59.46159,4.46755],[-59.4619,4.46921],[-59.46217,4.47185],[-59.46258,4.47355],[-59.46398,4.47521],[-59.46462,4.47701],[-59.46479,4.47847],[-59.46058,4.48135],[-59.45946,4.48443],[-59.45963,4.48606],[-59.46086,4.48702],[-59.46193,4.48862],[-59.4615,4.49005],[-59.46178,4.49195],[-59.46199,4.49509],[-59.46249,4.49712],[-59.4611,4.49896],[-59.45994,4.49963],[-59.45998,4.50056],[-59.45957,4.50159],[-59.4992,4.50091],[-59.50017,4.49992],[-59.50095,4.49988],[-59.50324,4.49888],[-59.50438,4.49801],[-59.50567,4.49807],[-59.50656,4.49752],[-59.50694,4.49667],[-59.50903,4.49417],[-59.50938,4.4941],[-59.51128,4.49531],[-59.51288,4.49544],[-59.51332,4.49576],[-59.51355,4.49769],[-59.51421,4.49825],[-59.51584,4.4978],[-59.51779,4.49615],[-59.51885,4.49571],[-59.52022,4.49461],[-59.52211,4.49392],[-59.52287,4.49424],[-59.52346,4.49538],[-59.52439,4.49628],[-59.52441,4.49695],[-59.5279,4.49689],[-59.5295,4.49722],[-59.53066,4.49722],[-59.53163,4.49752],[-59.53299,4.49743],[-59.53498,4.49801],[-59.53632,4.4964],[-59.53715,4.49602],[-59.53868,4.49432],[-59.54,4.49323],[-59.54151,4.49284],[-59.54295,4.49147],[-59.54385,4.48971],[-59.54531,4.48815],[-59.54675,4.48764],[-59.54862,4.48669],[-59.55076,4.48631],[-59.55186,4.48554],[-59.55361,4.48486],[-59.55463,4.485],[-59.55592,4.48407],[-59.55669,4.48303],[-59.55748,4.48261],[-59.55892,4.48126],[-59.55943,4.48007],[-59.56026,4.47945],[-59.56201,4.47884],[-59.56337,4.47674],[-59.56418,4.47618],[-59.56497,4.47605],[-59.56628,4.47536],[-59.56736,4.47402],[-59.56857,4.4733],[-59.56916,4.47213],[-59.57054,4.47094],[-59.57074,4.47033],[-59.57005,4.46961],[-59.57046,4.46866],[-59.57132,4.46788],[-59.57148,4.46661],[-59.57222,4.46586],[-59.57476,4.46435],[-59.5759,4.46518],[-59.57841,4.46475],[-59.57966,4.4636],[-59.58191,4.46246],[-59.58516,4.46008],[-59.58531,4.45952],[-59.58481,4.45902],[-59.58368,4.45866],[-59.58325,4.45766],[-59.58215,4.45698],[-59.58273,4.45587],[-59.58369,4.45546],[-59.58369,4.45483],[-59.58214,4.45417],[-59.58138,4.45343],[-59.58111,4.45212],[-59.58157,4.45121],[-59.58225,4.45082],[-59.58446,4.44899],[-59.58545,4.44838],[-59.58735,4.44798],[-59.58881,4.44903],[-59.58923,4.44901],[-59.58965,4.44766],[-59.59072,4.44579],[-59.59015,4.44348],[-59.5896,4.4421],[-59.59003,4.44102],[-59.58993,4.43969],[-59.59106,4.43843],[-59.59197,4.43614],[-59.5927,4.43475],[-59.59394,4.43375],[-59.59538,4.43332],[-59.59631,4.43205],[-59.59823,4.42788],[-59.59863,4.42661],[-59.59867,4.42546],[-59.5979,4.42335],[-59.5965,4.4207],[-59.59561,4.41995],[-59.59678,4.41773],[-59.59783,4.41624],[-59.59796,4.41431],[-59.59848,4.41335],[-59.59834,4.41223],[-59.59762,4.41106],[-59.59581,4.41138],[-59.59503,4.41091],[-59.59522,4.40972],[-59.59686,4.40801],[-59.5977,4.40775],[-59.59995,4.40794],[-59.60054,4.40691],[-59.60156,4.40675],[-59.60212,4.40523],[-59.60272,4.40488],[-59.60392,4.40513],[-59.60463,4.40442],[-59.60492,4.40273],[-59.60536,4.4019],[-59.60686,4.40087],[-59.60707,4.40003],[-59.60694,4.39893],[-59.6074,4.39781],[-59.60802,4.39561],[-59.609,4.39458],[-59.60977,4.39538],[-59.61365,4.39582],[-59.61469,4.39632],[-59.61687,4.39624],[-59.61764,4.39491],[-59.61871,4.39388],[-59.6198,4.39319],[-59.62228,4.39128],[-59.62461,4.38996],[-59.62828,4.38831],[-59.63228,4.38681],[-59.63397,4.38483],[-59.63502,4.38551],[-59.63583,4.38561],[-59.63654,4.38482],[-59.6363,4.38432],[-59.63499,4.38305],[-59.63526,4.38172],[-59.6367,4.37998],[-59.63733,4.37955],[-59.63903,4.37992],[-59.64034,4.37915],[-59.64251,4.3797],[-59.64281,4.38008],[-59.64258,4.38111],[-59.64303,4.38136],[-59.64447,4.38077],[-59.64547,4.38141],[-59.64626,4.38259],[-59.64757,4.38345],[-59.64906,4.38511],[-59.65013,4.38472],[-59.65067,4.38486],[-59.65112,4.3859],[-59.65165,4.38614],[-59.65315,4.38519],[-59.6537,4.38458],[-59.65734,4.38194],[-59.65909,4.38075],[-59.66088,4.37975],[-59.66325,4.38003],[-59.66408,4.37871],[-59.66547,4.37714],[-59.66571,4.37555],[-59.66633,4.37444],[-59.66755,4.37347],[-59.66791,4.37355],[-59.66892,4.37534]]]},"properties":{"Name":"Karasabai (Homesteads)","Region":9,"Grant_No":"G7775","Acres":423208,"Plan_Numbe":23713}},
{"type":"Feature","geometry":{"type":"Polygon","coordinates":[[[-59.99058,4.5698],[-59.99111,4.57039],[-59.99228,4.57043],[-59.99399,4.57194],[-59.99566,4.5724],[-59.99659,4.57375],[-59.99716,4.57401],[-59.99769,4.57494],[-59.99871,4.57611],[-59.99914,4.57625],[-59.99984,4.5757],[-60.00041,4.57596],[-60.00073,4.57701],[-60.00187,4.57693],[-60.00225,4.57814],[-60.00271,4.57823],[-60.00457,4.57739],[-60.00589,4.57652],[-60.00715,4.57595],[-60.00909,4.57462],[-60.01042,4.5745],[-60.01199,4.57379],[-60.01352,4.57385],[-60.01516,4.5742],[-60.01669,4.57526],[-60.01733,4.57545],[-60.01957,4.57665],[-60.02138,4.57694],[-60.02358,4.57762],[-60.02418,4.57846],[-60.02559,4.57887],[-60.02613,4.57966],[-60.0268,4.57975],[-60.02852,4.57914],[-60.03081,4.57791],[-60.03221,4.57795],[-60.03276,4.57752],[-60.03496,4.57792],[-60.03567,4.57724],[-60.03737,4.57717],[-60.03796,4.57788],[-60.03958,4.57851],[-60.03983,4.57959],[-60.04044,4.58071],[-60.0407,4.58278],[-60.0416,4.58409],[-60.04212,4.58443],[-60.04323,4.58445],[-60.04446,4.58401],[-60.04649,4.58445],[-60.04871,4.58304],[-60.05024,4.58246],[-60.05292,4.58317],[-60.05357,4.58445],[-60.05582,4.58565],[-60.05508,4.58643],[-60.05455,4.58782],[-60.05382,4.58843],[-60.05243,4.59065],[-60.05245,4.59141],[-60.05186,4.59315],[-60.04998,4.59592],[-60.05011,4.59664],[-60.051,4.59743],[-60.05245,4.59725],[-60.05437,4.5978],[-60.0558,4.59766],[-60.05858,4.59845],[-60.06968,4.62018],[-60.06969,4.61827],[-60.07028,4.61678],[-60.07075,4.61631],[-60.0726,4.61529],[-60.07396,4.61476],[-60.0765,4.61569],[-60.07756,4.61535],[-60.07809,4.61438],[-60.07964,4.61318],[-60.08119,4.61284],[-60.08404,4.6111],[-60.08441,4.61033],[-60.08578,4.60854],[-60.08751,4.607],[-60.08994,4.60532],[-60.09151,4.60542],[-60.09216,4.60617],[-60.09391,4.6067],[-60.09478,4.60657],[-60.09487,4.60515],[-60.0959,4.60405],[-60.09701,4.60348],[-60.09819,4.60324],[-60.10047,4.60315],[-60.10158,4.60394],[-60.10249,4.6053],[-60.1043,4.60612],[-60.10551,4.60792],[-60.10628,4.60752],[-60.1077,4.6078],[-60.10844,4.6074],[-60.11043,4.60394],[-60.11149,4.60351],[-60.11188,4.60278],[-60.11308,4.60211],[-60.11441,4.60268],[-60.11583,4.6039],[-60.11687,4.60437],[-60.11879,4.60472],[-60.11937,4.60453],[-60.12186,4.60467],[-60.12327,4.60489],[-60.12457,4.60367],[-60.12832,4.60073],[-60.12867,4.60024],[-60.12857,4.59925],[-60.13078,4.59617],[-60.13053,4.59491],[-60.12894,4.59044],[-60.12832,4.58657],[-60.12683,4.58371],[-60.12495,4.58224],[-60.12293,4.5812],[-60.12225,4.57972],[-60.12318,4.57775],[-60.12392,4.5767],[-60.12668,4.57523],[-60.12847,4.57491],[-60.12904,4.57512],[-60.12964,4.57605],[-60.13065,4.577],[-60.13331,4.57881],[-60.13395,4.57948],[-60.13624,4.58081],[-60.13756,4.58072],[-60.13898,4.58013],[-60.13997,4.57939],[-60.14056,4.57813],[-60.1399,4.57703],[-60.13776,4.57725],[-60.13744,4.57704],[-60.138,4.57434],[-60.13876,4.57172],[-60.13881,4.57026],[-60.13743,4.56878],[-60.13619,4.56801],[-60.13546,4.56692],[-60.13524,4.56578],[-60.13578,4.56501],[-60.1367,4.56463],[-60.13744,4.56477],[-60.13968,4.56625],[-60.1415,4.56621],[-60.14375,4.56646],[-60.14483,4.56621],[-60.14603,4.56641],[-60.14719,4.56827],[-60.14838,4.56892],[-60.14927,4.57129],[-60.14973,4.5744],[-60.15052,4.5756],[-60.15175,4.57596],[-60.15461,4.57495],[-60.15533,4.57448],[-60.15672,4.57273],[-60.15701,4.57152],[-60.15568,4.56979],[-60.15507,4.56753],[-60.15536,4.56711],[-60.15681,4.56617],[-60.15806,4.563],[-60.1593,4.56179],[-60.16045,4.55997],[-60.16061,4.55795],[-60.16036,4.55556],[-60.15914,4.55427],[-60.15761,4.55387],[-60.15509,4.55234],[-60.15462,4.55147],[-60.15454,4.55047],[-60.1539,4.54965],[-60.15345,4.54798],[-60.15341,4.54666],[-60.15402,4.5447],[-60.15461,4.54386],[-60.15437,4.54284],[-60.15688,4.54108],[-60.15688,4.53982],[-60.15618,4.53903],[-60.15736,4.5376],[-60.15762,4.53662],[-60.1574,4.53522],[-60.15663,4.53417],[-60.15566,4.53386],[-60.15615,4.53363],[-60.15624,4.53257],[-60.15736,4.53124],[-60.15713,4.53087],[-60.15776,4.53041],[-60.15831,4.52501],[-60.1587,4.52411],[-60.15952,4.52366],[-60.16085,4.52192],[-60.1611,4.52074],[-60.16124,4.51842],[-60.16094,4.51782],[-60.15938,4.51707],[-60.15763,4.51517],[-60.15664,4.51353],[-60.15467,4.51249],[-60.15336,4.51254],[-60.1511,4.51183],[-60.14944,4.51182],[-60.14854,4.51226],[-60.14644,4.51248],[-60.14498,4.51319],[-60.14173,4.51431],[-60.13957,4.51451],[-60.13867,4.51488],[-60.13767,4.51487],[-60.13624,4.51408],[-60.13528,4.51261],[-60.13352,4.5116],[-60.13094,4.51053],[-60.13028,4.50992],[-60.12979,4.50889],[-60.12869,4.50808],[-60.12695,4.50774],[-60.12505,4.50802],[-60.12356,4.50737],[-60.12205,4.50592],[-60.12183,4.50406],[-60.12188,4.50277],[-60.12158,4.50213],[-60.12074,4.50185],[-60.11968,4.50222],[-60.11807,4.50213],[-60.11653,4.50282],[-60.11533,4.50398],[-60.11288,4.50533],[-60.1112,4.50562],[-60.11022,4.50558],[-60.10868,4.50477],[-60.10769,4.50462],[-60.10683,4.50498],[-60.10494,4.50723],[-60.10348,4.50783],[-60.1018,4.50828],[-60.1006,4.50933],[-60.10014,4.51059],[-60.09857,4.5128],[-60.09819,4.51399],[-60.09829,4.51504],[-60.09887,4.51536],[-60.09876,4.51606],[-60.09905,4.51778],[-60.09938,4.51853],[-60.1002,4.51932],[-60.10184,4.52005],[-60.10307,4.52087],[-60.10485,4.52298],[-60.10537,4.52474],[-60.10505,4.52588],[-60.10516,4.52653],[-60.10449,4.52726],[-60.10413,4.52819],[-60.10327,4.5288],[-60.10121,4.52922],[-60.09867,4.52851],[-60.09735,4.52835],[-60.09512,4.52768],[-60.09447,4.52795],[-60.09435,4.52897],[-60.0928,4.53024],[-60.09193,4.53217],[-60.091,4.53336],[-60.08988,4.53362],[-60.08795,4.53367],[-60.087,4.53341],[-60.08439,4.53217],[-60.0833,4.53116],[-60.08271,4.52941],[-60.08303,4.52747],[-60.08445,4.52294],[-60.085,4.522],[-60.08538,4.52057],[-60.08633,4.51891],[-60.08646,4.51823],[-60.08579,4.51733],[-60.08476,4.51772],[-60.08291,4.51782],[-60.08177,4.51832],[-60.08174,4.5188],[-60.08249,4.51945],[-60.08223,4.52035],[-60.08066,4.52139],[-60.07991,4.523],[-60.07856,4.52423],[-60.07498,4.525],[-60.07262,4.52512],[-60.0693,4.5242],[-60.06704,4.52379],[-60.06517,4.52257],[-60.06441,4.52152],[-60.06351,4.51933],[-60.06349,4.51818],[-60.06397,4.51697],[-60.06501,4.51666],[-60.06674,4.51665],[-60.06688,4.51335],[-60.06755,4.51122],[-60.0677,4.50911],[-60.06718,4.50771],[-60.0676,4.5064],[-60.0686,4.50626],[-60.06926,4.50524],[-60.06973,4.50299],[-60.07053,4.50099],[-60.07044,4.50056],[-60.0713,4.4999],[-60.07113,4.49801],[-60.07113,4.49484],[-60.07049,4.49344],[-60.06955,4.49325],[-60.06676,4.4944],[-60.06557,4.49524],[-60.06372,4.49594],[-60.06274,4.49523],[-60.06167,4.49506],[-60.05874,4.4953],[-60.05776,4.49574],[-60.05673,4.49572],[-60.0532,4.4945],[-60.05174,4.49473],[-60.04946,4.49462],[-60.04869,4.49414],[-60.04666,4.49444],[-60.04529,4.4948],[-60.04405,4.49448],[-60.04351,4.49336],[-60.04204,4.49227],[-60.04123,4.49246],[-60.04064,4.49179],[-60.03783,4.49114],[-60.03536,4.4908],[-60.03372,4.49078],[-60.03206,4.49106],[-60.03067,4.49222],[-60.02916,4.49281],[-60.02723,4.49307],[-60.02687,4.49359],[-60.02574,4.49431],[-60.0236,4.49434],[-60.02246,4.49406],[-60.0217,4.49339],[-60.02146,4.49265],[-60.01975,4.49176],[-60.01876,4.49033],[-60.01727,4.48978],[-60.01641,4.48978],[-60.01525,4.49056],[-60.01268,4.49138],[-60.0113,4.49256],[-60.01047,4.49429],[-60.00902,4.49562],[-60.00729,4.49579],[-60.00624,4.49545],[-60.00252,4.49532],[-60.00133,4.49466],[-59.99971,4.49301],[-59.99573,4.48958],[-59.99476,4.48827],[-59.99235,4.4875],[-59.99049,4.48645],[-59.98868,4.48565],[-59.98745,4.4859],[-59.98546,4.48603],[-59.9847,4.48627],[-59.9826,4.488],[-59.98132,4.48785],[-59.97942,4.48647],[-59.97751,4.48437],[-59.97365,4.48095],[-59.97246,4.48089],[-59.97188,4.48325],[-59.97303,4.48467],[-59.9749,4.4885],[-59.97482,4.49249],[-59.97469,4.49304],[-59.97398,4.49324],[-59.97434,4.49364],[-59.97302,4.49448],[-59.97232,4.49636],[-59.97217,4.49772],[-59.97237,4.49907],[-59.97228,4.50009],[-59.97175,4.50205],[-59.9712,4.50347],[-59.97161,4.50569],[-59.97308,4.50735],[-59.97313,4.50866],[-59.97457,4.50895],[-59.97569,4.5095],[-59.97642,4.5094],[-59.97815,4.51119],[-59.97801,4.51196],[-59.97837,4.51252],[-59.97817,4.51316],[-59.9792,4.51487],[-59.97898,4.51801],[-59.97863,4.51978],[-59.9777,4.52171],[-59.977,4.52367],[-59.97705,4.52438],[-59.97654,4.52578],[-59.97695,4.52627],[-59.97841,4.52628],[-59.98014,4.52587],[-59.97987,4.52786],[-59.98036,4.52864],[-59.98206,4.52926],[-59.9838,4.52862],[-59.98506,4.52928],[-59.98658,4.52919],[-59.98718,4.52969],[-59.98961,4.53041],[-59.99051,4.53113],[-59.99062,4.53227],[-59.99175,4.53206],[-59.99264,4.53356],[-59.99354,4.53372],[-59.99428,4.53504],[-59.99657,4.53723],[-59.99666,4.53779],[-59.996,4.53855],[-59.99606,4.53962],[-59.99546,4.5402],[-59.99565,4.54146],[-59.99453,4.5424],[-59.99404,4.5435],[-59.99443,4.54437],[-59.99509,4.54469],[-59.99491,4.54523],[-59.99581,4.54551],[-59.99562,4.54626],[-59.99599,4.54663],[-59.99718,4.54681],[-59.99706,4.54821],[-59.99724,4.54905],[-59.99662,4.5492],[-59.99664,4.54992],[-59.99593,4.55034],[-59.995,4.55176],[-59.99509,4.55252],[-59.99461,4.5533],[-59.99516,4.55347],[-59.99533,4.55431],[-59.99464,4.5552],[-59.99523,4.5552],[-59.9949,4.55592],[-59.99545,4.55644],[-59.99607,4.5564],[-59.99529,4.55815],[-59.99473,4.55802],[-59.99402,4.55882],[-59.99323,4.56051],[-59.99257,4.56102],[-59.99254,4.56196],[-59.99204,4.56213],[-59.99213,4.56404],[-59.99173,4.5648],[-59.9904,4.56451],[-59.99092,4.56642],[-59.99148,4.56738],[-59.99068,4.56802],[-59.99022,4.56753],[-59.98965,4.56768],[-59.9899,4.56899],[-59.9909,4.56915],[-59.99058,4.5698]]]},"properties":{"Name":"Kanapang","Region":8,"Grant_No":"G7780","Acres":44482,"Plan_Numbe":23668}},
{"type":"Feature","geometry":{"type":"Polygon","coordinates":[[[-59.16291,3.7912],[-59.16129,3.79092],[-59.15864,3.78993],[-59.15744,3.78922],[-59.15616,3.78886],[-59.15496,3.78878],[-59.15362,3.78792],[-59.15156,3.78771],[-59.14978,3.78788],[-59.14902,3.78827],[-59.14741,3.78862],[-59.14555,3.79001],[-59.14509,3.79091],[-59.14363,3.79482],[-59.14207,3.79727],[-59.13902,3.80027],[-59.13636,3.80203],[-59.13589,3.80193],[-59.12685,3.79195],[-59.12546,3.79069],[-59.12308,3.7896],[-59.12204,3.78952],[-59.1201,3.78842],[-59.11905,3.78819],[-59.11694,3.78809],[-59.11537,3.78773],[-59.11485,3.78823],[-59.11294,3.78875],[-59.112,3.78947],[-59.11122,3.79086],[-59.10932,3.79215],[-59.10794,3.79402],[-59.10705,3.7942],[-59.10598,3.79499],[-59.10429,3.79678],[-59.10311,3.79755],[-59.10214,3.79781],[-59.10032,3.79913],[-59.09917,3.80047],[-59.09919,3.79832],[-59.09859,3.7963],[-59.09845,3.79525],[-59.09842,3.79223],[-59.09817,3.79111],[-59.09824,3.78955],[-59.09806,3.78806],[-59.09724,3.78717],[-59.09624,3.78444],[-59.0955,3.78311],[-59.09407,3.78166],[-59.09327,3.7803],[-59.09242,3.77748],[-59.09203,3.77333],[-59.09125,3.77109],[-59.09034,3.76942],[-59.0894,3.7682],[-59.08744,3.76491],[-59.08602,3.76332],[-59.08494,3.76187],[-59.08392,3.76015],[-59.08353,3.75793],[-59.08194,3.75562],[-59.08136,3.75457],[-59.0819,3.75271],[-59.08214,3.75071],[-59.08187,3.74875],[-59.08183,3.74464],[-59.08205,3.74402],[-59.08198,3.74203],[-59.08209,3.74006],[-59.08176,3.73899],[-59.08108,3.73838],[-59.08043,3.73707],[-59.07942,3.73632],[-59.07748,3.73547],[-59.07627,3.73466],[-59.07522,3.73267],[-59.07546,3.73121],[-59.07501,3.73065],[-59.07484,3.72795],[-59.07502,3.72527],[-59.07432,3.72084],[-59.07413,3.71589],[-59.07166,3.71618],[-59.0703,3.71672],[-59.06917,3.71748],[-59.0688,3.71831],[-59.06748,3.71921],[-59.06626,3.71905],[-59.0656,3.71962],[-59.06332,3.72014],[-59.06302,3.72106],[-59.06149,3.72204],[-59.05848,3.72261],[-59.0571,3.72259],[-59.05576,3.72325],[-59.05242,3.72406],[-59.05162,3.72437],[-59.04939,3.72599],[-59.04714,3.72779],[-59.04559,3.72992],[-59.04463,3.73089],[-59.04409,3.7319],[-59.04289,3.73332],[-59.0416,3.73517],[-59.04092,3.73569],[-59.0393,3.7361],[-59.03784,3.73596],[-59.03575,3.73662],[-59.03331,3.73779],[-59.03223,3.73876],[-59.03002,3.7403],[-59.02812,3.74205],[-59.027,3.74333],[-59.02665,3.7443],[-59.02646,3.74309],[-59.02579,3.74118],[-59.02579,3.73998],[-59.02703,3.73752],[-59.02759,3.73605],[-59.02711,3.73293],[-59.02638,3.73074],[-59.02654,3.72831],[-59.0268,3.7272],[-59.0266,3.7245],[-59.0258,3.72273],[-59.0245,3.72153],[-59.02417,3.72037],[-59.02433,3.71905],[-59.02398,3.71771],[-59.02519,3.71324],[-59.02502,3.71173],[-59.02504,3.70896],[-59.02426,3.70679],[-59.02385,3.70384],[-59.02328,3.70235],[-59.02247,3.69754],[-59.00725,3.69756],[-59.00635,3.70039],[-59.00524,3.70275],[-59.00427,3.70408],[-59.00321,3.70614],[-59.00173,3.71015],[-59.0008,3.7113],[-59.00023,3.71242],[-58.9986,3.71399],[-58.99733,3.71614],[-58.99583,3.71817],[-58.99459,3.72154],[-58.99324,3.72397],[-58.99265,3.7257],[-58.99222,3.72627],[-58.99068,3.7273],[-58.99007,3.72813],[-58.98917,3.7287],[-58.9864,3.72906],[-58.98465,3.72876],[-58.98399,3.72886],[-58.98363,3.73031],[-58.9823,3.73245],[-58.9813,3.73358],[-58.98036,3.73524],[-58.97816,3.73784],[-58.97716,3.73942],[-58.97609,3.74019],[-58.9757,3.74097],[-58.97607,3.7429],[-58.97568,3.74414],[-58.97567,3.74759],[-58.97703,3.74986],[-58.97791,3.7531],[-58.97789,3.75403],[-58.97853,3.75645],[-58.97784,3.75565],[-58.97571,3.75494],[-58.97286,3.75489],[-58.97175,3.75392],[-58.97055,3.75315],[-58.96978,3.75235],[-58.96895,3.75209],[-58.96759,3.75091],[-58.96628,3.75029],[-58.96513,3.75027],[-58.96361,3.74978],[-58.96143,3.74976],[-58.95799,3.74892],[-58.95507,3.74904],[-58.95339,3.74853],[-58.95155,3.74878],[-58.95052,3.74919],[-58.94953,3.74902],[-58.94771,3.7492],[-58.94675,3.74893],[-58.94547,3.74757],[-58.94438,3.74703],[-58.94262,3.74539],[-58.93913,3.74444],[-58.93789,3.74424],[-58.93524,3.74329],[-58.93362,3.74123],[-58.93271,3.74071],[-58.92979,3.73767],[-58.92933,3.73693],[-58.92835,3.73611],[-58.92807,3.73549],[-58.92779,3.73359],[-58.92818,3.73243],[-58.92918,3.73053],[-58.93007,3.72942],[-58.93072,3.72794],[-58.9308,3.72674],[-58.92895,3.72592],[-58.92771,3.72586],[-58.92566,3.72615],[-58.92448,3.72541],[-58.92354,3.72433],[-58.9232,3.72283],[-58.92186,3.72131],[-58.92088,3.71793],[-58.92099,3.71653],[-58.91966,3.71599],[-58.91892,3.71517],[-58.9176,3.71453],[-58.91658,3.71211],[-58.91756,3.71058],[-58.91727,3.70882],[-58.91655,3.70703],[-58.91508,3.70399],[-58.91279,3.70339],[-58.91186,3.70363],[-58.90998,3.70374],[-58.90838,3.70433],[-58.90668,3.70447],[-58.90366,3.70562],[-58.9018,3.70699],[-58.90138,3.70773],[-58.89997,3.70859],[-58.89801,3.7106],[-58.89536,3.71383],[-58.89451,3.71437],[-58.89257,3.71459],[-58.89007,3.71441],[-58.8897,3.71409],[-58.88717,3.71332],[-58.8864,3.71388],[-58.8867,3.71476],[-58.88834,3.71436],[-58.88824,3.71486],[-58.88744,3.71524],[-58.88654,3.71625],[-58.88521,3.71596],[-58.88462,3.71412],[-58.88451,3.71287],[-58.88398,3.7125],[-58.88297,3.71274],[-58.88292,3.71399],[-58.88189,3.71437],[-58.8808,3.71424],[-58.87995,3.71365],[-58.87957,3.71264],[-58.8806,3.71077],[-58.87899,3.71205],[-58.87854,3.7128],[-58.87864,3.71358],[-58.87782,3.71454],[-58.87674,3.71881],[-58.87619,3.72009],[-58.87561,3.72276],[-58.87585,3.72423],[-58.87718,3.72276],[-58.87816,3.72305],[-58.87821,3.7218],[-58.87901,3.72246],[-58.87906,3.72356],[-58.87872,3.72433],[-58.87758,3.72503],[-58.87606,3.7253],[-58.87527,3.72674],[-58.87354,3.72704],[-58.87208,3.72643],[-58.87128,3.72587],[-58.87038,3.72718],[-58.86898,3.72798],[-58.86861,3.72892],[-58.86935,3.7298],[-58.86797,3.73047],[-58.86707,3.73183],[-58.86606,3.73285],[-58.86601,3.73336],[-58.86511,3.73301],[-58.86474,3.73331],[-58.86519,3.73413],[-58.86575,3.7364],[-58.86658,3.73704],[-58.86698,3.73776],[-58.86722,3.73955],[-58.86757,3.74061],[-58.86818,3.74123],[-58.86892,3.74088],[-58.86946,3.74165],[-58.87033,3.74213],[-58.87068,3.7417],[-58.87177,3.74146],[-58.87259,3.74276],[-58.87191,3.74493],[-58.86957,3.74621],[-58.86896,3.74707],[-58.86886,3.74784],[-58.86788,3.74873],[-58.86711,3.75001],[-58.86695,3.75135],[-58.86634,3.75273],[-58.86709,3.7558],[-58.86747,3.75618],[-58.86811,3.75799],[-58.86896,3.75871],[-58.87055,3.7579],[-58.87199,3.75694],[-58.87419,3.75664],[-58.87289,3.75558],[-58.87169,3.75553],[-58.87342,3.75491],[-58.87493,3.75539],[-58.87626,3.75616],[-58.87648,3.7572],[-58.87598,3.75867],[-58.8746,3.76022],[-58.87349,3.76185],[-58.87269,3.76385],[-58.87272,3.76527],[-58.87323,3.76607],[-58.87551,3.76601],[-58.87578,3.76545],[-58.87511,3.7635],[-58.87444,3.76273],[-58.87447,3.76171],[-58.87505,3.76142],[-58.87609,3.76419],[-58.87665,3.76534],[-58.87652,3.76585],[-58.87762,3.76953],[-58.87712,3.77153],[-58.87606,3.77276],[-58.87407,3.77354],[-58.87354,3.77346],[-58.87311,3.77223],[-58.87252,3.77154],[-58.87138,3.77138],[-58.87037,3.77184],[-58.87019,3.77288],[-58.87112,3.77261],[-58.87147,3.77435],[-58.86971,3.77435],[-58.86952,3.7724],[-58.86904,3.77179],[-58.86755,3.77096],[-58.86782,3.77187],[-58.86791,3.77435],[-58.86879,3.7775],[-58.86892,3.77865],[-58.86935,3.77964],[-58.86957,3.781],[-58.87122,3.78219],[-58.87151,3.78291],[-58.8742,3.7832],[-58.87563,3.78411],[-58.87574,3.78528],[-58.87638,3.78504],[-58.87707,3.78562],[-58.87712,3.78619],[-58.87798,3.78722],[-58.87827,3.78813],[-58.87737,3.78861],[-58.87727,3.79011],[-58.87865,3.79016],[-58.87849,3.7916],[-58.87929,3.79149],[-58.87948,3.79296],[-58.87924,3.79384],[-58.87943,3.79454],[-58.87768,3.79699],[-58.87643,3.79825],[-58.87609,3.79911],[-58.87594,3.8014],[-58.87612,3.80276],[-58.87676,3.80292],[-58.87706,3.8041],[-58.87647,3.80493],[-58.87626,3.80626],[-58.87552,3.80714],[-58.8742,3.80773],[-58.87388,3.80952],[-58.87401,3.81016],[-58.87258,3.81145],[-58.87224,3.81118],[-58.87151,3.81249],[-58.87184,3.81324],[-58.87285,3.81278],[-58.87291,3.81345],[-58.87381,3.8139],[-58.87424,3.81478],[-58.87581,3.81595],[-58.87634,3.81699],[-58.87751,3.81774],[-58.87802,3.81859],[-58.8786,3.81824],[-58.87964,3.81824],[-58.87895,3.81981],[-58.87927,3.82144],[-58.87864,3.82371],[-58.87838,3.82574],[-58.87677,3.82954],[-58.87478,3.8317],[-58.87398,3.83304],[-58.87383,3.83467],[-58.87338,3.8352],[-58.8725,3.8352],[-58.87245,3.83758],[-58.87301,3.83769],[-58.87421,3.83939],[-58.87397,3.84057],[-58.87172,3.84116],[-58.87116,3.84215],[-58.8714,3.84313],[-58.87281,3.84364],[-58.87265,3.84452],[-58.87308,3.845],[-58.87226,3.84642],[-58.8724,3.84767],[-58.87282,3.84828],[-58.87253,3.84975],[-58.87176,3.84981],[-58.87264,3.85125],[-58.87278,3.85263],[-58.87203,3.8525],[-58.87147,3.85335],[-58.87176,3.85378],[-58.87466,3.85394],[-58.87552,3.85363],[-58.87851,3.85341],[-58.88174,3.85362],[-58.88236,3.85388],[-58.88351,3.85376],[-58.88447,3.85334],[-58.88571,3.85322],[-58.88815,3.85343],[-58.89036,3.85461],[-58.89268,3.85722],[-58.89362,3.85859],[-58.89436,3.85928],[-58.89484,3.86044],[-58.89367,3.85943],[-58.89348,3.86094],[-58.89226,3.86205],[-58.89052,3.86254],[-58.89059,3.86201],[-58.88973,3.86167],[-58.8887,3.86175],[-58.88786,3.86235],[-58.88703,3.86478],[-58.88705,3.86567],[-58.88806,3.86641],[-58.88911,3.86477],[-58.89011,3.86362],[-58.89186,3.86313],[-58.89267,3.86352],[-58.89428,3.8651],[-58.895,3.86712],[-58.89462,3.86793],[-58.8939,3.86791],[-58.89304,3.86885],[-58.89307,3.86974],[-58.89439,3.87152],[-58.89674,3.87389],[-58.89729,3.87543],[-58.89837,3.87667],[-58.89974,3.87691],[-58.90105,3.8764],[-58.90174,3.87501],[-58.90071,3.87347],[-58.90049,3.87268],[-58.90099,3.87131],[-58.90207,3.87051],[-58.90322,3.87113],[-58.90387,3.87231],[-58.90401,3.87423],[-58.9043,3.87507],[-58.90443,3.87724],[-58.9039,3.87863],[-58.90283,3.87923],[-58.90108,3.87974],[-58.90144,3.88078],[-58.90216,3.88137],[-58.9037,3.88207],[-58.90429,3.88204],[-58.90779,3.88074],[-58.90814,3.88105],[-58.90936,3.88064],[-58.90979,3.8798],[-58.90938,3.87912],[-58.90845,3.87843],[-58.90727,3.87605],[-58.90715,3.87377],[-58.90681,3.8724],[-58.90688,3.87156],[-58.90769,3.8706],[-58.90905,3.87038],[-58.91085,3.87129],[-58.91035,3.87143],[-58.91054,3.87294],[-58.91095,3.87369],[-58.91186,3.87438],[-58.91387,3.87541],[-58.9168,3.8762],[-58.91727,3.87653],[-58.91833,3.87648],[-58.91785,3.87692],[-58.91644,3.87637],[-58.91742,3.87742],[-58.91826,3.87879],[-58.91958,3.87965],[-58.92013,3.87944],[-58.92046,3.87862],[-58.92043,3.87691],[-58.92113,3.87576],[-58.92234,3.87501],[-58.92328,3.87493],[-58.92359,3.87448],[-58.92366,3.87313],[-58.92274,3.87203],[-58.92288,3.87078],[-58.92417,3.87008],[-58.92587,3.87034],[-58.92671,3.8712],[-58.92928,3.87261],[-58.9333,3.87361],[-58.93402,3.87368],[-58.93492,3.87212],[-58.93528,3.86996],[-58.93544,3.8675],[-58.93512,3.86623],[-58.93467,3.86573],[-58.9328,3.86504],[-58.92991,3.8649],[-58.92902,3.86415],[-58.9283,3.8625],[-58.92777,3.8625],[-58.92856,3.86168],[-58.9291,3.86002],[-58.93006,3.85877],[-58.93075,3.85836],[-58.9319,3.85689],[-58.93283,3.85665],[-58.93374,3.85679],[-58.93422,3.8578],[-58.93542,3.85912],[-58.93602,3.8608],[-58.93578,3.86147],[-58.93617,3.8621],[-58.93746,3.86156],[-58.93908,3.85954],[-58.93997,3.85906],[-58.94195,3.85932],[-58.94308,3.86011],[-58.94365,3.86107],[-58.94574,3.86328],[-58.94675,3.86676],[-58.94726,3.86755],[-58.94893,3.86546],[-58.95098,3.86466],[-58.95259,3.86444],[-58.95483,3.86388],[-58.95919,3.86329],[-58.96127,3.86343],[-58.96309,3.86451],[-58.96424,3.86624],[-58.96525,3.86684],[-58.96676,3.86712],[-58.97037,3.8656],[-58.97452,3.86311],[-58.97729,3.8608],[-58.97923,3.86094],[-58.98191,3.86242],[-58.98249,3.86341],[-58.98249,3.86439],[-58.97905,3.86707],[-58.97904,3.86952],[-58.97878,3.87048],[-58.97918,3.8712],[-58.98265,3.87189],[-58.98625,3.87308],[-58.98902,3.87372],[-58.98948,3.8742],[-58.99257,3.87569],[-58.99324,3.87569],[-58.99487,3.87619],[-58.99659,3.87625],[-58.9979,3.87563],[-58.99939,3.87553],[-59.00047,3.87624],[-59.00159,3.87646],[-59.00403,3.87729],[-59.00691,3.87798],[-59.01234,3.87869],[-59.01478,3.87864],[-59.01665,3.87878],[-59.01853,3.87865],[-59.01959,3.87839],[-59.02028,3.87718],[-59.01903,3.87495],[-59.01881,3.8737],[-59.01962,3.87252],[-59.02091,3.87173],[-59.0223,3.87165],[-59.0246,3.87215],[-59.02747,3.87342],[-59.029,3.87332],[-59.03019,3.87214],[-59.03069,3.87055],[-59.03016,3.86901],[-59.02884,3.86738],[-59.02822,3.86472],[-59.02821,3.86387],[-59.02752,3.8632],[-59.0278,3.86193],[-59.02821,3.86212],[-59.02861,3.8608],[-59.02882,3.85839],[-59.02937,3.85755],[-59.0315,3.85735],[-59.03562,3.85831],[-59.03669,3.85845],[-59.03923,3.85928],[-59.04163,3.85969],[-59.0444,3.85999],[-59.0455,3.86047],[-59.04605,3.86126],[-59.04831,3.86262],[-59.05123,3.86368],[-59.05219,3.86379],[-59.05408,3.86463],[-59.0552,3.8647],[-59.0564,3.86508],[-59.05959,3.86704],[-59.06217,3.86817],[-59.06591,3.87078],[-59.06665,3.87113],[-59.06881,3.87312],[-59.07106,3.87442],[-59.07114,3.87482],[-59.07293,3.87561],[-59.07428,3.87688],[-59.07493,3.87844],[-59.07605,3.87947],[-59.07603,3.8802],[-59.07471,3.87977],[-59.07399,3.87888],[-59.07328,3.87984],[-59.07292,3.88172],[-59.07336,3.88289],[-59.07436,3.8839],[-59.076,3.88649],[-59.07699,3.88904],[-59.07773,3.8898],[-59.07979,3.89078],[-59.07982,3.89208],[-59.07891,3.89194],[-59.07781,3.8937],[-59.07832,3.89526],[-59.07913,3.89641],[-59.07921,3.89754],[-59.07964,3.89828],[-59.08261,3.90183],[-59.08501,3.90317],[-59.08657,3.90458],[-59.08825,3.90665],[-59.09079,3.90895],[-59.09297,3.91134],[-59.09669,3.9147],[-59.09887,3.91589],[-59.10272,3.91615],[-59.10691,3.9171],[-59.10749,3.91707],[-59.10947,3.91637],[-59.11284,3.91547],[-59.11468,3.91509],[-59.11676,3.91441],[-59.11903,3.91322],[-59.11965,3.9119],[-59.11986,3.90873],[-59.11973,3.90669],[-59.11987,3.9038],[-59.12072,3.90053],[-59.12105,3.89818],[-59.12229,3.89659],[-59.12265,3.89709],[-59.12335,3.89714],[-59.12578,3.89603],[-59.13008,3.89366],[-59.1324,3.89274],[-59.13369,3.89192],[-59.13584,3.89107],[-59.13778,3.89054],[-59.13969,3.88938],[-59.14426,3.88836],[-59.14536,3.88877],[-59.14668,3.88891],[-59.1462,3.8898],[-59.14512,3.89002],[-59.14333,3.88957],[-59.14163,3.88962],[-59.14003,3.89003],[-59.13888,3.89066],[-59.14142,3.8901],[-59.14245,3.89034],[-59.14328,3.89094],[-59.14506,3.89168],[-59.14649,3.89194],[-59.14862,3.89169],[-59.15135,3.89192],[-59.15361,3.89164],[-59.15455,3.89136],[-59.1562,3.89052],[-59.1567,3.88871],[-59.15892,3.88782],[-59.15985,3.88628],[-59.16138,3.88565],[-59.16193,3.88438],[-59.16188,3.88378],[-59.1625,3.88245],[-59.16249,3.8814],[-59.16355,3.88101],[-59.16395,3.88021],[-59.16484,3.87992],[-59.16404,3.87877],[-59.16504,3.87754],[-59.16389,3.87639],[-59.16401,3.87524],[-59.16475,3.87464],[-59.1646,3.87255],[-59.16551,3.87202],[-59.16584,3.87103],[-59.16555,3.87079],[-59.16477,3.87132],[-59.16553,3.87038],[-59.16601,3.87026],[-59.16792,3.86872],[-59.1671,3.86882],[-59.16713,3.86841],[-59.16822,3.86766],[-59.16868,3.86824],[-59.16834,3.86687],[-59.16951,3.86617],[-59.17059,3.86677],[-59.17221,3.86563],[-59.17221,3.86469],[-59.17274,3.86332],[-59.17427,3.86303],[-59.17443,3.86169],[-59.17395,3.86063],[-59.1744,3.85919],[-59.17401,3.858],[-59.17368,3.856],[-59.17348,3.85525],[-59.17378,3.85406],[-59.17206,3.85019],[-59.16861,3.84546],[-59.16829,3.84406],[-59.16731,3.84136],[-59.16709,3.83867],[-59.16708,3.83361],[-59.16674,3.83228],[-59.16911,3.82875],[-59.17081,3.82498],[-59.17059,3.82217],[-59.17,3.82174],[-59.16894,3.82156],[-59.16779,3.82053],[-59.16723,3.81875],[-59.1664,3.81815],[-59.16626,3.81671],[-59.16754,3.81552],[-59.16772,3.81424],[-59.16928,3.81253],[-59.17012,3.81087],[-59.17045,3.80906],[-59.17024,3.80848],[-59.17039,3.80701],[-59.1701,3.80594],[-59.17021,3.80507],[-59.16924,3.80436],[-59.16934,3.80373],[-59.16874,3.80276],[-59.16792,3.80216],[-59.16808,3.80158],[-59.16724,3.79988],[-59.16672,3.79941],[-59.1669,3.79833],[-59.16632,3.79812],[-59.16637,3.79741],[-59.16519,3.79626],[-59.16464,3.795],[-59.16341,3.79404],[-59.16372,3.79199],[-59.16291,3.7912]]]},"properties":{"Name":"Crash Water","Region":9,"Grant_No":"No Data","Acres":120063,"Plan_Numbe":0}},
{"type":"Feature","geometry":{"type":"Polygon","coordinates":[[[-58.96895,5.56128],[-58.97021,5.56011],[-58.97077,5.55919],[-58.97171,5.5533],[-58.97752,5.54515],[-58.97853,5.54484],[-58.97948,5.54171],[-58.97841,5.53973],[-58.97724,5.53806],[-58.977,5.53701],[-58.97688,5.53478],[-58.97648,5.53419],[-58.973,5.53193],[-58.97247,5.53178],[-58.96987,5.53192],[-58.96804,5.53183],[-58.96576,5.53204],[-58.96395,5.53143],[-58.962,5.5315],[-58.96137,5.53129],[-58.95936,5.53114],[-58.95837,5.53044],[-58.95732,5.529],[-58.9557,5.52811],[-58.95432,5.52879],[-58.95196,5.5295],[-58.95026,5.53071],[-58.94921,5.53115],[-58.94701,5.53168],[-58.9459,5.53283],[-58.94121,5.5356],[-58.93904,5.53734],[-58.93776,5.53792],[-58.93534,5.53839],[-58.93324,5.53934],[-58.93031,5.53922],[-58.92917,5.53941],[-58.92746,5.53934],[-58.92508,5.53969],[-58.92412,5.54008],[-58.92172,5.53997],[-58.9183,5.54024],[-58.91718,5.54047],[-58.91643,5.54102],[-58.91665,5.54011],[-58.9164,5.53803],[-58.917,5.53584],[-58.9173,5.53413],[-58.91878,5.53184],[-58.91911,5.53088],[-58.9201,5.52965],[-58.92079,5.52844],[-58.92119,5.52616],[-58.92104,5.52467],[-58.92109,5.52247],[-58.92154,5.52146],[-58.92176,5.51963],[-58.92159,5.51863],[-58.92199,5.51734],[-58.92197,5.51494],[-58.92253,5.51359],[-58.92247,5.51291],[-58.92169,5.51171],[-58.92067,5.51082],[-58.91934,5.50913],[-58.91759,5.50759],[-58.91667,5.5072],[-58.91522,5.50719],[-58.914,5.50639],[-58.91296,5.50623],[-58.91017,5.50614],[-58.90712,5.50617],[-58.90506,5.5064],[-58.90286,5.50531],[-58.90196,5.50525],[-58.90005,5.50452],[-58.89925,5.50444],[-58.89797,5.50498],[-58.89704,5.50694],[-58.89566,5.50808],[-58.89403,5.50825],[-58.89346,5.5086],[-58.89213,5.51197],[-58.89109,5.51255],[-58.88889,5.51212],[-58.88812,5.51221],[-58.8849,5.51123],[-58.88744,5.51685],[-58.8893,5.51784],[-58.88961,5.51953],[-58.88902,5.52083],[-58.88665,5.52343],[-58.88619,5.52456],[-58.88593,5.52696],[-58.88622,5.52784],[-58.88728,5.52902],[-58.88775,5.53143],[-58.88906,5.53265],[-58.89015,5.53442],[-58.89013,5.53523],[-58.88959,5.53785],[-58.88953,5.5398],[-58.88972,5.54189],[-58.89017,5.54319],[-58.88965,5.54558],[-58.88856,5.5474],[-58.88769,5.54824],[-58.88712,5.5496],[-58.8869,5.55075],[-58.88717,5.5522],[-58.88607,5.55108],[-58.88435,5.55078],[-58.88233,5.54836],[-58.88198,5.5476],[-58.88249,5.54607],[-58.88255,5.54523],[-58.88152,5.54391],[-58.87979,5.54251],[-58.87773,5.54227],[-58.87669,5.54146],[-58.87593,5.53985],[-58.87467,5.53928],[-58.87389,5.53763],[-58.87252,5.53694],[-58.86423,5.52299],[-58.86434,5.52454],[-58.86396,5.52614],[-58.86319,5.5283],[-58.86006,5.5307],[-58.85866,5.53133],[-58.85862,5.53207],[-58.85747,5.53322],[-58.85725,5.53462],[-58.85713,5.53821],[-58.85677,5.53889],[-58.85677,5.53997],[-58.85713,5.54195],[-58.85792,5.54288],[-58.85836,5.54602],[-58.85806,5.5479],[-58.85868,5.54945],[-58.85867,5.55265],[-58.85812,5.55325],[-58.85853,5.55461],[-58.85868,5.55647],[-58.85935,5.55751],[-58.85942,5.55838],[-58.85901,5.55949],[-58.85918,5.56083],[-58.85979,5.56187],[-58.86025,5.56364],[-58.86199,5.56645],[-58.86211,5.56753],[-58.86189,5.5688],[-58.86234,5.56996],[-58.86337,5.57124],[-58.86327,5.5723],[-58.86246,5.57453],[-58.86328,5.57612],[-58.86414,5.57675],[-58.86479,5.57832],[-58.86557,5.57905],[-58.86836,5.58022],[-58.87015,5.58018],[-58.87158,5.58152],[-58.87234,5.58196],[-58.87383,5.58192],[-58.87413,5.58218],[-58.87293,5.58329],[-58.86962,5.58397],[-58.86763,5.58582],[-58.86633,5.58617],[-58.86511,5.58713],[-58.86352,5.58768],[-58.86285,5.58832],[-58.86249,5.59044],[-58.86206,5.59154],[-58.84196,5.60996],[-58.84191,5.61075],[-58.84228,5.61316],[-58.84304,5.61487],[-58.84384,5.61547],[-58.84633,5.61632],[-58.84713,5.6174],[-58.84973,5.61947],[-58.85149,5.62035],[-58.85239,5.62139],[-58.85335,5.62165],[-58.85676,5.62191],[-58.85851,5.62174],[-58.86007,5.62198],[-58.86129,5.62177],[-58.8628,5.62207],[-58.86446,5.62218],[-58.86553,5.6215],[-58.86634,5.62161],[-58.86834,5.62268],[-58.86986,5.62524],[-58.87093,5.62598],[-58.87261,5.62656],[-58.8738,5.6267],[-58.8748,5.62646],[-58.87527,5.62538],[-58.87519,5.62438],[-58.87381,5.62261],[-58.87356,5.62185],[-58.87367,5.62053],[-58.87474,5.61822],[-58.87641,5.61635],[-58.87741,5.61604],[-58.87856,5.61632],[-58.87948,5.61717],[-58.88009,5.61811],[-58.8819,5.61928],[-58.88213,5.61973],[-58.88202,5.62097],[-58.88236,5.62231],[-58.88316,5.62299],[-58.88482,5.62323],[-58.88604,5.6237],[-58.88824,5.62515],[-58.89009,5.62593],[-58.89101,5.62674],[-58.89258,5.62878],[-58.89426,5.62979],[-58.89517,5.63],[-58.89579,5.62973],[-58.89299,5.62519],[-58.89327,5.62456],[-58.89461,5.62469],[-58.89546,5.62537],[-58.89574,5.62442],[-58.8952,5.62157],[-58.89523,5.62035],[-58.89602,5.61948],[-58.89751,5.61909],[-58.89794,5.61868],[-58.89856,5.61728],[-58.89978,5.61725],[-58.90062,5.61795],[-58.90304,5.62185],[-58.9038,5.62251],[-58.90485,5.62281],[-58.90674,5.62246],[-58.90854,5.62125],[-58.90958,5.62122],[-58.91294,5.62208],[-58.91599,5.62271],[-58.9169,5.62211],[-58.91689,5.62126],[-58.91642,5.61922],[-58.91618,5.61682],[-58.91673,5.61612],[-58.91914,5.61568],[-58.92021,5.61579],[-58.92192,5.61495],[-58.92428,5.61585],[-58.92605,5.61507],[-58.92784,5.61316],[-58.93028,5.61128],[-58.93512,5.60941],[-58.93522,5.60686],[-58.93634,5.60395],[-58.93641,5.6003],[-58.92828,5.59343],[-58.92919,5.59246],[-58.93661,5.58314],[-58.93762,5.58156],[-58.93792,5.58004],[-58.93853,5.57907],[-58.93949,5.57835],[-58.94085,5.57611],[-58.94434,5.57387],[-58.95037,5.57014],[-58.95148,5.56968],[-58.95625,5.56981],[-58.95746,5.56793],[-58.95882,5.56681],[-58.96895,5.56128]]]},"properties":{"Name":"Kaburi","Region":7,"Grant_No":"No Data","Acres":26606,"Plan_Numbe":0}},
{"type":"Feature","geometry":{"type":"Polygon","coordinates":[[[-58.66863,3.98979],[-58.67082,3.98913],[-58.67412,3.98832],[-58.67551,3.98815],[-58.67676,3.98776],[-58.67937,3.98746],[-58.68139,3.98706],[-58.68452,3.98595],[-58.6867,3.98555],[-58.68868,3.9857],[-58.69068,3.98519],[-58.6924,3.98501],[-58.69376,3.98547],[-58.69459,3.98518],[-58.69638,3.98554],[-58.69788,3.98672],[-58.70012,3.98787],[-58.70129,3.98661],[-58.70275,3.98592],[-58.70565,3.98487],[-58.70737,3.98465],[-58.70887,3.98476],[-58.71117,3.98537],[-58.71321,3.98619],[-58.7178,3.9906],[-58.71881,3.99132],[-58.72175,3.9925],[-58.72393,3.99293],[-58.72773,3.99328],[-58.73066,3.99313],[-58.73417,3.9933],[-58.7374,3.99319],[-58.74076,3.99289],[-58.74191,3.99253],[-58.7442,3.99217],[-58.74785,3.99144],[-58.74973,3.99062],[-58.75211,3.99109],[-58.75429,3.99132],[-58.75688,3.99121],[-58.75934,3.9916],[-58.76211,3.99096],[-58.76296,3.99122],[-58.76457,3.99322],[-58.76533,3.9952],[-58.76593,3.99589],[-58.76863,3.9971],[-58.77119,3.99876],[-58.77356,3.99871],[-58.77455,3.99948],[-58.7753,4.00268],[-58.77697,4.00582],[-58.77905,4.00708],[-58.77951,4.00788],[-58.77932,4.00926],[-58.77867,4.01103],[-58.77914,4.01294],[-58.77885,4.01466],[-58.77914,4.01515],[-58.78142,4.0169],[-58.78379,4.01758],[-58.78506,4.01889],[-58.78548,4.02014],[-58.78631,4.02149],[-58.78627,4.02329],[-58.78718,4.02441],[-58.78834,4.0253],[-58.79047,4.02582],[-58.79101,4.02832],[-58.79214,4.02876],[-58.79414,4.02857],[-58.79505,4.02787],[-58.7968,4.02726],[-58.79878,4.02605],[-58.80009,4.02485],[-58.8029,4.02467],[-58.80546,4.02412],[-58.80843,4.02327],[-58.8117,4.02279],[-58.8141,4.02147],[-58.81522,4.0204],[-58.81584,4.01944],[-58.81696,4.0184],[-58.81758,4.01747],[-58.81873,4.01678],[-58.81971,4.01582],[-58.81992,4.01522],[-58.8204,4.01151],[-58.82004,4.0082],[-58.81884,4.00585],[-58.81706,4.00409],[-58.81518,4.00245],[-58.81414,4.00095],[-58.81359,3.99929],[-58.81362,3.99571],[-58.81411,3.99419],[-58.81515,3.99206],[-58.81559,3.99173],[-58.81837,3.99109],[-58.81652,3.99065],[-58.81481,3.98784],[-58.81294,3.98616],[-58.8125,3.98553],[-58.81217,3.98376],[-58.81241,3.98285],[-58.81323,3.98139],[-58.81359,3.97995],[-58.81276,3.97755],[-58.81267,3.97617],[-58.81193,3.97433],[-58.81173,3.97314],[-58.81349,3.97192],[-58.81584,3.96836],[-58.81598,3.96783],[-58.81521,3.96673],[-58.81553,3.96505],[-58.81699,3.96438],[-58.81765,3.96317],[-58.81951,3.96142],[-58.81998,3.96043],[-58.82091,3.96023],[-58.82141,3.96095],[-58.82154,3.96189],[-58.82248,3.96316],[-58.82396,3.96274],[-58.82476,3.96196],[-58.8266,3.96119],[-58.82748,3.96105],[-58.82899,3.96126],[-58.82979,3.96099],[-58.83036,3.95927],[-58.83107,3.95867],[-58.83435,3.96056],[-58.83613,3.96078],[-58.83649,3.96031],[-58.83723,3.9605],[-58.83695,3.95929],[-58.83566,3.95692],[-58.83576,3.95595],[-58.83645,3.95554],[-58.83925,3.95589],[-58.84052,3.95492],[-58.8426,3.95489],[-58.84491,3.95444],[-58.84837,3.95427],[-58.8498,3.95446],[-58.85021,3.95206],[-58.85023,3.95048],[-58.85097,3.94885],[-58.85163,3.9483],[-58.85322,3.94758],[-58.85611,3.94796],[-58.85693,3.94901],[-58.8593,3.95057],[-58.8601,3.95206],[-58.86192,3.95289],[-58.86414,3.95263],[-58.86629,3.95357],[-58.86689,3.95359],[-58.86865,3.95309],[-58.8703,3.95342],[-58.87222,3.95344],[-58.8708,3.95223],[-58.87039,3.95147],[-58.86987,3.94943],[-58.86901,3.94876],[-58.86719,3.94683],[-58.86703,3.94539],[-58.8654,3.94401],[-58.86286,3.94334],[-58.8625,3.94239],[-58.86258,3.9413],[-58.86225,3.93968],[-58.86144,3.93897],[-58.85944,3.93808],[-58.85814,3.93691],[-58.85778,3.93597],[-58.85919,3.93463],[-58.85951,3.93319],[-58.85845,3.93129],[-58.85764,3.9304],[-58.85818,3.92909],[-58.85785,3.92817],[-58.85641,3.92722],[-58.85587,3.92617],[-58.8549,3.92568],[-58.85468,3.92435],[-58.85554,3.92304],[-58.85583,3.92163],[-58.85559,3.92025],[-58.85567,3.91886],[-58.85374,3.91574],[-58.85241,3.91447],[-58.85168,3.91268],[-58.85151,3.90996],[-58.85118,3.90844],[-58.8498,3.90668],[-58.84744,3.90533],[-58.84709,3.90457],[-58.84865,3.90231],[-58.84881,3.90093],[-58.84664,3.89754],[-58.84599,3.89596],[-58.84661,3.89403],[-58.84685,3.8923],[-58.84771,3.88914],[-58.8484,3.88542],[-58.84813,3.88418],[-58.84822,3.88153],[-58.84809,3.88052],[-58.84713,3.87897],[-58.84561,3.87788],[-58.84495,3.87696],[-58.84408,3.8766],[-58.84082,3.87645],[-58.84033,3.87563],[-58.83979,3.87579],[-58.8396,3.87675],[-58.83884,3.87773],[-58.83716,3.8782],[-58.83703,3.87924],[-58.83651,3.87921],[-58.83648,3.88011],[-58.83488,3.88031],[-58.83377,3.88017],[-58.83287,3.8811],[-58.83138,3.88162],[-58.82986,3.88266],[-58.82777,3.88286],[-58.82738,3.88317],[-58.82669,3.88288],[-58.82694,3.88194],[-58.82704,3.87965],[-58.82754,3.87786],[-58.82852,3.87579],[-58.82975,3.87462],[-58.8351,3.87228],[-58.83684,3.8706],[-58.83868,3.86972],[-58.84104,3.86939],[-58.84372,3.86946],[-58.84604,3.86887],[-58.84879,3.86715],[-58.85052,3.8662],[-58.85135,3.86555],[-58.8528,3.86493],[-58.85559,3.86241],[-58.85757,3.85982],[-58.85884,3.85855],[-58.85923,3.85764],[-58.86075,3.85669],[-58.86278,3.85566],[-58.86473,3.855],[-58.86546,3.85511],[-58.86872,3.85434],[-58.87064,3.85445],[-58.87147,3.85335],[-58.87203,3.8525],[-58.87278,3.85263],[-58.87264,3.85125],[-58.87176,3.84981],[-58.87253,3.84975],[-58.87282,3.84828],[-58.8724,3.84767],[-58.87226,3.84642],[-58.87308,3.845],[-58.87265,3.84452],[-58.87281,3.84364],[-58.8714,3.84313],[-58.87116,3.84215],[-58.87172,3.84116],[-58.87397,3.84057],[-58.87421,3.83939],[-58.87301,3.83769],[-58.87245,3.83758],[-58.8725,3.8352],[-58.87338,3.8352],[-58.87383,3.83467],[-58.87398,3.83304],[-58.87478,3.8317],[-58.87677,3.82954],[-58.87838,3.82574],[-58.87864,3.82371],[-58.87927,3.82144],[-58.87895,3.81981],[-58.87964,3.81824],[-58.8786,3.81824],[-58.87802,3.81859],[-58.87751,3.81774],[-58.87634,3.81699],[-58.87581,3.81595],[-58.87424,3.81478],[-58.87381,3.8139],[-58.87291,3.81345],[-58.87285,3.81278],[-58.87184,3.81324],[-58.87151,3.81249],[-58.87096,3.81106],[-58.87,3.81026],[-58.86827,3.80993],[-58.86544,3.80984],[-58.86431,3.81015],[-58.86277,3.80985],[-58.86013,3.80874],[-58.85937,3.80827],[-58.85774,3.80654],[-58.85663,3.80583],[-58.85547,3.80463],[-58.85339,3.80385],[-58.85257,3.80307],[-58.85056,3.8021],[-58.84874,3.8017],[-58.84595,3.80019],[-58.84371,3.79965],[-58.8421,3.79847],[-58.84184,3.79608],[-58.84087,3.7944],[-58.84006,3.79355],[-58.83749,3.79154],[-58.83671,3.79061],[-58.83595,3.79038],[-58.83496,3.79059],[-58.8309,3.79086],[-58.82892,3.78978],[-58.82701,3.79025],[-58.8264,3.79177],[-58.82268,3.79522],[-58.82068,3.79638],[-58.81839,3.79857],[-58.81747,3.79964],[-58.81644,3.80033],[-58.79505,3.8037],[-58.79496,3.80183],[-58.79412,3.80042],[-58.79233,3.79848],[-58.7918,3.79653],[-58.79046,3.79477],[-58.78969,3.79424],[-58.7881,3.79385],[-58.78766,3.79328],[-58.78691,3.79074],[-58.78722,3.78961],[-58.78677,3.78895],[-58.78493,3.78774],[-58.78306,3.78679],[-58.78125,3.78525],[-58.77933,3.78318],[-58.77828,3.78283],[-58.77707,3.78307],[-58.77654,3.78358],[-58.77597,3.78487],[-58.77539,3.78873],[-58.77392,3.79125],[-58.77355,3.79328],[-58.77302,3.79377],[-58.77193,3.79571],[-58.77257,3.79858],[-58.77216,3.79953],[-58.77194,3.80143],[-58.77248,3.80448],[-58.77283,3.80549],[-58.77375,3.80675],[-58.77527,3.8079],[-58.77541,3.80874],[-58.77432,3.80903],[-58.77386,3.8096],[-58.77309,3.81144],[-58.77211,3.81492],[-58.77119,3.8163],[-58.76879,3.81836],[-58.76697,3.81919],[-58.76477,3.82073],[-58.76197,3.82313],[-58.76018,3.82531],[-58.75907,3.82702],[-58.75735,3.82766],[-58.75547,3.82742],[-58.75354,3.82663],[-58.74925,3.82627],[-58.747,3.82635],[-58.74586,3.82601],[-58.74517,3.82423],[-58.74498,3.8229],[-58.74442,3.82069],[-58.74373,3.81905],[-58.74296,3.81788],[-58.74152,3.81448],[-58.74054,3.81345],[-58.74033,3.81246],[-58.73932,3.81135],[-58.73921,3.81028],[-58.73805,3.80909],[-58.73711,3.80633],[-58.73528,3.80322],[-58.73382,3.8016],[-58.73427,3.79934],[-58.73411,3.79796],[-58.73336,3.79687],[-58.73234,3.79599],[-58.7299,3.79549],[-58.72749,3.79309],[-58.7261,3.79249],[-58.72491,3.79104],[-58.72367,3.79026],[-58.72234,3.79005],[-58.72131,3.78879],[-58.72053,3.78728],[-58.71956,3.78676],[-58.7185,3.78529],[-58.71586,3.78218],[-58.71407,3.78155],[-58.71214,3.77998],[-58.71123,3.77962],[-58.71034,3.77976],[-58.70675,3.78096],[-58.70443,3.78249],[-58.70274,3.78392],[-58.70156,3.78412],[-58.69974,3.78538],[-58.6972,3.786],[-58.69533,3.78704],[-58.69386,3.78762],[-58.69279,3.78855],[-58.69255,3.78907],[-58.69247,3.79071],[-58.69157,3.79322],[-58.68229,3.7911],[-58.68209,3.79139],[-58.68052,3.79168],[-58.67942,3.79236],[-58.67813,3.79395],[-58.67796,3.79739],[-58.67706,3.79816],[-58.6758,3.80039],[-58.67468,3.80127],[-58.67117,3.803],[-58.66997,3.80293],[-58.66876,3.80335],[-58.66712,3.80318],[-58.66582,3.80327],[-58.66427,3.80427],[-58.66359,3.80493],[-58.66087,3.80617],[-58.66017,3.80612],[-58.65887,3.80511],[-58.65823,3.80392],[-58.65733,3.80309],[-58.65624,3.80327],[-58.65534,3.80419],[-58.65462,3.80455],[-58.65398,3.80596],[-58.65337,3.80678],[-58.65322,3.80808],[-58.65329,3.81059],[-58.65314,3.81127],[-58.65228,3.81213],[-58.64091,3.81103],[-58.6398,3.82938],[-58.63862,3.83227],[-58.63774,3.83395],[-58.63665,3.83537],[-58.63593,3.83706],[-58.63613,3.83874],[-58.63656,3.8403],[-58.63755,3.84247],[-58.6379,3.84421],[-58.63749,3.84476],[-58.63576,3.84573],[-58.63477,3.84661],[-58.63405,3.84772],[-58.63266,3.84904],[-58.63199,3.84996],[-58.63177,3.85105],[-58.6322,3.85257],[-58.63422,3.85628],[-58.63443,3.85701],[-58.63435,3.85924],[-58.63514,3.86019],[-58.63557,3.86258],[-58.63612,3.86372],[-58.63757,3.86517],[-58.63921,3.8661],[-58.64099,3.86644],[-58.64577,3.86619],[-58.64761,3.86663],[-58.64844,3.8674],[-58.64899,3.86908],[-58.64879,3.87083],[-58.6477,3.87282],[-58.64641,3.87462],[-58.64458,3.87552],[-58.64399,3.87617],[-58.64307,3.87802],[-58.64253,3.8797],[-58.64215,3.88361],[-58.64187,3.88542],[-58.64202,3.88842],[-58.64154,3.8899],[-58.6395,3.89272],[-58.63796,3.89645],[-58.63735,3.89828],[-58.63657,3.89976],[-58.63573,3.90189],[-58.63579,3.90328],[-58.6363,3.90495],[-58.63695,3.90611],[-58.63808,3.9071],[-58.63895,3.90825],[-58.63933,3.90933],[-58.64235,3.91153],[-58.64326,3.91195],[-58.64406,3.91272],[-58.64403,3.91363],[-58.64435,3.91455],[-58.6456,3.91499],[-58.64756,3.91501],[-58.65188,3.91575],[-58.65225,3.91656],[-58.65195,3.91857],[-58.65193,3.92023],[-58.65234,3.9228],[-58.652,3.92325],[-58.65396,3.92448],[-58.65429,3.92655],[-58.6541,3.92706],[-58.65528,3.9276],[-58.65676,3.93029],[-58.65767,3.93131],[-58.65863,3.93126],[-58.66003,3.93175],[-58.6609,3.93335],[-58.6609,3.93414],[-58.66318,3.93436],[-58.66391,3.935],[-58.66359,3.9362],[-58.66503,3.93709],[-58.66549,3.93697],[-58.66589,3.93762],[-58.66537,3.9382],[-58.66596,3.93899],[-58.66641,3.94104],[-58.66707,3.94234],[-58.66807,3.94337],[-58.66869,3.94491],[-58.66938,3.94574],[-58.6702,3.949],[-58.6702,3.9507],[-58.67046,3.95204],[-58.67039,3.95297],[-58.66935,3.95578],[-58.66888,3.95746],[-58.66903,3.95892],[-58.66935,3.95977],[-58.66914,3.9665],[-58.6708,3.96879],[-58.67106,3.96937],[-58.67143,3.97195],[-58.67131,3.973],[-58.67188,3.97389],[-58.67097,3.97452],[-58.67154,3.97489],[-58.67183,3.97594],[-58.6716,3.97645],[-58.67209,3.97683],[-58.67137,3.9785],[-58.67183,3.97929],[-58.67153,3.98071],[-58.67198,3.98117],[-58.67192,3.98196],[-58.67143,3.9824],[-58.67173,3.98364],[-58.67142,3.98433],[-58.67243,3.98442],[-58.67226,3.98519],[-58.67105,3.98595],[-58.67093,3.98762],[-58.66998,3.98781],[-58.66886,3.98917],[-58.66863,3.98979]]]},"properties":{"Name":"Rewa","Region":9,"Grant_No":"No Data","Acres":120226,"Plan_Numbe":0}},
{"type":"Feature","geometry":{"type":"Polygon","coordinates":[[[-59.9472,8.21834],[-59.94681,8.21787],[-59.94571,8.21495],[-59.94544,8.21355],[-59.9452,8.20784],[-59.94529,8.20663],[-59.94501,8.2033],[-59.94526,8.20141],[-59.94613,8.19817],[-59.94677,8.19676],[-59.9477,8.19537],[-59.94896,8.19442],[-59.95219,8.19305],[-59.95624,8.19268],[-59.96202,8.19186],[-59.96576,8.19101],[-59.9712,8.18899],[-59.97281,8.18813],[-59.97544,8.1878],[-59.97671,8.18729],[-59.97778,8.18586],[-59.97949,8.18234],[-59.98058,8.17919],[-59.98144,8.17537],[-59.98204,8.17214],[-59.98261,8.17059],[-59.98367,8.16835],[-59.98485,8.16634],[-59.98676,8.16406],[-59.99064,8.16049],[-59.99329,8.15863],[-59.99435,8.15742],[-59.99493,8.15604],[-59.99488,8.15423],[-59.99417,8.15262],[-59.99272,8.15036],[-59.9902,8.14769],[-59.98694,8.14445],[-59.98697,8.14582],[-59.98591,8.14682],[-59.98461,8.14709],[-59.98416,8.14783],[-59.98278,8.1482],[-59.98157,8.14798],[-59.98035,8.14833],[-59.97986,8.14749],[-59.97856,8.14703],[-59.97711,8.14541],[-59.97627,8.14519],[-59.97557,8.14456],[-59.97449,8.14457],[-59.97316,8.14369],[-59.97228,8.1422],[-59.97128,8.13889],[-59.97014,8.13758],[-59.96806,8.13584],[-59.96622,8.1348],[-59.9644,8.13529],[-59.96386,8.13628],[-59.9627,8.13605],[-59.96123,8.13605],[-59.95984,8.1364],[-59.95849,8.1372],[-59.958,8.13795],[-59.95853,8.13967],[-59.95814,8.14116],[-59.95732,8.14207],[-59.95576,8.14274],[-59.95187,8.14599],[-59.94721,8.14689],[-59.94627,8.14731],[-59.94532,8.1486],[-59.94479,8.15017],[-59.94289,8.15159],[-59.9418,8.15355],[-59.94109,8.15422],[-59.94065,8.15556],[-59.93943,8.15749],[-59.90847,8.15274],[-59.89938,8.15766],[-59.8962,8.15889],[-59.89526,8.15907],[-59.89403,8.15881],[-59.89198,8.15755],[-59.89035,8.15634],[-59.88898,8.15576],[-59.88773,8.15369],[-59.88656,8.15272],[-59.88469,8.15217],[-59.88381,8.15173],[-59.88289,8.15053],[-59.88147,8.15014],[-59.8784,8.15003],[-59.87562,8.15036],[-59.87425,8.15113],[-59.87306,8.15355],[-59.87188,8.15428],[-59.86514,8.15674],[-59.84997,8.16199],[-59.84592,8.16313],[-59.84605,8.18715],[-59.87494,8.18856],[-59.87532,8.18918],[-59.87822,8.19205],[-59.87883,8.19249],[-59.8797,8.19392],[-59.87913,8.19619],[-59.87937,8.19791],[-59.8795,8.20145],[-59.89304,8.21413],[-59.9472,8.21834]]]},"properties":{"Name":"White Water","Region":1,"Grant_No":"No Data","Acres":20909,"Plan_Numbe":0}},
{"type":"Feature","geometry":{"type":"Polygon","coordinates":[[[-60.12807,5.23875],[-60.13709,5.25041],[-60.13822,5.25139],[-60.14088,5.2531],[-60.14303,5.25543],[-60.14401,5.25777],[-60.14588,5.26002],[-60.14742,5.26047],[-60.14817,5.26148],[-60.14886,5.26307],[-60.14921,5.26491],[-60.14865,5.26595],[-60.1498,5.26697],[-60.15027,5.26865],[-60.1511,5.27003],[-60.15189,5.27008],[-60.15246,5.2697],[-60.1533,5.26991],[-60.1551,5.27197],[-60.15438,5.27316],[-60.15477,5.27455],[-60.15424,5.27552],[-60.15336,5.27652],[-60.15234,5.27662],[-60.15309,5.27779],[-60.15329,5.27875],[-60.15499,5.27992],[-60.15575,5.28064],[-60.15524,5.28181],[-60.15529,5.28285],[-60.15601,5.28443],[-60.15632,5.28567],[-60.15575,5.28679],[-60.15582,5.28811],[-60.15533,5.28867],[-60.156,5.28993],[-60.15605,5.29087],[-60.15684,5.29163],[-60.15703,5.29224],[-60.15702,5.29455],[-60.15751,5.29595],[-60.15826,5.29686],[-60.1584,5.29779],[-60.15755,5.29802],[-60.15823,5.29906],[-60.15864,5.29875],[-60.15914,5.29942],[-60.15879,5.30001],[-60.15816,5.30202],[-60.15848,5.30288],[-60.15792,5.30399],[-60.15838,5.30492],[-60.15761,5.30543],[-60.15812,5.30621],[-60.1579,5.30717],[-60.15888,5.30764],[-60.1583,5.30819],[-60.15855,5.30908],[-60.16044,5.3099],[-60.16224,5.31034],[-60.16255,5.31073],[-60.16206,5.3114],[-60.16226,5.31217],[-60.16317,5.31274],[-60.1621,5.31324],[-60.16255,5.3139],[-60.16355,5.31387],[-60.16369,5.3143],[-60.16301,5.31518],[-60.16389,5.3151],[-60.16315,5.31573],[-60.16413,5.31651],[-60.16373,5.31897],[-60.16386,5.31967],[-60.16338,5.31992],[-60.16387,5.32117],[-60.16312,5.32141],[-60.16267,5.32065],[-60.1624,5.32133],[-60.16296,5.32193],[-60.16267,5.32254],[-60.16173,5.32281],[-60.16224,5.32341],[-60.16193,5.32381],[-60.16088,5.32323],[-60.15994,5.32338],[-60.16039,5.32382],[-60.15993,5.32582],[-60.16091,5.32719],[-60.16104,5.32797],[-60.16192,5.32828],[-60.16261,5.32813],[-60.16258,5.32992],[-60.16206,5.33129],[-60.16132,5.33111],[-60.16164,5.33195],[-60.16128,5.33217],[-60.16099,5.33344],[-60.16179,5.33375],[-60.1614,5.33443],[-60.16065,5.33438],[-60.16047,5.33511],[-60.16121,5.33555],[-60.16126,5.33667],[-60.16026,5.33647],[-60.1606,5.33781],[-60.16126,5.3375],[-60.16155,5.33803],[-60.16094,5.33895],[-60.16146,5.33931],[-60.16099,5.33979],[-60.16166,5.34023],[-60.16164,5.34073],[-60.16064,5.34122],[-60.16109,5.3418],[-60.16085,5.34257],[-60.16089,5.34455],[-60.16191,5.34571],[-60.16193,5.34675],[-60.16125,5.34758],[-60.16081,5.34755],[-60.16073,5.34878],[-60.15917,5.34947],[-60.15904,5.34992],[-60.16015,5.35007],[-60.15976,5.35136],[-60.15971,5.35278],[-60.1593,5.35326],[-60.15839,5.35353],[-60.15833,5.35574],[-60.15847,5.35666],[-60.15918,5.35626],[-60.15906,5.35699],[-60.15824,5.35843],[-60.15799,5.3599],[-60.15756,5.36052],[-60.15636,5.36068],[-60.15573,5.36117],[-60.15637,5.36206],[-60.15499,5.36209],[-60.15446,5.36347],[-60.15599,5.36412],[-60.15647,5.36509],[-60.15625,5.36563],[-60.15774,5.36607],[-60.15838,5.36737],[-60.15849,5.3696],[-60.15897,5.37134],[-60.15897,5.37274],[-60.1586,5.37337],[-60.15654,5.37431],[-60.1563,5.3748],[-60.15736,5.37534],[-60.15725,5.37603],[-60.15573,5.37567],[-60.15477,5.37655],[-60.15685,5.37661],[-60.15689,5.37742],[-60.15525,5.3777],[-60.15557,5.37929],[-60.15481,5.37975],[-60.15553,5.38079],[-60.15812,5.38154],[-60.15747,5.3818],[-60.15674,5.38269],[-60.15687,5.38378],[-60.15601,5.38386],[-60.15869,5.38744],[-60.15829,5.38837],[-60.15921,5.38852],[-60.15876,5.38967],[-60.15948,5.38977],[-60.15959,5.39077],[-60.1591,5.39127],[-60.15969,5.39168],[-60.15961,5.39219],[-60.15758,5.39222],[-60.15706,5.39335],[-60.15535,5.39453],[-60.15615,5.39514],[-60.15603,5.39557],[-60.15514,5.39556],[-60.15409,5.39693],[-60.15247,5.39969],[-60.15205,5.40076],[-60.15269,5.40089],[-60.15293,5.40149],[-60.15254,5.4023],[-60.15323,5.40278],[-60.15251,5.40325],[-60.15193,5.40292],[-60.15087,5.40295],[-60.15106,5.40378],[-60.15068,5.40438],[-60.14995,5.40451],[-60.15019,5.40621],[-60.14902,5.40541],[-60.14897,5.40585],[-60.14965,5.4066],[-60.1498,5.40744],[-60.14933,5.408],[-60.14955,5.40895],[-60.14828,5.40923],[-60.14844,5.40958],[-60.14959,5.40997],[-60.14905,5.41111],[-60.14925,5.4119],[-60.14871,5.41183],[-60.1482,5.41379],[-60.14761,5.41345],[-60.14784,5.4153],[-60.14712,5.41489],[-60.14654,5.41509],[-60.14566,5.41629],[-60.14538,5.41736],[-60.14458,5.41697],[-60.14439,5.41802],[-60.14276,5.41922],[-60.14336,5.42003],[-60.14388,5.42188],[-60.14318,5.42201],[-60.14365,5.4229],[-60.1445,5.42246],[-60.14465,5.42301],[-60.14359,5.42373],[-60.1443,5.42407],[-60.14501,5.42355],[-60.14596,5.42366],[-60.14539,5.42531],[-60.14588,5.42583],[-60.14469,5.42672],[-60.14542,5.42697],[-60.14554,5.42855],[-60.14524,5.42918],[-60.14399,5.43013],[-60.14302,5.43031],[-60.14275,5.43096],[-60.14314,5.43208],[-60.14233,5.43196],[-60.14205,5.43278],[-60.14243,5.43395],[-60.14156,5.4339],[-60.14166,5.4332],[-60.14117,5.43312],[-60.14026,5.4338],[-60.14038,5.43562],[-60.14062,5.43627],[-60.13963,5.43634],[-60.13938,5.43777],[-60.13989,5.43887],[-60.13996,5.44049],[-60.14052,5.44147],[-60.14029,5.44228],[-60.14077,5.4432],[-60.14002,5.44325],[-60.14014,5.44394],[-60.1397,5.44555],[-60.14,5.4463],[-60.13885,5.44628],[-60.13855,5.44777],[-60.13891,5.44844],[-60.13893,5.44944],[-60.1398,5.44957],[-60.14049,5.45079],[-60.14142,5.45148],[-60.14137,5.45195],[-60.13997,5.45188],[-60.13959,5.45236],[-60.14016,5.45275],[-60.13954,5.45459],[-60.13877,5.45569],[-60.13877,5.45642],[-60.13816,5.4559],[-60.13782,5.45688],[-60.13894,5.45738],[-60.13796,5.45805],[-60.13948,5.45944],[-60.13819,5.45968],[-60.13942,5.46136],[-60.1393,5.46205],[-60.13862,5.46203],[-60.13902,5.46255],[-60.13885,5.4646],[-60.13771,5.46588],[-60.13881,5.46603],[-60.13894,5.46758],[-60.13784,5.46743],[-60.13787,5.46801],[-60.1388,5.46894],[-60.1376,5.46945],[-60.1377,5.4705],[-60.13702,5.47081],[-60.13814,5.47229],[-60.13865,5.47339],[-60.14001,5.47446],[-60.14063,5.47574],[-60.14148,5.47639],[-60.14169,5.47872],[-60.14088,5.47921],[-60.14108,5.48011],[-60.14186,5.48136],[-60.14334,5.48302],[-60.14355,5.48367],[-60.14522,5.48274],[-60.14625,5.48119],[-60.14855,5.48132],[-60.14976,5.47955],[-60.15007,5.47785],[-60.15104,5.47778],[-60.1523,5.47714],[-60.15496,5.47677],[-60.15701,5.47873],[-60.15818,5.47887],[-60.15857,5.47815],[-60.15843,5.47691],[-60.15895,5.47568],[-60.15909,5.47411],[-60.15936,5.47369],[-60.16154,5.47159],[-60.16221,5.47129],[-60.16262,5.46935],[-60.16426,5.46846],[-60.16583,5.46835],[-60.16743,5.46869],[-60.16927,5.46856],[-60.17171,5.46777],[-60.17429,5.46665],[-60.17618,5.46612],[-60.17914,5.46562],[-60.18072,5.46484],[-60.18201,5.46486],[-60.18353,5.46525],[-60.1853,5.46541],[-60.18697,5.46425],[-60.1895,5.46349],[-60.19054,5.46354],[-60.19157,5.46405],[-60.1924,5.46499],[-60.19261,5.46568],[-60.19548,5.4657],[-60.19451,5.46305],[-60.1818,5.44854],[-60.18673,5.4337],[-60.1973,5.4252],[-60.19858,5.4248],[-60.21786,5.42158],[-60.22178,5.42052],[-60.22218,5.41797],[-60.21289,5.4046],[-60.21297,5.4046],[-60.21997,5.40007],[-60.22007,5.39986],[-60.22087,5.39552],[-60.21888,5.39305],[-60.21747,5.39199],[-60.21207,5.3905],[-60.2113,5.39055],[-60.20671,5.3791],[-60.20717,5.37765],[-60.20868,5.36983],[-60.20887,5.36664],[-60.20875,5.36232],[-60.20864,5.36112],[-60.20052,5.35164],[-60.19501,5.34449],[-60.19321,5.34121],[-60.19291,5.3405],[-60.19147,5.33514],[-60.1969,5.3298],[-60.19562,5.31964],[-60.20226,5.31144],[-60.20735,5.30064],[-60.20324,5.29312],[-60.20326,5.29289],[-60.2024,5.2807],[-60.20218,5.27978],[-60.19795,5.2693],[-60.19789,5.2692],[-60.19019,5.25014],[-60.18998,5.2469],[-60.18997,5.24678],[-60.18926,5.23919],[-60.18535,5.23257],[-60.18517,5.23238],[-60.18104,5.22895],[-60.17134,5.22845],[-60.16699,5.23402],[-60.1597,5.23482],[-60.14636,5.23905],[-60.13732,5.24464],[-60.12807,5.23875]]]},"properties":{"Name":"Chinoweing (Homesteads)","Region":7,"Grant_No":"G7804","Acres":35364,"Plan_Numbe":23768}},
{"type":"Feature","geometry":{"type":"Polygon","coordinates":[[[-60.09413,6.80315],[-60.09572,6.8049],[-60.0966,6.80669],[-60.0976,6.80813],[-60.09936,6.80995],[-60.10043,6.81127],[-60.10128,6.81176],[-60.10232,6.81148],[-60.10615,6.81252],[-60.10829,6.81379],[-60.10973,6.8151],[-60.11071,6.81574],[-60.11359,6.81825],[-60.11492,6.81999],[-60.11611,6.82112],[-60.11715,6.82177],[-60.1191,6.82451],[-60.11994,6.82522],[-60.12173,6.82729],[-60.12209,6.82795],[-60.124,6.83003],[-60.12476,6.83123],[-60.1253,6.83258],[-60.12594,6.83485],[-60.12895,6.8393],[-60.13151,6.8409],[-60.13233,6.84159],[-60.13481,6.84447],[-60.13581,6.84508],[-60.13768,6.84557],[-60.14047,6.84703],[-60.14315,6.84712],[-60.14527,6.84759],[-60.1465,6.84862],[-60.147,6.84958],[-60.14809,6.85049],[-60.14888,6.8515],[-60.15064,6.85305],[-60.15164,6.8534],[-60.15362,6.85349],[-60.15601,6.85392],[-60.15707,6.85432],[-60.15924,6.85471],[-60.16039,6.85535],[-60.16219,6.85571],[-60.16517,6.85716],[-60.16624,6.85708],[-60.16773,6.85658],[-60.16882,6.85673],[-60.17017,6.85839],[-60.17158,6.8593],[-60.13055,6.79783],[-60.12957,6.79846],[-60.12841,6.80035],[-60.12779,6.80102],[-60.12693,6.80086],[-60.12713,6.8],[-60.12649,6.80032],[-60.12621,6.80119],[-60.12401,6.80077],[-60.12296,6.80161],[-60.12212,6.80118],[-60.12241,6.80026],[-60.12174,6.79932],[-60.12141,6.79777],[-60.12026,6.79718],[-60.11994,6.79633],[-60.11914,6.79612],[-60.11876,6.79696],[-60.11798,6.79753],[-60.1179,6.79897],[-60.11686,6.79958],[-60.11525,6.79836],[-60.11366,6.79749],[-60.11298,6.79676],[-60.11149,6.79666],[-60.10988,6.79855],[-60.10925,6.79962],[-60.10779,6.80017],[-60.10761,6.80081],[-60.10829,6.8019],[-60.10789,6.80289],[-60.10673,6.8046],[-60.1061,6.8052],[-60.10497,6.80459],[-60.10387,6.80548],[-60.10322,6.80526],[-60.10272,6.80442],[-60.10189,6.80439],[-60.10169,6.80382],[-60.10079,6.80363],[-60.10037,6.80305],[-60.09774,6.80318],[-60.09713,6.80273],[-60.09686,6.80168],[-60.09556,6.80143],[-60.09413,6.80315]]]},"properties":{"Name":"Kurutuku (Homesteads)","Region":7,"Grant_No":"G7796","Acres":4893,"Plan_Numbe":23777}},
{"type":"Feature","geometry":{"type":"Polygon","coordinates":[[[-58.58465,6.46193],[-58.5842,6.46132],[-58.58479,6.45809],[-58.58474,6.4568],[-58.58523,6.45561],[-58.58615,6.4542],[-58.58668,6.45277],[-58.58653,6.45226],[-58.58848,6.4493],[-58.58945,6.44698],[-58.59029,6.44403],[-58.59088,6.44298],[-58.5926,6.43846],[-58.5927,6.43742],[-58.59359,6.43555],[-58.59399,6.43367],[-58.59419,6.43191],[-58.59413,6.4279],[-58.59351,6.42643],[-58.59251,6.42497],[-58.59158,6.42028],[-58.59157,6.41927],[-58.59029,6.41504],[-58.59023,6.41383],[-58.58959,6.4132],[-58.58886,6.41097],[-58.58849,6.4059],[-58.5892,6.40315],[-58.59105,6.39818],[-58.59247,6.39382],[-58.59316,6.38995],[-58.59379,6.38812],[-58.59398,6.38407],[-58.59307,6.38109],[-58.59305,6.37967],[-58.59332,6.37963],[-58.594,6.37799],[-58.59487,6.37527],[-58.59479,6.37337],[-58.59344,6.37044],[-58.59297,6.36754],[-58.59245,6.36638],[-58.59202,6.36398],[-58.59193,6.36224],[-58.59159,6.36086],[-58.59101,6.35628],[-58.59023,6.35281],[-58.58865,6.35196],[-58.58767,6.35028],[-58.5869,6.34824],[-58.58656,6.34396],[-58.58678,6.34094],[-58.58612,6.33994],[-58.58384,6.33839],[-58.58301,6.33694],[-58.58362,6.33492],[-58.58495,6.33153],[-58.58611,6.32929],[-58.5863,6.32706],[-58.58586,6.3247],[-58.58598,6.32386],[-58.58561,6.32298],[-58.58372,6.32031],[-58.58293,6.31956],[-58.58153,6.31928],[-58.57825,6.31685],[-58.57545,6.31377],[-58.57303,6.30932],[-58.57272,6.3084],[-58.57303,6.30814],[-58.5719,6.30505],[-58.57042,6.30351],[-58.56994,6.3033],[-58.5691,6.30216],[-58.56636,6.30056],[-58.56261,6.29759],[-58.55946,6.297],[-58.55707,6.29908],[-58.55563,6.29894],[-58.55406,6.29909],[-58.5528,6.30015],[-58.55048,6.30178],[-58.54972,6.30214],[-58.54914,6.30121],[-58.54841,6.30082],[-58.54752,6.30099],[-58.54602,6.30039],[-58.54595,6.30139],[-58.54551,6.30255],[-58.5465,6.3027],[-58.54628,6.30353],[-58.54509,6.30347],[-58.5441,6.30411],[-58.5434,6.30344],[-58.54289,6.30369],[-58.54305,6.30458],[-58.54248,6.30473],[-58.54144,6.30378],[-58.53912,6.30403],[-58.53626,6.30293],[-58.53571,6.30258],[-58.53174,6.30101],[-58.53013,6.30002],[-58.52861,6.29839],[-58.52642,6.29466],[-58.52495,6.29311],[-58.52309,6.29235],[-58.51952,6.28969],[-58.51823,6.28782],[-58.51722,6.28509],[-58.51531,6.28374],[-58.51378,6.28372],[-58.51158,6.28311],[-58.50937,6.28321],[-58.50833,6.28378],[-58.50624,6.28545],[-58.50419,6.28615],[-58.50151,6.2874],[-58.49856,6.28905],[-58.49714,6.28957],[-58.49281,6.2895],[-58.48841,6.289],[-58.48686,6.28899],[-58.48476,6.28946],[-58.47849,6.29184],[-58.4775,6.29206],[-58.47673,6.2919],[-58.47546,6.29109],[-58.47488,6.28939],[-58.47493,6.28677],[-58.47517,6.28575],[-58.47557,6.28219],[-58.47551,6.28039],[-58.47457,6.27739],[-58.4736,6.27533],[-58.47292,6.27444],[-58.47096,6.27363],[-58.4686,6.27166],[-58.4666,6.2703],[-58.4656,6.26897],[-58.4654,6.26737],[-58.4631,6.28352],[-58.45109,6.29837],[-58.43841,6.28198],[-58.42486,6.29524],[-58.42719,6.2968],[-58.42825,6.29768],[-58.42871,6.29845],[-58.42892,6.30025],[-58.42866,6.30163],[-58.42871,6.30272],[-58.42844,6.30485],[-58.42814,6.30582],[-58.4266,6.30706],[-58.42581,6.30844],[-58.42562,6.30921],[-58.42568,6.31131],[-58.42597,6.31287],[-58.42611,6.31557],[-58.42604,6.31672],[-58.42563,6.3187],[-58.42379,6.32256],[-58.42291,6.32404],[-58.4222,6.32647],[-58.42097,6.32815],[-58.41868,6.32904],[-58.4176,6.32988],[-58.41746,6.3307],[-58.41804,6.33271],[-58.41864,6.33326],[-58.42305,6.33473],[-58.42554,6.33489],[-58.42704,6.3352],[-58.42833,6.33605],[-58.43054,6.33806],[-58.43171,6.33939],[-58.43445,6.34307],[-58.43542,6.34403],[-58.43792,6.34463],[-58.43992,6.34485],[-58.44244,6.34461],[-58.44386,6.34417],[-58.44898,6.34179],[-58.45094,6.3404],[-58.45359,6.33874],[-58.4562,6.33763],[-58.45838,6.33738],[-58.46113,6.33685],[-58.46316,6.33807],[-58.46464,6.33926],[-58.46762,6.33972],[-58.47137,6.33998],[-58.47455,6.34138],[-58.47762,6.342],[-58.48014,6.34237],[-58.48256,6.34285],[-58.48369,6.34335],[-58.48644,6.34517],[-58.48768,6.34665],[-58.4898,6.34815],[-58.49071,6.34898],[-58.49237,6.35096],[-58.49401,6.35199],[-58.496,6.35294],[-58.49713,6.35391],[-58.4997,6.35664],[-58.50163,6.35898],[-58.50449,6.36361],[-58.5068,6.36417],[-58.50975,6.36564],[-58.5109,6.3669],[-58.51161,6.36686],[-58.51535,6.36736],[-58.51878,6.36866],[-58.51919,6.36942],[-58.52037,6.37052],[-58.52059,6.37178],[-58.5211,6.37293],[-58.52182,6.37379],[-58.52251,6.37394],[-58.5232,6.37468],[-58.5234,6.37558],[-58.52463,6.37682],[-58.5259,6.37759],[-58.52746,6.38003],[-58.52837,6.38053],[-58.52906,6.38138],[-58.52948,6.38247],[-58.53108,6.38468],[-58.5317,6.38512],[-58.53284,6.38701],[-58.53419,6.38742],[-58.53545,6.38882],[-58.53628,6.38936],[-58.53652,6.39052],[-58.53698,6.39106],[-58.53666,6.39239],[-58.5359,6.39311],[-58.53457,6.39485],[-58.53447,6.39566],[-58.53499,6.39703],[-58.53444,6.3981],[-58.53502,6.3991],[-58.53485,6.39976],[-58.53527,6.40101],[-58.53612,6.40159],[-58.53543,6.40267],[-58.5364,6.40471],[-58.53594,6.40569],[-58.53659,6.40617],[-58.53827,6.40638],[-58.53857,6.40776],[-58.53896,6.40821],[-58.53895,6.40931],[-58.54062,6.41065],[-58.54179,6.41095],[-58.54331,6.41095],[-58.54361,6.41207],[-58.54413,6.41549],[-58.54484,6.41723],[-58.54626,6.41717],[-58.54836,6.41794],[-58.54917,6.41847],[-58.54998,6.4208],[-58.5521,6.42387],[-58.55276,6.42615],[-58.55387,6.42695],[-58.55554,6.42683],[-58.55618,6.42788],[-58.55669,6.42816],[-58.55788,6.42794],[-58.55923,6.42827],[-58.55971,6.42876],[-58.5604,6.43014],[-58.562,6.43121],[-58.56282,6.43118],[-58.56388,6.43249],[-58.56417,6.43409],[-58.56466,6.43532],[-58.56524,6.43564],[-58.5674,6.43484],[-58.56878,6.43402],[-58.56924,6.43415],[-58.56999,6.43582],[-58.57157,6.43766],[-58.57195,6.4395],[-58.5718,6.43993],[-58.57045,6.43931],[-58.5698,6.43963],[-58.56916,6.44147],[-58.56652,6.44209],[-58.56566,6.44314],[-58.56569,6.4437],[-58.56682,6.44605],[-58.56695,6.44727],[-58.56629,6.44979],[-58.56519,6.45112],[-58.56462,6.45106],[-58.56415,6.44983],[-58.5619,6.44987],[-58.55973,6.45166],[-58.55936,6.45246],[-58.55982,6.45342],[-58.55974,6.45581],[-58.56182,6.45764],[-58.56309,6.45772],[-58.5642,6.45557],[-58.56591,6.45421],[-58.56648,6.45403],[-58.56767,6.45525],[-58.57004,6.45706],[-58.57026,6.45782],[-58.56876,6.46001],[-58.567,6.46368],[-58.56671,6.46454],[-58.56816,6.46548],[-58.5688,6.46528],[-58.57187,6.46576],[-58.57268,6.46535],[-58.57273,6.46423],[-58.57384,6.46262],[-58.57474,6.46213],[-58.57606,6.46065],[-58.57736,6.46032],[-58.5793,6.46155],[-58.58106,6.46248],[-58.58261,6.46349],[-58.58382,6.46338],[-58.58465,6.46193]]]},"properties":{"Name":"Rivers View/Falmouth","Region":10,"Grant_No":"No Data","Acres":43161,"Plan_Numbe":0}},
{"type":"Feature","geometry":{"type":"Polygon","coordinates":[[[-61.15194,6.45858],[-61.15239,6.45732],[-61.15386,6.45538],[-61.15449,6.4548],[-61.15711,6.45336],[-61.15751,6.45268],[-61.15734,6.45189],[-61.15589,6.44995],[-61.15487,6.44903],[-61.15416,6.44875],[-61.15278,6.44877],[-61.15026,6.4496],[-61.14947,6.44956],[-61.14842,6.44846],[-61.14813,6.44762],[-61.14897,6.44511],[-61.1503,6.44532],[-61.15194,6.44616],[-61.15411,6.44669],[-61.15476,6.44634],[-61.15405,6.44426],[-61.15356,6.44229],[-61.15383,6.44039],[-61.15511,6.43874],[-61.15567,6.43701],[-61.15557,6.43628],[-61.15446,6.43443],[-61.15307,6.43112],[-61.15102,6.42986],[-61.14891,6.42928],[-61.14818,6.42923],[-61.1452,6.43011],[-61.14411,6.4299],[-61.14343,6.42929],[-61.14389,6.42826],[-61.14584,6.42729],[-61.14802,6.42597],[-61.14971,6.42443],[-61.15005,6.42281],[-61.14974,6.42066],[-61.14885,6.41942],[-61.14719,6.41938],[-61.14628,6.41833],[-61.14653,6.41715],[-61.14703,6.41647],[-61.14838,6.41567],[-61.14772,6.41391],[-61.14795,6.41297],[-61.14863,6.41226],[-61.1507,6.41112],[-61.15184,6.41145],[-61.15296,6.4135],[-61.15491,6.41555],[-61.15661,6.41582],[-61.15805,6.41502],[-61.15624,6.41382],[-61.15539,6.41289],[-61.15482,6.41179],[-61.155,6.41058],[-61.15728,6.40906],[-61.15798,6.4082],[-61.1584,6.4064],[-61.15745,6.40575],[-61.15736,6.4043],[-61.15665,6.40493],[-61.15532,6.40511],[-61.15509,6.40566],[-61.15299,6.40493],[-61.15239,6.40353],[-61.15167,6.40296],[-61.15107,6.4037],[-61.15019,6.40283],[-61.14996,6.40192],[-61.14929,6.40242],[-61.14878,6.40367],[-61.14712,6.40514],[-61.14574,6.40502],[-61.14642,6.40246],[-61.14681,6.40201],[-61.14653,6.40119],[-61.14532,6.40055],[-61.14555,6.40008],[-61.14497,6.39973],[-61.14483,6.39832],[-61.14384,6.39771],[-61.1429,6.39778],[-61.14289,6.39741],[-61.14069,6.39859],[-61.14078,6.39794],[-61.13925,6.39648],[-61.13955,6.39561],[-61.13831,6.39471],[-61.13845,6.39431],[-61.13755,6.39269],[-61.13806,6.39201],[-61.13716,6.39123],[-61.13736,6.38967],[-61.13651,6.3899],[-61.13692,6.38879],[-61.13581,6.38887],[-61.1353,6.3894],[-61.13485,6.38887],[-61.13525,6.38831],[-61.13691,6.38826],[-61.13834,6.38619],[-61.13749,6.38536],[-61.13816,6.38487],[-61.13948,6.38316],[-61.13846,6.38229],[-61.13729,6.38266],[-61.13699,6.38241],[-61.13771,6.38173],[-61.13763,6.38119],[-61.13566,6.38041],[-61.1349,6.37974],[-61.1342,6.37973],[-61.13367,6.37839],[-61.13357,6.37747],[-61.13295,6.37653],[-61.13188,6.37614],[-61.13065,6.37605],[-61.12964,6.37555],[-61.12795,6.37429],[-61.12546,6.37337],[-61.12485,6.37382],[-61.124,6.37341],[-61.12206,6.3739],[-61.12134,6.37479],[-61.12028,6.37501],[-61.11889,6.37395],[-61.11876,6.3726],[-61.11832,6.37088],[-61.11773,6.36999],[-61.1171,6.3702],[-61.11659,6.3689],[-61.11668,6.36709],[-61.11696,6.36628],[-61.11628,6.36483],[-61.11677,6.36442],[-61.11738,6.36222],[-61.11645,6.36211],[-61.11619,6.36124],[-61.11678,6.36069],[-61.11611,6.35979],[-61.11616,6.35869],[-61.11552,6.35807],[-61.11429,6.35766],[-61.11304,6.35536],[-61.11169,6.3541],[-61.11054,6.35389],[-61.10966,6.35416],[-61.10803,6.35315],[-61.10668,6.35319],[-61.10513,6.35281],[-61.10268,6.35285],[-61.10217,6.35269],[-61.1,6.35297],[-61.09693,6.353],[-61.09575,6.35513],[-61.09637,6.35815],[-61.09754,6.3597],[-61.09752,6.3606],[-61.09584,6.36253],[-61.09595,6.36343],[-61.09562,6.36406],[-61.09564,6.36638],[-61.09548,6.36731],[-61.09705,6.3688],[-61.09736,6.37055],[-61.09605,6.37196],[-61.09454,6.37426],[-61.09381,6.37798],[-61.09356,6.3805],[-61.09265,6.38307],[-61.0925,6.38509],[-61.09109,6.38676],[-61.09003,6.39052],[-61.08797,6.39422],[-61.08625,6.39546],[-61.08613,6.39726],[-61.08422,6.398],[-61.08216,6.39832],[-61.0811,6.39866],[-61.08008,6.39973],[-61.0802,6.40248],[-61.07951,6.40285],[-61.07936,6.40468],[-61.07761,6.40539],[-61.07684,6.40533],[-61.07579,6.40663],[-61.07271,6.40738],[-61.07099,6.40743],[-61.06997,6.40867],[-61.06847,6.40825],[-61.06731,6.40836],[-61.06587,6.41089],[-61.06398,6.41074],[-61.06253,6.41115],[-61.06111,6.41265],[-61.06025,6.41322],[-61.05966,6.41442],[-61.05758,6.41544],[-61.05663,6.41677],[-61.05395,6.41805],[-61.053,6.41952],[-61.05192,6.42056],[-61.05026,6.42469],[-61.0432,6.43881],[-61.03854,6.44992],[-61.0399,6.45011],[-61.04207,6.4498],[-61.0439,6.44989],[-61.04463,6.44972],[-61.04604,6.45145],[-61.04781,6.45275],[-61.04826,6.45234],[-61.04785,6.45114],[-61.04936,6.45063],[-61.05027,6.45096],[-61.05129,6.45036],[-61.05268,6.45002],[-61.05374,6.44939],[-61.05468,6.44995],[-61.0568,6.45204],[-61.05817,6.45256],[-61.05893,6.45231],[-61.0594,6.45171],[-61.06061,6.45096],[-61.06244,6.45025],[-61.06262,6.44959],[-61.06223,6.44829],[-61.06267,6.447],[-61.06298,6.44494],[-61.06388,6.44375],[-61.06485,6.44183],[-61.06574,6.44092],[-61.06744,6.44118],[-61.06857,6.43934],[-61.06957,6.43882],[-61.07056,6.43787],[-61.07124,6.43543],[-61.07243,6.43475],[-61.07286,6.4341],[-61.07422,6.43372],[-61.07478,6.43244],[-61.07835,6.43146],[-61.08042,6.42892],[-61.08055,6.42756],[-61.08117,6.42657],[-61.08368,6.42566],[-61.08475,6.42491],[-61.08636,6.42346],[-61.08757,6.42258],[-61.08907,6.42224],[-61.09206,6.42228],[-61.09407,6.42184],[-61.09474,6.42122],[-61.09513,6.42023],[-61.09388,6.41708],[-61.09416,6.41677],[-61.09492,6.41753],[-61.09533,6.41731],[-61.09591,6.41478],[-61.09651,6.41455],[-61.09874,6.41457],[-61.09942,6.4138],[-61.09983,6.41445],[-61.10064,6.41356],[-61.10089,6.41382],[-61.10032,6.4146],[-61.10253,6.41471],[-61.10367,6.41437],[-61.10418,6.41592],[-61.10459,6.41611],[-61.10557,6.41557],[-61.10579,6.41616],[-61.1065,6.41642],[-61.10825,6.41653],[-61.10743,6.41573],[-61.1068,6.41456],[-61.10634,6.41435],[-61.10715,6.41336],[-61.10786,6.41338],[-61.10886,6.41272],[-61.10959,6.41295],[-61.11124,6.41237],[-61.11053,6.41198],[-61.11127,6.41058],[-61.11276,6.41164],[-61.11343,6.41289],[-61.11395,6.41215],[-61.11454,6.4132],[-61.11565,6.41283],[-61.11575,6.41329],[-61.1149,6.41374],[-61.11527,6.4146],[-61.11638,6.41538],[-61.11553,6.41539],[-61.11519,6.41585],[-61.11587,6.41649],[-61.11569,6.4171],[-61.11637,6.41775],[-61.11548,6.41837],[-61.11749,6.41921],[-61.11785,6.41913],[-61.11931,6.42112],[-61.12006,6.42059],[-61.12068,6.42073],[-61.12045,6.42252],[-61.12149,6.42252],[-61.12162,6.42288],[-61.12058,6.42413],[-61.12079,6.42456],[-61.11981,6.42588],[-61.12007,6.42624],[-61.11979,6.42732],[-61.12076,6.42647],[-61.12142,6.4268],[-61.12149,6.42741],[-61.12076,6.42873],[-61.12066,6.42944],[-61.12123,6.43006],[-61.12191,6.42928],[-61.12315,6.43027],[-61.12386,6.43054],[-61.12443,6.43165],[-61.12311,6.43257],[-61.12355,6.43304],[-61.12418,6.43265],[-61.12614,6.43338],[-61.12573,6.43412],[-61.12658,6.43472],[-61.12606,6.43499],[-61.12658,6.43628],[-61.12594,6.4379],[-61.12565,6.43984],[-61.12473,6.44192],[-61.12524,6.44205],[-61.12595,6.44116],[-61.1263,6.44208],[-61.12716,6.44273],[-61.12783,6.44435],[-61.12847,6.44531],[-61.12828,6.44616],[-61.12882,6.44659],[-61.12895,6.44741],[-61.12814,6.44767],[-61.12821,6.4483],[-61.12895,6.44863],[-61.12965,6.44834],[-61.13047,6.44988],[-61.13135,6.45014],[-61.13265,6.44965],[-61.13581,6.45124],[-61.13738,6.45255],[-61.13817,6.45368],[-61.13941,6.45486],[-61.14324,6.45738],[-61.14458,6.45767],[-61.14494,6.45668],[-61.14613,6.45584],[-61.14643,6.45665],[-61.14739,6.45713],[-61.1479,6.45823],[-61.14876,6.45852],[-61.15046,6.45826],[-61.1508,6.45759],[-61.15117,6.45868],[-61.15194,6.45858]]]},"properties":{"Name":"Arrau","Region":7,"Grant_No":"G7802","Acres":15201,"Plan_Numbe":23776}},
{"type":"Feature","geometry":{"type":"Polygon","coordinates":[[[-59.40596,7.72459],[-59.40493,7.72304],[-59.40423,7.72231],[-59.40311,7.72163],[-59.40187,7.72018],[-59.40128,7.71849],[-59.40019,7.71688],[-59.3997,7.71583],[-59.39968,7.71494],[-59.39899,7.7137],[-59.39887,7.71074],[-59.39779,7.70907],[-59.39671,7.70826],[-59.39627,7.70707],[-59.39527,7.70562],[-59.39236,7.70323],[-59.39139,7.70209],[-59.39151,7.70102],[-59.39061,7.69772],[-59.3898,7.69665],[-59.38786,7.69462],[-59.38688,7.69191],[-59.38447,7.68785],[-59.38319,7.68605],[-59.38295,7.6847],[-59.38179,7.68352],[-59.38105,7.68187],[-59.37993,7.68096],[-59.37714,7.67121],[-59.37831,7.66973],[-59.37857,7.66898],[-59.37833,7.66792],[-59.37692,7.66674],[-59.37673,7.66617],[-59.37773,7.66418],[-59.37787,7.66302],[-59.37767,7.66171],[-59.37721,7.66112],[-59.37513,7.66059],[-59.37385,7.6605],[-59.37269,7.66121],[-59.371,7.66149],[-59.36949,7.66123],[-59.36847,7.66054],[-59.36737,7.65939],[-59.3652,7.65841],[-59.36412,7.65749],[-59.36319,7.65706],[-59.36069,7.65755],[-59.35954,7.65705],[-59.35872,7.65564],[-59.35682,7.6533],[-59.35457,7.65104],[-59.35387,7.65227],[-59.35277,7.65338],[-59.35062,7.65446],[-59.3479,7.65732],[-59.34708,7.65782],[-59.34702,7.65986],[-59.34612,7.6605],[-59.34538,7.66021],[-59.3429,7.66352],[-59.34174,7.66326],[-59.34123,7.66273],[-59.34062,7.66023],[-59.33972,7.65991],[-59.33906,7.65886],[-59.33667,7.65864],[-59.33535,7.6578],[-59.33451,7.65761],[-59.33319,7.6566],[-59.33238,7.65628],[-59.33114,7.6546],[-59.33015,7.65388],[-59.32963,7.65281],[-59.32953,7.65166],[-59.32902,7.65067],[-59.32866,7.65142],[-59.3274,7.65229],[-59.3263,7.65256],[-59.32448,7.65359],[-59.32389,7.65425],[-59.3245,7.65674],[-59.32449,7.65786],[-59.31259,7.66392],[-59.31157,7.66538],[-59.31172,7.66686],[-59.31151,7.66745],[-59.31048,7.66859],[-59.30955,7.67009],[-59.30819,7.67001],[-59.30646,7.67041],[-59.30399,7.6707],[-59.3045,7.67188],[-59.30637,7.67525],[-59.30671,7.6769],[-59.30717,7.68071],[-59.30773,7.68358],[-59.3083,7.68502],[-59.30964,7.68694],[-59.31046,7.68747],[-59.30513,7.68983],[-59.30421,7.69065],[-59.30332,7.69248],[-59.30339,7.69394],[-59.30305,7.69455],[-59.30109,7.69602],[-59.29905,7.69703],[-59.2979,7.69781],[-59.29562,7.69778],[-59.29395,7.69835],[-59.29267,7.69844],[-59.29186,7.69795],[-59.29016,7.69621],[-59.28896,7.6947],[-59.28767,7.69356],[-59.2845,7.69196],[-59.28236,7.69149],[-59.28147,7.69168],[-59.27946,7.69276],[-59.27755,7.69411],[-59.27591,7.69585],[-59.27475,7.69678],[-59.27233,7.69748],[-59.2713,7.69795],[-59.26964,7.69942],[-59.26842,7.7015],[-59.26723,7.70316],[-59.2651,7.70508],[-59.26342,7.70612],[-59.26279,7.70605],[-59.26103,7.70523],[-59.26038,7.70543],[-59.25813,7.70796],[-59.25726,7.70758],[-59.25586,7.70802],[-59.25422,7.70805],[-59.25367,7.7095],[-59.2528,7.71107],[-59.25152,7.71393],[-59.24863,7.71882],[-59.2478,7.72065],[-59.24666,7.72401],[-59.24582,7.72823],[-59.24565,7.72999],[-59.2457,7.7338],[-59.24558,7.73611],[-59.24491,7.74157],[-59.24513,7.74442],[-59.24607,7.74674],[-59.24594,7.74777],[-59.24621,7.75168],[-59.24644,7.753],[-59.24713,7.75477],[-59.24788,7.75724],[-59.24867,7.75916],[-59.2507,7.76234],[-59.25148,7.7628],[-59.25236,7.7643],[-59.25327,7.76846],[-59.25381,7.76967],[-59.25505,7.77094],[-59.25714,7.77215],[-59.25872,7.77349],[-59.26056,7.77532],[-59.26119,7.77657],[-59.26147,7.77843],[-59.26364,7.77959],[-59.267,7.78213],[-59.26956,7.78453],[-59.27206,7.78667],[-59.27339,7.78798],[-59.27553,7.78924],[-59.28122,7.79333],[-59.28288,7.79384],[-59.2884,7.79411],[-59.29001,7.79332],[-59.29122,7.79182],[-59.2929,7.78905],[-59.29356,7.78639],[-59.29382,7.78425],[-59.29465,7.78124],[-59.29536,7.77767],[-59.29597,7.77645],[-59.29749,7.77498],[-59.29923,7.77375],[-59.30124,7.77344],[-59.30276,7.77367],[-59.3049,7.77452],[-59.30802,7.77603],[-59.31119,7.77793],[-59.31339,7.77902],[-59.31771,7.78047],[-59.32002,7.78097],[-59.3209,7.78092],[-59.32262,7.78129],[-59.32559,7.77844],[-59.32864,7.77568],[-59.33133,7.77381],[-59.33645,7.77083],[-59.33822,7.76909],[-59.3386,7.76807],[-59.33889,7.76645],[-59.33878,7.76275],[-59.3385,7.76067],[-59.33834,7.75669],[-59.33832,7.75397],[-59.33874,7.7511],[-59.33969,7.74863],[-59.34165,7.74583],[-59.34299,7.74507],[-59.3455,7.74427],[-59.34873,7.74349],[-59.35119,7.74309],[-59.35561,7.74203],[-59.35885,7.74143],[-59.36146,7.74119],[-59.36262,7.74126],[-59.36599,7.7423],[-59.3681,7.7438],[-59.36931,7.74548],[-59.36981,7.74757],[-59.36984,7.74903],[-59.37013,7.7509],[-59.37059,7.75167],[-59.37169,7.75242],[-59.37316,7.75211],[-59.37473,7.75055],[-59.37597,7.74892],[-59.37678,7.74813],[-59.3784,7.74732],[-59.38138,7.74683],[-59.38338,7.74687],[-59.3848,7.74614],[-59.3862,7.74511],[-59.38742,7.74375],[-59.39058,7.73991],[-59.39292,7.73647],[-59.39391,7.73408],[-59.39405,7.73131],[-59.39391,7.72896],[-59.39434,7.7279],[-59.39559,7.7269],[-59.397,7.72723],[-59.39761,7.72777],[-59.39964,7.73118],[-59.40123,7.73197],[-59.40237,7.73195],[-59.40389,7.73126],[-59.40481,7.73003],[-59.40577,7.72484],[-59.40596,7.72459]]]},"properties":{"Name":"Warapoka Extension","Region":1,"Grant_No":"No Data","Acres":39216,"Plan_Numbe":0}},
{"type":"Feature","geometry":{"type":"Polygon","coordinates":[[[-58.27555,6.60739],[-58.27737,6.60889],[-58.2786,6.61061],[-58.27973,6.61403],[-58.28069,6.61504],[-58.28044,6.61634],[-58.27944,6.61703],[-58.2792,6.61801],[-58.28189,6.6193],[-58.28224,6.62072],[-58.28104,6.6213],[-58.28045,6.62211],[-58.28039,6.62288],[-58.28118,6.62357],[-58.28362,6.62353],[-58.28543,6.62329],[-58.28672,6.62291],[-58.28753,6.62316],[-58.28867,6.62495],[-58.29082,6.62505],[-58.29248,6.62584],[-58.29573,6.6285],[-58.29847,6.62982],[-58.30017,6.62963],[-58.30055,6.62858],[-58.30126,6.62766],[-58.30265,6.62757],[-58.30465,6.62972],[-58.30516,6.63136],[-58.30581,6.63235],[-58.30625,6.63238],[-58.31055,6.63182],[-58.31256,6.63308],[-58.31498,6.63498],[-58.31581,6.63537],[-58.31773,6.63509],[-58.31895,6.63528],[-58.31911,6.63608],[-58.31815,6.63789],[-58.31824,6.63856],[-58.31985,6.63958],[-58.3206,6.64108],[-58.32154,6.64203],[-58.32286,6.64264],[-58.32631,6.64605],[-58.32815,6.64727],[-58.33004,6.64811],[-58.33089,6.64816],[-58.33342,6.64672],[-58.33537,6.64653],[-58.33692,6.64686],[-58.3381,6.64771],[-58.3388,6.64776],[-58.34058,6.64722],[-58.34353,6.64737],[-58.34453,6.6466],[-58.34671,6.64633],[-58.34749,6.64603],[-58.3497,6.64649],[-58.35169,6.64624],[-58.35396,6.64542],[-58.35586,6.64522],[-58.35722,6.64476],[-58.35997,6.64521],[-58.36099,6.64514],[-58.3626,6.64439],[-58.36384,6.64279],[-58.36448,6.6416],[-58.36453,6.64031],[-58.36512,6.63887],[-58.36637,6.63878],[-58.36823,6.63768],[-58.36934,6.63615],[-58.37055,6.6359],[-58.37096,6.63627],[-58.37244,6.63666],[-58.3751,6.63628],[-58.37663,6.63637],[-58.3783,6.63758],[-58.37976,6.63824],[-58.38174,6.63938],[-58.38529,6.64022],[-58.38721,6.64092],[-58.3899,6.64139],[-58.3936,6.64133],[-58.39556,6.64109],[-58.39893,6.64016],[-58.40016,6.64019],[-58.40415,6.64129],[-58.40606,6.64097],[-58.40685,6.64026],[-58.40747,6.63896],[-58.40787,6.63635],[-58.40814,6.63256],[-58.40877,6.63078],[-58.4106,6.62739],[-58.41317,6.62325],[-58.41483,6.621],[-58.41752,6.61847],[-58.42188,6.61708],[-58.42556,6.61678],[-58.42877,6.61642],[-58.43239,6.61463],[-58.43399,6.61205],[-58.43357,6.60849],[-58.43236,6.60499],[-58.43062,6.60086],[-58.43043,6.59356],[-58.43071,6.59098],[-58.43185,6.58891],[-58.43375,6.5885],[-58.43581,6.58873],[-58.43863,6.58872],[-58.44087,6.58842],[-58.44172,6.58687],[-58.44178,6.5848],[-58.44073,6.58199],[-58.43894,6.57867],[-58.4379,6.57442],[-58.43794,6.57063],[-58.4392,6.56707],[-58.43959,6.56396],[-58.43861,6.56075],[-58.43613,6.55904],[-58.4324,6.55893],[-58.42403,6.56152],[-58.42247,6.56097],[-58.42063,6.55937],[-58.41982,6.55799],[-58.41901,6.55604],[-58.41941,6.55455],[-58.4209,6.5527],[-58.42284,6.55103],[-58.42634,6.54901],[-58.4295,6.54768],[-58.43454,6.54486],[-58.43609,6.54313],[-58.43706,6.54129],[-58.439,6.53675],[-58.44134,6.53237],[-58.44241,6.52674],[-58.44264,6.52445],[-58.44194,6.52146],[-58.44037,6.51664],[-58.43951,6.51567],[-58.4364,6.51355],[-58.43462,6.51201],[-58.43335,6.51029],[-58.4326,6.50759],[-58.43213,6.50484],[-58.43184,6.50225],[-58.42988,6.50111],[-58.42724,6.50163],[-58.42149,6.50564],[-58.42152,6.51103],[-58.4213,6.51916],[-58.4206,6.52515],[-58.41702,6.53018],[-58.41321,6.5345],[-58.40034,6.54131],[-58.39218,6.54365],[-58.38333,6.54535],[-58.37352,6.54585],[-58.36437,6.54608],[-58.35938,6.54604],[-58.35415,6.54548],[-58.34956,6.54492],[-58.34477,6.54161],[-58.34232,6.54047],[-58.34106,6.54034],[-58.33883,6.54042],[-58.33791,6.54023],[-58.33572,6.53933],[-58.33413,6.53885],[-58.33068,6.53838],[-58.32929,6.53785],[-58.32758,6.53825],[-58.32627,6.53999],[-58.3245,6.53992],[-58.3226,6.54045],[-58.3202,6.54029],[-58.31801,6.54065],[-58.31625,6.54133],[-58.31502,6.54148],[-58.31363,6.54123],[-58.31326,6.54036],[-58.3124,6.53982],[-58.31219,6.54138],[-58.31092,6.54318],[-58.3109,6.54458],[-58.3103,6.54555],[-58.31087,6.54613],[-58.31105,6.5471],[-58.31063,6.54915],[-58.30953,6.552],[-58.3093,6.55396],[-58.30861,6.55541],[-58.30857,6.55697],[-58.30926,6.55813],[-58.30837,6.55833],[-58.30719,6.55795],[-58.30568,6.55853],[-58.30291,6.55859],[-58.30166,6.55895],[-58.29991,6.56032],[-58.29884,6.56088],[-58.29838,6.56192],[-58.29857,6.56486],[-58.29849,6.56624],[-58.29704,6.56767],[-58.29703,6.56938],[-58.29842,6.56951],[-58.29936,6.57003],[-58.29887,6.57063],[-58.29777,6.57055],[-58.29681,6.57099],[-58.29607,6.57188],[-58.29524,6.57343],[-58.29391,6.5745],[-58.29266,6.5748],[-58.29211,6.57544],[-58.2918,6.57681],[-58.29077,6.57771],[-58.28929,6.57825],[-58.2881,6.57828],[-58.28779,6.58004],[-58.28696,6.58022],[-58.28528,6.57922],[-58.28475,6.57991],[-58.28582,6.58172],[-58.28453,6.58299],[-58.28561,6.58414],[-58.28584,6.58491],[-58.28529,6.58587],[-58.2848,6.58596],[-58.28404,6.58491],[-58.283,6.58401],[-58.28228,6.58446],[-58.28242,6.58547],[-58.28296,6.58599],[-58.28361,6.5874],[-58.28277,6.58783],[-58.28099,6.58703],[-58.27924,6.58686],[-58.27849,6.58762],[-58.27816,6.58873],[-58.27928,6.58952],[-58.2801,6.59115],[-58.27959,6.59135],[-58.27761,6.59048],[-58.27731,6.59136],[-58.27836,6.59218],[-58.27875,6.59537],[-58.27798,6.59585],[-58.27619,6.59546],[-58.27544,6.59621],[-58.27642,6.59754],[-58.27647,6.5983],[-58.27601,6.59974],[-58.27617,6.60135],[-58.27665,6.60264],[-58.27652,6.60406],[-58.27547,6.60582],[-58.27555,6.60739]]]},"properties":{"Name":"Santa Aratak","Region":3,"Grant_No":"No Data","Acres":42978,"Plan_Numbe":23684}},
{"type":"Feature","geometry":{"type":"Polygon","coordinates":[[[-58.93361,7.50355],[-58.93284,7.50247],[-58.93218,7.50237],[-58.9312,7.50157],[-58.93164,7.49854],[-58.93215,7.49638],[-58.93215,7.49498],[-58.93148,7.49384],[-58.93078,7.49325],[-58.92927,7.49277],[-58.92798,7.49117],[-58.92738,7.49016],[-58.92675,7.48967],[-58.92678,7.48912],[-58.92764,7.4874],[-58.92754,7.48667],[-58.92698,7.48608],[-58.92568,7.48543],[-58.92581,7.484],[-58.9256,7.48334],[-58.9264,7.48208],[-58.92622,7.48054],[-58.92499,7.47961],[-58.92488,7.47919],[-58.92704,7.47598],[-58.92867,7.47447],[-58.93128,7.47338],[-58.93334,7.47292],[-58.93487,7.47131],[-58.93469,7.46984],[-58.93486,7.46918],[-58.93622,7.46722],[-58.93653,7.46708],[-58.93859,7.46732],[-58.93936,7.46759],[-58.94171,7.46981],[-58.94192,7.47068],[-58.94159,7.47302],[-58.94149,7.47483],[-58.94195,7.47737],[-58.94305,7.47977],[-58.96011,7.48003],[-59.00154,7.48066],[-59.00262,7.47947],[-59.00498,7.4757],[-59.00637,7.47391],[-59.00618,7.47221],[-59.00691,7.46987],[-59.0083,7.4692],[-59.00865,7.46857],[-59.01025,7.46734],[-59.01042,7.46665],[-59.0117,7.46406],[-59.01194,7.46329],[-59.01172,7.46152],[-59.01255,7.46012],[-59.01363,7.45921],[-59.01503,7.45854],[-59.01645,7.45717],[-59.01812,7.4565],[-59.01839,7.45396],[-59.01834,7.45065],[-59.01808,7.44779],[-59.01836,7.44629],[-59.02023,7.44419],[-59.02243,7.44369],[-59.02365,7.44247],[-59.02489,7.43901],[-59.02488,7.43744],[-59.02595,7.43535],[-59.02623,7.43448],[-59.02689,7.43391],[-59.02808,7.43405],[-59.03139,7.43316],[-59.03174,7.43278],[-59.03291,7.42995],[-59.03207,7.43081],[-59.03059,7.4313],[-59.02924,7.43145],[-59.0275,7.43025],[-59.02602,7.43199],[-59.02347,7.43243],[-59.02238,7.43585],[-59.02055,7.43542],[-59.01854,7.43625],[-59.01662,7.43789],[-59.01388,7.43833],[-59.01283,7.44002],[-59.01338,7.44405],[-59.01266,7.44477],[-59.01049,7.4442],[-59.01034,7.44276],[-59.0065,7.44321],[-59.00583,7.44365],[-59.00486,7.44269],[-59.00471,7.44029],[-59.00384,7.43953],[-59.00358,7.4366],[-59.00113,7.43738],[-59.00079,7.43676],[-59.00122,7.4357],[-59.0006,7.43513],[-58.99834,7.43557],[-58.9971,7.43798],[-58.99163,7.44237],[-58.99011,7.44521],[-58.9878,7.44493],[-58.98771,7.4468],[-58.98656,7.44734],[-58.98429,7.446],[-58.98381,7.44447],[-58.98241,7.44505],[-58.98063,7.444],[-58.98034,7.44304],[-58.97908,7.44247],[-58.97955,7.43973],[-58.97897,7.43935],[-58.97509,7.44163],[-58.97047,7.44227],[-58.96903,7.44295],[-58.96775,7.44497],[-58.96688,7.44488],[-58.96649,7.44426],[-58.96624,7.44277],[-58.96379,7.44173],[-58.9609,7.44222],[-58.95937,7.44347],[-58.95764,7.44377],[-58.95654,7.44507],[-58.95544,7.44603],[-58.95559,7.4481],[-58.95541,7.44983],[-58.95493,7.45108],[-58.95383,7.45151],[-58.9521,7.45306],[-58.95148,7.45455],[-58.94898,7.45446],[-58.94726,7.45572],[-58.94668,7.45635],[-58.94577,7.45601],[-58.94586,7.45481],[-58.94513,7.45429],[-58.94191,7.45459],[-58.94109,7.45315],[-58.94186,7.45224],[-58.94074,7.45061],[-58.93906,7.44995],[-58.93686,7.45322],[-58.93479,7.45294],[-58.93432,7.45462],[-58.93316,7.45535],[-58.93167,7.45502],[-58.93129,7.45641],[-58.92971,7.45752],[-58.92817,7.4582],[-58.92746,7.45921],[-58.92785,7.45988],[-58.92891,7.46046],[-58.92824,7.4619],[-58.92685,7.46315],[-58.92468,7.46297],[-58.92411,7.46374],[-58.92262,7.46346],[-58.9219,7.46394],[-58.91935,7.46343],[-58.91829,7.46362],[-58.91671,7.46449],[-58.9144,7.46417],[-58.91248,7.46514],[-58.91176,7.46639],[-58.9096,7.46673],[-58.90888,7.4665],[-58.9094,7.46549],[-58.90911,7.46457],[-58.90776,7.46453],[-58.90723,7.46386],[-58.90627,7.46367],[-58.90531,7.46421],[-58.90324,7.46398],[-58.90083,7.46331],[-58.89973,7.46375],[-58.89703,7.46271],[-58.89693,7.46127],[-58.89577,7.46146],[-58.89501,7.46209],[-58.89366,7.46258],[-58.8924,7.46071],[-58.89244,7.45855],[-58.89076,7.45856],[-58.8898,7.4599],[-58.88587,7.46208],[-58.88307,7.46065],[-58.8812,7.46172],[-58.87995,7.46177],[-58.87913,7.46096],[-58.87798,7.46168],[-58.87663,7.46126],[-58.87503,7.45949],[-58.87306,7.45834],[-58.87142,7.45681],[-58.86785,7.45606],[-58.8653,7.45487],[-58.86481,7.45387],[-58.86711,7.45098],[-58.86657,7.44877],[-58.86589,7.44767],[-58.86599,7.44656],[-58.86723,7.44546],[-58.86713,7.44459],[-58.86622,7.44455],[-58.86492,7.44513],[-58.86386,7.44427],[-58.86251,7.44384],[-58.86193,7.44221],[-58.86048,7.44078],[-58.85994,7.4392],[-58.86095,7.43804],[-58.85834,7.43575],[-58.85699,7.43475],[-58.85539,7.43096],[-58.85595,7.4275],[-58.85402,7.4264],[-58.8544,7.42415],[-58.85396,7.42372],[-58.85166,7.42464],[-58.85064,7.42335],[-58.84949,7.42383],[-58.84723,7.42312],[-58.84397,7.42568],[-58.84247,7.4252],[-58.84223,7.42362],[-58.83781,7.42498],[-58.83559,7.42451],[-58.8341,7.42308],[-58.83188,7.42242],[-58.83054,7.42329],[-58.82973,7.42435],[-58.82901,7.42449],[-58.82737,7.42363],[-58.82563,7.42143],[-58.82486,7.42196],[-58.82166,7.42755],[-58.81888,7.42909],[-58.81786,7.42828],[-58.81742,7.4267],[-58.81569,7.42541],[-58.81366,7.4248],[-58.81001,7.42471],[-58.80901,7.4263],[-58.80727,7.42641],[-58.80424,7.42512],[-58.80275,7.42566],[-58.80125,7.42336],[-58.80086,7.42168],[-58.79758,7.41992],[-58.7958,7.42045],[-58.79499,7.42122],[-58.79287,7.42104],[-58.79182,7.42119],[-58.78907,7.42043],[-58.78824,7.4177],[-58.78443,7.41416],[-58.78356,7.41263],[-58.78533,7.41056],[-58.78503,7.40811],[-58.78748,7.40632],[-58.78713,7.40455],[-58.78554,7.4034],[-58.784,7.40259],[-58.78356,7.40067],[-58.78201,7.399],[-58.77961,7.39872],[-58.77485,7.39984],[-58.76812,7.4003],[-58.76653,7.39911],[-58.76663,7.40079],[-58.76553,7.40267],[-58.76409,7.40411],[-58.7627,7.40484],[-58.76237,7.40628],[-58.76074,7.40734],[-58.75656,7.40784],[-58.75439,7.40621],[-58.75121,7.40589],[-58.74919,7.40527],[-58.74725,7.40135],[-58.74397,7.39925],[-58.74281,7.39747],[-58.74151,7.39661],[-58.73983,7.3971],[-58.73857,7.39663],[-58.73766,7.39548],[-58.73756,7.39437],[-58.736,7.39116],[-58.72387,7.42563],[-58.7209,7.43909],[-58.71522,7.48827],[-58.72157,7.51388],[-58.72801,7.53194],[-58.75461,7.57731],[-58.79009,7.58447],[-58.83224,7.59297],[-58.8566,7.5979],[-58.8571,7.5983],[-58.85777,7.59725],[-58.85815,7.5959],[-58.85812,7.5944],[-58.85758,7.59332],[-58.85702,7.59104],[-58.85704,7.58759],[-58.85768,7.58397],[-58.85896,7.57983],[-58.86065,7.57616],[-58.86232,7.57379],[-58.86368,7.57211],[-58.86486,7.57122],[-58.86842,7.56995],[-58.86957,7.56944],[-58.87043,7.56871],[-58.87141,7.56723],[-58.87197,7.56496],[-58.87176,7.56203],[-58.87182,7.56065],[-58.87285,7.5582],[-58.87361,7.5574],[-58.87499,7.55646],[-58.87629,7.5561],[-58.87739,7.55615],[-58.87931,7.55669],[-58.8798,7.55703],[-58.88237,7.56016],[-58.88411,7.56139],[-58.88624,7.56199],[-58.88699,7.56183],[-58.88873,7.56067],[-58.8898,7.55922],[-58.89018,7.55818],[-58.89024,7.55697],[-58.88994,7.55547],[-58.88924,7.55333],[-58.88896,7.55132],[-58.88964,7.54928],[-58.89095,7.54823],[-58.89428,7.54625],[-58.89532,7.54524],[-58.89603,7.54361],[-58.89592,7.54221],[-58.89531,7.54069],[-58.894,7.53887],[-58.89106,7.53689],[-58.89037,7.53553],[-58.89059,7.53265],[-58.8934,7.52619],[-58.89508,7.52299],[-58.89645,7.52166],[-58.89767,7.52116],[-58.90005,7.52066],[-58.9014,7.52071],[-58.90313,7.52124],[-58.90583,7.52267],[-58.9083,7.52349],[-58.91032,7.52374],[-58.91182,7.52371],[-58.91405,7.52322],[-58.91504,7.52259],[-58.91654,7.51883],[-58.91741,7.51725],[-58.9183,7.51604],[-58.9196,7.51495],[-58.92145,7.51417],[-58.92526,7.51277],[-58.92747,7.51214],[-58.92943,7.51082],[-58.93094,7.50855],[-58.93256,7.50514],[-58.93361,7.50355]]]},"properties":{"Name":"Wakapau","Region":2,"Grant_No":"Formerly G7788","Acres":94116,"Plan_Numbe":0}},
{"type":"Feature","geometry":{"type":"Polygon","coordinates":[[[-58.04381,6.07378],[-58.04203,6.06975],[-58.04114,6.06725],[-58.04226,6.06411],[-58.04282,6.06056],[-58.04225,6.05701],[-58.04369,6.04967],[-58.04505,6.0458],[-58.04698,6.04257],[-58.05341,6.03457],[-58.05437,6.03207],[-58.05412,6.02683],[-58.05564,6.0244],[-58.05789,6.02254],[-58.06015,6.02036],[-58.06071,6.01851],[-58.0611,6.01463],[-58.06319,6.01213],[-58.06713,6.00898],[-58.06825,6.00583],[-58.06938,6.00333],[-58.07445,6.00203],[-58.08411,5.99999],[-58.08958,5.99595],[-58.09432,5.99134],[-58.09729,5.98658],[-58.10002,5.97915],[-58.10202,5.97125],[-58.10418,5.96745],[-58.10659,5.96414],[-58.10515,5.96317],[-58.10121,5.95915],[-58.10033,5.95574],[-58.09883,5.95241],[-58.09472,5.94691],[-58.09147,5.93992],[-58.08597,5.93269],[-58.08324,5.92982],[-58.07981,5.92738],[-58.07617,5.92557],[-58.06939,5.92404],[-58.06617,5.92475],[-58.06163,5.92469],[-58.05827,5.9221],[-58.05357,5.91784],[-58.05071,5.9161],[-58.04574,5.91555],[-58.04169,5.91597],[-58.03652,5.91836],[-58.02513,5.92202],[-58.01932,5.92197],[-58.01184,5.92317],[-58.00374,5.9236],[-57.99849,5.92494],[-57.99514,5.92495],[-57.99059,5.92335],[-57.98604,5.92252],[-57.97933,5.92274],[-57.97276,5.92177],[-57.97199,5.92324],[-57.96864,5.92521],[-57.96536,5.92689],[-57.96186,5.92816],[-57.95963,5.93012],[-57.95817,5.93293],[-57.95782,5.93601],[-57.95719,5.93734],[-57.95552,5.93902],[-57.95349,5.94007],[-57.95196,5.94036],[-57.9507,5.94183],[-57.94966,5.9447],[-57.94889,5.94953],[-57.94792,5.95311],[-57.94674,5.95584],[-57.94471,5.9585],[-57.94136,5.96117],[-57.93815,5.96201],[-57.93689,5.96321],[-57.93654,5.96454],[-57.93739,5.96713],[-57.93809,5.97126],[-57.9381,5.97441],[-57.93985,5.97692],[-57.94013,5.97895],[-57.93944,5.98126],[-57.93797,5.98162],[-57.93581,5.98281],[-57.93413,5.98484],[-57.93392,5.98687],[-57.93393,5.98904],[-57.93211,5.9915],[-57.93079,5.99234],[-57.9282,5.99136],[-57.92638,5.99116],[-57.92561,5.99263],[-57.92422,5.9941],[-57.92205,5.99341],[-57.921,5.99446],[-57.91981,5.99607],[-57.91765,5.99838],[-57.91737,6.00013],[-57.91828,6.00125],[-57.92011,6.00244],[-57.92388,6.00453],[-57.93214,6.0076],[-57.93347,6.00949],[-57.93362,6.01159],[-57.93286,6.01635],[-57.93195,6.0188],[-57.93091,6.02076],[-57.9279,6.02259],[-57.92518,6.02581],[-57.924,6.02876],[-57.92456,6.03282],[-57.92618,6.0361],[-57.92618,6.03834],[-57.92471,6.04045],[-57.92227,6.04206],[-57.91989,6.04311],[-57.91486,6.04431],[-57.90864,6.04656],[-57.90451,6.04706],[-57.90179,6.04749],[-57.89927,6.04826],[-57.89627,6.04967],[-57.89431,6.05128],[-57.89424,6.05268],[-57.89488,6.05555],[-57.89649,6.05919],[-57.89783,6.06261],[-57.89811,6.06632],[-57.89707,6.06815],[-57.89476,6.07102],[-57.89512,6.07319],[-57.89603,6.07536],[-57.89722,6.07746],[-57.89897,6.07864],[-57.90142,6.07878],[-57.90513,6.0787],[-57.9066,6.07926],[-57.90884,6.0815],[-57.91059,6.08451],[-57.91318,6.08716],[-57.91536,6.08919],[-57.91803,6.09604],[-57.91873,6.10038],[-57.9186,6.10367],[-57.91762,6.10669],[-57.91616,6.10858],[-57.91343,6.11096],[-57.91253,6.11216],[-57.91085,6.11489],[-57.91016,6.11769],[-57.90946,6.11965],[-57.90744,6.1219],[-57.90429,6.12414],[-57.90311,6.12512],[-57.90332,6.12652],[-57.90479,6.12827],[-57.90682,6.13023],[-57.91081,6.13253],[-57.91354,6.13421],[-57.91411,6.13547],[-57.91593,6.13763],[-57.9188,6.13945],[-57.92307,6.14084],[-57.92524,6.14119],[-57.92622,6.14392],[-57.92783,6.14622],[-57.93399,6.14698],[-57.94071,6.14704],[-57.94735,6.14598],[-57.94959,6.14553],[-57.95014,6.147],[-57.95137,6.14757],[-57.9526,6.14754],[-57.95409,6.14779],[-57.95418,6.14882],[-57.95484,6.1502],[-57.95803,6.15123],[-57.95923,6.15151],[-57.96086,6.15232],[-57.96278,6.15372],[-57.96489,6.15362],[-57.96721,6.15392],[-57.96892,6.15371],[-57.96801,6.1522],[-57.9667,6.15079],[-57.96609,6.14908],[-57.96478,6.14727],[-57.96649,6.14596],[-57.9684,6.14545],[-57.96991,6.14403],[-57.97,6.1401],[-57.97061,6.1397],[-57.97192,6.13939],[-57.97373,6.13939],[-57.97545,6.1416],[-57.98129,6.14159],[-57.983,6.14028],[-57.98722,6.13644],[-57.98863,6.13493],[-57.98862,6.13261],[-57.98963,6.13079],[-57.98973,6.12968],[-57.99204,6.13018],[-57.99436,6.13048],[-57.99718,6.12967],[-58.0003,6.12775],[-58.00241,6.12482],[-58.00553,6.12381],[-58.00774,6.12199],[-58.01287,6.11865],[-58.01569,6.11582],[-58.01608,6.1136],[-58.01769,6.10957],[-58.01808,6.10453],[-58.02019,6.1013],[-58.0219,6.09938],[-58.02532,6.09726],[-58.02904,6.09604],[-58.03156,6.09422],[-58.03457,6.09129],[-58.03588,6.08786],[-58.03818,6.08312],[-58.03989,6.07888],[-58.04253,6.07604],[-58.04381,6.07378]]]},"properties":{"Name":"Moraikobai / St. Francis","Region":5,"Grant_No":"No Data","Acres":88631,"Plan_Numbe":0}},
{"type":"Feature","geometry":{"type":"Polygon","coordinates":[[[-60.03052,7.59837],[-60.03035,7.59857],[-60.03167,7.60053],[-60.0325,7.59934],[-60.03304,7.59936],[-60.03435,7.60012],[-60.03639,7.60089],[-60.03672,7.60204],[-60.03565,7.60395],[-60.03554,7.6046],[-60.03785,7.60415],[-60.03848,7.60533],[-60.03974,7.60639],[-60.03992,7.60686],[-60.03957,7.60833],[-60.0401,7.60918],[-60.04134,7.60949],[-60.04342,7.6074],[-60.04437,7.60681],[-60.04584,7.60748],[-60.04687,7.60861],[-60.04748,7.61017],[-60.04868,7.61267],[-60.04931,7.61432],[-60.04992,7.61503],[-60.05194,7.61537],[-60.05439,7.61603],[-60.05428,7.61686],[-60.05348,7.6189],[-60.05499,7.61992],[-60.05546,7.62164],[-60.05543,7.62235],[-60.0545,7.62412],[-60.05348,7.625],[-60.05358,7.6254],[-60.05665,7.62652],[-60.05789,7.6266],[-60.05882,7.62701],[-60.05892,7.62775],[-60.06141,7.62898],[-60.06201,7.62893],[-60.06406,7.63003],[-60.06558,7.63044],[-60.0656,7.63164],[-60.06611,7.63226],[-60.06764,7.63274],[-60.06945,7.63068],[-60.07038,7.63052],[-60.07193,7.63115],[-60.07289,7.63113],[-60.0751,7.62999],[-60.07788,7.62936],[-60.07873,7.62897],[-60.08008,7.62719],[-60.08164,7.62555],[-60.08223,7.62383],[-60.08289,7.62335],[-60.0838,7.6236],[-60.0843,7.62427],[-60.0846,7.62757],[-60.08429,7.62837],[-60.08559,7.62873],[-60.08686,7.62858],[-60.08898,7.62774],[-60.08946,7.62673],[-60.0891,7.62528],[-60.08958,7.62374],[-60.08968,7.62248],[-60.0887,7.62129],[-60.08852,7.62072],[-60.08912,7.61992],[-60.09044,7.61989],[-60.09391,7.61944],[-60.09616,7.61952],[-60.09876,7.61941],[-60.0994,7.61967],[-60.09944,7.62145],[-60.09842,7.62196],[-60.09874,7.62244],[-60.10036,7.62224],[-60.10168,7.62239],[-60.10342,7.62327],[-60.10458,7.62366],[-60.1075,7.62649],[-60.10895,7.62744],[-60.11075,7.62744],[-60.11186,7.62785],[-60.1148,7.62852],[-60.11707,7.62917],[-60.11799,7.62965],[-60.11874,7.63116],[-60.11941,7.63185],[-60.12061,7.63258],[-60.12103,7.63342],[-60.12391,7.63541],[-60.12598,7.636],[-60.12825,7.63522],[-60.12938,7.63387],[-60.13027,7.6341],[-60.13149,7.63651],[-60.13181,7.63671],[-60.13386,7.6367],[-60.13466,7.63715],[-60.13528,7.63699],[-60.13655,7.63482],[-60.13781,7.6344],[-60.13857,7.63459],[-60.13885,7.63534],[-60.13822,7.6389],[-60.13655,7.64238],[-60.138,7.6437],[-60.13886,7.64337],[-60.13997,7.64246],[-60.14039,7.64294],[-60.1398,7.64435],[-60.13791,7.64531],[-60.13788,7.64581],[-60.13881,7.64827],[-60.1397,7.6493],[-60.14164,7.64974],[-60.143,7.65081],[-60.1436,7.65079],[-60.14391,7.64927],[-60.14454,7.64841],[-60.14554,7.64839],[-60.14652,7.64913],[-60.14685,7.64973],[-60.14824,7.65124],[-60.1497,7.65213],[-60.15061,7.65201],[-60.15108,7.65079],[-60.15198,7.65011],[-60.15406,7.6504],[-60.15558,7.65004],[-60.15585,7.64916],[-60.15562,7.64852],[-60.15408,7.64662],[-60.15374,7.64555],[-60.15392,7.64454],[-60.15482,7.64454],[-60.15589,7.6459],[-60.1566,7.64635],[-60.15925,7.64663],[-60.16378,7.64737],[-60.1657,7.64693],[-60.16558,7.64646],[-60.16453,7.64587],[-60.16562,7.64278],[-60.16658,7.64209],[-60.16922,7.64191],[-60.16863,7.63753],[-60.16944,7.63576],[-60.17087,7.63546],[-60.17179,7.6359],[-60.17296,7.63694],[-60.17375,7.63646],[-60.1739,7.63586],[-60.17352,7.63505],[-60.17174,7.63439],[-60.17181,7.6336],[-60.17332,7.6323],[-60.17565,7.63158],[-60.17691,7.63064],[-60.17769,7.63069],[-60.17904,7.63184],[-60.18042,7.63141],[-60.1842,7.63086],[-60.18705,7.62947],[-60.18808,7.62925],[-60.18824,7.62881],[-60.18725,7.62892],[-60.18567,7.62804],[-60.18474,7.6282],[-60.18383,7.62769],[-60.18357,7.62699],[-60.18342,7.62516],[-60.18488,7.62329],[-60.18547,7.62334],[-60.18752,7.62472],[-60.18933,7.6256],[-60.19147,7.62626],[-60.19288,7.62573],[-60.1955,7.62434],[-60.19612,7.62388],[-60.19686,7.6224],[-60.19599,7.62161],[-60.19659,7.62087],[-60.19758,7.62077],[-60.20047,7.62138],[-60.20113,7.62129],[-60.20131,7.61838],[-60.20242,7.61599],[-60.20405,7.61448],[-60.20491,7.61394],[-60.20657,7.61366],[-60.20843,7.61397],[-60.21095,7.6139],[-60.21312,7.6147],[-60.21616,7.61466],[-60.2191,7.61438],[-60.22454,7.6114],[-60.22594,7.6104],[-60.22796,7.6087],[-60.23137,7.60756],[-60.23243,7.60489],[-60.2315,7.60417],[-60.2315,7.60288],[-60.23212,7.60207],[-60.23323,7.60218],[-60.23362,7.6003],[-60.23368,7.597],[-60.23394,7.59444],[-60.23469,7.59275],[-60.2365,7.59093],[-60.23687,7.58994],[-60.23654,7.58991],[-60.23462,7.59148],[-60.23422,7.59158],[-60.23396,7.5898],[-60.23414,7.5879],[-60.23465,7.58677],[-60.23456,7.58622],[-60.23284,7.58621],[-60.23183,7.58586],[-60.23128,7.58519],[-60.2315,7.58396],[-60.23132,7.58316],[-60.23169,7.5819],[-60.23048,7.58254],[-60.22976,7.58253],[-60.22885,7.58183],[-60.22936,7.58136],[-60.23263,7.58143],[-60.2351,7.58102],[-60.23645,7.58063],[-60.23761,7.57982],[-60.23715,7.57889],[-60.23624,7.57884],[-60.23409,7.57953],[-60.23345,7.57897],[-60.23383,7.57643],[-60.23359,7.57384],[-60.23464,7.57275],[-60.23426,7.5723],[-60.23252,7.57278],[-60.2328,7.57147],[-60.23364,7.57081],[-60.23248,7.56923],[-60.23371,7.56862],[-60.23468,7.56884],[-60.23503,7.56837],[-60.23477,7.56684],[-60.2339,7.56537],[-60.23314,7.56503],[-60.2323,7.56582],[-60.23182,7.56555],[-60.23194,7.56488],[-60.2331,7.56349],[-60.23221,7.56122],[-60.23155,7.56307],[-60.23073,7.56394],[-60.22991,7.56365],[-60.22995,7.56299],[-60.23105,7.56154],[-60.2314,7.56056],[-60.23234,7.56021],[-60.23255,7.55893],[-60.23201,7.55831],[-60.23215,7.55786],[-60.23156,7.5562],[-60.23158,7.55412],[-60.23133,7.55263],[-60.23052,7.55051],[-60.23014,7.55003],[-60.22889,7.54945],[-60.22789,7.54866],[-60.2249,7.54454],[-60.22469,7.54172],[-60.22437,7.54012],[-60.22347,7.53924],[-60.22211,7.53872],[-60.21797,7.53808],[-60.21719,7.5378],[-60.21573,7.53683],[-60.21492,7.536],[-60.20873,7.53337],[-60.20737,7.53297],[-60.20617,7.53378],[-60.20306,7.53516],[-60.2015,7.53553],[-60.19944,7.5368],[-60.19789,7.53683],[-60.19618,7.53651],[-60.19499,7.53476],[-60.19356,7.53413],[-60.19229,7.53304],[-60.19121,7.53253],[-60.19078,7.53198],[-60.18877,7.53189],[-60.18829,7.53143],[-60.18637,7.53168],[-60.18539,7.53346],[-60.18449,7.53438],[-60.18368,7.53466],[-60.18111,7.53414],[-60.17659,7.53236],[-60.17555,7.53161],[-60.17373,7.53106],[-60.1728,7.53043],[-60.17045,7.53026],[-60.16699,7.53051],[-60.16617,7.53086],[-60.16412,7.5328],[-60.16389,7.53337],[-60.16413,7.5352],[-60.16338,7.53602],[-60.16256,7.53788],[-60.16115,7.53914],[-60.16005,7.53878],[-60.15735,7.5396],[-60.15411,7.54254],[-60.15252,7.54362],[-60.15054,7.54387],[-60.14984,7.54425],[-60.14782,7.54474],[-60.14656,7.54474],[-60.14545,7.54442],[-60.14187,7.54227],[-60.13992,7.54291],[-60.13598,7.54672],[-60.1326,7.54894],[-60.13184,7.55017],[-60.12994,7.55183],[-60.129,7.55294],[-60.12778,7.55514],[-60.12703,7.55745],[-60.12624,7.55853],[-60.125,7.55907],[-60.12337,7.55925],[-60.12148,7.56099],[-60.12095,7.56186],[-60.12055,7.56341],[-60.11922,7.56516],[-60.11775,7.56575],[-60.11633,7.56696],[-60.11381,7.56872],[-60.11097,7.56988],[-60.10984,7.57088],[-60.10603,7.57186],[-60.10541,7.57225],[-60.10392,7.57375],[-60.10332,7.57495],[-60.102,7.5758],[-60.09933,7.57666],[-60.09824,7.57727],[-60.09653,7.57866],[-60.09557,7.57924],[-60.0934,7.57934],[-60.09127,7.58074],[-60.09026,7.5812],[-60.08845,7.5824],[-60.08746,7.58254],[-60.08545,7.58244],[-60.08316,7.58173],[-60.08235,7.58184],[-60.0784,7.58321],[-60.07738,7.58324],[-60.07843,7.58234],[-60.07872,7.58091],[-60.07829,7.57925],[-60.07899,7.57784],[-60.07922,7.57579],[-60.08085,7.57401],[-60.08115,7.5731],[-60.08095,7.57146],[-60.0804,7.57049],[-60.07951,7.57103],[-60.07817,7.5711],[-60.07622,7.57035],[-60.07458,7.57031],[-60.07325,7.57071],[-60.06904,7.57463],[-60.0672,7.57568],[-60.06553,7.57691],[-60.06419,7.57933],[-60.06274,7.58071],[-60.05978,7.58282],[-60.05834,7.58324],[-60.05347,7.58289],[-60.05291,7.58313],[-60.05236,7.58412],[-60.05204,7.58573],[-60.05116,7.58692],[-60.04983,7.58738],[-60.04572,7.58752],[-60.04439,7.58818],[-60.04093,7.59222],[-60.03875,7.59348],[-60.03441,7.59525],[-60.03227,7.59658],[-60.03113,7.59748],[-60.03052,7.59837]]]},"properties":{"Name":"Eclipse Falls","Region":0,"Grant_No":"No Data","Acres":42050,"Plan_Numbe":0}},
{"type":"Feature","geometry":{"type":"Polygon","coordinates":[[[-59.67407,2.52343],[-59.67979,2.55555],[-59.68363,2.57736],[-59.68572,2.58878],[-59.68141,2.60448],[-59.68169,2.60575],[-59.68153,2.6069],[-59.68164,2.60843],[-59.68091,2.60926],[-59.68061,2.61041],[-59.67998,2.6107],[-59.67863,2.61185],[-59.67762,2.61384],[-59.67692,2.61413],[-59.6755,2.61564],[-59.6742,2.61879],[-59.67337,2.62251],[-59.67256,2.62308],[-59.67171,2.62438],[-59.67101,2.62438],[-59.67001,2.62542],[-59.6697,2.6258],[-59.6686,2.6271],[-59.66775,2.62874],[-59.66718,2.62892],[-59.66683,2.62976],[-59.66615,2.6299],[-59.6645,2.63141],[-59.6643,2.6325],[-59.66348,2.63374],[-59.66247,2.63467],[-59.66238,2.6352],[-59.66151,2.63548],[-59.66092,2.63631],[-59.65977,2.63659],[-59.65943,2.63695],[-59.65955,2.63829],[-59.65801,2.63937],[-59.65778,2.64058],[-59.65733,2.64114],[-59.65698,2.6418],[-59.65663,2.64413],[-59.65726,2.6443],[-59.65724,2.64509],[-59.65788,2.64669],[-59.65813,2.64798],[-59.65768,2.6496],[-59.65653,2.65122],[-59.65517,2.65122],[-59.65483,2.65224],[-59.65411,2.65309],[-59.6541,2.65357],[-59.65325,2.65388],[-59.65234,2.65468],[-59.65176,2.65474],[-59.65076,2.65577],[-59.65026,2.6574],[-59.65069,2.65838],[-59.65075,2.65931],[-59.6493,2.66262],[-59.64766,2.66366],[-59.64699,2.66448],[-59.64563,2.66393],[-59.64511,2.66429],[-59.6449,2.66508],[-59.64368,2.66543],[-59.6433,2.66621],[-59.64259,2.66668],[-59.64023,2.66688],[-59.63963,2.66739],[-59.63832,2.66782],[-59.6373,2.66776],[-59.63577,2.66802],[-59.63496,2.66792],[-59.63256,2.66989],[-59.63111,2.67066],[-59.63087,2.67087],[-59.63027,2.67303],[-59.62976,2.67381],[-59.62867,2.67464],[-59.62805,2.67625],[-59.62744,2.67673],[-59.62646,2.67859],[-59.62554,2.67966],[-59.62486,2.68095],[-59.62401,2.68385],[-59.62392,2.68523],[-59.62294,2.68638],[-59.62298,2.68798],[-59.62204,2.68889],[-59.62196,2.69097],[-59.62151,2.69179],[-59.62088,2.69488],[-59.62009,2.69588],[-59.61895,2.69601],[-59.61844,2.69638],[-59.61835,2.69743],[-59.6191,2.69913],[-59.6187,2.70053],[-59.61882,2.70253],[-59.61822,2.70515],[-59.6189,2.70722],[-59.62006,2.70833],[-59.62064,2.7107],[-59.61958,2.71188],[-59.61927,2.71294],[-59.61965,2.71432],[-59.62047,2.71552],[-59.62037,2.71677],[-59.61992,2.71792],[-59.62014,2.72094],[-59.6198,2.72189],[-59.61891,2.72324],[-59.61901,2.72711],[-59.61883,2.72819],[-59.61875,2.72966],[-59.61868,2.73124],[-59.61826,2.73204],[-59.61837,2.73301],[-59.61728,2.7361],[-59.61657,2.73729],[-59.61607,2.73951],[-59.61517,2.7409],[-59.6147,2.74202],[-59.61355,2.74303],[-59.61342,2.74437],[-59.61305,2.74549],[-59.61367,2.74696],[-59.61319,2.74748],[-59.61342,2.74801],[-59.61266,2.74881],[-59.6115,2.74887],[-59.61041,2.74923],[-59.60989,2.75002],[-59.60864,2.75103],[-59.60769,2.75124],[-59.60715,2.75192],[-59.60603,2.75276],[-59.60505,2.75271],[-59.60456,2.75394],[-59.60452,2.75479],[-59.60496,2.75627],[-59.60493,2.7571],[-59.60566,2.75784],[-59.60578,2.75847],[-59.60518,2.75924],[-59.60548,2.76017],[-59.60335,2.7612],[-59.6036,2.76252],[-59.60237,2.7634],[-59.60235,2.7638],[-59.6012,2.76469],[-59.60139,2.76521],[-59.60236,2.76514],[-59.60186,2.76719],[-59.60038,2.76799],[-59.6002,2.7688],[-59.59935,2.76909],[-59.59947,2.77013],[-59.59915,2.77102],[-59.59937,2.77174],[-59.59923,2.7736],[-59.59979,2.77365],[-59.59942,2.77462],[-59.60025,2.77577],[-59.60003,2.77657],[-59.60078,2.77702],[-59.60076,2.77829],[-59.60135,2.77954],[-59.60184,2.7802],[-59.60173,2.78215],[-59.60036,2.7824],[-59.60015,2.78295],[-59.60049,2.78408],[-59.60125,2.78433],[-59.60221,2.78576],[-59.60182,2.78667],[-59.6028,2.78726],[-59.60389,2.78705],[-59.60399,2.78788],[-59.60476,2.7879],[-59.60438,2.78918],[-59.60505,2.78978],[-59.60469,2.79057],[-59.60573,2.79154],[-59.60546,2.79334],[-59.606,2.79387],[-59.60581,2.7951],[-59.6053,2.79538],[-59.60488,2.79592],[-59.60492,2.79704],[-59.60479,2.79837],[-59.60401,2.7998],[-59.60406,2.80131],[-59.60299,2.80129],[-59.60328,2.80229],[-59.60313,2.803],[-59.60226,2.80416],[-59.60279,2.80499],[-59.60298,2.80664],[-59.60225,2.80811],[-59.60296,2.80872],[-59.60265,2.80949],[-59.60339,2.8104],[-59.60294,2.81104],[-59.6029,2.81214],[-59.60183,2.81231],[-59.60185,2.81308],[-59.60258,2.81326],[-59.60311,2.81397],[-59.60281,2.8153],[-59.60181,2.81671],[-59.60177,2.81762],[-59.60137,2.81827],[-59.60144,2.82068],[-59.60223,2.82104],[-59.60235,2.82153],[-59.60128,2.82198],[-59.60182,2.82378],[-59.60088,2.82413],[-59.60095,2.82477],[-59.60033,2.82581],[-59.59967,2.82571],[-59.60048,2.82705],[-59.60007,2.8277],[-59.60019,2.82835],[-59.59946,2.82911],[-59.59897,2.82851],[-59.59856,2.82963],[-59.59794,2.8294],[-59.59721,2.83077],[-59.59766,2.83121],[-59.59716,2.83191],[-59.59621,2.83189],[-59.5964,2.83241],[-59.5951,2.83249],[-59.59514,2.83316],[-59.59576,2.83332],[-59.59535,2.83493],[-59.59489,2.83523],[-59.59538,2.83584],[-59.88611,2.77987],[-59.98719,2.75942],[-59.98488,2.75381],[-59.98454,2.75159],[-59.98453,2.74855],[-59.98391,2.74713],[-59.98399,2.74565],[-59.98463,2.74413],[-59.98466,2.74288],[-59.98517,2.74099],[-59.98529,2.73895],[-59.98606,2.73738],[-59.98671,2.73676],[-59.98852,2.73562],[-59.98916,2.73301],[-59.98879,2.73124],[-59.98848,2.72777],[-59.9889,2.72567],[-59.98688,2.72126],[-59.98623,2.71858],[-59.98625,2.71546],[-59.98698,2.71188],[-59.98788,2.70872],[-59.988,2.70565],[-59.98759,2.7041],[-59.98705,2.70123],[-59.98567,2.69694],[-59.98553,2.69569],[-59.98564,2.69319],[-59.98634,2.69048],[-59.98702,2.68906],[-59.98853,2.68694],[-59.98789,2.68486],[-59.98646,2.68221],[-59.9844,2.68018],[-59.98392,2.67945],[-59.9815,2.67811],[-59.97906,2.67764],[-59.97635,2.67571],[-59.97556,2.6748],[-59.97388,2.67349],[-59.97308,2.67138],[-59.97181,2.67033],[-59.97031,2.66806],[-59.96989,2.66685],[-59.97016,2.66472],[-59.97116,2.66319],[-59.97107,2.66271],[-59.96977,2.66132],[-59.96853,2.65935],[-59.9682,2.65729],[-59.96858,2.65469],[-59.96902,2.65328],[-59.9696,2.6523],[-59.96993,2.65025],[-59.97071,2.64762],[-59.97174,2.6463],[-59.9735,2.64356],[-59.97421,2.64191],[-59.97358,2.64012],[-59.97142,2.63821],[-59.9703,2.63699],[-59.96927,2.63547],[-59.96862,2.63355],[-59.96721,2.63319],[-59.96648,2.63267],[-59.96575,2.63163],[-59.96547,2.63069],[-59.96184,2.62826],[-59.96113,2.62725],[-59.96054,2.62556],[-59.96045,2.62418],[-59.96094,2.62228],[-59.96187,2.62102],[-59.96172,2.61866],[-59.9609,2.61646],[-59.96035,2.61583],[-59.95849,2.61516],[-59.95735,2.61441],[-59.95591,2.61309],[-59.9554,2.61219],[-59.95485,2.61058],[-59.95469,2.60944],[-59.95492,2.60778],[-59.95605,2.60613],[-59.9576,2.60503],[-59.95909,2.60469],[-59.9623,2.60551],[-59.96425,2.60665],[-59.96487,2.6064],[-59.96707,2.60237],[-59.96828,2.60069],[-59.96905,2.59903],[-59.96944,2.5976],[-59.96938,2.59573],[-59.96858,2.59478],[-59.96722,2.59479],[-59.96283,2.59546],[-59.96052,2.59505],[-59.95922,2.59454],[-59.95537,2.59274],[-59.9531,2.59116],[-59.95182,2.59076],[-59.95046,2.58955],[-59.94777,2.58926],[-59.94587,2.58878],[-59.94434,2.58814],[-59.94273,2.58776],[-59.94133,2.58715],[-59.93956,2.58587],[-59.93763,2.58391],[-59.93587,2.58265],[-59.93439,2.58021],[-59.9323,2.57561],[-59.93216,2.57495],[-59.93149,2.57481],[-59.93014,2.57396],[-59.92941,2.57396],[-59.92796,2.5733],[-59.92659,2.57173],[-59.9259,2.5696],[-59.92589,2.56775],[-59.92654,2.56591],[-59.92748,2.56422],[-59.92926,2.56153],[-59.93126,2.55918],[-59.93159,2.55817],[-59.93244,2.5568],[-59.93504,2.55383],[-59.93218,2.5524],[-59.9306,2.55094],[-59.92971,2.54898],[-59.92952,2.54798],[-59.92999,2.54562],[-59.92743,2.54282],[-59.92538,2.5419],[-59.92393,2.54062],[-59.92329,2.53974],[-59.92273,2.53841],[-59.92197,2.5378],[-59.9212,2.53668],[-59.9206,2.5353],[-59.9203,2.53344],[-59.91914,2.53089],[-59.91673,2.52946],[-59.91562,2.52808],[-59.91503,2.52691],[-59.91473,2.5246],[-59.91514,2.52317],[-59.91657,2.52097],[-59.91762,2.51993],[-59.91616,2.51768],[-59.91582,2.51651],[-59.91556,2.51131],[-59.91604,2.50956],[-59.91648,2.50895],[-59.91445,2.50839],[-59.91263,2.50695],[-59.9104,2.50422],[-59.90989,2.50311],[-59.90949,2.50144],[-59.90941,2.4964],[-59.90773,2.49529],[-59.906,2.49476],[-59.90387,2.49309],[-59.90182,2.49106],[-59.90033,2.48934],[-59.89988,2.48825],[-59.89953,2.48583],[-59.89757,2.48554],[-59.89608,2.48492],[-59.89435,2.48281],[-59.89373,2.48013],[-59.89377,2.47737],[-59.89433,2.47515],[-59.89537,2.47376],[-59.89671,2.4728],[-59.89712,2.47208],[-59.89645,2.47125],[-59.89498,2.47024],[-59.89376,2.46916],[-59.89214,2.46805],[-59.89202,2.46472],[-59.89054,2.46536],[-59.88936,2.46564],[-59.88701,2.46536],[-59.88634,2.46496],[-59.88477,2.46292],[-59.88405,2.46171],[-59.88261,2.46093],[-59.881,2.4607],[-59.87916,2.46152],[-59.87866,2.46103],[-59.87678,2.46012],[-59.87523,2.46001],[-59.87441,2.45929],[-59.87396,2.45753],[-59.87146,2.45695],[-59.86989,2.45684],[-59.86896,2.45633],[-59.86654,2.45405],[-59.86536,2.45193],[-59.86422,2.45143],[-59.86328,2.45061],[-59.86264,2.44954],[-59.86207,2.44733],[-59.86101,2.44557],[-59.85958,2.4443],[-59.85802,2.44349],[-59.85638,2.44301],[-59.85557,2.44161],[-59.85347,2.43907],[-59.85135,2.43758],[-59.85064,2.43758],[-59.84987,2.4381],[-59.84882,2.43783],[-59.84792,2.43722],[-59.84727,2.43635],[-59.84611,2.43566],[-59.84521,2.43556],[-59.84385,2.43605],[-59.67407,2.52343]]]},"properties":{"Name":"Sawariwau Extension","Region":0,"Grant_No":"No Data","Acres":302844,"Plan_Numbe":0}},
{"type":"Feature","geometry":{"type":"Polygon","coordinates":[[[-58.64682,4.49644],[-58.64592,4.49642],[-58.64529,4.49721],[-58.64351,4.49809],[-58.64095,4.50002],[-58.63836,4.50036],[-58.63389,4.49996],[-58.63185,4.49942],[-58.62981,4.4992],[-58.62614,4.4991],[-58.62545,4.49919],[-58.62272,4.50011],[-58.6209,4.50096],[-58.61905,4.50133],[-58.61691,4.50268],[-58.61455,4.50291],[-58.61185,4.50255],[-58.61086,4.50317],[-58.60941,4.50229],[-58.60794,4.50287],[-58.60696,4.5037],[-58.60538,4.50414],[-58.6047,4.50496],[-58.60315,4.50371],[-58.60234,4.50417],[-58.60171,4.5039],[-58.6007,4.50431],[-58.60019,4.50513],[-58.59823,4.50642],[-58.59641,4.50661],[-58.59606,4.50787],[-58.59476,4.50981],[-58.59345,4.50894],[-58.59234,4.50883],[-58.59147,4.50963],[-58.59055,4.51091],[-58.59148,4.5114],[-58.59175,4.51211],[-58.58974,4.51402],[-58.58838,4.51482],[-58.58752,4.51684],[-58.58676,4.51954],[-58.58595,4.52175],[-58.58549,4.52195],[-58.58345,4.52195],[-58.58253,4.52266],[-58.58199,4.52509],[-58.58109,4.52638],[-58.58137,4.5267],[-58.58324,4.52678],[-58.58409,4.52757],[-58.58423,4.52842],[-58.58582,4.52935],[-58.58651,4.52795],[-58.58736,4.52899],[-58.58978,4.52916],[-58.59133,4.52982],[-58.59355,4.53115],[-58.59501,4.5327],[-58.59615,4.53365],[-58.59631,4.53412],[-58.5959,4.53622],[-58.59477,4.53787],[-58.59464,4.53984],[-58.59582,4.54168],[-58.59595,4.54355],[-58.59639,4.54504],[-58.5977,4.54707],[-58.59868,4.54767],[-58.60083,4.54785],[-58.60358,4.54851],[-58.60592,4.54883],[-58.60747,4.5492],[-58.60902,4.54987],[-58.61048,4.5511],[-58.61058,4.55215],[-58.61001,4.55399],[-58.60831,4.55606],[-58.60822,4.55704],[-58.6097,4.55796],[-58.61037,4.55894],[-58.6105,4.56138],[-58.6095,4.56548],[-58.60957,4.56668],[-58.61014,4.56773],[-58.61137,4.56808],[-58.61431,4.56721],[-58.61712,4.56724],[-58.61912,4.56752],[-58.61997,4.56847],[-58.61979,4.57015],[-58.61938,4.57114],[-58.61957,4.57295],[-58.62049,4.5737],[-58.62106,4.57456],[-58.62252,4.57513],[-58.62353,4.57582],[-58.62432,4.57693],[-58.62477,4.57909],[-58.62531,4.5801],[-58.62528,4.58185],[-58.625,4.58274],[-58.62323,4.58369],[-58.62333,4.58477],[-58.62444,4.58582],[-58.62501,4.58604],[-58.62609,4.58791],[-58.62619,4.58984],[-58.626,4.59143],[-58.62679,4.59241],[-58.62654,4.59365],[-58.62734,4.59492],[-58.62763,4.59669],[-58.62858,4.59796],[-58.6294,4.59837],[-58.63013,4.59821],[-58.6312,4.59891],[-58.63216,4.60116],[-58.63345,4.60081],[-58.63386,4.59985],[-58.63658,4.59975],[-58.63757,4.60115],[-58.63855,4.60172],[-58.64263,4.60145],[-58.64405,4.60273],[-58.64413,4.60332],[-58.64289,4.60442],[-58.64257,4.60604],[-58.6429,4.60702],[-58.64432,4.60732],[-58.64544,4.60827],[-58.64435,4.60963],[-58.644,4.6113],[-58.64479,4.61184],[-58.6455,4.61151],[-58.64609,4.61284],[-58.64918,4.61452],[-58.6497,4.61514],[-58.64975,4.61602],[-58.65063,4.61714],[-58.6526,4.61773],[-58.65403,4.6188],[-58.65351,4.62165],[-58.65494,4.62201],[-58.65544,4.62284],[-58.65492,4.6236],[-58.65539,4.62517],[-58.65587,4.62555],[-58.65805,4.62609],[-58.65813,4.62721],[-58.65898,4.62864],[-58.66193,4.63008],[-58.66141,4.6312],[-58.66243,4.63272],[-58.66374,4.63272],[-58.66447,4.6331],[-58.66428,4.63348],[-58.66514,4.63441],[-58.6654,4.63529],[-58.66531,4.63624],[-58.66562,4.6379],[-58.66684,4.63966],[-58.66762,4.64113],[-58.66845,4.6417],[-58.6699,4.64187],[-58.67182,4.64129],[-58.67263,4.64131],[-58.67581,4.64264],[-58.67671,4.64328],[-58.67773,4.64437],[-58.67873,4.64511],[-58.67781,4.64623],[-58.67708,4.6483],[-58.67746,4.64942],[-58.67696,4.65012],[-58.67759,4.65127],[-58.67941,4.65266],[-58.68099,4.65434],[-58.68248,4.65653],[-58.68179,4.65774],[-58.68084,4.65862],[-58.6807,4.65983],[-58.68245,4.65939],[-58.684,4.6593],[-58.68547,4.6586],[-58.68693,4.65756],[-58.6884,4.65617],[-58.68883,4.65487],[-58.68942,4.65158],[-58.69028,4.65019],[-58.6945,4.64611],[-58.69812,4.64342],[-58.70114,4.64142],[-58.7126,4.6336],[-58.71346,4.6329],[-58.71552,4.62805],[-58.71956,4.62449],[-58.72025,4.62345],[-58.72154,4.62076],[-58.72249,4.61963],[-58.7243,4.61833],[-58.7261,4.61651],[-58.728,4.6139],[-58.73014,4.61026],[-58.73642,4.59908],[-58.7396,4.59612],[-58.74141,4.5943],[-58.74218,4.59257],[-58.74261,4.59109],[-58.74329,4.58754],[-58.74647,4.58234],[-58.75095,4.57609],[-58.75628,4.56984],[-58.75817,4.56802],[-58.75998,4.56706],[-58.76231,4.56524],[-58.76412,4.56333],[-58.76653,4.56038],[-58.76885,4.55665],[-58.77434,4.54642],[-58.77501,4.54489],[-58.77533,4.54339],[-58.77488,4.53929],[-58.7739,4.53607],[-58.77246,4.53307],[-58.77139,4.52927],[-58.77071,4.52806],[-58.76813,4.525],[-58.76704,4.52346],[-58.76602,4.52067],[-58.76493,4.51903],[-58.76275,4.51648],[-58.76153,4.51349],[-58.76151,4.51129],[-58.76133,4.51038],[-58.76024,4.50914],[-58.75923,4.50842],[-58.75673,4.50595],[-58.75492,4.50438],[-58.75384,4.50387],[-58.7516,4.50225],[-58.74975,4.50139],[-58.74686,4.50031],[-58.74545,4.49913],[-58.74365,4.49854],[-58.74035,4.49908],[-58.73825,4.49998],[-58.73748,4.50054],[-58.73276,4.50251],[-58.73202,4.50272],[-58.72844,4.503],[-58.72715,4.50387],[-58.7249,4.50491],[-58.72403,4.50498],[-58.72276,4.50553],[-58.72098,4.50555],[-58.71891,4.505],[-58.71795,4.50439],[-58.7163,4.50282],[-58.71392,4.50179],[-58.71088,4.50076],[-58.70817,4.50114],[-58.7068,4.50091],[-58.70519,4.50089],[-58.70369,4.50054],[-58.69506,4.50594],[-58.69293,4.50662],[-58.6898,4.50616],[-58.68788,4.50618],[-58.68697,4.50641],[-58.68567,4.50744],[-58.68348,4.5098],[-58.68254,4.51153],[-58.68046,4.51327],[-58.67889,4.51423],[-58.67802,4.51544],[-58.6778,4.51619],[-58.67687,4.51476],[-58.67613,4.51407],[-58.67494,4.51349],[-58.67335,4.51344],[-58.67087,4.51362],[-58.6692,4.51393],[-58.66828,4.51378],[-58.66623,4.51226],[-58.66375,4.5108],[-58.65467,4.50832],[-58.65442,4.50751],[-58.65425,4.50498],[-58.65391,4.504],[-58.65198,4.50149],[-58.65047,4.49868],[-58.64955,4.49763],[-58.64838,4.4967],[-58.64682,4.49644]]]},"properties":{"Name":"Fair View","Region":8,"Grant_No":"No Data","Acres":54174,"Plan_Numbe":0}},
{"type":"Feature","geometry":{"type":"Polygon","coordinates":[[[-59.83844,3.1282],[-59.83867,3.13743],[-59.73315,3.13682],[-59.73273,3.16397],[-59.73894,3.16672],[-59.73974,3.16686],[-59.74164,3.16814],[-59.74268,3.16838],[-59.74437,3.16948],[-59.74527,3.16927],[-59.7471,3.17003],[-59.75015,3.17079],[-59.75118,3.17124],[-59.75226,3.17207],[-59.75361,3.17248],[-59.75533,3.17275],[-59.75692,3.17323],[-59.75972,3.17357],[-59.76083,3.17347],[-59.76231,3.17239],[-59.77611,3.17552],[-59.82607,3.18688],[-59.82436,3.18893],[-59.82282,3.19027],[-59.82101,3.19249],[-59.81914,3.19363],[-59.81797,3.19399],[-59.81675,3.19497],[-59.817,3.1957],[-59.81693,3.19758],[-59.81728,3.19903],[-59.81852,3.20205],[-59.8189,3.20528],[-59.81805,3.20715],[-59.8188,3.21025],[-59.82114,3.21169],[-59.82236,3.21341],[-59.82363,3.21449],[-59.82377,3.21664],[-59.82412,3.21739],[-59.82581,3.21915],[-59.82852,3.21989],[-59.82973,3.21963],[-59.83252,3.22084],[-59.83401,3.22083],[-59.83551,3.22057],[-59.83656,3.22016],[-59.83767,3.22068],[-59.83869,3.22076],[-59.83959,3.22048],[-59.84029,3.2197],[-59.84231,3.21873],[-59.84278,3.21832],[-59.84504,3.21768],[-59.84609,3.21715],[-59.84658,3.21611],[-59.84765,3.21489],[-59.85057,3.21365],[-59.85112,3.21378],[-59.85213,3.21315],[-59.85283,3.21319],[-59.85301,3.21256],[-59.85381,3.21256],[-59.85418,3.21311],[-59.85461,3.21262],[-59.85582,3.21251],[-59.85603,3.21304],[-59.85716,3.2123],[-59.85849,3.21251],[-59.85863,3.21209],[-59.86029,3.21274],[-59.86116,3.21238],[-59.86222,3.21291],[-59.86177,3.21383],[-59.86204,3.2156],[-59.86366,3.21629],[-59.8645,3.2161],[-59.86586,3.21627],[-59.86671,3.21571],[-59.86754,3.21688],[-59.86734,3.21746],[-59.86782,3.21966],[-59.86824,3.22025],[-59.86906,3.22054],[-59.87019,3.22036],[-59.87211,3.2206],[-59.87335,3.22148],[-59.87372,3.22142],[-59.87436,3.22455],[-59.87466,3.22382],[-59.87666,3.22158],[-59.87949,3.2198],[-59.88019,3.22018],[-59.88259,3.21949],[-59.883,3.21878],[-59.88556,3.21693],[-59.88598,3.21631],[-59.88787,3.21553],[-59.88901,3.21575],[-59.89163,3.21509],[-59.89345,3.21494],[-59.89663,3.21525],[-59.89777,3.21574],[-59.90069,3.21617],[-59.9022,3.21576],[-59.9036,3.21491],[-59.90768,3.21049],[-59.90847,3.20469],[-59.90937,3.20132],[-59.90985,3.19819],[-59.91093,3.19555],[-59.91176,3.19396],[-59.91189,3.19282],[-59.91157,3.18916],[-59.91096,3.1852],[-59.90888,3.17938],[-59.9084,3.17603],[-59.90716,3.17245],[-59.90478,3.16902],[-59.90431,3.16813],[-59.90282,3.16369],[-59.90228,3.1632],[-59.9006,3.16033],[-59.89969,3.15757],[-59.89924,3.15673],[-59.89891,3.15518],[-59.89929,3.15315],[-59.89981,3.15198],[-59.9009,3.15037],[-59.90226,3.14924],[-59.90372,3.14877],[-59.90499,3.14859],[-59.90888,3.14884],[-59.91068,3.14865],[-59.91116,3.14825],[-59.91329,3.14781],[-59.91403,3.14801],[-59.91494,3.14884],[-59.91633,3.14927],[-59.91904,3.14926],[-59.91984,3.14883],[-59.92033,3.14729],[-59.91993,3.1455],[-59.91947,3.14452],[-59.91776,3.14443],[-59.91642,3.14483],[-59.91554,3.14534],[-59.91296,3.14645],[-59.91062,3.14657],[-59.90842,3.14534],[-59.90727,3.1438],[-59.90662,3.14164],[-59.90687,3.14],[-59.90747,3.13888],[-59.90872,3.1372],[-59.90999,3.13596],[-59.90974,3.13693],[-59.909,3.1375],[-59.90909,3.13822],[-59.91051,3.13762],[-59.91133,3.1369],[-59.91175,3.13632],[-59.91194,3.13525],[-59.91156,3.13445],[-59.91201,3.13418],[-59.91148,3.13353],[-59.91038,3.13425],[-59.90935,3.13399],[-59.90928,3.13326],[-59.9108,3.13165],[-59.91061,3.13119],[-59.91057,3.12843],[-59.91,3.12762],[-59.90829,3.12823],[-59.90753,3.128],[-59.90711,3.12724],[-59.90627,3.12762],[-59.90623,3.12889],[-59.90555,3.12885],[-59.90551,3.12808],[-59.90479,3.12739],[-59.90418,3.12731],[-59.90346,3.12605],[-59.90194,3.12386],[-59.90251,3.1216],[-59.90213,3.12091],[-59.90015,3.12122],[-59.89935,3.12195],[-59.8987,3.12321],[-59.89748,3.1239],[-59.89661,3.12524],[-59.89622,3.12651],[-59.89608,3.12832],[-59.89516,3.12923],[-59.89379,3.12877],[-59.89265,3.12758],[-59.89029,3.1268],[-59.89011,3.12613],[-59.89075,3.12517],[-59.89148,3.1249],[-59.89307,3.12486],[-59.89372,3.12436],[-59.89349,3.12325],[-59.89273,3.12298],[-59.89132,3.12329],[-59.89022,3.12425],[-59.88779,3.12509],[-59.88672,3.12505],[-59.88598,3.12454],[-59.8819,3.12466],[-59.88071,3.12513],[-59.88042,3.12594],[-59.87869,3.12758],[-59.87678,3.12853],[-59.87537,3.12859],[-59.87332,3.12897],[-59.87145,3.12891],[-59.86854,3.12981],[-59.86663,3.13107],[-59.86502,3.12986],[-59.8631,3.12885],[-59.86176,3.12885],[-59.86131,3.12984],[-59.86154,3.13134],[-59.86002,3.13422],[-59.85918,3.1346],[-59.85811,3.13441],[-59.85661,3.13308],[-59.85606,3.13084],[-59.85476,3.12973],[-59.85401,3.12977],[-59.85085,3.13146],[-59.84944,3.13287],[-59.84796,3.13314],[-59.84537,3.13272],[-59.84415,3.13222],[-59.84293,3.13103],[-59.84127,3.1302],[-59.841,3.12977],[-59.84149,3.12889],[-59.84096,3.12804],[-59.84016,3.12785],[-59.83844,3.12819],[-59.83844,3.1282]]]},"properties":{"Name":"Parikwaranawa","Region":9,"Grant_No":"No Data","Acres":33425,"Plan_Numbe":0}},
{"type":"Feature","geometry":{"type":"Polygon","coordinates":[[[-59.3262,7.82196],[-59.32602,7.8202],[-59.32554,7.81889],[-59.32436,7.81729],[-59.32301,7.81609],[-59.31956,7.81415],[-59.31693,7.81223],[-59.31594,7.81111],[-59.31435,7.8086],[-59.31377,7.80565],[-59.31346,7.80076],[-59.31374,7.79843],[-59.31427,7.79572],[-59.31507,7.79348],[-59.31672,7.7907],[-59.31781,7.78939],[-59.32053,7.78691],[-59.32209,7.78533],[-59.32285,7.78334],[-59.32263,7.78165],[-59.31735,7.78075],[-59.31379,7.77945],[-59.31115,7.77826],[-59.30676,7.77569],[-59.30444,7.77462],[-59.30231,7.77392],[-59.30055,7.7738],[-59.29926,7.77409],[-59.29732,7.77552],[-59.29616,7.77663],[-59.29537,7.77892],[-59.29521,7.78012],[-59.29429,7.78383],[-59.29356,7.78804],[-59.29313,7.78922],[-59.29149,7.79196],[-59.28963,7.79407],[-59.28882,7.79442],[-59.2843,7.79427],[-59.28148,7.79377],[-59.28004,7.79294],[-59.27782,7.79126],[-59.27255,7.78775],[-59.27151,7.7866],[-59.27002,7.78537],[-59.26654,7.78224],[-59.26359,7.77996],[-59.26138,7.77884],[-59.26115,7.77909],[-59.25968,7.78224],[-59.25602,7.78808],[-59.25221,7.79516],[-59.24962,7.79934],[-59.24831,7.80067],[-59.2441,7.80375],[-59.24216,7.80446],[-59.23612,7.80619],[-59.23468,7.80702],[-59.2329,7.80773],[-59.23108,7.80878],[-59.26138,7.84934],[-59.31607,7.84901],[-59.31579,7.84807],[-59.31598,7.84593],[-59.31653,7.8448],[-59.3178,7.84356],[-59.31911,7.84293],[-59.32204,7.84232],[-59.32313,7.84158],[-59.32392,7.84028],[-59.32382,7.83873],[-59.32295,7.83624],[-59.32205,7.83413],[-59.32191,7.8332],[-59.32203,7.83068],[-59.32274,7.82927],[-59.32575,7.82583],[-59.32607,7.82449],[-59.3262,7.82196]]]},"properties":{"Name":"Warapoka","Region":1,"Grant_No":"G7787","Acres":14243,"Plan_Numbe":23710}},
{"type":"Feature","geometry":{"type":"Polygon","coordinates":[[[-59.01817,5.3921],[-59.01801,5.39165],[-59.01624,5.38972],[-59.01513,5.38803],[-59.01311,5.3876],[-59.01273,5.38702],[-59.01247,5.38487],[-59.01196,5.37876],[-59.01172,5.37817],[-59.01071,5.37749],[-59.0098,5.37725],[-59.00845,5.37601],[-59.00689,5.37581],[-59.00462,5.37529],[-59.00373,5.37348],[-59.0024,5.37266],[-59.00241,5.37159],[-59.00287,5.37041],[-59.00372,5.36987],[-59.00371,5.36931],[-59.00288,5.36839],[-59.00324,5.36703],[-59.00212,5.3656],[-59.00184,5.36467],[-59.00135,5.36458],[-59.00086,5.36363],[-59.00297,5.36241],[-59.0046,5.36224],[-59.00543,5.36103],[-59.00619,5.36036],[-59.00623,5.35986],[-59.00529,5.3567],[-59.00425,5.35446],[-59.00359,5.35412],[-59.00228,5.35188],[-59.00185,5.3507],[-59.00054,5.35007],[-58.99978,5.34914],[-58.99936,5.34794],[-58.99942,5.34496],[-58.99842,5.34432],[-58.99798,5.34371],[-58.99792,5.34221],[-58.99723,5.34052],[-58.99588,5.33872],[-58.9947,5.33897],[-58.99231,5.33888],[-58.99129,5.33914],[-58.99009,5.33848],[-58.98936,5.33878],[-58.9884,5.33829],[-58.9861,5.33776],[-58.98441,5.33778],[-58.9831,5.33759],[-58.98134,5.33636],[-58.97944,5.33651],[-58.97803,5.33729],[-58.97769,5.33922],[-58.97718,5.34035],[-58.97621,5.34122],[-58.97445,5.34222],[-58.9736,5.34226],[-58.97296,5.34305],[-58.97226,5.34331],[-58.97214,5.34442],[-58.97111,5.34536],[-58.97021,5.34652],[-58.96901,5.34763],[-58.96826,5.34896],[-58.9678,5.34928],[-58.9676,5.35051],[-58.9663,5.35094],[-58.96663,5.35177],[-58.96724,5.35217],[-58.96678,5.35335],[-58.96688,5.35436],[-58.96624,5.35492],[-58.9673,5.35537],[-58.96742,5.35674],[-58.96681,5.35768],[-58.9675,5.35852],[-58.96853,5.35909],[-58.9687,5.35963],[-58.96823,5.36023],[-58.96813,5.36193],[-58.96957,5.3623],[-58.96978,5.36353],[-58.96917,5.36515],[-58.96723,5.36641],[-58.96453,5.36692],[-58.96274,5.36702],[-58.95953,5.3665],[-58.95694,5.36627],[-58.95575,5.36601],[-58.95424,5.36604],[-58.95206,5.3666],[-58.94948,5.36709],[-58.94604,5.36734],[-58.94415,5.3672],[-58.94228,5.36685],[-58.93608,5.36495],[-58.93464,5.36438],[-58.93225,5.36395],[-58.92631,5.3627],[-58.92509,5.36189],[-58.92248,5.3607],[-58.91936,5.35984],[-58.9174,5.35999],[-58.91635,5.36077],[-58.91614,5.36297],[-58.9171,5.36309],[-58.91773,5.36385],[-58.91787,5.36524],[-58.91932,5.36716],[-58.92114,5.36766],[-58.92229,5.36818],[-58.92353,5.36945],[-58.925,5.37232],[-58.92658,5.37371],[-58.92808,5.37651],[-58.93048,5.37974],[-58.93128,5.38187],[-58.93238,5.38335],[-58.93348,5.38404],[-58.93416,5.38495],[-58.93523,5.38547],[-58.93591,5.38624],[-58.93515,5.38821],[-58.93685,5.38873],[-58.93953,5.39105],[-58.93999,5.39227],[-58.93998,5.39393],[-58.94033,5.3953],[-58.941,5.39546],[-58.94117,5.39607],[-58.94232,5.39661],[-58.94245,5.3984],[-58.94517,5.4013],[-58.94843,5.40413],[-58.94978,5.40515],[-58.95067,5.40627],[-58.95093,5.40697],[-58.95276,5.40917],[-58.9534,5.4107],[-58.95369,5.41255],[-58.95465,5.41409],[-58.9552,5.41533],[-58.95667,5.41638],[-58.95849,5.41657],[-58.95945,5.41695],[-58.96101,5.41697],[-58.96315,5.41758],[-58.96417,5.41853],[-58.96434,5.41946],[-58.96399,5.42106],[-58.96409,5.42176],[-58.96562,5.42303],[-58.96834,5.42414],[-58.97019,5.42436],[-58.97175,5.4233],[-58.97396,5.41971],[-58.97466,5.41916],[-58.97582,5.41878],[-58.97863,5.41923],[-58.97971,5.41994],[-58.98137,5.41978],[-58.98393,5.41932],[-58.99042,5.42302],[-58.9914,5.4247],[-58.99226,5.42582],[-58.99403,5.42702],[-58.99581,5.42715],[-58.9969,5.4269],[-59.00044,5.42547],[-59.00291,5.42393],[-59.00483,5.42419],[-59.00595,5.42388],[-59.00668,5.42305],[-59.00762,5.42138],[-59.00829,5.42123],[-59.01016,5.42018],[-59.01134,5.41848],[-59.01269,5.417],[-59.01454,5.41525],[-59.01596,5.41326],[-59.01702,5.41229],[-59.01805,5.40752],[-59.01798,5.40553],[-59.0174,5.40335],[-59.01635,5.39993],[-59.01651,5.39763],[-59.0161,5.39652],[-59.0164,5.39433],[-59.01672,5.39358],[-59.01761,5.39312],[-59.01817,5.3921]]]},"properties":{"Name":"Maicobe","Region":8,"Grant_No":"No Data","Acres":15098,"Plan_Numbe":0}},
{"type":"Feature","geometry":{"type":"Polygon","coordinates":[[[-59.03291,7.42995],[-59.04785,7.4182],[-59.04806,7.41771],[-59.05114,7.41548],[-59.0518,7.41479],[-59.05415,7.41319],[-59.05494,7.41222],[-59.05699,7.41057],[-59.05877,7.40951],[-59.06024,7.40911],[-59.06157,7.40789],[-59.06309,7.40697],[-59.06304,7.40599],[-59.0608,7.40538],[-59.06003,7.40546],[-59.05914,7.40499],[-59.05817,7.40515],[-59.05707,7.40425],[-59.0579,7.40273],[-59.0588,7.40242],[-59.06004,7.40247],[-59.06253,7.40133],[-59.0635,7.40128],[-59.06684,7.40078],[-59.06851,7.40032],[-59.07076,7.39923],[-59.07183,7.39925],[-59.07337,7.39845],[-59.07495,7.39786],[-59.07739,7.39761],[-59.07824,7.39715],[-59.07926,7.39706],[-59.07935,7.39343],[-59.07995,7.39273],[-59.08026,7.39165],[-59.08215,7.39046],[-59.08466,7.38709],[-59.08498,7.38592],[-59.08508,7.38237],[-59.0849,7.38028],[-59.08535,7.37887],[-59.08551,7.37573],[-59.08438,7.37358],[-59.08403,7.37061],[-59.08334,7.36971],[-59.08374,7.36887],[-59.08339,7.36711],[-59.08288,7.3663],[-59.08321,7.36579],[-59.08257,7.36424],[-59.08315,7.36393],[-59.08264,7.36334],[-59.08208,7.36163],[-59.08134,7.36094],[-59.08163,7.35991],[-59.08077,7.35959],[-59.08003,7.35886],[-59.07928,7.35993],[-59.07818,7.3592],[-59.07848,7.35863],[-59.07799,7.35715],[-59.0753,7.35709],[-59.0746,7.35791],[-59.07393,7.3577],[-59.07313,7.35691],[-59.07015,7.35506],[-59.06984,7.35398],[-59.068,7.35374],[-59.06734,7.35269],[-59.065,7.3527],[-59.06457,7.35397],[-59.06353,7.35372],[-59.06299,7.35278],[-59.06234,7.35425],[-59.06155,7.35443],[-59.06091,7.35342],[-59.06011,7.354],[-59.05999,7.3551],[-59.05891,7.35524],[-59.05807,7.35483],[-59.05733,7.35574],[-59.05569,7.35632],[-59.05426,7.35559],[-59.05322,7.35481],[-59.05208,7.35431],[-59.05229,7.3534],[-59.05135,7.3521],[-59.05035,7.35192],[-59.05006,7.35128],[-59.05042,7.35061],[-59.05007,7.35015],[-59.04906,7.34986],[-59.04867,7.34827],[-59.04871,7.34718],[-59.04911,7.34671],[-59.04866,7.34591],[-59.04797,7.34541],[-59.04747,7.34408],[-59.04688,7.34374],[-59.04675,7.34266],[-59.04727,7.3416],[-59.04705,7.34063],[-59.04591,7.34086],[-59.04546,7.34015],[-59.04601,7.33874],[-59.04529,7.33781],[-59.04361,7.33812],[-59.04205,7.33691],[-59.04245,7.33632],[-59.04213,7.33553],[-59.04003,7.33593],[-59.03936,7.33627],[-59.03835,7.33596],[-59.03757,7.33743],[-59.03632,7.33738],[-59.03426,7.33698],[-59.03432,7.33451],[-59.03397,7.33371],[-59.03253,7.33405],[-59.03137,7.33402],[-59.03024,7.33452],[-59.03038,7.33518],[-59.02974,7.33564],[-59.02862,7.3359],[-59.02787,7.33436],[-59.02646,7.3346],[-59.0256,7.33431],[-59.02408,7.33434],[-59.02348,7.33409],[-59.02223,7.33456],[-59.02195,7.33378],[-59.02246,7.3326],[-59.02341,7.33161],[-59.02365,7.33089],[-59.02329,7.3292],[-59.02437,7.32834],[-59.02406,7.32702],[-59.02496,7.3261],[-59.02575,7.32588],[-59.02642,7.32525],[-59.02524,7.3248],[-59.02455,7.32497],[-59.0218,7.32366],[-59.02043,7.32368],[-59.01932,7.32426],[-59.0178,7.32418],[-59.0163,7.32357],[-59.01438,7.32318],[-59.01186,7.32364],[-59.01067,7.32367],[-59.00987,7.32473],[-59.00882,7.32511],[-59.00771,7.32398],[-59.00637,7.32457],[-59.00368,7.32456],[-59.0033,7.32384],[-59.00251,7.32322],[-59.00264,7.32153],[-59.0009,7.32248],[-58.99883,7.32262],[-58.99799,7.32217],[-58.99836,7.32062],[-58.9976,7.31934],[-58.99622,7.31988],[-58.99654,7.32146],[-58.99525,7.32241],[-58.99495,7.32232],[-58.99459,7.3206],[-58.99285,7.32065],[-58.99096,7.32167],[-58.99035,7.32233],[-58.98999,7.32016],[-58.98932,7.31972],[-58.98831,7.3199],[-58.98502,7.31678],[-58.98469,7.31562],[-58.98479,7.31482],[-58.98419,7.31418],[-58.98296,7.31393],[-58.98172,7.31306],[-58.9808,7.31284],[-58.97979,7.31146],[-58.97922,7.31111],[-58.97787,7.31135],[-58.97686,7.31097],[-58.97625,7.31139],[-58.97489,7.31126],[-58.97403,7.31197],[-58.9726,7.31427],[-58.97157,7.31518],[-58.97211,7.31624],[-58.97116,7.317],[-58.97019,7.31696],[-58.9692,7.31591],[-58.96768,7.31564],[-58.96679,7.31607],[-58.96578,7.31571],[-58.96494,7.31657],[-58.96504,7.31785],[-58.96367,7.31822],[-58.96285,7.31933],[-58.9618,7.31863],[-58.96158,7.31757],[-58.96024,7.31692],[-58.96007,7.31595],[-58.95934,7.3161],[-58.95827,7.31747],[-58.95803,7.31873],[-58.95617,7.31883],[-58.9554,7.31813],[-58.95453,7.31792],[-58.95316,7.31988],[-58.95238,7.31987],[-58.95244,7.31899],[-58.95161,7.31811],[-58.95085,7.31871],[-58.94981,7.319],[-58.9493,7.31839],[-58.94949,7.31719],[-58.94889,7.31677],[-58.94716,7.31724],[-58.94625,7.31649],[-58.94535,7.31637],[-58.94459,7.3167],[-58.9443,7.31823],[-58.94474,7.31944],[-58.94367,7.31968],[-58.94268,7.32025],[-58.94199,7.32155],[-58.93956,7.32225],[-58.93902,7.32294],[-58.93815,7.32304],[-58.93817,7.32185],[-58.93767,7.32089],[-58.9377,7.32006],[-58.93713,7.31973],[-58.936,7.32007],[-58.93533,7.31969],[-58.9335,7.31945],[-58.93207,7.31875],[-58.93146,7.3189],[-58.93031,7.31863],[-58.9299,7.31946],[-58.92921,7.3196],[-58.92814,7.31879],[-58.92639,7.31909],[-58.92559,7.3209],[-58.92454,7.32074],[-58.92375,7.32],[-58.9236,7.31872],[-58.92383,7.31811],[-58.92294,7.31715],[-58.92197,7.31789],[-58.92002,7.31766],[-58.92018,7.3164],[-58.91983,7.31616],[-58.91823,7.31671],[-58.91664,7.31656],[-58.91535,7.31711],[-58.91494,7.31804],[-58.91428,7.31778],[-58.91279,7.318],[-58.91313,7.31742],[-58.91324,7.31623],[-58.91278,7.3149],[-58.91131,7.31466],[-58.91098,7.3142],[-58.91176,7.31388],[-58.91086,7.31304],[-58.90844,7.3127],[-58.90813,7.31358],[-58.90751,7.31391],[-58.90629,7.31368],[-58.90473,7.31405],[-58.90383,7.31458],[-58.90337,7.31588],[-58.90222,7.31563],[-58.9023,7.31425],[-58.90118,7.314],[-58.90022,7.31324],[-58.89888,7.31321],[-58.89825,7.3129],[-58.89802,7.31199],[-58.89671,7.31219],[-58.89606,7.31194],[-58.89528,7.31218],[-58.89429,7.31066],[-58.89422,7.30841],[-58.89457,7.30676],[-58.89438,7.30588],[-58.89483,7.30499],[-58.89389,7.30458],[-58.8934,7.30313],[-58.89323,7.30169],[-58.89215,7.3016],[-58.89128,7.30121],[-58.89042,7.30042],[-58.88945,7.30043],[-58.88885,7.29913],[-58.88808,7.29891],[-58.88745,7.29795],[-58.88482,7.30009],[-58.88373,7.29817],[-58.88143,7.29824],[-58.87978,7.30089],[-58.87879,7.30045],[-58.87814,7.29857],[-58.87539,7.2994],[-58.87119,7.29815],[-58.86972,7.29967],[-58.86859,7.29988],[-58.86579,7.29851],[-58.86423,7.29936],[-58.86122,7.2985],[-58.86029,7.2991],[-58.85945,7.30008],[-58.85683,7.30039],[-58.85599,7.29915],[-58.85406,7.29931],[-58.85347,7.30106],[-58.85284,7.30154],[-58.85192,7.30133],[-58.85168,7.30058],[-58.84921,7.29966],[-58.84813,7.30028],[-58.84631,7.29908],[-58.84335,7.29937],[-58.84214,7.29834],[-58.84078,7.29899],[-58.83988,7.29976],[-58.83725,7.30026],[-58.83606,7.2992],[-58.83514,7.29997],[-58.83382,7.30012],[-58.83283,7.29998],[-58.83189,7.29918],[-58.83155,7.29798],[-58.83063,7.29597],[-58.82883,7.29559],[-58.82809,7.29451],[-58.8302,7.29491],[-58.82852,7.29352],[-58.82715,7.29157],[-58.82715,7.29052],[-58.82596,7.28942],[-58.82202,7.29026],[-58.82035,7.29083],[-58.81909,7.29198],[-58.81823,7.29439],[-58.8176,7.29575],[-58.81649,7.29682],[-58.8143,7.29671],[-58.81357,7.29834],[-58.81142,7.29943],[-58.80854,7.29955],[-58.80807,7.29783],[-58.8072,7.29154],[-58.80351,7.29151],[-58.79301,7.29157],[-58.73107,7.29191],[-58.73121,7.3154],[-58.73152,7.36631],[-58.73208,7.36691],[-58.73269,7.36847],[-58.73294,7.37055],[-58.73484,7.37171],[-58.73609,7.37295],[-58.73601,7.37504],[-58.73655,7.37752],[-58.73667,7.37896],[-58.73632,7.38143],[-58.736,7.39116],[-58.73756,7.39437],[-58.73766,7.39548],[-58.73857,7.39663],[-58.73983,7.3971],[-58.74151,7.39661],[-58.74281,7.39747],[-58.74397,7.39925],[-58.74725,7.40135],[-58.74919,7.40527],[-58.75121,7.40589],[-58.75439,7.40621],[-58.75656,7.40784],[-58.76074,7.40734],[-58.76237,7.40628],[-58.7627,7.40484],[-58.76409,7.40411],[-58.76553,7.40267],[-58.76663,7.40079],[-58.76653,7.39911],[-58.76812,7.4003],[-58.77485,7.39984],[-58.77961,7.39872],[-58.78201,7.399],[-58.78356,7.40067],[-58.784,7.40259],[-58.78554,7.4034],[-58.78713,7.40455],[-58.78748,7.40632],[-58.78503,7.40811],[-58.78533,7.41056],[-58.78356,7.41263],[-58.78443,7.41416],[-58.78824,7.4177],[-58.78907,7.42043],[-58.79182,7.42119],[-58.79287,7.42104],[-58.79499,7.42122],[-58.7958,7.42045],[-58.79758,7.41992],[-58.80086,7.42168],[-58.80125,7.42336],[-58.80275,7.42566],[-58.80424,7.42512],[-58.80727,7.42641],[-58.80901,7.4263],[-58.81001,7.42471],[-58.81366,7.4248],[-58.81569,7.42541],[-58.81742,7.4267],[-58.81786,7.42828],[-58.81888,7.42909],[-58.82166,7.42755],[-58.82486,7.42196],[-58.82563,7.42143],[-58.82737,7.42363],[-58.82901,7.42449],[-58.82973,7.42435],[-58.83054,7.42329],[-58.83188,7.42242],[-58.8341,7.42308],[-58.83559,7.42451],[-58.83781,7.42498],[-58.84223,7.42362],[-58.84247,7.4252],[-58.84397,7.42568],[-58.84723,7.42312],[-58.84949,7.42383],[-58.85064,7.42335],[-58.85166,7.42464],[-58.85396,7.42372],[-58.8544,7.42415],[-58.85402,7.4264],[-58.85595,7.4275],[-58.85539,7.43096],[-58.85699,7.43475],[-58.85834,7.43575],[-58.86095,7.43804],[-58.85994,7.4392],[-58.86048,7.44078],[-58.86193,7.44221],[-58.86251,7.44384],[-58.86386,7.44427],[-58.86492,7.44513],[-58.86622,7.44455],[-58.86713,7.44459],[-58.86723,7.44546],[-58.86599,7.44656],[-58.86589,7.44767],[-58.86657,7.44877],[-58.86711,7.45098],[-58.86481,7.45387],[-58.8653,7.45487],[-58.86785,7.45606],[-58.87142,7.45681],[-58.87306,7.45834],[-58.87503,7.45949],[-58.87663,7.46126],[-58.87798,7.46168],[-58.87913,7.46096],[-58.87995,7.46177],[-58.8812,7.46172],[-58.88307,7.46065],[-58.88587,7.46208],[-58.8898,7.4599],[-58.89076,7.45856],[-58.89244,7.45855],[-58.8924,7.46071],[-58.89366,7.46258],[-58.89501,7.46209],[-58.89577,7.46146],[-58.89693,7.46127],[-58.89703,7.46271],[-58.89973,7.46375],[-58.90083,7.46331],[-58.90324,7.46398],[-58.90531,7.46421],[-58.90627,7.46367],[-58.90723,7.46386],[-58.90776,7.46453],[-58.90911,7.46457],[-58.9094,7.46549],[-58.90888,7.4665],[-58.9096,7.46673],[-58.91176,7.46639],[-58.91248,7.46514],[-58.9144,7.46417],[-58.91671,7.46449],[-58.91829,7.46362],[-58.91935,7.46343],[-58.9219,7.46394],[-58.92262,7.46346],[-58.92411,7.46374],[-58.92468,7.46297],[-58.92685,7.46315],[-58.92824,7.4619],[-58.92891,7.46046],[-58.92785,7.45988],[-58.92746,7.45921],[-58.92817,7.4582],[-58.92971,7.45752],[-58.93129,7.45641],[-58.93167,7.45502],[-58.93316,7.45535],[-58.93432,7.45462],[-58.93479,7.45294],[-58.93686,7.45322],[-58.93906,7.44995],[-58.94074,7.45061],[-58.94186,7.45224],[-58.94109,7.45315],[-58.94191,7.45459],[-58.94513,7.45429],[-58.94586,7.45481],[-58.94577,7.45601],[-58.94668,7.45635],[-58.94726,7.45572],[-58.94898,7.45446],[-58.95148,7.45455],[-58.9521,7.45306],[-58.95383,7.45151],[-58.95493,7.45108],[-58.95541,7.44983],[-58.95559,7.4481],[-58.95544,7.44603],[-58.95654,7.44507],[-58.95764,7.44377],[-58.95937,7.44347],[-58.9609,7.44222],[-58.96379,7.44173],[-58.96624,7.44277],[-58.96649,7.44426],[-58.96688,7.44488],[-58.96775,7.44497],[-58.96903,7.44295],[-58.97047,7.44227],[-58.97509,7.44163],[-58.97897,7.43935],[-58.97955,7.43973],[-58.97908,7.44247],[-58.98034,7.44304],[-58.98063,7.444],[-58.98241,7.44505],[-58.98381,7.44447],[-58.98429,7.446],[-58.98656,7.44734],[-58.98771,7.4468],[-58.9878,7.44493],[-58.99011,7.44521],[-58.99163,7.44237],[-58.9971,7.43798],[-58.99834,7.43557],[-59.0006,7.43513],[-59.00122,7.4357],[-59.00079,7.43676],[-59.00113,7.43738],[-59.00358,7.4366],[-59.00384,7.43953],[-59.00471,7.44029],[-59.00486,7.44269],[-59.00583,7.44365],[-59.0065,7.44321],[-59.01034,7.44276],[-59.01049,7.4442],[-59.01266,7.44477],[-59.01338,7.44405],[-59.01283,7.44002],[-59.01388,7.43833],[-59.01662,7.43789],[-59.01854,7.43625],[-59.02055,7.43542],[-59.02238,7.43585],[-59.02347,7.43243],[-59.02602,7.43199],[-59.0275,7.43025],[-59.02924,7.43145],[-59.03059,7.4313],[-59.03207,7.43081],[-59.03291,7.42995]]]},"properties":{"Name":"Akawini","Region":2,"Grant_No":"Formerly G7788","Acres":125942,"Plan_Numbe":0}},
{"type":"Feature","geometry":{"type":"Polygon","coordinates":[[[-58.35946,5.71425],[-58.3569,5.71395],[-58.30595,5.70865],[-58.30053,5.74193],[-58.29886,5.75779],[-58.29311,5.81087],[-58.28515,5.86524],[-58.32889,5.86519],[-58.34289,5.89093],[-58.34138,5.89258],[-58.34088,5.89376],[-58.34092,5.89509],[-58.34157,5.8978],[-58.34219,5.8989],[-58.3435,5.90046],[-58.34492,5.90167],[-58.34536,5.90235],[-58.34616,5.90438],[-58.39,5.90377],[-58.43434,5.71443],[-58.43425,5.71441],[-58.43424,5.70735],[-58.37554,5.7096],[-58.375,5.70965],[-58.3742,5.70879],[-58.37383,5.70715],[-58.37355,5.70465],[-58.3725,5.70399],[-58.37058,5.70396],[-58.36996,5.70464],[-58.36843,5.70515],[-58.36749,5.70515],[-58.36755,5.70751],[-58.36715,5.709],[-58.36571,5.71117],[-58.3653,5.71207],[-58.36466,5.71223],[-58.3646,5.71224],[-58.36314,5.71296],[-58.36241,5.71355],[-58.36073,5.71402],[-58.35946,5.71425]]]},"properties":{"Name":"Muritaro","Region":10,"Grant_No":"No Data","Acres":63887,"Plan_Numbe":0}},
{"type":"Feature","geometry":{"type":"Polygon","coordinates":[[[-57.95557,5.89379],[-57.95596,5.89166],[-57.95621,5.88838],[-57.95598,5.88668],[-57.95626,5.8842],[-57.95709,5.88177],[-57.95622,5.88077],[-57.95528,5.87903],[-57.95442,5.87812],[-57.95322,5.87562],[-57.95142,5.87437],[-57.9507,5.8741],[-57.94765,5.87352],[-57.94672,5.87363],[-57.94465,5.87299],[-57.94322,5.86952],[-57.94363,5.86809],[-57.94341,5.86636],[-57.94179,5.8632],[-57.94203,5.86217],[-57.94368,5.86145],[-57.94592,5.85885],[-57.94723,5.85809],[-57.94822,5.85813],[-57.94925,5.85856],[-57.95088,5.85868],[-57.95295,5.85758],[-57.95462,5.85615],[-57.95718,5.8553],[-57.95974,5.85314],[-57.96139,5.85154],[-57.96194,5.85048],[-57.96323,5.84968],[-57.96475,5.84846],[-57.96628,5.8475],[-57.9676,5.84706],[-57.96841,5.84623],[-57.96931,5.84665],[-57.97022,5.84744],[-57.97068,5.8486],[-57.97169,5.84905],[-57.97193,5.84966],[-57.97335,5.85028],[-57.97436,5.85183],[-57.97506,5.85486],[-57.97543,5.85541],[-57.97657,5.85596],[-57.97847,5.85724],[-57.98146,5.85981],[-57.98263,5.86136],[-57.98392,5.86194],[-57.98522,5.86316],[-57.98683,5.86375],[-57.9915,5.86629],[-57.99187,5.86689],[-57.99318,5.8677],[-57.99311,5.86885],[-57.99372,5.8692],[-57.99637,5.86913],[-57.99727,5.86993],[-57.99844,5.86999],[-58.00052,5.87126],[-58.00216,5.87102],[-58.00319,5.87139],[-58.00499,5.87304],[-58.00744,5.87379],[-58.00877,5.87344],[-58.01034,5.87241],[-58.01082,5.87187],[-58.01189,5.8715],[-58.01563,5.87158],[-58.01664,5.87177],[-58.01774,5.87154],[-58.02032,5.87154],[-58.02205,5.87169],[-58.02326,5.87077],[-58.02517,5.87008],[-58.02657,5.87001],[-58.02798,5.8695],[-58.03126,5.86643],[-58.03199,5.86558],[-58.03315,5.86299],[-58.03311,5.86053],[-58.03341,5.85844],[-58.03345,5.85642],[-58.03436,5.85557],[-58.03673,5.85248],[-58.08741,5.78752],[-58.089,5.78426],[-58.08995,5.7834],[-58.09029,5.78184],[-58.09162,5.77976],[-58.09302,5.7785],[-58.09504,5.77741],[-58.09727,5.77664],[-58.09843,5.77572],[-58.09954,5.77328],[-58.10015,5.77235],[-58.1012,5.77147],[-58.1027,5.77086],[-58.10379,5.77017],[-58.10379,5.76804],[-58.10403,5.76698],[-58.104,5.7656],[-58.10346,5.76418],[-58.10456,5.76355],[-58.10492,5.76301],[-58.10695,5.7626],[-58.10779,5.76279],[-58.10836,5.76181],[-58.10813,5.76132],[-58.10878,5.76052],[-58.10905,5.76083],[-58.10953,5.75977],[-58.10934,5.75899],[-58.10983,5.75829],[-58.1101,5.75673],[-58.11067,5.75717],[-58.11087,5.75611],[-58.11026,5.75429],[-58.11074,5.75348],[-58.11224,5.75324],[-58.1129,5.7521],[-58.11395,5.75164],[-58.11342,5.75055],[-58.11392,5.75026],[-58.1145,5.74913],[-58.11368,5.74939],[-58.1131,5.74821],[-58.11311,5.74709],[-58.11396,5.74503],[-58.11373,5.74377],[-58.11477,5.74258],[-58.11461,5.74186],[-58.11539,5.74211],[-58.11534,5.74127],[-58.11582,5.74106],[-58.11566,5.73909],[-58.11698,5.73774],[-58.029,5.70538],[-58.0277,5.70761],[-58.02659,5.70887],[-58.02534,5.71122],[-58.02459,5.7117],[-58.02295,5.71515],[-58.02288,5.71563],[-58.02366,5.71695],[-58.02396,5.71846],[-58.02354,5.72128],[-58.02311,5.72162],[-58.02276,5.72305],[-58.02194,5.72412],[-58.02174,5.725],[-58.02104,5.72544],[-58.02013,5.72675],[-58.01825,5.72816],[-58.01782,5.72811],[-58.01472,5.72904],[-58.01194,5.72923],[-58.01136,5.72898],[-58.01036,5.72919],[-58.00919,5.73072],[-58.0091,5.73234],[-58.00777,5.73377],[-58.00761,5.73444],[-58.00673,5.73563],[-58.00653,5.73635],[-58.00713,5.73812],[-58.00768,5.73814],[-58.00866,5.73884],[-58.00959,5.74055],[-58.0092,5.74239],[-58.00845,5.74464],[-58.00807,5.745],[-58.0078,5.7465],[-58.00841,5.74765],[-58.00818,5.74853],[-58.00907,5.74871],[-58.00928,5.7493],[-58.00834,5.75153],[-58.00805,5.7534],[-58.00713,5.75508],[-58.00689,5.75627],[-58.00638,5.75666],[-58.00608,5.75772],[-58.00677,5.75937],[-58.00738,5.75935],[-58.00951,5.7604],[-58.00911,5.76314],[-58.00774,5.76346],[-58.00594,5.76325],[-58.00283,5.76374],[-58.0022,5.76368],[-58.00148,5.76308],[-57.99844,5.76199],[-57.99668,5.76062],[-57.99496,5.75806],[-57.99422,5.75761],[-57.9905,5.75843],[-57.98888,5.75888],[-57.98695,5.76061],[-57.98581,5.76191],[-57.98488,5.76231],[-57.98329,5.76223],[-57.98266,5.76173],[-57.98291,5.76002],[-57.98231,5.75831],[-57.98115,5.75755],[-57.97989,5.75724],[-57.9776,5.75795],[-57.97592,5.75818],[-57.97473,5.75754],[-57.97399,5.75587],[-57.97383,5.75452],[-57.97319,5.75233],[-57.97108,5.7504],[-57.97001,5.75061],[-57.96759,5.75189],[-57.96398,5.75354],[-57.96149,5.75487],[-57.95989,5.75634],[-57.95858,5.75683],[-57.95744,5.75627],[-57.95663,5.75448],[-57.95542,5.75329],[-57.95265,5.75112],[-57.9515,5.74995],[-57.94966,5.74585],[-57.94797,5.74591],[-57.94613,5.74704],[-57.94317,5.74869],[-57.9417,5.74917],[-57.94031,5.7501],[-57.93946,5.75167],[-57.93956,5.75514],[-57.93916,5.75709],[-57.93793,5.7583],[-57.93652,5.75795],[-57.93473,5.75707],[-57.93246,5.7549],[-57.93121,5.75439],[-57.92973,5.75455],[-57.92818,5.75545],[-57.92661,5.75781],[-57.92593,5.75858],[-57.92422,5.75931],[-57.92183,5.75916],[-57.92244,5.76034],[-57.92266,5.7622],[-57.92221,5.76299],[-57.9234,5.76444],[-57.92392,5.76574],[-57.92478,5.76625],[-57.92475,5.76791],[-57.92412,5.76955],[-57.9238,5.77271],[-57.92343,5.77359],[-57.9212,5.77665],[-57.91962,5.77786],[-57.9197,5.77897],[-57.91904,5.78006],[-57.9181,5.78243],[-57.91813,5.78323],[-57.9194,5.78526],[-57.92011,5.78571],[-57.92033,5.78672],[-57.92202,5.78755],[-57.92317,5.78865],[-57.92312,5.7892],[-57.92196,5.79038],[-57.92192,5.79265],[-57.92378,5.79648],[-57.92381,5.79736],[-57.92454,5.79917],[-57.92439,5.80086],[-57.92453,5.80232],[-57.92268,5.80335],[-57.92183,5.80357],[-57.92061,5.80341],[-57.91935,5.80366],[-57.91742,5.80502],[-57.91632,5.80691],[-57.91479,5.80787],[-57.91099,5.81182],[-57.9095,5.81318],[-57.90636,5.81284],[-57.90491,5.81373],[-57.90474,5.81483],[-57.90414,5.81574],[-57.90262,5.81652],[-57.90172,5.81674],[-57.90065,5.81658],[-57.89984,5.81784],[-57.89882,5.8187],[-57.89816,5.82029],[-57.95557,5.89379]]]},"properties":{"Name":"Wiruni Block 0222","Region":10,"Grant_No":"No Data","Acres":61290,"Plan_Numbe":0}},
{"type":"Feature","geometry":{"type":"MultiPolygon","coordinates":[[[[-57.88242,5.72613],[-57.87813,5.73088],[-57.87716,5.73184],[-57.87611,5.734],[-57.87629,5.73443],[-57.87723,5.7348],[-57.87841,5.73449],[-57.88179,5.7326],[-57.88372,5.73233],[-57.88497,5.73257],[-57.88784,5.73278],[-57.89365,5.73268],[-57.89448,5.73277],[-57.88242,5.72613]]],[[[-57.88242,5.72613],[-57.88291,5.72549],[-57.88113,5.72322],[-57.8698,5.72857],[-57.86997,5.71876],[-57.86869,5.71847],[-57.86677,5.72113],[-57.86411,5.71957],[-57.86629,5.71628],[-57.84776,5.70183],[-57.84427,5.69207],[-57.84195,5.69523],[-57.84074,5.69611],[-57.83925,5.69654],[-57.83824,5.69707],[-57.83619,5.69983],[-57.83523,5.70071],[-57.83545,5.7016],[-57.83702,5.70276],[-57.83877,5.70433],[-57.83943,5.70518],[-57.84176,5.70719],[-57.84313,5.70755],[-57.84337,5.71102],[-57.84394,5.71161],[-57.84273,5.71451],[-57.84283,5.71582],[-57.84328,5.71629],[-57.84736,5.71826],[-57.84864,5.71908],[-57.85168,5.72036],[-57.85364,5.72053],[-57.85616,5.71978],[-57.85998,5.71958],[-57.86204,5.72016],[-57.86455,5.7215],[-57.86517,5.72363],[-57.86455,5.72809],[-57.86476,5.72918],[-57.86548,5.73046],[-57.8671,5.73112],[-57.86852,5.73198],[-57.86928,5.73213],[-57.87167,5.73033],[-57.87587,5.72756],[-57.87907,5.72632],[-57.88076,5.72524],[-57.88124,5.72456],[-57.88189,5.72455],[-57.88201,5.72564],[-57.88242,5.72613]]],[[[-57.83624,5.69356],[-57.83582,5.69323],[-57.82816,5.69146],[-57.82559,5.69052],[-57.82403,5.69008],[-57.82157,5.68909],[-57.82012,5.688],[-57.81916,5.68688],[-57.81663,5.68311],[-57.81598,5.68231],[-57.81381,5.68052],[-57.81118,5.67891],[-57.81059,5.67877],[-57.80851,5.67769],[-57.80765,5.67707],[-57.80685,5.67757],[-57.8068,5.67804],[-57.80587,5.6782],[-57.80522,5.67868],[-57.80499,5.68044],[-57.80384,5.68184],[-57.80365,5.68246],[-57.82828,5.72066],[-57.85268,5.75746],[-57.85432,5.75611],[-57.85533,5.75604],[-57.85585,5.75534],[-57.85562,5.7528],[-57.85657,5.75148],[-57.85869,5.75113],[-57.86003,5.75017],[-57.86117,5.74992],[-57.86265,5.74855],[-57.86465,5.74775],[-57.86691,5.74615],[-57.86909,5.74436],[-57.87036,5.74308],[-57.87125,5.74251],[-57.8725,5.74041],[-57.87389,5.73877],[-57.87482,5.73826],[-57.87532,5.73728],[-57.87525,5.73628],[-57.87559,5.73429],[-57.8761,5.73301],[-57.87704,5.73146],[-57.87818,5.73038],[-57.88082,5.7274],[-57.88159,5.72674],[-57.88164,5.72543],[-57.88118,5.72535],[-57.87889,5.72684],[-57.87799,5.72711],[-57.87523,5.72839],[-57.86949,5.73237],[-57.8684,5.7322],[-57.86535,5.73079],[-57.86431,5.72922],[-57.86427,5.72745],[-57.86464,5.72572],[-57.86484,5.72364],[-57.86442,5.72224],[-57.8639,5.72149],[-57.86124,5.72019],[-57.85967,5.71989],[-57.85684,5.71997],[-57.85286,5.72094],[-57.85222,5.72094],[-57.84873,5.71943],[-57.84472,5.7173],[-57.84308,5.71659],[-57.84224,5.7157],[-57.84271,5.71363],[-57.84339,5.71258],[-57.84353,5.71177],[-57.84296,5.71096],[-57.84277,5.70865],[-57.84234,5.70764],[-57.84115,5.7073],[-57.83956,5.70591],[-57.83807,5.70412],[-57.83493,5.70141],[-57.83487,5.70055],[-57.83669,5.69864],[-57.83798,5.6968],[-57.83717,5.69481],[-57.83624,5.69356]]]]},"properties":{"Name":"Wiruni Parcel 1-5","Region":10,"Grant_No":"No Data","Acres":6837,"Plan_Numbe":0}},
{"type":"Feature","geometry":{"type":"Polygon","coordinates":[[[-58.04104,6.50814],[-58.04252,6.51184],[-58.04382,6.5124],[-58.04513,6.51204],[-58.04602,6.51062],[-58.04695,6.50972],[-58.04801,6.50953],[-58.0501,6.51021],[-58.05096,6.51082],[-58.05304,6.51093],[-58.05361,6.51114],[-58.05489,6.51231],[-58.05623,6.51207],[-58.05718,6.51131],[-58.05799,6.51106],[-58.05856,6.51137],[-58.0596,6.5132],[-58.06018,6.51372],[-58.06277,6.51503],[-58.06507,6.51516],[-58.06593,6.51597],[-58.06688,6.51593],[-58.06983,6.51466],[-58.07052,6.51409],[-58.07133,6.51418],[-58.07135,6.51354],[-58.07197,6.51355],[-58.07238,6.51145],[-58.0716,6.50974],[-58.07205,6.50891],[-58.07223,6.50772],[-58.07158,6.50495],[-58.07187,6.50377],[-58.07226,6.50099],[-58.07312,6.50033],[-58.07329,6.49954],[-58.07481,6.49792],[-58.0754,6.49683],[-58.07458,6.49615],[-58.07426,6.4948],[-58.07522,6.49344],[-58.07591,6.49342],[-58.07627,6.4914],[-58.07801,6.48875],[-58.07882,6.48889],[-58.08036,6.4884],[-58.08061,6.48863],[-58.08159,6.48689],[-58.08128,6.48634],[-58.08238,6.48521],[-58.08253,6.48436],[-58.08339,6.48227],[-58.08473,6.4814],[-58.08575,6.48197],[-58.08678,6.48079],[-58.08586,6.47921],[-58.08528,6.47947],[-58.0841,6.47803],[-58.08485,6.47753],[-58.08602,6.4755],[-58.08541,6.4737],[-58.08421,6.473],[-58.08392,6.47134],[-58.08563,6.47103],[-58.08605,6.46867],[-58.08668,6.46958],[-58.08723,6.46956],[-58.0888,6.46874],[-58.08928,6.46902],[-58.09055,6.46777],[-58.09089,6.46811],[-58.09173,6.46791],[-58.09223,6.46685],[-58.09274,6.46712],[-58.09362,6.4655],[-58.09338,6.4648],[-58.09598,6.46324],[-58.09679,6.4623],[-58.09804,6.4621],[-58.09915,6.46243],[-58.10292,6.4617],[-58.104,6.46067],[-58.10388,6.45968],[-58.10446,6.45893],[-58.1046,6.45701],[-58.10592,6.45566],[-58.10616,6.45506],[-58.10726,6.45383],[-58.10771,6.45236],[-58.10819,6.45181],[-58.10831,6.45034],[-58.10884,6.44959],[-58.10958,6.44687],[-58.10996,6.4462],[-58.11133,6.44566],[-58.11198,6.44398],[-58.11173,6.44304],[-58.11221,6.44244],[-58.1125,6.44073],[-58.11346,6.44029],[-58.11423,6.43931],[-58.11446,6.43837],[-58.11585,6.43569],[-58.11595,6.43488],[-58.11712,6.43345],[-58.11941,6.43278],[-58.12032,6.43277],[-58.12114,6.4332],[-58.1221,6.43323],[-58.12362,6.43281],[-58.12665,6.43269],[-58.12823,6.43203],[-58.12931,6.43201],[-58.1326,6.43005],[-58.13369,6.42928],[-58.13489,6.42896],[-58.13952,6.42703],[-58.14498,6.42507],[-58.1483,6.42448],[-58.14993,6.42402],[-58.15212,6.42274],[-58.15351,6.42168],[-58.15538,6.42052],[-58.15906,6.41866],[-58.16024,6.41844],[-58.16201,6.41733],[-58.16329,6.41721],[-58.16519,6.41672],[-58.16626,6.4154],[-58.16783,6.41458],[-58.16864,6.41373],[-58.17097,6.41173],[-58.17138,6.41154],[-58.17373,6.40956],[-58.17409,6.40905],[-58.17678,6.40775],[-58.17748,6.40705],[-58.17882,6.40649],[-58.17911,6.40594],[-58.18038,6.40495],[-58.18064,6.40418],[-58.1805,6.40288],[-58.18066,6.40098],[-58.18114,6.39992],[-58.18248,6.3983],[-58.18409,6.39731],[-58.18642,6.39541],[-58.18741,6.39397],[-58.18865,6.39274],[-58.18913,6.39175],[-58.18805,6.38956],[-58.18574,6.38903],[-58.18258,6.38857],[-58.18087,6.38734],[-58.17956,6.38516],[-58.17835,6.38486],[-58.17738,6.38429],[-58.17697,6.38222],[-58.17533,6.38014],[-58.17529,6.37924],[-58.17706,6.37648],[-58.17709,6.37548],[-58.17836,6.37464],[-58.18024,6.37205],[-58.1804,6.3693],[-58.17952,6.36602],[-58.17998,6.36226],[-58.1776,6.36099],[-58.17662,6.36096],[-58.17374,6.35909],[-58.17356,6.35544],[-58.17631,6.35386],[-58.17633,6.35077],[-58.17901,6.34919],[-58.18195,6.34717],[-58.18296,6.3466],[-58.18564,6.34579],[-58.18778,6.34475],[-58.18985,6.34286],[-58.19316,6.34058],[-58.19531,6.34004],[-58.19638,6.3394],[-58.19944,6.33087],[-58.20141,6.32933],[-58.20473,6.32738],[-58.20593,6.32456],[-58.20616,6.32275],[-58.20818,6.31376],[-58.20834,6.31265],[-58.21007,6.30531],[-58.21167,6.30363],[-58.21337,6.30091],[-58.2206,6.29476],[-58.22076,6.29345],[-58.22039,6.29275],[-58.21864,6.29091],[-58.2172,6.2896],[-58.21582,6.28686],[-58.20995,6.28446],[-58.2065,6.28332],[-58.20556,6.28058],[-58.2027,6.2778],[-58.20213,6.27693],[-58.20216,6.27552],[-58.20038,6.27281],[-58.20017,6.26933],[-58.19869,6.26779],[-58.19273,6.26663],[-58.19159,6.26623],[-58.19118,6.26482],[-58.19305,6.2619],[-58.19275,6.26113],[-58.19355,6.26019],[-58.19335,6.25952],[-58.19254,6.25868],[-58.19254,6.25775],[-58.19381,6.25496],[-58.19283,6.25406],[-58.18874,6.25279],[-58.1876,6.25092],[-58.18599,6.24915],[-58.18391,6.24868],[-58.18317,6.24798],[-58.18283,6.24644],[-58.18323,6.24486],[-58.18323,6.24298],[-58.18225,6.24171],[-58.18298,6.23856],[-58.18365,6.23631],[-58.1824,6.23326],[-58.18139,6.23276],[-58.18115,6.23025],[-58.18185,6.22881],[-58.18259,6.22854],[-58.18473,6.22632],[-58.1869,6.22427],[-58.18951,6.22198],[-58.19328,6.21752],[-58.19395,6.21423],[-58.19546,6.21483],[-58.19686,6.21422],[-58.19706,6.21335],[-58.20011,6.212],[-58.20104,6.21103],[-58.20288,6.20962],[-58.20311,6.20804],[-58.20509,6.20707],[-58.20679,6.20743],[-58.20833,6.20599],[-58.2086,6.20481],[-58.21027,6.2036],[-58.20997,6.2026],[-58.2105,6.20169],[-58.21013,6.20052],[-58.20878,6.19764],[-58.2078,6.19335],[-58.2078,6.191],[-58.20729,6.19013],[-58.20631,6.18668],[-58.20494,6.18548],[-58.20487,6.18387],[-58.20537,6.18323],[-58.20489,6.18172],[-58.20338,6.18045],[-58.20104,6.17932],[-58.19997,6.17956],[-58.19987,6.18063],[-58.19857,6.18268],[-58.19726,6.18268],[-58.19591,6.17672],[-58.19536,6.174],[-58.19375,6.1731],[-58.19402,6.17152],[-58.19378,6.16767],[-58.19434,6.16656],[-58.19313,6.16529],[-58.19139,6.16449],[-58.19129,6.16291],[-58.18984,6.16081],[-58.1885,6.15977],[-58.18706,6.15813],[-58.19017,6.15558],[-58.1907,6.15356],[-58.19187,6.15299],[-58.19287,6.15111],[-58.19216,6.15027],[-58.19109,6.14947],[-58.18978,6.1477],[-58.18763,6.14569],[-58.18589,6.14479],[-58.18545,6.14365],[-58.1825,6.14141],[-58.18179,6.14038],[-58.18045,6.13937],[-58.18058,6.13649],[-58.1797,6.13512],[-58.17853,6.13381],[-58.17842,6.13046],[-58.17972,6.12781],[-58.17972,6.12687],[-58.18049,6.12559],[-58.18162,6.12442],[-58.18199,6.12281],[-58.18135,6.1204],[-58.18148,6.11939],[-58.18077,6.11745],[-58.17996,6.11624],[-58.17959,6.1135],[-58.17747,6.11102],[-58.17583,6.11012],[-58.17502,6.10841],[-58.17532,6.10553],[-58.17498,6.10308],[-58.17387,6.10047],[-58.17279,6.0995],[-58.17141,6.09652],[-58.16832,6.09146],[-58.16691,6.08815],[-58.16787,6.08483],[-58.16703,6.08131],[-58.16659,6.07886],[-58.16832,6.07356],[-58.17065,6.07081],[-58.17206,6.07067],[-58.17356,6.06728],[-58.17607,6.06493],[-58.1764,6.06379],[-58.17616,6.06278],[-58.17563,6.06215],[-58.17613,6.06074],[-58.17947,6.05952],[-58.17966,6.05547],[-58.17839,6.05527],[-58.17678,6.05571],[-58.17538,6.05558],[-58.17353,6.05481],[-58.16861,6.05365],[-58.16673,6.05151],[-58.16609,6.04956],[-58.16498,6.04863],[-58.16364,6.0487],[-58.1617,6.04934],[-58.16039,6.04927],[-58.15886,6.05038],[-58.15873,6.05173],[-58.15766,6.05223],[-58.15775,6.05052],[-58.15262,6.04748],[-58.14843,6.04558],[-58.14662,6.04605],[-58.14371,6.04757],[-58.14067,6.05056],[-58.13991,6.05153],[-58.13662,6.05164],[-58.13254,6.05131],[-58.12969,6.04977],[-58.12855,6.05058],[-58.12845,6.05155],[-58.12765,6.05172],[-58.12635,6.05347],[-58.12571,6.05458],[-58.12472,6.05921],[-58.12415,6.06061],[-58.12403,6.06474],[-58.12306,6.06876],[-58.12083,6.07205],[-58.12026,6.07326],[-58.11829,6.07632],[-58.11676,6.079],[-58.11612,6.08088],[-58.11814,6.08453],[-58.11794,6.08644],[-58.11872,6.08832],[-58.11959,6.08959],[-58.12043,6.09016],[-58.12248,6.09417],[-58.12442,6.09538],[-58.12647,6.09628],[-58.12727,6.09554],[-58.13022,6.09617],[-58.131,6.09905],[-58.13244,6.10176],[-58.13228,6.10391],[-58.13121,6.10508],[-58.12954,6.10945],[-58.12784,6.11287],[-58.12785,6.11458],[-58.12738,6.11572],[-58.12755,6.11703],[-58.12672,6.1187],[-58.12649,6.12129],[-58.12512,6.12213],[-58.12432,6.12354],[-58.12492,6.12538],[-58.12486,6.12679],[-58.12379,6.12753],[-58.12305,6.12853],[-58.12403,6.13121],[-58.12186,6.13289],[-58.12219,6.13397],[-58.12381,6.13698],[-58.12498,6.13832],[-58.12542,6.13973],[-58.12653,6.1407],[-58.12667,6.14227],[-58.126,6.14294],[-58.12584,6.14549],[-58.12628,6.14807],[-58.1246,6.14901],[-58.12371,6.15203],[-58.12331,6.15425],[-58.12616,6.15702],[-58.12875,6.16034],[-58.12664,6.16386],[-58.1244,6.16578],[-58.12247,6.16873],[-58.12148,6.17426],[-58.12014,6.17658],[-58.11864,6.17846],[-58.11425,6.17897],[-58.11285,6.18152],[-58.10987,6.18367],[-58.10587,6.19116],[-58.10664,6.19391],[-58.10739,6.19853],[-58.10706,6.20108],[-58.10771,6.20533],[-58.10453,6.20832],[-58.10353,6.21057],[-58.10239,6.21141],[-58.10099,6.21406],[-58.09771,6.21635],[-58.09557,6.21649],[-58.09363,6.21777],[-58.0924,6.22072],[-58.09083,6.22257],[-58.08868,6.22364],[-58.08782,6.22596],[-58.08488,6.22868],[-58.08244,6.23294],[-58.0776,6.24174],[-58.07489,6.24345],[-58.07268,6.24661],[-58.06746,6.24866],[-58.06261,6.25092],[-58.0598,6.25401],[-58.05555,6.2562],[-58.04912,6.25909],[-58.0444,6.25887],[-58.04169,6.26169],[-58.03865,6.26324],[-58.03798,6.26572],[-58.03524,6.26978],[-58.03046,6.2719],[-58.02885,6.27247],[-58.02698,6.27539],[-58.02394,6.27812],[-58.0155,6.28242],[-58.01299,6.28494],[-58.01186,6.29021],[-58.00859,6.29451],[-58.00886,6.29802],[-58.0072,6.30336],[-58.00794,6.30624],[-58.00835,6.31211],[-58.00936,6.31334],[-58.01211,6.31485],[-58.01245,6.31703],[-58.01143,6.32383],[-58.01475,6.32818],[-58.0159,6.332],[-58.01356,6.33368],[-58.01343,6.3361],[-58.00855,6.34134],[-58.0052,6.34466],[-58.00444,6.34829],[-58.00394,6.35013],[-58.00197,6.35422],[-57.99906,6.35718],[-57.99863,6.35795],[-57.99806,6.35973],[-57.99793,6.36234],[-57.998,6.36479],[-57.99868,6.3673],[-57.99865,6.36912],[-57.99825,6.37039],[-57.99668,6.37244],[-57.99675,6.37351],[-57.99752,6.37666],[-57.99743,6.37827],[-57.99773,6.38031],[-57.99733,6.38286],[-57.99764,6.3844],[-57.99902,6.38604],[-57.99966,6.38759],[-57.99996,6.38996],[-58.00117,6.39355],[-58.00272,6.39599],[-58.00276,6.39703],[-58.00236,6.39834],[-58.00318,6.39958],[-58.00337,6.40107],[-58.00315,6.40507],[-58.00279,6.4077],[-58.00194,6.40893],[-58.00298,6.40981],[-58.00376,6.41096],[-58.00487,6.41215],[-58.0068,6.41318],[-58.00691,6.41414],[-58.00625,6.41477],[-58.00647,6.41644],[-58.0074,6.41722],[-58.00789,6.41803],[-58.00952,6.41922],[-58.00956,6.42092],[-58.00923,6.42192],[-58.00834,6.42348],[-58.00845,6.42459],[-58.00894,6.42522],[-58.00809,6.42552],[-58.0062,6.42664],[-58.00624,6.4296],[-58.00672,6.4309],[-58.0051,6.43198],[-58.00465,6.4332],[-58.00436,6.43539],[-58.0047,6.43616],[-58.00652,6.4392],[-58.00682,6.44053],[-58.00642,6.44313],[-58.00631,6.44624],[-58.00578,6.44829],[-58.00443,6.44991],[-58.00391,6.45136],[-58.00467,6.45215],[-58.00723,6.45392],[-58.00845,6.45433],[-58.00945,6.45429],[-58.0104,6.45472],[-58.01264,6.45448],[-58.01325,6.45463],[-58.01348,6.45572],[-58.01452,6.45623],[-58.01472,6.45677],[-58.01563,6.45692],[-58.01556,6.45622],[-58.01763,6.45634],[-58.01809,6.45692],[-58.01882,6.45882],[-58.01971,6.45874],[-58.0197,6.46001],[-58.02009,6.46071],[-58.02124,6.461],[-58.02079,6.46241],[-58.02135,6.46304],[-58.02228,6.46289],[-58.02291,6.46441],[-58.02436,6.4673],[-58.02503,6.46911],[-58.02589,6.47085],[-58.02626,6.47337],[-58.02697,6.47478],[-58.0269,6.47593],[-58.02575,6.47686],[-58.02516,6.47856],[-58.0255,6.47983],[-58.02689,6.48136],[-58.02729,6.48304],[-58.02843,6.48333],[-58.02927,6.48392],[-58.02971,6.48486],[-58.03085,6.48535],[-58.03105,6.48629],[-58.03214,6.48906],[-58.03294,6.48975],[-58.03368,6.49153],[-58.03364,6.4935],[-58.03423,6.49533],[-58.03419,6.49666],[-58.03473,6.498],[-58.03637,6.49933],[-58.03792,6.50157],[-58.03943,6.50272],[-58.04069,6.50429],[-58.04094,6.50569],[-58.04104,6.50814]]]},"properties":{"Name":"St. Cuthberth's","Region":4,"Grant_No":"Formerly G7808","Acres":157338,"Plan_Numbe":0}},
{"type":"Feature","geometry":{"type":"Polygon","coordinates":[[[-58.64493,7.25501],[-58.63247,7.23224],[-58.63263,7.23119],[-58.63329,7.22954],[-58.63506,7.22665],[-58.6354,7.22545],[-58.63545,7.22365],[-58.63496,7.22108],[-58.63496,7.22009],[-58.6342,7.21921],[-58.63422,7.21761],[-58.63335,7.2166],[-58.63308,7.21512],[-58.63245,7.21301],[-58.63201,7.21084],[-58.63402,7.21067],[-58.63571,7.20933],[-58.63744,7.20913],[-58.63979,7.20937],[-58.64148,7.20757],[-58.64296,7.20696],[-58.6431,7.20438],[-58.64401,7.2035],[-58.64451,7.20227],[-58.64542,7.20159],[-58.64489,7.20045],[-58.64587,7.20011],[-58.64545,7.19916],[-58.64589,7.19758],[-58.64689,7.19712],[-58.64913,7.19498],[-58.64985,7.19453],[-58.65176,7.19398],[-58.65242,7.19356],[-58.65348,7.1923],[-58.65407,7.19191],[-58.65613,7.19129],[-58.65637,7.19019],[-58.65628,7.18919],[-58.65554,7.18725],[-58.65488,7.18621],[-58.65355,7.18474],[-58.65135,7.18134],[-58.65071,7.17748],[-58.65032,7.17648],[-58.64816,7.1737],[-58.64766,7.17246],[-58.64755,7.17138],[-58.64767,7.16941],[-58.64809,7.16764],[-58.64906,7.16556],[-58.64905,7.16384],[-58.64856,7.16231],[-58.6075,7.12857],[-58.60858,7.13017],[-58.60969,7.13316],[-58.6108,7.13538],[-58.61131,7.13706],[-58.61154,7.13952],[-58.613,7.14185],[-58.61377,7.1433],[-58.61288,7.14441],[-58.61218,7.14679],[-58.61167,7.14789],[-58.61078,7.14876],[-58.60957,7.14945],[-58.60887,7.15035],[-58.60824,7.15279],[-58.60855,7.15439],[-58.60796,7.15645],[-58.6062,7.15974],[-58.60491,7.16104],[-58.60308,7.1639],[-58.60161,7.16483],[-58.60101,7.16579],[-58.6003,7.16785],[-58.60023,7.16994],[-58.60054,7.17263],[-58.60147,7.17471],[-58.6018,7.17694],[-58.60239,7.17802],[-58.60257,7.1801],[-58.60287,7.18124],[-58.60371,7.182],[-58.60428,7.18302],[-58.60494,7.18362],[-58.60496,7.1846],[-58.60335,7.1863],[-58.60333,7.18878],[-58.60415,7.18921],[-58.60409,7.19006],[-58.60516,7.19176],[-58.60528,7.19316],[-58.60469,7.19409],[-58.60383,7.19481],[-58.60468,7.19591],[-58.60383,7.19655],[-58.60371,7.19967],[-58.60268,7.20061],[-58.60316,7.2018],[-58.60408,7.20142],[-58.60452,7.20194],[-58.60429,7.20338],[-58.60514,7.20424],[-58.60541,7.20506],[-58.60536,7.20703],[-58.60585,7.20893],[-58.60528,7.20924],[-58.60474,7.2108],[-58.60407,7.21077],[-58.60395,7.21148],[-58.60426,7.21243],[-58.60388,7.21306],[-58.60377,7.21423],[-58.60402,7.21513],[-58.60337,7.21535],[-58.60364,7.21582],[-58.60316,7.21635],[-58.60229,7.21808],[-58.60234,7.21882],[-58.60174,7.21926],[-58.60165,7.22035],[-58.60089,7.22097],[-58.60122,7.22175],[-58.60006,7.22247],[-58.59857,7.22408],[-58.59603,7.22511],[-58.59569,7.22718],[-58.59456,7.22782],[-58.59399,7.22744],[-58.59263,7.2288],[-58.59178,7.22878],[-58.5908,7.22969],[-58.58938,7.2299],[-58.58922,7.23056],[-58.58829,7.2306],[-58.58801,7.23151],[-58.58692,7.23225],[-58.5864,7.2331],[-58.58648,7.23392],[-58.58612,7.23451],[-58.58582,7.23595],[-58.58416,7.2368],[-58.58383,7.23887],[-58.58322,7.23938],[-58.58141,7.23979],[-58.57947,7.24053],[-58.57905,7.24137],[-58.57643,7.24244],[-58.5759,7.2417],[-58.57524,7.24152],[-58.57357,7.2397],[-58.57222,7.23931],[-58.56965,7.23824],[-58.56845,7.238],[-58.56766,7.23861],[-58.56592,7.23891],[-58.56539,7.23962],[-58.56545,7.24031],[-58.56503,7.24147],[-58.56585,7.24279],[-58.56519,7.24404],[-58.56487,7.24343],[-58.56448,7.24372],[-58.56501,7.24515],[-58.5647,7.24742],[-58.56286,7.24888],[-58.5626,7.25123],[-58.56231,7.25189],[-58.56271,7.25308],[-58.56182,7.25414],[-58.56275,7.25486],[-58.64493,7.25501]]]},"properties":{"Name":"Tapakuma (St. Deny's)","Region":2,"Grant_No":"Formerly G7761","Acres":15412,"Plan_Numbe":0}},
{"type":"Feature","geometry":{"type":"Polygon","coordinates":[[[-59.33285,3.65331],[-59.33315,3.65241],[-59.33398,3.65187],[-59.33519,3.65193],[-59.33511,3.65008],[-59.33587,3.6496],[-59.33782,3.64961],[-59.33849,3.64762],[-59.33825,3.64383],[-59.33916,3.64266],[-59.34002,3.64234],[-59.34268,3.64236],[-59.34416,3.64253],[-59.34325,3.64093],[-59.34072,3.63874],[-59.34043,3.63815],[-59.34059,3.63694],[-59.34175,3.63481],[-59.34313,3.63297],[-59.34398,3.6316],[-59.34334,3.62785],[-59.3436,3.62719],[-59.34314,3.62622],[-59.34279,3.62446],[-59.34182,3.62274],[-59.34241,3.62187],[-59.3447,3.62203],[-59.34512,3.62152],[-59.34527,3.61848],[-59.34455,3.61675],[-59.34244,3.61427],[-59.34161,3.61348],[-59.34122,3.61148],[-59.34159,3.60911],[-59.34124,3.6072],[-59.3401,3.60618],[-59.33988,3.60513],[-59.34006,3.60443],[-59.33948,3.60326],[-59.33819,3.60288],[-59.3358,3.6016],[-59.33389,3.6003],[-59.33359,3.59974],[-59.33376,3.59874],[-59.33492,3.59663],[-59.33413,3.59474],[-59.3332,3.59336],[-59.33256,3.59181],[-59.33265,3.59065],[-59.33164,3.58998],[-59.33134,3.58892],[-59.33133,3.58759],[-59.33203,3.5863],[-59.33317,3.58495],[-59.33353,3.5841],[-59.33473,3.58224],[-59.33489,3.5802],[-59.33342,3.5793],[-59.33198,3.57701],[-59.33135,3.57683],[-59.33005,3.5754],[-59.33082,3.57383],[-59.33178,3.57301],[-59.33369,3.57197],[-59.3339,3.5713],[-59.33344,3.57034],[-59.33354,3.56374],[-59.33454,3.56255],[-59.33598,3.56153],[-59.33673,3.56047],[-59.33504,3.55767],[-59.33335,3.55716],[-59.33257,3.55652],[-59.32848,3.55467],[-59.32781,3.55392],[-59.32826,3.55227],[-59.3294,3.55092],[-59.33073,3.54887],[-59.33221,3.54702],[-59.33549,3.54349],[-59.33637,3.54319],[-59.33696,3.54352],[-59.33751,3.54506],[-59.33808,3.54539],[-59.33869,3.54483],[-59.33931,3.54282],[-59.3406,3.53988],[-59.34192,3.53771],[-59.34296,3.53713],[-59.3448,3.53717],[-59.3451,3.53624],[-59.34455,3.53425],[-59.34481,3.53268],[-59.3455,3.53185],[-59.34708,3.53079],[-59.34745,3.5292],[-59.34822,3.52797],[-59.34973,3.52694],[-59.35014,3.52633],[-59.34985,3.52534],[-59.34825,3.52445],[-59.34433,3.52252],[-59.34292,3.52151],[-59.34144,3.51949],[-59.33965,3.51631],[-59.33901,3.51559],[-59.33913,3.51352],[-59.33968,3.51296],[-59.33941,3.5121],[-59.33811,3.51097],[-59.33638,3.51018],[-59.33617,3.5096],[-59.33652,3.50897],[-59.33648,3.50801],[-59.33523,3.50592],[-59.33491,3.50487],[-59.33391,3.50259],[-59.33426,3.50082],[-59.33565,3.50054],[-59.33735,3.50048],[-59.33939,3.50155],[-59.3398,3.50241],[-59.3413,3.50189],[-59.34253,3.50085],[-59.34333,3.50086],[-59.34464,3.50163],[-59.34675,3.50151],[-59.34739,3.50215],[-59.348,3.50393],[-59.34858,3.50404],[-59.3489,3.50341],[-59.34933,3.50073],[-59.35012,3.49934],[-59.35065,3.49922],[-59.35175,3.50079],[-59.35276,3.50187],[-59.35297,3.50266],[-59.35357,3.50312],[-59.35436,3.50212],[-59.35442,3.50087],[-59.35372,3.50032],[-59.35324,3.49928],[-59.35326,3.49793],[-59.35392,3.4967],[-59.3539,3.49345],[-59.35362,3.49252],[-59.35385,3.49011],[-59.35445,3.48816],[-59.35564,3.48674],[-59.3568,3.48609],[-59.35752,3.48603],[-59.35795,3.48449],[-59.3575,3.48372],[-59.35599,3.48253],[-59.3537,3.48243],[-59.35239,3.48218],[-59.35131,3.48257],[-59.34895,3.48282],[-59.34792,3.48262],[-59.34764,3.48143],[-59.34782,3.48012],[-59.34911,3.47875],[-59.35132,3.4776],[-59.35199,3.47766],[-59.35356,3.47687],[-59.354,3.47572],[-59.35375,3.47433],[-59.35325,3.47389],[-59.35155,3.47311],[-59.34938,3.47188],[-59.34714,3.47013],[-59.34597,3.46819],[-59.34578,3.46736],[-59.34475,3.46547],[-59.34385,3.46276],[-59.34319,3.46119],[-59.34238,3.45982],[-59.3374,3.4542],[-59.33645,3.4528],[-59.33416,3.45178],[-59.33157,3.45161],[-59.32927,3.45176],[-59.3276,3.4521],[-59.32589,3.45176],[-59.32419,3.45178],[-59.32362,3.45138],[-59.32358,3.45059],[-59.32293,3.45032],[-59.32228,3.44886],[-59.32233,3.44722],[-59.32102,3.44626],[-59.32092,3.4454],[-59.32128,3.44449],[-59.32219,3.44362],[-59.32258,3.44083],[-59.3232,3.44],[-59.32429,3.43954],[-59.326,3.44023],[-59.32765,3.44051],[-59.32922,3.43908],[-59.32892,3.4385],[-59.32796,3.43822],[-59.32656,3.4383],[-59.32451,3.43784],[-59.32133,3.43622],[-59.31884,3.43441],[-59.31707,3.43285],[-59.31626,3.43177],[-59.31518,3.42978],[-59.31399,3.4272],[-59.31306,3.42595],[-59.31186,3.42501],[-59.30845,3.42362],[-59.30769,3.42368],[-59.30643,3.42315],[-59.306,3.42238],[-59.30645,3.42117],[-59.30755,3.42042],[-59.30951,3.41985],[-59.31083,3.41849],[-59.31203,3.41754],[-59.31191,3.41642],[-59.31091,3.41472],[-59.31083,3.41282],[-59.31045,3.41128],[-59.30877,3.40977],[-59.30797,3.40858],[-59.30799,3.40788],[-59.30861,3.40726],[-59.30901,3.40588],[-59.30907,3.40428],[-59.30994,3.40303],[-59.31062,3.40275],[-59.31108,3.40177],[-59.3107,3.40086],[-59.3091,3.39984],[-59.30836,3.39779],[-59.3084,3.39684],[-59.30891,3.39635],[-59.30934,3.39489],[-59.30936,3.3936],[-59.30871,3.3918],[-59.30895,3.38846],[-59.30924,3.38721],[-59.3094,3.38393],[-59.30874,3.38184],[-59.30739,3.37969],[-59.30606,3.37789],[-59.30556,3.37673],[-59.30577,3.37575],[-59.30683,3.37428],[-59.30754,3.37385],[-59.30808,3.37189],[-59.30797,3.37055],[-59.30725,3.36917],[-59.30621,3.36769],[-59.30539,3.36613],[-59.30585,3.36481],[-59.30679,3.36425],[-59.30778,3.36414],[-59.30783,3.36355],[-59.31038,3.36477],[-59.3109,3.36444],[-59.31157,3.36222],[-59.31122,3.35953],[-59.31128,3.35884],[-59.31199,3.35772],[-59.31455,3.35642],[-59.31558,3.3562],[-59.31684,3.35633],[-59.31867,3.35616],[-59.3201,3.35584],[-59.32166,3.35575],[-59.32334,3.35616],[-59.32369,3.35604],[-59.26781,3.3434],[-59.28037,3.36873],[-59.25499,3.39786],[-59.22974,3.4171],[-59.17927,3.44076],[-59.17741,3.44107],[-59.17299,3.44216],[-59.16958,3.44327],[-59.16216,3.44503],[-59.15053,3.44764],[-59.14599,3.44829],[-59.15569,3.49776],[-59.17558,3.59911],[-59.19059,3.6756],[-59.24157,3.67516],[-59.24158,3.65362],[-59.24158,3.65307],[-59.29381,3.65321],[-59.33285,3.65331]]]},"properties":{"Name":"Katoka","Region":9,"Grant_No":"No Data","Acres":133483,"Plan_Numbe":0}},
{"type":"Feature","geometry":{"type":"Polygon","coordinates":[[[-58.87539,7.2994],[-58.87605,7.29787],[-58.87894,7.29556],[-58.87954,7.29422],[-58.8799,7.29219],[-58.87879,7.29091],[-58.8775,7.29091],[-58.87773,7.28777],[-58.87631,7.28766],[-58.87594,7.28649],[-58.87501,7.28588],[-58.87347,7.28607],[-58.87274,7.28761],[-58.8712,7.28756],[-58.87095,7.28639],[-58.87169,7.28552],[-58.87143,7.28417],[-58.87039,7.28405],[-58.8702,7.28276],[-58.87111,7.27944],[-58.87325,7.27543],[-58.87201,7.27415],[-58.87298,7.27138],[-58.87205,7.26923],[-58.87579,7.2662],[-58.87511,7.26522],[-58.87547,7.26171],[-58.87311,7.25705],[-58.87303,7.25379],[-58.87511,7.24948],[-58.87424,7.24764],[-58.87742,7.24191],[-58.87764,7.23625],[-58.87999,7.21649],[-58.88032,7.21389],[-58.87929,7.21286],[-58.878,7.21247],[-58.87828,7.20829],[-58.87783,7.20632],[-58.87846,7.20361],[-58.87954,7.20203],[-58.87544,7.20067],[-58.87239,7.20029],[-58.87252,7.19734],[-58.8732,7.19424],[-58.8717,7.18883],[-58.86982,7.18737],[-58.86913,7.18594],[-58.86715,7.18516],[-58.86651,7.18389],[-58.86537,7.18266],[-58.86379,7.18144],[-58.8619,7.17835],[-58.86041,7.17516],[-58.85869,7.17526],[-58.85824,7.17315],[-58.86001,7.17152],[-58.8598,7.16837],[-58.86008,7.16679],[-58.86263,7.16339],[-58.86306,7.16049],[-58.86493,7.15881],[-58.86842,7.1583],[-58.87048,7.15618],[-58.87171,7.15401],[-58.86795,7.15141],[-58.86834,7.1492],[-58.86759,7.14714],[-58.86586,7.14527],[-58.86974,7.14221],[-58.86766,7.14035],[-58.86721,7.13764],[-58.86232,7.13383],[-58.86186,7.13009],[-58.85944,7.13015],[-58.85761,7.12784],[-58.85589,7.12751],[-58.85309,7.1287],[-58.84964,7.12827],[-58.85075,7.12369],[-58.85311,7.12275],[-58.85399,7.12117],[-58.85329,7.11856],[-58.85407,7.11541],[-58.85327,7.11419],[-58.8511,7.11267],[-58.8479,7.11391],[-58.84333,7.11442],[-58.84125,7.11305],[-58.83908,7.11247],[-58.8362,7.1179],[-58.83276,7.11914],[-58.83193,7.1216],[-58.8304,7.12185],[-58.82932,7.12053],[-58.82695,7.11896],[-58.82355,7.11996],[-58.82204,7.1239],[-58.81875,7.12662],[-58.81461,7.12679],[-58.8126,7.12817],[-58.81079,7.1301],[-58.80987,7.13384],[-58.80588,7.13523],[-58.80398,7.14104],[-58.79849,7.14648],[-58.79288,7.14832],[-58.7913,7.14754],[-58.78899,7.14843],[-58.78599,7.15007],[-58.7839,7.15554],[-58.7811,7.15806],[-58.7787,7.16156],[-58.77141,7.16291],[-58.7645,7.17194],[-58.76693,7.17587],[-58.76877,7.18054],[-58.77105,7.18249],[-58.77514,7.18268],[-58.77726,7.18345],[-58.77889,7.18556],[-58.78146,7.18688],[-58.78225,7.18826],[-58.78094,7.19298],[-58.77367,7.19867],[-58.77162,7.20237],[-58.7694,7.2037],[-58.76482,7.20362],[-58.76483,7.20648],[-58.76421,7.20958],[-58.76367,7.21096],[-58.76319,7.21317],[-58.76187,7.21711],[-58.75908,7.22022],[-58.75485,7.22437],[-58.75338,7.22639],[-58.75256,7.22881],[-58.75276,7.23261],[-58.7527,7.23711],[-58.75356,7.24116],[-58.75501,7.24389],[-58.75563,7.24585],[-58.75777,7.24986],[-58.76237,7.25342],[-58.76375,7.25715],[-58.76683,7.26267],[-58.76838,7.26483],[-58.76873,7.26584],[-58.77005,7.26759],[-58.77048,7.26952],[-58.77123,7.27087],[-58.77228,7.274],[-58.77441,7.2756],[-58.77718,7.27923],[-58.78093,7.2802],[-58.78244,7.28104],[-58.78416,7.28395],[-58.78549,7.28525],[-58.78709,7.28607],[-58.78896,7.28747],[-58.79151,7.28783],[-58.79262,7.29012],[-58.79301,7.29157],[-58.80351,7.29151],[-58.8072,7.29154],[-58.80807,7.29783],[-58.80854,7.29955],[-58.81142,7.29943],[-58.81357,7.29834],[-58.8143,7.29671],[-58.81649,7.29682],[-58.8176,7.29575],[-58.81823,7.29439],[-58.81909,7.29198],[-58.82035,7.29083],[-58.82202,7.29026],[-58.82596,7.28942],[-58.82715,7.29052],[-58.82715,7.29157],[-58.82852,7.29352],[-58.8302,7.29491],[-58.82809,7.29451],[-58.82883,7.29559],[-58.83063,7.29597],[-58.83155,7.29798],[-58.83189,7.29918],[-58.83283,7.29998],[-58.83382,7.30012],[-58.83514,7.29997],[-58.83606,7.2992],[-58.83725,7.30026],[-58.83988,7.29976],[-58.84078,7.29899],[-58.84214,7.29834],[-58.84335,7.29937],[-58.84631,7.29908],[-58.84813,7.30028],[-58.84921,7.29966],[-58.85168,7.30058],[-58.85192,7.30133],[-58.85284,7.30154],[-58.85347,7.30106],[-58.85406,7.29931],[-58.85599,7.29915],[-58.85683,7.30039],[-58.85945,7.30008],[-58.86029,7.2991],[-58.86122,7.2985],[-58.86423,7.29936],[-58.86579,7.29851],[-58.86859,7.29988],[-58.86972,7.29967],[-58.87119,7.29815],[-58.87539,7.2994]]]},"properties":{"Name":"St. Monica","Region":2,"Grant_No":"No Data","Acres":50824,"Plan_Numbe":0}},
{"type":"Feature","geometry":{"type":"Polygon","coordinates":[[[-59.50431,7.53671],[-59.50347,7.53648],[-59.50161,7.53673],[-59.50103,7.53502],[-59.50099,7.53273],[-59.50137,7.53184],[-59.5028,7.53126],[-59.50423,7.53126],[-59.50519,7.53151],[-59.50584,7.53227],[-59.50684,7.53172],[-59.50883,7.52939],[-59.50868,7.52887],[-59.50775,7.529],[-59.50599,7.52998],[-59.50504,7.53013],[-59.50463,7.5293],[-59.50569,7.52715],[-59.5058,7.52591],[-59.50663,7.52502],[-59.51078,7.52364],[-59.51147,7.5239],[-59.51141,7.52562],[-59.51177,7.52611],[-59.51338,7.52367],[-59.51495,7.52169],[-59.51606,7.52087],[-59.51766,7.52012],[-59.51864,7.52071],[-59.5185,7.52164],[-59.5177,7.52274],[-59.51799,7.52298],[-59.51946,7.52209],[-59.52163,7.52148],[-59.52397,7.52123],[-59.52521,7.52139],[-59.52587,7.52355],[-59.52695,7.52393],[-59.52799,7.52342],[-59.52901,7.52261],[-59.53078,7.52226],[-59.5325,7.52221],[-59.53463,7.52253],[-59.53597,7.52319],[-59.53647,7.52402],[-59.53667,7.52518],[-59.53671,7.52728],[-59.53707,7.52759],[-59.53823,7.52601],[-59.54037,7.52511],[-59.54061,7.52478],[-59.54019,7.52264],[-59.54016,7.52087],[-59.53948,7.51976],[-59.53917,7.52043],[-59.53935,7.52121],[-59.53882,7.52184],[-59.53823,7.52153],[-59.53698,7.52008],[-59.53606,7.51933],[-59.53611,7.51849],[-59.53777,7.518],[-59.53994,7.51713],[-59.54149,7.51565],[-59.54254,7.51269],[-59.54275,7.51102],[-59.54392,7.51135],[-59.54589,7.51019],[-59.5469,7.50987],[-59.54933,7.50991],[-59.54981,7.50969],[-59.55043,7.50657],[-59.55313,7.50257],[-59.55468,7.50106],[-59.55725,7.49976],[-59.55762,7.49759],[-59.55753,7.49573],[-59.55772,7.49425],[-59.55821,7.49332],[-59.55912,7.49324],[-59.5602,7.49505],[-59.56113,7.49464],[-59.56168,7.49366],[-59.56322,7.49215],[-59.56579,7.4902],[-59.566,7.48956],[-59.56685,7.4892],[-59.56824,7.48912],[-59.56948,7.4893],[-59.5702,7.49006],[-59.57082,7.49012],[-59.57163,7.48941],[-59.57283,7.48604],[-59.57455,7.48305],[-59.57481,7.48195],[-59.57687,7.47984],[-59.57747,7.47972],[-59.57872,7.48076],[-59.57995,7.48254],[-59.58061,7.4822],[-59.58001,7.48111],[-59.57978,7.47949],[-59.57865,7.47657],[-59.57883,7.47571],[-59.58011,7.47461],[-59.5818,7.47281],[-59.58368,7.47151],[-59.58408,7.47082],[-59.58369,7.46896],[-59.5837,7.46713],[-59.58305,7.46582],[-59.58202,7.46549],[-59.58099,7.46557],[-59.5802,7.46519],[-59.58032,7.46441],[-59.5815,7.46242],[-59.58153,7.46023],[-59.58211,7.45763],[-59.58316,7.45591],[-59.58322,7.45472],[-59.5829,7.45372],[-59.58553,7.45337],[-59.58609,7.45225],[-59.58592,7.4517],[-59.58508,7.45118],[-59.58332,7.45095],[-59.58281,7.45043],[-59.58305,7.44959],[-59.58369,7.44888],[-59.58303,7.44747],[-59.58223,7.44517],[-59.5828,7.44395],[-59.5839,7.44378],[-59.58423,7.44342],[-59.58465,7.44038],[-59.58445,7.43933],[-59.58394,7.4386],[-59.58266,7.4375],[-59.58056,7.43697],[-59.57914,7.43486],[-59.57887,7.43404],[-59.57661,7.43354],[-59.57499,7.43373],[-59.57299,7.43213],[-59.57185,7.43163],[-59.56989,7.43162],[-59.5674,7.43241],[-59.56531,7.43354],[-59.56406,7.43348],[-59.56256,7.43375],[-59.56082,7.43292],[-59.55957,7.43292],[-59.55765,7.43236],[-59.55511,7.43275],[-59.55337,7.43249],[-59.5519,7.43252],[-59.55082,7.43202],[-59.549,7.42994],[-59.54795,7.42983],[-59.54718,7.43032],[-59.54576,7.43211],[-59.54525,7.4331],[-59.54365,7.43453],[-59.54252,7.43485],[-59.54116,7.43481],[-59.54027,7.43569],[-59.53936,7.43576],[-59.53858,7.4363],[-59.53845,7.43734],[-59.53868,7.43859],[-59.53927,7.43971],[-59.52901,7.4373],[-59.51769,7.42237],[-59.49463,7.41884],[-59.48639,7.40229],[-59.45943,7.39867],[-59.43144,7.3955],[-59.39352,7.40005],[-59.38118,7.40745],[-59.3629,7.3977],[-59.36059,7.41591],[-59.34287,7.42688],[-59.34105,7.45386],[-59.33012,7.45565],[-59.33301,7.47003],[-59.32663,7.47127],[-59.32734,7.47299],[-59.3278,7.47474],[-59.32781,7.47645],[-59.3282,7.47827],[-59.32977,7.48236],[-59.32984,7.48313],[-59.3288,7.48527],[-59.32724,7.48706],[-59.32689,7.48886],[-59.32766,7.48967],[-59.32926,7.49221],[-59.33169,7.49529],[-59.33253,7.49601],[-59.33321,7.49703],[-59.33539,7.49974],[-59.33549,7.50134],[-59.33492,7.50264],[-59.33414,7.5038],[-59.33397,7.50483],[-59.33281,7.50695],[-59.33167,7.50955],[-59.33148,7.51135],[-59.33239,7.51403],[-59.33635,7.51687],[-59.33785,7.51847],[-59.33911,7.52009],[-59.33976,7.52067],[-59.34205,7.52209],[-59.34371,7.52278],[-59.34757,7.52518],[-59.34888,7.52631],[-59.35011,7.52783],[-59.35244,7.5313],[-59.35349,7.53365],[-59.35545,7.53673],[-59.35633,7.53841],[-59.35662,7.53951],[-59.35713,7.53994],[-59.35733,7.54093],[-59.35829,7.54159],[-59.35893,7.54298],[-59.35865,7.54485],[-59.35675,7.54542],[-59.35649,7.54607],[-59.35664,7.54722],[-59.35766,7.54824],[-59.35774,7.55019],[-59.35726,7.55089],[-59.35563,7.55085],[-59.35515,7.55135],[-59.3553,7.55315],[-59.35511,7.55373],[-59.35418,7.55429],[-59.35271,7.55458],[-59.35215,7.55577],[-59.35264,7.55817],[-59.35233,7.55945],[-59.35169,7.56045],[-59.3539,7.56021],[-59.35607,7.55927],[-59.35705,7.55865],[-59.35823,7.55666],[-59.35933,7.55606],[-59.36016,7.55598],[-59.36317,7.55623],[-59.36684,7.55492],[-59.36915,7.55365],[-59.37146,7.55268],[-59.37337,7.55277],[-59.37515,7.55376],[-59.37627,7.55392],[-59.37851,7.55298],[-59.37947,7.55361],[-59.37955,7.5545],[-59.37912,7.55567],[-59.37917,7.55669],[-59.38044,7.55714],[-59.38191,7.55536],[-59.3822,7.5546],[-59.38252,7.552],[-59.3836,7.54956],[-59.38405,7.54889],[-59.38519,7.54798],[-59.38684,7.54788],[-59.38751,7.54859],[-59.38819,7.55068],[-59.38911,7.5517],[-59.38975,7.55168],[-59.39029,7.55024],[-59.39002,7.54784],[-59.39066,7.54762],[-59.39472,7.54848],[-59.3953,7.54812],[-59.3956,7.54642],[-59.39496,7.54433],[-59.39349,7.54193],[-59.39404,7.54107],[-59.39831,7.54117],[-59.40023,7.5417],[-59.40085,7.54211],[-59.40186,7.54415],[-59.40282,7.54469],[-59.40325,7.54457],[-59.40432,7.54325],[-59.40481,7.54197],[-59.40529,7.54161],[-59.40639,7.54148],[-59.40704,7.54212],[-59.40697,7.54295],[-59.40733,7.54407],[-59.40865,7.54528],[-59.41011,7.5457],[-59.41133,7.5466],[-59.41153,7.54736],[-59.41215,7.54752],[-59.41532,7.54648],[-59.41709,7.54664],[-59.42051,7.54803],[-59.42193,7.54881],[-59.42262,7.54885],[-59.42414,7.5482],[-59.42409,7.54779],[-59.42218,7.54759],[-59.42146,7.54714],[-59.42155,7.54621],[-59.42295,7.54394],[-59.42282,7.54275],[-59.4222,7.54154],[-59.42242,7.53982],[-59.42316,7.53855],[-59.42276,7.53512],[-59.42385,7.53493],[-59.42546,7.53604],[-59.42668,7.53725],[-59.4274,7.53736],[-59.42727,7.53598],[-59.42761,7.53531],[-59.42935,7.53473],[-59.43037,7.53348],[-59.43047,7.5316],[-59.43162,7.53093],[-59.43324,7.53061],[-59.43501,7.53086],[-59.4363,7.53157],[-59.43693,7.53247],[-59.43836,7.53613],[-59.43872,7.5378],[-59.43861,7.53937],[-59.44002,7.5396],[-59.443,7.53889],[-59.44548,7.53807],[-59.44675,7.53785],[-59.44751,7.53825],[-59.44814,7.53939],[-59.44832,7.54129],[-59.44921,7.54224],[-59.45146,7.54371],[-59.45417,7.54639],[-59.45471,7.54762],[-59.45557,7.54821],[-59.45667,7.54844],[-59.45726,7.54818],[-59.45837,7.54567],[-59.46114,7.54613],[-59.46274,7.54546],[-59.46319,7.54409],[-59.46438,7.54375],[-59.46517,7.54439],[-59.46697,7.54538],[-59.46743,7.5466],[-59.46671,7.54698],[-59.46416,7.5474],[-59.4635,7.54831],[-59.46441,7.54907],[-59.46556,7.54911],[-59.46689,7.54858],[-59.46779,7.54755],[-59.46827,7.54764],[-59.46937,7.54859],[-59.47024,7.55011],[-59.47066,7.55165],[-59.47121,7.55175],[-59.47299,7.55057],[-59.47365,7.54925],[-59.47524,7.54731],[-59.47521,7.54679],[-59.47396,7.54553],[-59.47317,7.54432],[-59.47331,7.54366],[-59.47463,7.54138],[-59.47604,7.54069],[-59.47706,7.54042],[-59.47714,7.54085],[-59.4767,7.54354],[-59.4772,7.54421],[-59.47882,7.54305],[-59.48003,7.54174],[-59.48167,7.54042],[-59.48241,7.54036],[-59.48421,7.54238],[-59.48472,7.54357],[-59.48461,7.54466],[-59.48371,7.54577],[-59.48386,7.54638],[-59.48467,7.5469],[-59.48773,7.54801],[-59.48953,7.54888],[-59.49022,7.54792],[-59.49049,7.5453],[-59.49113,7.5451],[-59.49252,7.54648],[-59.49415,7.54735],[-59.49528,7.54739],[-59.49537,7.5467],[-59.49506,7.54379],[-59.49613,7.54229],[-59.49848,7.54053],[-59.49905,7.53946],[-59.50077,7.53904],[-59.50136,7.53868],[-59.50246,7.53868],[-59.50429,7.53714],[-59.50431,7.53671]]]},"properties":{"Name":"Waikrebi","Region":1,"Grant_No":"G7984","Acres":88842,"Plan_Numbe":23701}},
{"type":"Feature","geometry":{"type":"Polygon","coordinates":[[[-59.87776,8.02727],[-59.87739,8.02916],[-59.87807,8.03358],[-59.87926,8.03745],[-59.87933,8.03892],[-59.87902,8.04285],[-59.87862,8.04496],[-59.87781,8.04683],[-59.87565,8.05052],[-59.87411,8.05203],[-59.87108,8.05409],[-59.86646,8.05566],[-59.86475,8.0557],[-59.86329,8.0553],[-59.86139,8.05451],[-59.85819,8.05257],[-59.8562,8.05204],[-59.85435,8.05194],[-59.85226,8.05203],[-59.84957,8.05259],[-59.8468,8.05395],[-59.84488,8.05551],[-59.84403,8.0564],[-59.84263,8.05894],[-59.84156,8.06166],[-59.84142,8.06292],[-59.84171,8.06489],[-59.84258,8.06719],[-59.84452,8.07028],[-59.84597,8.07339],[-59.84633,8.07542],[-59.84642,8.07754],[-59.84557,8.08297],[-59.84497,8.08579],[-59.84433,8.08756],[-59.84385,8.09071],[-59.844,8.09488],[-59.84471,8.09852],[-59.84557,8.10086],[-59.84636,8.10213],[-59.84777,8.10516],[-59.84895,8.10796],[-59.85075,8.11179],[-59.85416,8.11808],[-59.85599,8.12059],[-59.85684,8.1201],[-59.85834,8.11986],[-59.85958,8.1202],[-59.86016,8.12008],[-59.86084,8.11903],[-59.86139,8.1193],[-59.86346,8.11771],[-59.86562,8.11708],[-59.86704,8.11622],[-59.86797,8.11633],[-59.86974,8.11601],[-59.87105,8.11492],[-59.87228,8.11418],[-59.87397,8.11352],[-59.8766,8.11188],[-59.87711,8.11035],[-59.87707,8.10915],[-59.87613,8.10765],[-59.87569,8.10635],[-59.87581,8.10588],[-59.87684,8.10468],[-59.87919,8.10374],[-59.88242,8.10185],[-59.88589,8.10253],[-59.89631,8.10319],[-59.89784,8.102],[-59.90146,8.10368],[-59.9049,8.10737],[-59.90458,8.11117],[-59.90572,8.11144],[-59.90573,8.11142],[-59.90626,8.10988],[-59.90613,8.10652],[-59.90638,8.10572],[-59.90948,8.10383],[-59.91001,8.1027],[-59.91075,8.10193],[-59.91559,8.10164],[-59.9161,8.10102],[-59.91207,8.10084],[-59.91102,8.0993],[-59.91132,8.09806],[-59.91194,8.0976],[-59.91213,8.09564],[-59.91676,8.09241],[-59.91811,8.09307],[-59.91852,8.09281],[-59.91826,8.09183],[-59.91952,8.08755],[-59.92008,8.08682],[-59.92116,8.0864],[-59.92129,8.08275],[-59.9218,8.08192],[-59.92453,8.08015],[-59.9258,8.07756],[-59.92521,8.07458],[-59.92546,8.07381],[-59.92654,8.07189],[-59.92838,8.07013],[-59.92957,8.07008],[-59.93085,8.0706],[-59.93114,8.06795],[-59.93341,8.06595],[-59.94258,8.06327],[-59.94494,8.06526],[-59.9458,8.06494],[-59.93565,8.05681],[-59.9262,8.04924],[-59.9255,8.04748],[-59.92375,8.04595],[-59.92231,8.04492],[-59.92077,8.04493],[-59.91884,8.04537],[-59.91766,8.04479],[-59.91721,8.04403],[-59.91717,8.04296],[-59.91383,8.04113],[-59.91229,8.04114],[-59.91091,8.04231],[-59.91006,8.04247],[-59.90987,8.04328],[-59.91034,8.04362],[-59.90981,8.0443],[-59.90924,8.04434],[-59.90736,8.04344],[-59.90724,8.04241],[-59.90765,8.03948],[-59.90536,8.03873],[-59.90313,8.03902],[-59.90205,8.03937],[-59.90135,8.03926],[-59.90049,8.03815],[-59.90056,8.03673],[-59.90032,8.0356],[-59.89885,8.03462],[-59.89734,8.03479],[-59.89488,8.03573],[-59.89289,8.03759],[-59.89128,8.03941],[-59.88952,8.04177],[-59.88879,8.04297],[-59.88701,8.04663],[-59.88647,8.04706],[-59.88512,8.04703],[-59.88434,8.04607],[-59.88378,8.04412],[-59.88424,8.042],[-59.88541,8.0391],[-59.88612,8.03662],[-59.88635,8.03526],[-59.8861,8.0329],[-59.8854,8.03187],[-59.88349,8.03015],[-59.88159,8.02793],[-59.88065,8.02721],[-59.87974,8.02702],[-59.87776,8.02727]]]},"properties":{"Name":"Arukamai","Region":1,"Grant_No":"No Data","Acres":15348,"Plan_Numbe":0}},
{"type":"Feature","geometry":{"type":"Polygon","coordinates":[[[-59.85921,8.12772],[-59.8596,8.12908],[-59.85977,8.1307],[-59.85978,8.13304],[-59.8595,8.13651],[-59.8596,8.14028],[-59.85935,8.14197],[-59.85876,8.14351],[-59.85716,8.14476],[-59.85732,8.14522],[-59.85899,8.14578],[-59.85931,8.14721],[-59.86004,8.14759],[-59.85993,8.14824],[-59.86171,8.14877],[-59.86179,8.15008],[-59.86277,8.15049],[-59.86412,8.15148],[-59.86582,8.15135],[-59.86655,8.15085],[-59.86768,8.15173],[-59.86926,8.15135],[-59.86974,8.15077],[-59.87097,8.15033],[-59.88823,8.13188],[-59.88581,8.1105],[-59.89312,8.11207],[-59.90481,8.11247],[-59.90572,8.11144],[-59.90458,8.11117],[-59.9049,8.10737],[-59.90146,8.10368],[-59.89784,8.102],[-59.89631,8.10319],[-59.88589,8.10253],[-59.88242,8.10185],[-59.87919,8.10374],[-59.87684,8.10468],[-59.87581,8.10588],[-59.87569,8.10635],[-59.87613,8.10765],[-59.87707,8.10915],[-59.87711,8.11035],[-59.8766,8.11188],[-59.87397,8.11352],[-59.87228,8.11418],[-59.87105,8.11492],[-59.86974,8.11601],[-59.86797,8.11633],[-59.86704,8.11622],[-59.86562,8.11708],[-59.86346,8.11771],[-59.86139,8.1193],[-59.86084,8.11903],[-59.86016,8.12008],[-59.85958,8.1202],[-59.85834,8.11986],[-59.85684,8.1201],[-59.85599,8.12059],[-59.85669,8.12172],[-59.85814,8.12506],[-59.85815,8.12506],[-59.85848,8.12496],[-59.88381,8.11736],[-59.88596,8.1184],[-59.8867,8.11903],[-59.88681,8.12011],[-59.88582,8.12161],[-59.88543,8.12186],[-59.86561,8.1284],[-59.86443,8.12798],[-59.8635,8.12626],[-59.85921,8.12772]]]},"properties":{"Name":"Kamwatta Extension","Region":1,"Grant_No":"No Data","Acres":2975,"Plan_Numbe":0}},
{"type":"Feature","geometry":{"type":"Polygon","coordinates":[[[-59.86183,4.93076],[-59.85974,4.93203],[-59.85847,4.93077],[-59.85663,4.93139],[-59.85565,4.93049],[-59.85521,4.93053],[-59.8537,4.9325],[-59.85317,4.93398],[-59.8519,4.9349],[-59.85205,4.93606],[-59.85104,4.93679],[-59.8501,4.9369],[-59.84968,4.93839],[-59.84918,4.94093],[-59.84882,4.94155],[-59.8489,4.94246],[-59.84814,4.94351],[-59.84655,4.94374],[-59.8462,4.9453],[-59.84519,4.9457],[-59.84425,4.94654],[-59.84212,4.94709],[-59.84029,4.952],[-59.83987,4.9536],[-59.83871,4.95407],[-59.83719,4.95397],[-59.83575,4.95608],[-59.832,4.95856],[-59.82944,4.95974],[-59.82894,4.96093],[-59.82738,4.96167],[-59.82681,4.96261],[-59.82482,4.96135],[-59.82406,4.96139],[-59.82185,4.96205],[-59.82055,4.96318],[-59.81874,4.96196],[-59.81761,4.96011],[-59.81667,4.95903],[-59.81566,4.9594],[-59.81511,4.95994],[-59.81284,4.961],[-59.81114,4.96145],[-59.80948,4.96149],[-59.80883,4.96218],[-59.80572,4.96285],[-59.80478,4.96361],[-59.80381,4.96373],[-59.80294,4.96435],[-59.80164,4.96472],[-59.79991,4.96661],[-59.79894,4.96676],[-59.79847,4.96767],[-59.79753,4.96727],[-59.79481,4.96652],[-59.79297,4.9662],[-59.79134,4.96719],[-59.78925,4.96814],[-59.78809,4.96887],[-59.78763,4.97072],[-59.78774,4.97163],[-59.78681,4.97385],[-59.78639,4.97599],[-59.78473,4.97625],[-59.78316,4.9751],[-59.78222,4.97492],[-59.78081,4.97405],[-59.77857,4.97577],[-59.77659,4.97668],[-59.77638,4.97872],[-59.77548,4.98006],[-59.77494,4.98039],[-59.77367,4.98032],[-59.7723,4.98106],[-59.77187,4.98099],[-59.77043,4.98255],[-59.76924,4.98335],[-59.76913,4.98408],[-59.76953,4.9856],[-59.76777,4.98648],[-59.76708,4.9863],[-59.76497,4.98439],[-59.76389,4.98432],[-59.76266,4.98472],[-59.76204,4.9844],[-59.76027,4.98495],[-59.75897,4.9851],[-59.75792,4.98587],[-59.75648,4.98606],[-59.75518,4.98831],[-59.75256,4.99126],[-59.7537,4.99615],[-59.75617,4.9989],[-59.75675,5.00031],[-59.75828,5.00205],[-59.75832,5.00386],[-59.75867,5.0041],[-59.75946,5.00368],[-59.76084,5.00453],[-59.76234,5.00504],[-59.76552,5.00527],[-59.76707,5.00636],[-59.76954,5.00747],[-59.77169,5.01078],[-59.77272,5.011],[-59.7749,5.01209],[-59.77718,5.0116],[-59.77821,5.01174],[-59.77994,5.01396],[-59.78155,5.01447],[-59.78212,5.0149],[-59.78222,5.01603],[-59.78358,5.01777],[-59.78427,5.01916],[-59.78462,5.02206],[-59.78501,5.02391],[-59.78593,5.0256],[-59.78734,5.0286],[-59.78843,5.0296],[-59.78977,5.02975],[-59.79149,5.03095],[-59.79209,5.03228],[-59.79226,5.03322],[-59.79314,5.03406],[-59.79357,5.0351],[-59.79439,5.03608],[-59.79651,5.03701],[-59.79767,5.03837],[-59.79764,5.0396],[-59.79824,5.04039],[-59.79741,5.04233],[-59.79729,5.04463],[-59.79575,5.04717],[-59.79571,5.04811],[-59.79743,5.05002],[-59.79797,5.05303],[-59.79941,5.05481],[-59.80054,5.05571],[-59.80243,5.05654],[-59.80283,5.05698],[-59.80335,5.05958],[-59.80427,5.06228],[-59.80519,5.06324],[-59.80594,5.06445],[-59.8062,5.06558],[-59.80751,5.06715],[-59.80913,5.06744],[-59.81135,5.0686],[-59.81195,5.06859],[-59.81281,5.06776],[-59.81492,5.06669],[-59.81791,5.06893],[-59.81987,5.07085],[-59.82164,5.07439],[-59.82679,5.07585],[-59.83186,5.07936],[-59.83333,5.07949],[-59.84214,5.0808],[-59.85501,5.07092],[-59.86452,5.06516],[-59.86401,5.05273],[-59.86591,5.04225],[-59.86792,5.03628],[-59.86803,5.03593],[-59.87007,5.02988],[-59.87599,5.01899],[-59.87837,5.01449],[-59.88717,5.00681],[-59.88773,5.00632],[-59.89058,5.00384],[-59.89864,4.99463],[-59.89816,4.98858],[-59.90437,4.98459],[-59.90694,4.97801],[-59.90721,4.97373],[-59.90698,4.97222],[-59.90809,4.971],[-59.9101,4.967],[-59.90947,4.96468],[-59.90758,4.96172],[-59.9067,4.96063],[-59.9064,4.95977],[-59.90617,4.95877],[-59.90604,4.95694],[-59.90719,4.95635],[-59.90759,4.95559],[-59.90758,4.95472],[-59.90808,4.95344],[-59.90924,4.95231],[-59.90988,4.95014],[-59.90926,4.94838],[-59.90912,4.9475],[-59.90903,4.94568],[-59.90881,4.94513],[-59.9085,4.94386],[-59.90818,4.94329],[-59.90542,4.94087],[-59.90567,4.94025],[-59.90535,4.9396],[-59.9044,4.93928],[-59.90368,4.93837],[-59.90382,4.9375],[-59.90349,4.93667],[-59.90363,4.93594],[-59.90269,4.93471],[-59.90196,4.93374],[-59.90127,4.93432],[-59.89997,4.93385],[-59.89945,4.93215],[-59.89678,4.92977],[-59.8895,4.92218],[-59.88864,4.92284],[-59.88604,4.92379],[-59.8851,4.92387],[-59.88421,4.9238],[-59.88343,4.92362],[-59.88241,4.92269],[-59.88158,4.92265],[-59.88049,4.92139],[-59.87898,4.9218],[-59.87819,4.9221],[-59.87659,4.92268],[-59.8759,4.92313],[-59.875,4.92384],[-59.87396,4.92515],[-59.87295,4.92472],[-59.87125,4.92603],[-59.87049,4.92611],[-59.87006,4.92716],[-59.86873,4.92724],[-59.86804,4.92793],[-59.86841,4.9288],[-59.867,4.92979],[-59.86638,4.92943],[-59.86502,4.93025],[-59.86434,4.93063],[-59.86353,4.93111],[-59.86274,4.93115],[-59.86183,4.93076]]]},"properties":{"Name":"Kopinang","Region":0,"Grant_No":"No Data","Acres":39718,"Plan_Numbe":0}},
{"type":"Feature","geometry":{"type":"Polygon","coordinates":[[[-59.32791,3.93178],[-59.39613,3.93089],[-59.39831,3.92651],[-59.4012,3.92088],[-59.40397,3.91459],[-59.41105,3.90034],[-59.41898,3.88388],[-59.38834,3.88397],[-59.3539,3.88407],[-59.35399,3.88581],[-59.32819,3.91327],[-59.32791,3.93178]]]},"properties":{"Name":"Toka","Region":8,"Grant_No":"No Data","Acres":10191,"Plan_Numbe":0}},
{"type":"Feature","geometry":{"type":"MultiPolygon","coordinates":[[[[-60.44849,6.39265],[-60.4481,6.39206],[-60.44791,6.39048],[-60.44668,6.38919],[-60.44242,6.38795],[-60.43946,6.38764],[-60.43763,6.38872],[-60.43615,6.38868],[-60.43358,6.38649],[-60.43234,6.38574],[-60.43119,6.38459],[-60.43041,6.38333],[-60.42871,6.38184],[-60.42552,6.37875],[-60.42251,6.37561],[-60.42073,6.37405],[-60.41927,6.37331],[-60.41505,6.3716],[-60.41039,6.37038],[-60.40893,6.3697],[-60.40722,6.36946],[-60.40559,6.36963],[-60.40449,6.37016],[-60.40304,6.37202],[-60.40222,6.3746],[-60.40033,6.37871],[-60.39917,6.38163],[-60.39802,6.38348],[-60.39691,6.38556],[-60.3953,6.38636],[-60.39373,6.38638],[-60.39196,6.38614],[-60.39044,6.3873],[-60.38954,6.38718],[-60.38906,6.38591],[-60.38815,6.3849],[-60.38653,6.3844],[-60.38439,6.38515],[-60.38345,6.38529],[-60.38178,6.38472],[-60.38114,6.38403],[-60.38056,6.38263],[-60.37972,6.38184],[-60.37863,6.37941],[-60.37689,6.37721],[-60.37663,6.37571],[-60.37629,6.3753],[-60.37623,6.37357],[-60.37577,6.37307],[-60.37542,6.37061],[-60.37426,6.36925],[-60.37334,6.36846],[-60.37129,6.36591],[-60.37139,6.36517],[-60.37224,6.36427],[-60.3722,6.3619],[-60.37297,6.36006],[-60.37438,6.35841],[-60.3756,6.35799],[-60.37666,6.35805],[-60.37775,6.35699],[-60.37779,6.35625],[-60.37726,6.35443],[-60.37687,6.35384],[-60.37714,6.35308],[-60.37696,6.35232],[-60.37552,6.35205],[-60.37445,6.34924],[-60.37348,6.34806],[-60.37061,6.34615],[-60.36834,6.34489],[-60.36678,6.3444],[-60.36597,6.34438],[-60.36451,6.34385],[-60.36243,6.3436],[-60.36037,6.34436],[-60.3573,6.34656],[-60.35434,6.34739],[-60.35183,6.34722],[-60.35101,6.34648],[-60.35004,6.34617],[-60.3482,6.34608],[-60.34694,6.34539],[-60.34636,6.34452],[-60.34519,6.34344],[-60.34459,6.34168],[-60.34499,6.34086],[-60.34472,6.33882],[-60.34482,6.33705],[-60.34533,6.33484],[-60.34532,6.33244],[-60.34429,6.33141],[-60.34299,6.33046],[-60.34243,6.32978],[-60.34004,6.32777],[-60.33707,6.32665],[-60.33471,6.32599],[-60.33076,6.32443],[-60.32907,6.32399],[-60.32591,6.32271],[-60.32323,6.32178],[-60.31975,6.32152],[-60.31524,6.32145],[-60.31438,6.32177],[-60.31302,6.32269],[-60.31174,6.32315],[-60.31001,6.32408],[-60.30901,6.32535],[-60.3081,6.32689],[-60.30792,6.32765],[-60.30796,6.32996],[-60.30771,6.33103],[-60.30708,6.33194],[-60.30448,6.33342],[-60.30359,6.33361],[-60.30205,6.33463],[-60.30055,6.33533],[-60.29975,6.33548],[-60.29663,6.33504],[-60.29542,6.33519],[-60.29327,6.33572],[-60.29029,6.33589],[-60.28951,6.33741],[-60.2887,6.33773],[-60.28925,6.33829],[-60.28826,6.33911],[-60.28876,6.34088],[-60.28808,6.34082],[-60.28842,6.34176],[-60.2884,6.34331],[-60.28934,6.34355],[-60.28882,6.34521],[-60.28583,6.3474],[-60.28604,6.3485],[-60.28582,6.34949],[-60.2848,6.35046],[-60.28392,6.35299],[-60.28367,6.35485],[-60.2837,6.35683],[-60.28426,6.3583],[-60.28551,6.36071],[-60.28636,6.36337],[-60.28635,6.36457],[-60.28703,6.36549],[-60.28725,6.3665],[-60.28629,6.36929],[-60.28625,6.37025],[-60.28683,6.37235],[-60.28604,6.37549],[-60.28622,6.37709],[-60.28538,6.37759],[-60.28529,6.3791],[-60.28493,6.37985],[-60.28562,6.38062],[-60.28605,6.38222],[-60.28587,6.38388],[-60.28619,6.38525],[-60.28621,6.38743],[-60.28707,6.38861],[-60.28754,6.39106],[-60.28739,6.39353],[-60.287,6.39445],[-60.28625,6.39512],[-60.28531,6.3951],[-60.28258,6.39607],[-60.28196,6.39692],[-60.28061,6.39683],[-60.27863,6.39769],[-60.2773,6.39899],[-60.27556,6.39787],[-60.28104,6.41192],[-60.28774,6.42897],[-60.29434,6.44596],[-60.29542,6.44859],[-60.29858,6.4567],[-60.30186,6.46709],[-60.28878,6.48138],[-60.28693,6.48233],[-60.26575,6.49281],[-60.26303,6.49412],[-60.25422,6.49855],[-60.24655,6.51537],[-60.24025,6.5238],[-60.24012,6.53868],[-60.23223,6.54253],[-60.23585,6.55459],[-60.22996,6.55845],[-60.22948,6.55865],[-60.2332,6.57232],[-60.22937,6.58619],[-60.22769,6.59038],[-60.22636,6.59399],[-60.22316,6.59623],[-60.22144,6.59862],[-60.22465,6.60708],[-60.22635,6.6118],[-60.22792,6.61532],[-60.22873,6.61693],[-60.23736,6.62362],[-60.23939,6.62489],[-60.24267,6.62477],[-60.25021,6.62321],[-60.26072,6.6234],[-60.26672,6.62204],[-60.27173,6.62018],[-60.27434,6.62575],[-60.27524,6.62723],[-60.27846,6.63161],[-60.2874,6.63846],[-60.29225,6.64212],[-60.29606,6.64422],[-60.30135,6.64724],[-60.31528,6.65849],[-60.31996,6.67623],[-60.32743,6.68222],[-60.33048,6.68188],[-60.35251,6.67929],[-60.36449,6.67786],[-60.36491,6.67792],[-60.37255,6.68117],[-60.37757,6.67796],[-60.40535,6.65977],[-60.40736,6.65834],[-60.41232,6.65465],[-60.42815,6.64297],[-60.4331,6.63924],[-60.44621,6.62954],[-60.45101,6.62594],[-60.4503,6.61653],[-60.44932,6.60509],[-60.44878,6.59735],[-60.44826,6.59093],[-60.44653,6.56925],[-60.44628,6.5652],[-60.44579,6.55949],[-60.44027,6.55066],[-60.43848,6.54791],[-60.42084,6.51988],[-60.41665,6.51319],[-60.41696,6.50698],[-60.41712,6.50171],[-60.41869,6.46175],[-60.4189,6.45523],[-60.41907,6.4532],[-60.43805,6.43953],[-60.45071,6.43046],[-60.45076,6.42182],[-60.45086,6.41448],[-60.45087,6.40802],[-60.45095,6.40092],[-60.4508,6.40052],[-60.44865,6.39785],[-60.44833,6.39689],[-60.44876,6.39513],[-60.4483,6.3935],[-60.44849,6.39265]]],[[[-60.45411,6.39158],[-60.45488,6.39132],[-60.45653,6.3886],[-60.45643,6.38775],[-60.45564,6.38764],[-60.4552,6.38709],[-60.45414,6.38659],[-60.45444,6.38617],[-60.45786,6.38673],[-60.45939,6.38629],[-60.45982,6.38446],[-60.46061,6.38455],[-60.4613,6.38563],[-60.46235,6.38624],[-60.46302,6.38547],[-60.46338,6.38357],[-60.46295,6.38299],[-60.46179,6.38234],[-60.46104,6.38232],[-60.46123,6.38175],[-60.46243,6.38069],[-60.46381,6.38014],[-60.46411,6.37978],[-60.46398,6.3781],[-60.46317,6.37712],[-60.46311,6.37649],[-60.45369,6.37206],[-60.44799,6.36944],[-60.43511,6.36338],[-60.42866,6.36042],[-60.42225,6.3574],[-60.41345,6.35337],[-60.4047,6.34926],[-60.39883,6.35355],[-60.39302,6.3579],[-60.37956,6.3679],[-60.37721,6.36959],[-60.37746,6.37011],[-60.37754,6.37231],[-60.37731,6.3733],[-60.37751,6.37545],[-60.37919,6.37792],[-60.37991,6.37994],[-60.38109,6.38136],[-60.38214,6.38202],[-60.38333,6.38205],[-60.38489,6.38176],[-60.38597,6.38108],[-60.38838,6.38079],[-60.39005,6.38102],[-60.39123,6.38206],[-60.39211,6.38465],[-60.39383,6.38504],[-60.39554,6.38403],[-60.39624,6.3833],[-60.39854,6.37852],[-60.3984,6.37713],[-60.39861,6.37641],[-60.39987,6.37478],[-60.40073,6.37413],[-60.4019,6.37237],[-60.40192,6.37119],[-60.40245,6.36999],[-60.40405,6.36852],[-60.40528,6.36797],[-60.40648,6.36785],[-60.40907,6.36823],[-60.41089,6.36881],[-60.414,6.36954],[-60.41951,6.37151],[-60.42126,6.37243],[-60.42423,6.37484],[-60.42719,6.37799],[-60.42925,6.37999],[-60.43219,6.38329],[-60.43363,6.38479],[-60.43557,6.38591],[-60.4371,6.38606],[-60.43905,6.38677],[-60.44229,6.3863],[-60.44567,6.38735],[-60.44693,6.38759],[-60.44806,6.38649],[-60.44966,6.3866],[-60.45079,6.38708],[-60.45259,6.38925],[-60.45411,6.39158]]]]},"properties":{"Name":"Isseneru","Region":0,"Grant_No":"No Data","Acres":166428,"Plan_Numbe":0}},
{"type":"Feature","geometry":{"type":"Polygon","coordinates":[[[-58.43425,5.71441],[-58.46329,5.71229],[-58.46316,5.66289],[-58.46307,5.62472],[-58.463,5.59771],[-58.46292,5.56865],[-58.46281,5.52418],[-58.43683,5.52417],[-58.3969,5.52417],[-58.39454,5.52198],[-58.39394,5.52163],[-58.39137,5.52185],[-58.39008,5.52248],[-58.38789,5.52389],[-58.38683,5.52396],[-58.38558,5.52321],[-58.38472,5.52298],[-58.38127,5.52282],[-58.37939,5.52258],[-58.37793,5.52205],[-58.37602,5.52179],[-58.37407,5.52173],[-58.37154,5.52113],[-58.37036,5.52146],[-58.37026,5.52307],[-58.3697,5.52417],[-58.3686,5.52419],[-58.36708,5.5235],[-58.36528,5.52352],[-58.36382,5.52375],[-58.36305,5.52438],[-58.36344,5.52557],[-58.36455,5.52601],[-58.36558,5.52597],[-58.36636,5.52688],[-58.36661,5.52963],[-58.36652,5.5307],[-58.36503,5.53292],[-58.36502,5.53321],[-58.3634,5.53367],[-58.36147,5.53349],[-58.36066,5.53319],[-58.35966,5.53188],[-58.36025,5.53036],[-58.36032,5.52906],[-58.35902,5.52795],[-58.35793,5.52784],[-58.35652,5.52854],[-58.3561,5.52992],[-58.3564,5.53159],[-58.35716,5.53283],[-58.35953,5.53545],[-58.3588,5.53661],[-58.35712,5.53754],[-58.3567,5.53891],[-58.3561,5.53904],[-58.35471,5.53877],[-58.3537,5.54002],[-58.35193,5.53832],[-58.35038,5.53789],[-58.34969,5.53851],[-58.34752,5.53852],[-58.34711,5.53876],[-58.34607,5.54079],[-58.34519,5.54168],[-58.35946,5.71425],[-58.36073,5.71402],[-58.36241,5.71355],[-58.36314,5.71296],[-58.3646,5.71224],[-58.36466,5.71223],[-58.3653,5.71207],[-58.36571,5.71117],[-58.36715,5.709],[-58.36755,5.70751],[-58.36749,5.70515],[-58.36843,5.70515],[-58.36996,5.70464],[-58.37058,5.70396],[-58.3725,5.70399],[-58.37355,5.70465],[-58.37383,5.70715],[-58.3742,5.70879],[-58.375,5.70965],[-58.37554,5.7096],[-58.43424,5.70735],[-58.43425,5.71441]]]},"properties":{"Name":"Malali","Region":10,"Grant_No":"No Data","Acres":50193,"Plan_Numbe":0}},
{"type":"Feature","geometry":{"type":"MultiPolygon","coordinates":[[[[-59.24342,8.01128],[-59.21467,8.01565],[-59.21811,8.02455],[-59.22043,8.03159],[-59.23343,8.04543],[-59.24107,8.0486],[-59.25348,8.05346],[-59.26397,8.06875],[-59.27146,8.07977],[-59.27477,8.08174],[-59.27571,8.08247],[-59.27821,8.08488],[-59.28349,8.08984],[-59.28675,8.09254],[-59.28844,8.09383],[-59.29687,8.09789],[-59.30538,8.10178],[-59.30916,8.10365],[-59.31766,8.10733],[-59.32303,8.10647],[-59.32794,8.10576],[-59.32924,8.1079],[-59.33005,8.10882],[-59.33456,8.11258],[-59.33669,8.1154],[-59.33809,8.11644],[-59.33967,8.11978],[-59.34261,8.12531],[-59.34758,8.13621],[-59.34833,8.13717],[-59.35612,8.14387],[-59.35701,8.1448],[-59.3624,8.15157],[-59.36339,8.15245],[-59.37007,8.15692],[-59.37571,8.16088],[-59.38054,8.16386],[-59.38564,8.16504],[-59.39308,8.16706],[-59.39835,8.16593],[-59.40885,8.16492],[-59.41016,8.16493],[-59.41548,8.16542],[-59.41683,8.16543],[-59.42125,8.16515],[-59.42427,8.16784],[-59.43053,8.17362],[-59.43329,8.17585],[-59.43831,8.18068],[-59.44029,8.18284],[-59.44372,8.18589],[-59.44737,8.18966],[-59.44892,8.19198],[-59.44975,8.19278],[-59.4519,8.19395],[-59.4529,8.19475],[-59.45521,8.19713],[-59.45854,8.20006],[-59.46513,8.20539],[-59.4677,8.20723],[-59.47013,8.20914],[-59.47211,8.21119],[-59.47293,8.21233],[-59.47507,8.21584],[-59.47958,8.22265],[-59.48297,8.22533],[-59.48794,8.22831],[-59.48891,8.229],[-59.49423,8.23339],[-59.50035,8.23897],[-59.50452,8.24211],[-59.50808,8.24516],[-59.51338,8.24994],[-59.51435,8.25062],[-59.51684,8.25198],[-59.51781,8.25266],[-59.52032,8.25493],[-59.52231,8.25636],[-59.56187,8.27009],[-59.57454,8.27351],[-59.57571,8.27371],[-59.58837,8.27454],[-59.60152,8.28506],[-59.6024,8.28591],[-59.609,8.29357],[-59.61403,8.29504],[-59.61852,8.29588],[-59.61978,8.2962],[-59.62442,8.29764],[-59.62905,8.29898],[-59.63319,8.3],[-59.63419,8.30063],[-59.63846,8.30572],[-59.63916,8.30677],[-59.6409,8.30998],[-59.64174,8.31095],[-59.64749,8.31556],[-59.65089,8.31885],[-59.65501,8.32237],[-59.65976,8.32577],[-59.6655,8.32854],[-59.67,8.33081],[-59.67464,8.33262],[-59.67576,8.33325],[-59.67823,8.33508],[-59.67929,8.33556],[-59.68381,8.33657],[-59.68495,8.33693],[-59.68949,8.33881],[-59.70779,8.31971],[-59.70691,8.31792],[-59.70353,8.31469],[-59.69579,8.31037],[-59.69185,8.30908],[-59.69096,8.30891],[-59.68639,8.30753],[-59.68584,8.30752],[-59.68298,8.3065],[-59.68059,8.30519],[-59.67901,8.30455],[-59.67427,8.30162],[-59.6709,8.29921],[-59.66667,8.29559],[-59.66457,8.29307],[-59.66318,8.29161],[-59.66074,8.28872],[-59.65964,8.28727],[-59.65795,8.2854],[-59.65753,8.28465],[-59.65555,8.28248],[-59.65472,8.2818],[-59.65415,8.28089],[-59.65291,8.28001],[-59.65184,8.27896],[-59.64961,8.27713],[-59.6467,8.27541],[-59.64348,8.27405],[-59.6384,8.27265],[-59.63197,8.27168],[-59.62772,8.27092],[-59.62653,8.27056],[-59.62379,8.26931],[-59.62187,8.26821],[-59.61922,8.26619],[-59.61848,8.26508],[-59.61706,8.2637],[-59.61619,8.26239],[-59.61464,8.26058],[-59.61125,8.25813],[-59.60457,8.25402],[-59.59592,8.24796],[-59.59414,8.24684],[-59.59147,8.24611],[-59.58486,8.24478],[-59.58326,8.24458],[-59.58161,8.24471],[-59.57813,8.24477],[-59.57671,8.24466],[-59.57452,8.24377],[-59.57004,8.24301],[-59.56703,8.24223],[-59.56513,8.24162],[-59.56108,8.23988],[-59.55663,8.2385],[-59.55292,8.23781],[-59.54856,8.23741],[-59.5426,8.23604],[-59.54056,8.23525],[-59.53976,8.2347],[-59.5376,8.23386],[-59.53641,8.23324],[-59.53347,8.23094],[-59.53185,8.22946],[-59.52951,8.22691],[-59.52611,8.22258],[-59.52196,8.21805],[-59.51904,8.21554],[-59.51498,8.21158],[-59.51452,8.21099],[-59.51337,8.21033],[-59.51234,8.20909],[-59.51103,8.20806],[-59.50961,8.20649],[-59.50771,8.20475],[-59.50385,8.20074],[-59.50235,8.19899],[-59.50055,8.1976],[-59.49836,8.19541],[-59.49616,8.19383],[-59.4946,8.19247],[-59.49236,8.19079],[-59.49067,8.18968],[-59.48907,8.18899],[-59.48654,8.18751],[-59.48487,8.18618],[-59.48109,8.18387],[-59.47963,8.18265],[-59.47782,8.18142],[-59.47573,8.17937],[-59.47417,8.17759],[-59.47247,8.17594],[-59.47033,8.17358],[-59.46974,8.17315],[-59.46775,8.17095],[-59.46661,8.16996],[-59.46533,8.16829],[-59.46327,8.16642],[-59.46027,8.16396],[-59.45559,8.16101],[-59.45302,8.15921],[-59.45151,8.15799],[-59.45038,8.15678],[-59.44942,8.15612],[-59.44789,8.15461],[-59.44444,8.15017],[-59.44362,8.14856],[-59.44231,8.14493],[-59.4417,8.14257],[-59.44089,8.14062],[-59.43884,8.13745],[-59.43704,8.1356],[-59.43494,8.13457],[-59.43292,8.13454],[-59.42988,8.13565],[-59.42767,8.13674],[-59.42487,8.13772],[-59.42274,8.13878],[-59.41998,8.13958],[-59.4187,8.1398],[-59.41506,8.141],[-59.4112,8.14164],[-59.40956,8.1418],[-59.40783,8.14167],[-59.40374,8.14178],[-59.4,8.14096],[-59.39822,8.14068],[-59.39497,8.1398],[-59.39227,8.13884],[-59.39072,8.13806],[-59.38805,8.13625],[-59.38569,8.13447],[-59.38307,8.1328],[-59.38173,8.13165],[-59.37837,8.12952],[-59.37685,8.1279],[-59.37452,8.12594],[-59.37212,8.12339],[-59.37077,8.12112],[-59.36981,8.11904],[-59.36885,8.11731],[-59.36767,8.11437],[-59.3667,8.11104],[-59.36556,8.10852],[-59.36466,8.10539],[-59.36353,8.10349],[-59.36209,8.10054],[-59.36107,8.09894],[-59.35978,8.09749],[-59.35834,8.09534],[-59.35548,8.09218],[-59.35496,8.09136],[-59.35299,8.08922],[-59.35193,8.08749],[-59.35042,8.08594],[-59.34906,8.08386],[-59.34583,8.08043],[-59.34448,8.07962],[-59.34243,8.07889],[-59.33995,8.07844],[-59.33792,8.07857],[-59.33575,8.07891],[-59.33341,8.07945],[-59.33119,8.0797],[-59.3293,8.08014],[-59.32691,8.08012],[-59.32359,8.07941],[-59.31589,8.07621],[-59.31462,8.07587],[-59.31167,8.07407],[-59.30852,8.07259],[-59.30607,8.07173],[-59.30172,8.06922],[-59.29893,8.06732],[-59.29615,8.06507],[-59.29495,8.06383],[-59.29258,8.06063],[-59.29017,8.05611],[-59.28895,8.053],[-59.28688,8.04873],[-59.28533,8.04638],[-59.28352,8.04397],[-59.28234,8.04189],[-59.27991,8.03859],[-59.27754,8.03613],[-59.27544,8.03452],[-59.27275,8.03222],[-59.26962,8.03038],[-59.26898,8.02989],[-59.26488,8.02819],[-59.26128,8.02732],[-59.25946,8.02658],[-59.25725,8.0262],[-59.25452,8.02531],[-59.25149,8.0239],[-59.24931,8.02234],[-59.24706,8.02023],[-59.24516,8.01787],[-59.24432,8.0166],[-59.24359,8.01629],[-59.24393,8.01524],[-59.24371,8.01341],[-59.24394,8.01178],[-59.24342,8.01128]]],[[[-59.24645,8.01082],[-59.24603,8.01122],[-59.24595,8.01442],[-59.24644,8.01618],[-59.24707,8.01703],[-59.24873,8.01873],[-59.25234,8.02169],[-59.25436,8.02259],[-59.25659,8.02331],[-59.25852,8.02365],[-59.26317,8.02493],[-59.26528,8.0253],[-59.26729,8.02618],[-59.26888,8.02667],[-59.27115,8.02789],[-59.27419,8.03027],[-59.27617,8.03146],[-59.27868,8.03353],[-59.28193,8.03699],[-59.28333,8.03881],[-59.28682,8.0439],[-59.28885,8.04733],[-59.29175,8.05343],[-59.29296,8.05627],[-59.29466,8.05897],[-59.29597,8.06087],[-59.29738,8.06237],[-59.29893,8.0636],[-59.30012,8.06493],[-59.30231,8.06667],[-59.30393,8.06766],[-59.30553,8.06827],[-59.3067,8.06901],[-59.30909,8.07012],[-59.31166,8.07098],[-59.31258,8.07156],[-59.31626,8.07293],[-59.31797,8.07386],[-59.32079,8.07495],[-59.32235,8.07583],[-59.32505,8.07685],[-59.32976,8.07743],[-59.33249,8.07698],[-59.33432,8.07643],[-59.33606,8.07627],[-59.33818,8.07587],[-59.3414,8.07591],[-59.34397,8.07657],[-59.34518,8.07717],[-59.34891,8.0798],[-59.34981,8.08061],[-59.35194,8.08309],[-59.35306,8.08484],[-59.35585,8.08814],[-59.35722,8.08943],[-59.35907,8.09192],[-59.36001,8.09288],[-59.36284,8.09676],[-59.36577,8.10158],[-59.3685,8.10741],[-59.37038,8.11299],[-59.37084,8.11459],[-59.37252,8.11898],[-59.37606,8.12317],[-59.3779,8.12508],[-59.37975,8.12678],[-59.38374,8.12923],[-59.38495,8.13042],[-59.38828,8.13256],[-59.39111,8.13423],[-59.39381,8.13506],[-59.39605,8.1359],[-59.40002,8.13639],[-59.40353,8.13555],[-59.40609,8.13471],[-59.40708,8.13415],[-59.41009,8.13331],[-59.41228,8.13243],[-59.41344,8.13221],[-59.41453,8.13143],[-59.41675,8.1306],[-59.41809,8.13027],[-59.41981,8.12949],[-59.42424,8.12791],[-59.42622,8.12736],[-59.42795,8.12749],[-59.42991,8.12846],[-59.4313,8.12873],[-59.4349,8.13139],[-59.43864,8.13306],[-59.44035,8.13465],[-59.44263,8.13794],[-59.44466,8.14146],[-59.44578,8.1444],[-59.44745,8.14818],[-59.44841,8.14975],[-59.44973,8.15148],[-59.45454,8.15617],[-59.45652,8.1574],[-59.45746,8.15818],[-59.45907,8.15911],[-59.46377,8.1623],[-59.46492,8.16344],[-59.46812,8.16622],[-59.4692,8.16698],[-59.47407,8.17196],[-59.47542,8.17313],[-59.47889,8.17724],[-59.4804,8.1787],[-59.48423,8.18208],[-59.48847,8.18478],[-59.49102,8.18605],[-59.49245,8.18651],[-59.49448,8.18755],[-59.4975,8.18967],[-59.50039,8.19204],[-59.50258,8.19361],[-59.50598,8.19687],[-59.51057,8.20105],[-59.51251,8.20302],[-59.51326,8.20399],[-59.51446,8.20505],[-59.51538,8.2063],[-59.51712,8.208],[-59.51852,8.20908],[-59.52179,8.21208],[-59.52334,8.21318],[-59.52641,8.216],[-59.5282,8.21813],[-59.52987,8.21944],[-59.53393,8.22431],[-59.53579,8.22639],[-59.53765,8.22898],[-59.53901,8.23053],[-59.54036,8.23174],[-59.54465,8.23327],[-59.54618,8.23368],[-59.54881,8.23415],[-59.55068,8.23428],[-59.55693,8.23496],[-59.56042,8.23551],[-59.56287,8.23601],[-59.56478,8.23622],[-59.56585,8.23667],[-59.56823,8.23813],[-59.5719,8.23888],[-59.57442,8.23955],[-59.57745,8.24007],[-59.58023,8.24001],[-59.58354,8.2405],[-59.58539,8.24053],[-59.5875,8.24088],[-59.58991,8.24201],[-59.59096,8.24234],[-59.59579,8.24347],[-59.59821,8.24432],[-59.59945,8.24489],[-59.60152,8.24651],[-59.60313,8.24761],[-59.60986,8.25151],[-59.61342,8.254],[-59.6164,8.25669],[-59.61853,8.25911],[-59.62205,8.26344],[-59.62396,8.26522],[-59.62654,8.26667],[-59.62908,8.26748],[-59.6315,8.26779],[-59.63411,8.2678],[-59.63913,8.26817],[-59.64204,8.26881],[-59.64514,8.26962],[-59.64839,8.27124],[-59.6505,8.27219],[-59.65226,8.27355],[-59.65327,8.274],[-59.65527,8.27551],[-59.6582,8.27835],[-59.65893,8.27885],[-59.66531,8.28541],[-59.66853,8.28896],[-59.67203,8.29207],[-59.67412,8.29353],[-59.67538,8.29394],[-59.67636,8.29387],[-59.67772,8.29434],[-59.67889,8.29429],[-59.67968,8.29475],[-59.68124,8.29455],[-59.68243,8.29482],[-59.68652,8.29505],[-59.69003,8.29571],[-59.69252,8.2963],[-59.69435,8.29655],[-59.69565,8.29733],[-59.69682,8.29721],[-59.69771,8.2977],[-59.69856,8.29772],[-59.70081,8.29835],[-59.70136,8.29884],[-59.70257,8.299],[-59.70627,8.30116],[-59.70688,8.30124],[-59.70715,8.30185],[-59.7085,8.30261],[-59.71013,8.30395],[-59.71105,8.30573],[-59.7116,8.30563],[-59.71173,8.30634],[-59.71261,8.30754],[-59.71294,8.30892],[-59.71344,8.30962],[-59.71312,8.31061],[-59.71331,8.31179],[-59.71284,8.31303],[-59.71289,8.31367],[-59.71361,8.31429],[-59.7223,8.30529],[-59.71278,8.29639],[-59.71085,8.29509],[-59.70471,8.29223],[-59.70248,8.29136],[-59.68358,8.28542],[-59.68156,8.28423],[-59.66856,8.27152],[-59.66669,8.26999],[-59.64956,8.25843],[-59.6474,8.25753],[-59.63236,8.25465],[-59.63026,8.25372],[-59.60446,8.23406],[-59.60253,8.2331],[-59.57722,8.22743],[-59.57494,8.22686],[-59.54528,8.21849],[-59.54325,8.21739],[-59.52157,8.19815],[-59.49833,8.17752],[-59.4599,8.14339],[-59.45845,8.14177],[-59.4466,8.12342],[-59.44484,8.12206],[-59.43303,8.11826],[-59.42922,8.11752],[-59.39806,8.12359],[-59.38531,8.11337],[-59.38384,8.1116],[-59.36904,8.08379],[-59.36763,8.08191],[-59.35113,8.06585],[-59.34901,8.06488],[-59.3294,8.06404],[-59.32716,8.06347],[-59.30885,8.05453],[-59.30719,8.05308],[-59.28825,8.02524],[-59.28656,8.02369],[-59.26008,8.00861],[-59.24645,8.01082]]]]},"properties":{"Name":"Three Brothers","Region":0,"Grant_No":"No Data","Acres":70665,"Plan_Numbe":0}},
{"type":"Feature","geometry":{"type":"Polygon","coordinates":[[[-58.56765,6.03347],[-58.56799,6.03383],[-58.56887,6.03296],[-58.56841,6.03249],[-58.56867,6.03166],[-58.56935,6.03093],[-58.57232,6.03067],[-58.57233,6.02919],[-58.57188,6.02842],[-58.57011,6.02756],[-58.56887,6.02573],[-58.56861,6.0249],[-58.56732,6.02445],[-58.5655,6.02271],[-58.5654,6.0221],[-58.56595,6.02087],[-58.56555,6.02005],[-58.56468,6.01985],[-58.56341,6.01863],[-58.56346,6.01751],[-58.56442,6.01645],[-58.56489,6.01495],[-58.5653,6.01441],[-58.56614,6.01198],[-58.567,6.01078],[-58.56713,6.01008],[-58.56613,6.00806],[-58.56447,6.00518],[-58.56407,6.00476],[-58.56437,6.00364],[-58.5645,6.00187],[-58.56649,6.00009],[-58.5665,5.99974],[-58.56558,5.99879],[-58.56537,5.9976],[-58.56466,5.9969],[-58.5645,5.99456],[-58.56336,5.99341],[-58.56277,5.99335],[-58.56054,5.99226],[-58.55992,5.99252],[-58.55857,5.99249],[-58.55785,5.99204],[-58.55612,5.9921],[-58.55498,5.99109],[-58.55408,5.98887],[-58.55338,5.98873],[-58.55267,5.98806],[-58.55158,5.98797],[-58.54962,5.98878],[-58.54806,5.98875],[-58.54571,5.98817],[-58.54445,5.98827],[-58.54172,5.98924],[-58.54035,5.98958],[-58.543,5.99892],[-58.54507,6.00654],[-58.54889,6.01251],[-58.55071,6.01461],[-58.55094,6.0157],[-58.55378,6.01997],[-58.55602,6.023],[-58.56129,6.02399],[-58.56214,6.0245],[-58.56243,6.02535],[-58.56241,6.03097],[-58.56347,6.03099],[-58.56364,6.03181],[-58.56497,6.03284],[-58.56544,6.03376],[-58.56765,6.03347]]]},"properties":{"Name":"Rockstone","Region":0,"Grant_No":"0","Acres":2050,"Plan_Numbe":0}},
{"type":"Feature","geometry":{"type":"Polygon","coordinates":[[[-58.55453,6.03406],[-58.55519,6.03452],[-58.55565,6.03427],[-58.55739,6.03247],[-58.5588,6.03076],[-58.55966,6.03067],[-58.55967,6.0265],[-58.55582,6.02582],[-58.55407,6.02499],[-58.55151,6.02153],[-58.54849,6.01699],[-58.54815,6.01573],[-58.54665,6.01413],[-58.54263,6.00784],[-58.53771,5.99034],[-58.53432,5.99049],[-58.53336,5.99022],[-58.53086,5.98905],[-58.5291,5.98938],[-58.52814,5.99009],[-58.52653,5.99193],[-58.5243,5.99362],[-58.52315,5.99497],[-58.52186,5.99715],[-58.52103,5.99896],[-58.52007,6.00185],[-58.52068,6.00275],[-58.52057,6.00403],[-58.5208,6.00505],[-58.52058,6.00581],[-58.52078,6.00734],[-58.52016,6.00881],[-58.51961,6.00932],[-58.5199,6.01072],[-58.52184,6.01154],[-58.52326,6.01251],[-58.52412,6.01245],[-58.52627,6.01189],[-58.52798,6.01261],[-58.52907,6.01385],[-58.52951,6.01485],[-58.53057,6.01595],[-58.53316,6.01777],[-58.53356,6.01838],[-58.53445,6.02067],[-58.53475,6.02212],[-58.5354,6.02245],[-58.5362,6.02386],[-58.5365,6.02593],[-58.53737,6.02763],[-58.53849,6.02898],[-58.54064,6.02869],[-58.54239,6.02916],[-58.54429,6.02914],[-58.54598,6.02856],[-58.54767,6.02903],[-58.55028,6.03091],[-58.55109,6.03228],[-58.55284,6.03394],[-58.55423,6.0338],[-58.55453,6.03406]]]},"properties":{"Name":"Rockstone","Region":0,"Grant_No":"0","Acres":2300,"Plan_Numbe":0}},
{"type":"Feature","geometry":{"type":"Polygon","coordinates":[[[-59.5874,4.77721],[-59.58496,4.77613],[-59.58263,4.77448],[-59.38674,4.81765],[-59.35086,4.92319],[-59.33286,4.97831],[-59.29243,5.09863],[-59.29382,5.09622],[-59.29524,5.09501],[-59.2954,5.09343],[-59.29613,5.09204],[-59.29902,5.09005],[-59.30009,5.08953],[-59.30254,5.08914],[-59.30431,5.08867],[-59.3061,5.08957],[-59.30788,5.09004],[-59.30958,5.08971],[-59.30932,5.08892],[-59.30999,5.08827],[-59.31049,5.08723],[-59.31075,5.08597],[-59.31196,5.08426],[-59.31275,5.08425],[-59.31363,5.08319],[-59.31472,5.08264],[-59.31686,5.08277],[-59.31786,5.08225],[-59.31852,5.0826],[-59.32004,5.0828],[-59.32129,5.08136],[-59.32022,5.0807],[-59.32188,5.0799],[-59.32169,5.0794],[-59.32076,5.07943],[-59.32052,5.07872],[-59.32146,5.07786],[-59.32429,5.07629],[-59.32445,5.0769],[-59.32525,5.07655],[-59.32571,5.07495],[-59.32535,5.07458],[-59.3261,5.0737],[-59.32591,5.07299],[-59.32522,5.073],[-59.32471,5.07247],[-59.32454,5.07062],[-59.3249,5.07014],[-59.32607,5.06975],[-59.32647,5.07011],[-59.32685,5.06945],[-59.32631,5.06844],[-59.3273,5.06806],[-59.32877,5.06785],[-59.32905,5.06649],[-59.32826,5.06545],[-59.327,5.06537],[-59.32736,5.06464],[-59.32777,5.06266],[-59.32876,5.06161],[-59.33073,5.06092],[-59.33161,5.05998],[-59.33168,5.05951],[-59.33084,5.05852],[-59.3318,5.05598],[-59.33273,5.05594],[-59.33405,5.05764],[-59.3348,5.05752],[-59.3357,5.0569],[-59.3357,5.05642],[-59.33676,5.05486],[-59.33747,5.05496],[-59.33813,5.05617],[-59.33939,5.05648],[-59.3401,5.05635],[-59.34081,5.05449],[-59.34185,5.05398],[-59.34341,5.05419],[-59.34474,5.05389],[-59.34555,5.05418],[-59.34609,5.05376],[-59.34571,5.05286],[-59.34652,5.05146],[-59.34766,5.05163],[-59.34817,5.05202],[-59.34989,5.05091],[-59.35016,5.05029],[-59.35154,5.0505],[-59.35397,5.04973],[-59.35449,5.04908],[-59.35577,5.04898],[-59.35691,5.04925],[-59.36021,5.04728],[-59.36201,5.04633],[-59.36294,5.04604],[-59.36388,5.04628],[-59.36478,5.04753],[-59.36566,5.04799],[-59.36636,5.04714],[-59.3672,5.04723],[-59.3669,5.04805],[-59.36731,5.04858],[-59.36786,5.04842],[-59.36775,5.04689],[-59.36812,5.04633],[-59.36891,5.04627],[-59.36933,5.04564],[-59.36905,5.04514],[-59.37036,5.04465],[-59.37168,5.04255],[-59.37289,5.04186],[-59.37384,5.04064],[-59.37463,5.0391],[-59.37787,5.03604],[-59.37853,5.03487],[-59.37946,5.0345],[-59.3804,5.03304],[-59.38159,5.03234],[-59.38252,5.03116],[-59.38553,5.02857],[-59.38828,5.02649],[-59.38915,5.02558],[-59.38974,5.02355],[-59.38968,5.02297],[-59.39029,5.02204],[-59.39093,5.02174],[-59.39298,5.02144],[-59.39402,5.02101],[-59.39522,5.01971],[-59.39609,5.01907],[-59.39672,5.01783],[-59.39775,5.01681],[-59.39862,5.01558],[-59.40243,5.01116],[-59.40452,5.00846],[-59.40472,5.00718],[-59.40546,5.00619],[-59.40678,5.00627],[-59.40771,5.00813],[-59.40867,5.00803],[-59.40854,5.00671],[-59.40947,5.00617],[-59.41231,5.00686],[-59.41318,5.00521],[-59.41443,5.00359],[-59.41611,5.0037],[-59.41872,5.00521],[-59.41982,5.00612],[-59.42065,5.00716],[-59.42097,5.00796],[-59.42156,5.00828],[-59.42292,5.00756],[-59.42434,5.00855],[-59.42587,5.00752],[-59.42685,5.00849],[-59.42711,5.00788],[-59.42712,5.00577],[-59.42837,5.00437],[-59.42966,5.00018],[-59.4312,5.00131],[-59.43222,5.00249],[-59.433,5.00383],[-59.43361,5.00561],[-59.43485,5.00691],[-59.43604,5.00908],[-59.43663,5.0107],[-59.43681,5.01208],[-59.43523,5.01223],[-59.43481,5.01285],[-59.43928,5.01443],[-59.44107,5.0119],[-59.44195,5.01194],[-59.44279,5.01299],[-59.44371,5.01493],[-59.44299,5.01673],[-59.44271,5.01859],[-59.44176,5.01992],[-59.44193,5.02059],[-59.44387,5.02113],[-59.44496,5.02008],[-59.44618,5.01967],[-59.44724,5.02021],[-59.44752,5.02137],[-59.44898,5.02214],[-59.44936,5.02318],[-59.45149,5.02342],[-59.45292,5.02535],[-59.45585,5.02669],[-59.45745,5.02887],[-59.45961,5.02896],[-59.4612,5.02977],[-59.46213,5.02932],[-59.4642,5.02935],[-59.46459,5.03014],[-59.4667,5.0334],[-59.46725,5.03398],[-59.46851,5.03456],[-59.47032,5.03457],[-59.47216,5.03591],[-59.47293,5.038],[-59.47505,5.03659],[-59.47558,5.03787],[-59.47608,5.03705],[-59.47698,5.03656],[-59.47729,5.03525],[-59.47812,5.03486],[-59.47865,5.03511],[-59.47879,5.03585],[-59.4797,5.03512],[-59.48107,5.0345],[-59.48186,5.03512],[-59.48285,5.03475],[-59.48427,5.03626],[-59.48563,5.03666],[-59.48678,5.03595],[-59.48766,5.03646],[-59.48857,5.03653],[-59.48806,5.03724],[-59.48831,5.0376],[-59.48905,5.03709],[-59.48957,5.03956],[-59.48991,5.04042],[-59.49072,5.04007],[-59.49156,5.04069],[-59.49185,5.04155],[-59.49257,5.04077],[-59.49349,5.04123],[-59.4943,5.04322],[-59.49585,5.04326],[-59.49582,5.04405],[-59.49665,5.04408],[-59.49717,5.04487],[-59.49813,5.04531],[-59.49771,5.04608],[-59.49801,5.04653],[-59.49736,5.04719],[-59.49823,5.04844],[-59.49796,5.04906],[-59.49879,5.04951],[-59.49931,5.04898],[-59.49986,5.04995],[-59.4995,5.05032],[-59.5013,5.05013],[-59.50201,5.05043],[-59.50428,5.04997],[-59.5057,5.04928],[-59.50626,5.04928],[-59.50747,5.05095],[-59.50867,5.05152],[-59.50905,5.05114],[-59.51043,5.05139],[-59.51164,5.05129],[-59.51447,5.04931],[-59.51518,5.04925],[-59.51596,5.05014],[-59.51807,5.05024],[-59.51814,5.05116],[-59.52024,5.05178],[-59.52149,5.05133],[-59.522,5.05194],[-59.52247,5.0517],[-59.52427,5.05217],[-59.5247,5.05264],[-59.52488,5.05188],[-59.52545,5.05177],[-59.52724,5.05231],[-59.52774,5.05133],[-59.52753,5.05098],[-59.52621,5.05075],[-59.52561,5.05035],[-59.52514,5.04936],[-59.5252,5.04835],[-59.52617,5.0476],[-59.52799,5.04749],[-59.52873,5.04712],[-59.52887,5.04616],[-59.52765,5.04493],[-59.52727,5.04494],[-59.5263,5.04589],[-59.52557,5.04709],[-59.52408,5.04709],[-59.52302,5.04441],[-59.52195,5.04238],[-59.52151,5.03899],[-59.52162,5.03782],[-59.51957,5.0367],[-59.51681,5.03404],[-59.51373,5.03049],[-59.51232,5.02769],[-59.51108,5.02599],[-59.51011,5.02514],[-59.50691,5.02307],[-59.50576,5.02175],[-59.50558,5.02102],[-59.50584,5.01944],[-59.50675,5.0162],[-59.50834,5.01322],[-59.50902,5.01302],[-59.50979,5.01357],[-59.51198,5.01438],[-59.51277,5.01418],[-59.51479,5.01277],[-59.51625,5.01234],[-59.5185,5.01264],[-59.52128,5.01349],[-59.52416,5.01345],[-59.52745,5.01312],[-59.52998,5.01324],[-59.53258,5.01351],[-59.53375,5.01304],[-59.53431,5.0104],[-59.53525,5.0085],[-59.53573,5.00687],[-59.53639,5.00588],[-59.53721,5.00548],[-59.53776,5.00479],[-59.53784,5.00273],[-59.53919,4.99906],[-59.53969,4.9988],[-59.54084,4.99744],[-59.54256,4.99583],[-59.54364,4.99454],[-59.54512,4.99347],[-59.54665,4.99134],[-59.5488,4.98705],[-59.54966,4.98457],[-59.55051,4.98369],[-59.5513,4.98331],[-59.55245,4.98356],[-59.55396,4.98354],[-59.55572,4.98308],[-59.55678,4.98234],[-59.55979,4.98139],[-59.56305,4.97988],[-59.56398,4.97915],[-59.56518,4.97875],[-59.56669,4.97884],[-59.5671,4.97916],[-59.56871,4.97895],[-59.5711,4.97677],[-59.57366,4.97527],[-59.57514,4.9741],[-59.57654,4.97351],[-59.57847,4.97376],[-59.58013,4.97437],[-59.58235,4.97144],[-59.58305,4.97014],[-59.58261,4.96903],[-59.58088,4.96716],[-59.58152,4.96677],[-59.58106,4.96556],[-59.58118,4.96476],[-59.58361,4.96269],[-59.58498,4.96075],[-59.58495,4.95988],[-59.58423,4.95853],[-59.58416,4.95676],[-59.58538,4.95646],[-59.58539,4.956],[-59.58461,4.95545],[-59.58467,4.95495],[-59.58578,4.95463],[-59.58587,4.95375],[-59.58408,4.95121],[-59.58443,4.95003],[-59.58542,4.9496],[-59.58565,4.94881],[-59.58528,4.94685],[-59.58549,4.94554],[-59.58636,4.94584],[-59.58623,4.94508],[-59.58661,4.94395],[-59.58726,4.94318],[-59.5867,4.94267],[-59.58671,4.94161],[-59.58636,4.93967],[-59.58586,4.93873],[-59.58647,4.93877],[-59.58676,4.93702],[-59.58776,4.93739],[-59.58806,4.93716],[-59.58751,4.9358],[-59.58757,4.93449],[-59.58726,4.93354],[-59.58711,4.93189],[-59.58793,4.9311],[-59.58885,4.93077],[-59.58948,4.93185],[-59.5891,4.93255],[-59.59032,4.93244],[-59.59132,4.93192],[-59.59178,4.933],[-59.59241,4.93217],[-59.59399,4.93253],[-59.59417,4.93216],[-59.59398,4.93062],[-59.59441,4.9295],[-59.59387,4.92912],[-59.5937,4.92803],[-59.59414,4.92688],[-59.59501,4.92649],[-59.59569,4.92574],[-59.59612,4.92473],[-59.59537,4.9219],[-59.59564,4.92019],[-59.59607,4.91956],[-59.59776,4.91907],[-59.59784,4.91782],[-59.59855,4.91689],[-59.59898,4.91584],[-59.59984,4.91612],[-59.60061,4.91516],[-59.60071,4.91374],[-59.60132,4.91294],[-59.60291,4.91209],[-59.60267,4.91175],[-59.60343,4.91079],[-59.60323,4.90941],[-59.60225,4.90841],[-59.60114,4.90771],[-59.60166,4.90692],[-59.60134,4.9056],[-59.60161,4.90433],[-59.60104,4.90322],[-59.60174,4.9001],[-59.6022,4.89967],[-59.60245,4.89867],[-59.60222,4.89699],[-59.60251,4.89468],[-59.6055,4.8929],[-59.60644,4.89086],[-59.60692,4.89056],[-59.60672,4.88961],[-59.60871,4.88785],[-59.60914,4.88662],[-59.60999,4.88606],[-59.61103,4.88632],[-59.61278,4.88534],[-59.61307,4.88414],[-59.61422,4.88501],[-59.61468,4.8849],[-59.61441,4.88386],[-59.61391,4.88315],[-59.61382,4.88204],[-59.61343,4.88106],[-59.61341,4.87987],[-59.614,4.87835],[-59.61395,4.87733],[-59.61425,4.87683],[-59.61549,4.87623],[-59.61522,4.87505],[-59.61535,4.87429],[-59.61587,4.87419],[-59.61669,4.87251],[-59.61683,4.87102],[-59.61735,4.87047],[-59.61678,4.86993],[-59.61679,4.86915],[-59.61748,4.86727],[-59.61695,4.86619],[-59.61761,4.8651],[-59.61721,4.86354],[-59.61672,4.86299],[-59.61683,4.86134],[-59.61781,4.86019],[-59.61802,4.85932],[-59.61902,4.85822],[-59.61919,4.85754],[-59.62015,4.8561],[-59.62018,4.85456],[-59.62117,4.85351],[-59.62182,4.85196],[-59.62188,4.85103],[-59.62281,4.85026],[-59.62277,4.84914],[-59.62184,4.84824],[-59.62188,4.84688],[-59.62074,4.84498],[-59.62094,4.84297],[-59.6203,4.84133],[-59.62043,4.83987],[-59.62145,4.83841],[-59.62156,4.83751],[-59.62061,4.83694],[-59.62065,4.83577],[-59.62297,4.83447],[-59.62318,4.83368],[-59.62303,4.8321],[-59.62323,4.83131],[-59.62253,4.82768],[-59.6216,4.82625],[-59.62099,4.82477],[-59.62025,4.82388],[-59.62044,4.82184],[-59.62015,4.82077],[-59.62047,4.82029],[-59.62019,4.81917],[-59.62042,4.8184],[-59.62296,4.81649],[-59.62286,4.81565],[-59.62346,4.81355],[-59.62485,4.81193],[-59.62553,4.81055],[-59.62678,4.80946],[-59.62814,4.80875],[-59.62862,4.80806],[-59.62841,4.80738],[-59.62893,4.80725],[-59.63018,4.80475],[-59.63018,4.80196],[-59.63006,4.79997],[-59.63098,4.79823],[-59.63251,4.7968],[-59.6331,4.79465],[-59.63275,4.79378],[-59.6333,4.79341],[-59.63441,4.79144],[-59.63598,4.7897],[-59.63732,4.78952],[-59.63887,4.78875],[-59.64087,4.78743],[-59.64118,4.78601],[-59.64102,4.78446],[-59.64197,4.7811],[-59.64243,4.78051],[-59.64399,4.77928],[-59.64456,4.77818],[-59.64593,4.77748],[-59.64668,4.77675],[-59.64947,4.77311],[-59.65264,4.77127],[-59.65636,4.77102],[-59.65749,4.77013],[-59.65876,4.76762],[-59.65955,4.76696],[-59.65869,4.7642],[-59.65897,4.76361],[-59.66007,4.76264],[-59.66042,4.76156],[-59.6612,4.76044],[-59.66311,4.75841],[-59.66358,4.75761],[-59.66501,4.7564],[-59.66593,4.75534],[-59.66638,4.75422],[-59.66692,4.7496],[-59.66691,4.7496],[-59.66655,4.7496],[-59.66653,4.7496],[-59.66618,4.7496],[-59.66615,4.7496],[-59.66581,4.74961],[-59.66576,4.74961],[-59.66544,4.74963],[-59.66538,4.74963],[-59.66507,4.74965],[-59.665,4.74965],[-59.66469,4.74967],[-59.66466,4.74968],[-59.66436,4.74967],[-59.66433,4.74967],[-59.66406,4.74966],[-59.66401,4.74966],[-59.66376,4.74964],[-59.66369,4.74964],[-59.66346,4.74962],[-59.66337,4.74961],[-59.66316,4.74959],[-59.66305,4.74958],[-59.66287,4.74956],[-59.66273,4.74954],[-59.66257,4.74951],[-59.6624,4.74948],[-59.66228,4.74946],[-59.66208,4.74943],[-59.662,4.74941],[-59.66174,4.74936],[-59.66172,4.74935],[-59.65679,4.74717],[-59.65677,4.74717],[-59.65652,4.74719],[-59.65645,4.74719],[-59.65623,4.74721],[-59.65612,4.74722],[-59.65595,4.74724],[-59.65578,4.74726],[-59.65567,4.74728],[-59.65347,4.74777],[-59.6512,4.74872],[-59.64964,4.74971],[-59.64779,4.75134],[-59.64699,4.75228],[-59.64698,4.75228],[-59.62504,4.75846],[-59.62503,4.75846],[-59.62434,4.75846],[-59.62432,4.75846],[-59.62388,4.75846],[-59.62386,4.75846],[-59.62344,4.75847],[-59.62339,4.75847],[-59.623,4.75849],[-59.62293,4.75849],[-59.62255,4.75851],[-59.62247,4.75852],[-59.62211,4.75855],[-59.622,4.75855],[-59.62166,4.75858],[-59.62154,4.75859],[-59.62122,4.75863],[-59.62108,4.75864],[-59.62078,4.75868],[-59.62062,4.7587],[-59.62034,4.75873],[-59.62016,4.75876],[-59.6199,4.7588],[-59.6197,4.75883],[-59.61946,4.75887],[-59.61924,4.75891],[-59.61902,4.75894],[-59.61878,4.75899],[-59.61859,4.75903],[-59.61833,4.75908],[-59.61815,4.75912],[-59.61787,4.75918],[-59.61772,4.75921],[-59.61741,4.75928],[-59.6173,4.75931],[-59.61694,4.7594],[-59.61687,4.75942],[-59.61324,4.7606],[-59.61157,4.76133],[-59.60828,4.76494],[-59.60665,4.76696],[-59.60477,4.76953],[-59.60236,4.77328],[-59.59198,4.77795],[-59.59193,4.77795],[-59.59164,4.77795],[-59.59161,4.77794],[-59.59133,4.77794],[-59.59128,4.77793],[-59.59102,4.77792],[-59.59095,4.77792],[-59.59071,4.7779],[-59.59063,4.77789],[-59.59041,4.77787],[-59.5903,4.77786],[-59.5901,4.77783],[-59.58998,4.77782],[-59.58979,4.77779],[-59.58966,4.77777],[-59.58949,4.77774],[-59.58934,4.77771],[-59.58918,4.77769],[-59.58902,4.77765],[-59.58888,4.77762],[-59.5887,4.77758],[-59.58858,4.77755],[-59.58838,4.7775],[-59.58828,4.77748],[-59.58807,4.77742],[-59.58798,4.7774],[-59.58775,4.77733],[-59.58769,4.77731],[-59.58742,4.77722],[-59.5874,4.77721]]]},"properties":{"Name":"Karisparu","Region":0,"Grant_No":"0","Acres":179441,"Plan_Numbe":0}},
{"type":"Feature","geometry":{"type":"MultiPolygon","coordinates":[[[[-58.72037,6.38522],[-58.7224,6.38546],[-58.72434,6.38593],[-58.72475,6.38568],[-58.72538,6.38628],[-58.72747,6.38731],[-58.7279,6.38694],[-58.729,6.38676],[-58.72992,6.38694],[-58.73034,6.38605],[-58.73274,6.38458],[-58.73443,6.38317],[-58.73558,6.3826],[-58.73755,6.38228],[-58.73931,6.38151],[-58.7405,6.38133],[-58.74127,6.38078],[-58.7426,6.38078],[-58.74473,6.38172],[-58.74615,6.38151],[-58.7469,6.38103],[-58.7487,6.3804],[-58.74962,6.37974],[-58.75157,6.37983],[-58.7536,6.38064],[-58.75539,6.38234],[-58.75608,6.38266],[-58.75699,6.3818],[-58.75799,6.3814],[-58.75843,6.38171],[-58.76008,6.38159],[-58.76061,6.38296],[-58.7609,6.38205],[-58.76258,6.38287],[-58.76349,6.3836],[-58.76457,6.38307],[-58.76611,6.38364],[-58.76677,6.38417],[-58.76721,6.38518],[-58.76798,6.38575],[-58.76946,6.38832],[-58.76936,6.38956],[-58.77051,6.3896],[-58.77222,6.38931],[-58.77493,6.39008],[-58.77693,6.39017],[-58.77811,6.38988],[-58.77938,6.39046],[-58.77987,6.39107],[-58.78069,6.39111],[-58.78136,6.39246],[-58.78251,6.39337],[-58.78302,6.39494],[-58.78419,6.39515],[-58.78535,6.3948],[-58.78606,6.39363],[-58.78673,6.39352],[-58.7869,6.39452],[-58.78751,6.39449],[-58.78847,6.39384],[-58.78886,6.39261],[-58.792,6.39161],[-58.79403,6.39205],[-58.79591,6.39168],[-58.79703,6.39201],[-58.79936,6.39345],[-58.80043,6.3945],[-58.80124,6.39674],[-58.80245,6.39785],[-58.8028,6.39853],[-58.80373,6.39915],[-58.80359,6.4001],[-58.80393,6.40126],[-58.80608,6.40194],[-58.80613,6.40281],[-58.80691,6.40299],[-58.80722,6.40354],[-58.8071,6.40455],[-58.80774,6.40681],[-58.80763,6.40752],[-58.8066,6.40836],[-58.80543,6.40853],[-58.80431,6.40907],[-58.80355,6.41024],[-58.80289,6.412],[-58.80307,6.41258],[-58.80378,6.41263],[-58.80459,6.41496],[-58.80657,6.41493],[-58.80759,6.41522],[-58.80923,6.41498],[-58.8108,6.41512],[-58.81244,6.41568],[-58.81381,6.41578],[-58.81474,6.41631],[-58.81481,6.41673],[-58.8302,6.39369],[-58.7629,6.35765],[-58.76162,6.35759],[-58.7609,6.35716],[-58.75985,6.35589],[-58.75916,6.35549],[-58.75821,6.35565],[-58.75725,6.35652],[-58.75389,6.35873],[-58.75346,6.35875],[-58.74909,6.35723],[-58.74676,6.35675],[-58.74218,6.35676],[-58.74168,6.35722],[-58.73941,6.35848],[-58.7383,6.36014],[-58.73818,6.36141],[-58.73727,6.36229],[-58.73416,6.36431],[-58.73304,6.36516],[-58.73182,6.36732],[-58.73087,6.36805],[-58.72962,6.36847],[-58.72795,6.36852],[-58.72743,6.36885],[-58.72666,6.37041],[-58.7256,6.37129],[-58.72455,6.37169],[-58.72346,6.37294],[-58.7228,6.37506],[-58.72214,6.37613],[-58.72042,6.3803],[-58.72105,6.38145],[-58.72116,6.38248],[-58.72036,6.38395],[-58.72037,6.38522]]],[[[-58.78941,6.44164],[-58.79106,6.43988],[-58.79213,6.43841],[-58.79335,6.43573],[-58.79351,6.43447],[-58.79418,6.43313],[-58.79516,6.43206],[-58.79641,6.43131],[-58.79907,6.43049],[-58.80174,6.42924],[-58.80338,6.42926],[-58.80398,6.42897],[-58.80263,6.42552],[-58.80276,6.42338],[-58.80266,6.42214],[-58.80116,6.42155],[-58.80045,6.42165],[-58.79921,6.42062],[-58.79927,6.4196],[-58.79862,6.41906],[-58.7957,6.41796],[-58.79414,6.41822],[-58.79254,6.41695],[-58.79032,6.41686],[-58.78937,6.41565],[-58.78837,6.41545],[-58.78707,6.41558],[-58.78597,6.41537],[-58.78545,6.41473],[-58.78376,6.41423],[-58.78289,6.41303],[-58.78238,6.41273],[-58.78066,6.4131],[-58.77947,6.41265],[-58.77704,6.41266],[-58.77526,6.4131],[-58.77466,6.41296],[-58.77294,6.41108],[-58.77246,6.40911],[-58.772,6.40833],[-58.77074,6.40755],[-58.76978,6.40768],[-58.76768,6.40759],[-58.76748,6.40626],[-58.7667,6.40592],[-58.76628,6.40498],[-58.76494,6.40444],[-58.76478,6.40321],[-58.76362,6.40228],[-58.76241,6.40068],[-58.76081,6.39888],[-58.75918,6.39783],[-58.75841,6.39669],[-58.75671,6.39509],[-58.75496,6.39455],[-58.75419,6.39356],[-58.75405,6.39205],[-58.75466,6.39093],[-58.75445,6.38952],[-58.75311,6.38891],[-58.75106,6.38849],[-58.74892,6.38871],[-58.74499,6.38874],[-58.74339,6.3894],[-58.73987,6.38937],[-58.7341,6.39181],[-58.73141,6.39385],[-58.73028,6.39436],[-58.72845,6.39474],[-58.72752,6.3947],[-58.7265,6.39424],[-58.72369,6.39386],[-58.72125,6.39301],[-58.71992,6.39291],[-58.71903,6.39324],[-58.719,6.39388],[-58.7202,6.39409],[-58.71929,6.39482],[-58.72025,6.39562],[-58.71978,6.39692],[-58.72048,6.39815],[-58.7212,6.40039],[-58.7208,6.40295],[-58.72151,6.40442],[-58.72157,6.4052],[-58.72221,6.40583],[-58.72227,6.40655],[-58.72194,6.40804],[-58.72181,6.40974],[-58.72157,6.41008],[-58.72161,6.41209],[-58.72193,6.41276],[-58.72356,6.41425],[-58.72442,6.41569],[-58.72535,6.41663],[-58.72623,6.41792],[-58.7891,6.44747],[-58.78932,6.44678],[-58.78894,6.44299],[-58.78941,6.44164]]]]},"properties":{"Name":"Batavia","Region":0,"Grant_No":"0","Acres":0,"Plan_Numbe":0}}
]}