{"type":"FeatureCollection", "features": [
{"type":"Feature","geometry":{"type":"Polygon","coordinates":[[[-57.58546,6.36912],[-57.58545,6.36911],[-57.58541,6.36903],[-57.5854,6.36901],[-57.58537,6.36897],[-57.58535,6.36895],[-57.58532,6.36891],[-57.5853,6.3689],[-57.58379,6.36567],[-57.58214,6.36188],[-57.58126,6.35952],[-57.58021,6.35689],[-57.57989,6.35607],[-57.57895,6.35356],[-57.56921,6.35292],[-57.56986,6.35459],[-57.57078,6.35891],[-57.57375,6.36862],[-57.5738,6.36986],[-57.5757,6.37484],[-57.57697,6.37708],[-57.58546,6.36912]]]},"properties":{"ID":"196","Constituen":"7","NDC":"Bath-Woodley Park","NAME":"Waterloo Jib","RDC":"5","REGION":"Mahaica-Berbice","Pop_2012":3137}},
{"type":"Feature","geometry":{"type":"Polygon","coordinates":[[[-57.58546,6.36912],[-57.5865,6.36829],[-57.58922,6.36581],[-57.58896,6.36546],[-57.59003,6.36499],[-57.59019,6.36489],[-57.59021,6.36488],[-57.59393,6.36185],[-57.59395,6.36183],[-57.59403,6.36175],[-57.59651,6.35942],[-57.59652,6.35941],[-57.59645,6.35922],[-57.60049,6.35561],[-57.60925,6.34771],[-57.6203,6.33766],[-57.62771,6.33106],[-57.62408,6.32697],[-57.62351,6.32744],[-57.62316,6.32773],[-57.62098,6.32974],[-57.61979,6.33078],[-57.61778,6.33263],[-57.61772,6.33268],[-57.61659,6.33372],[-57.61585,6.33438],[-57.61521,6.33497],[-57.61067,6.33916],[-57.60808,6.34155],[-57.60561,6.34382],[-57.60471,6.34466],[-57.60274,6.34647],[-57.6005,6.34854],[-57.59372,6.35479],[-57.59319,6.35528],[-57.59318,6.35529],[-57.59308,6.35537],[-57.59059,6.3575],[-57.58904,6.35892],[-57.58689,6.3601],[-57.5862,6.36037],[-57.58573,6.36056],[-57.58215,6.36188],[-57.58214,6.36188],[-57.58379,6.36567],[-57.5853,6.3689],[-57.58532,6.36891],[-57.58535,6.36895],[-57.58537,6.36897],[-57.5854,6.36901],[-57.58541,6.36903],[-57.58545,6.36911],[-57.58546,6.36912]]]},"properties":{"ID":"191","Constituen":"4","NDC":"Bath-Woodley Park","NAME":"Waterloo","RDC":"5","REGION":"Mahaica-Berbice","Pop_2012":744}},
{"type":"Feature","geometry":{"type":"Polygon","coordinates":[[[-57.59209,6.38352],[-57.59532,6.38063],[-57.59773,6.37846],[-57.60235,6.37428],[-57.60272,6.37397],[-57.60531,6.37177],[-57.60537,6.37172],[-57.60693,6.3706],[-57.60738,6.37021],[-57.61344,6.36463],[-57.61659,6.36149],[-57.63092,6.34855],[-57.63225,6.3474],[-57.6378,6.34241],[-57.63429,6.33851],[-57.6221,6.34932],[-57.6193,6.35198],[-57.61627,6.35447],[-57.61304,6.35742],[-57.6132,6.35745],[-57.60959,6.36066],[-57.60008,6.36986],[-57.59218,6.377],[-57.59006,6.37902],[-57.59131,6.38173],[-57.59209,6.38352]]]},"properties":{"ID":"20","Constituen":"2","NDC":"Bath-Woodley Park","NAME":"Bath","RDC":"5","REGION":"Mahaica-Berbice","Pop_2012":3}},
{"type":"Feature","geometry":{"type":"Polygon","coordinates":[[[-57.63429,6.33851],[-57.63113,6.33497],[-57.62289,6.34227],[-57.61172,6.35268],[-57.60472,6.35889],[-57.59759,6.36533],[-57.58775,6.37394],[-57.59006,6.37902],[-57.59218,6.377],[-57.60008,6.36986],[-57.60959,6.36066],[-57.6132,6.35745],[-57.61304,6.35742],[-57.61627,6.35447],[-57.6193,6.35198],[-57.6221,6.34932],[-57.63429,6.33851]]]},"properties":{"ID":"76","Constituen":"2","NDC":"Bath-Woodley Park","NAME":"Experiment","RDC":"5","REGION":"Mahaica-Berbice","Pop_2012":350}},
{"type":"Feature","geometry":{"type":"Polygon","coordinates":[[[-57.58546,6.36912],[-57.58612,6.37047],[-57.58775,6.37394],[-57.59759,6.36533],[-57.60472,6.35889],[-57.61172,6.35268],[-57.62289,6.34227],[-57.63113,6.33497],[-57.62771,6.33106],[-57.6203,6.33766],[-57.60925,6.34771],[-57.60049,6.35561],[-57.59645,6.35922],[-57.59652,6.35941],[-57.59651,6.35942],[-57.59403,6.36175],[-57.59395,6.36183],[-57.59393,6.36185],[-57.59021,6.36488],[-57.59019,6.36489],[-57.59003,6.36499],[-57.58896,6.36546],[-57.58922,6.36581],[-57.5865,6.36829],[-57.58546,6.36912]]]},"properties":{"ID":"101","Constituen":"2","NDC":"Bath-Woodley Park","NAME":"Hope","RDC":"5","REGION":"Mahaica-Berbice","Pop_2012":827}},
{"type":"Feature","geometry":{"type":"Polygon","coordinates":[[[-57.6005,6.34854],[-57.58931,6.34767],[-57.58919,6.34766],[-57.5797,6.34692],[-57.57872,6.34684],[-57.57777,6.34677],[-57.57636,6.34667],[-57.56786,6.34608],[-57.56777,6.34607],[-57.56805,6.34679],[-57.56931,6.35292],[-57.58083,6.35368],[-57.58361,6.35388],[-57.58529,6.35401],[-57.59372,6.35479],[-57.6005,6.34854]]]},"properties":{"ID":"203","Constituen":"9","NDC":"Bath-Woodley Park","NAME":"Woodley Park","RDC":"5","REGION":"Mahaica-Berbice","Pop_2012":1091}},
{"type":"Feature","geometry":{"type":"Polygon","coordinates":[[[-57.6944,6.51121],[-57.69819,6.51433],[-57.70408,6.50922],[-57.70999,6.5038],[-57.71577,6.49906],[-57.71899,6.49587],[-57.71948,6.49554],[-57.71949,6.49552],[-57.72127,6.49289],[-57.72398,6.49201],[-57.72675,6.4924],[-57.72782,6.49347],[-57.72725,6.49479],[-57.72758,6.4963],[-57.72843,6.49736],[-57.72866,6.49877],[-57.72995,6.50063],[-57.73015,6.50062],[-57.73196,6.49996],[-57.73475,6.49786],[-57.73738,6.49645],[-57.73809,6.4957],[-57.74115,6.49278],[-57.74159,6.49082],[-57.74071,6.48991],[-57.73681,6.48934],[-57.7358,6.48854],[-57.7351,6.48732],[-57.73418,6.48715],[-57.73207,6.4883],[-57.73052,6.48821],[-57.72874,6.48622],[-57.72754,6.4828],[-57.72725,6.48199],[-57.7188,6.48944],[-57.7111,6.49649],[-57.70522,6.50152],[-57.69682,6.50887],[-57.6944,6.51121]]]},"properties":{"ID":"71","Constituen":"2","NDC":"Profit / Rising Sun","NAME":"El Dorado","RDC":"5","REGION":"Mahaica-Berbice","Pop_2012":643}},
{"type":"Feature","geometry":{"type":"Polygon","coordinates":[[[-57.69819,6.51433],[-57.70579,6.52062],[-57.70689,6.52024],[-57.70866,6.52178],[-57.7095,6.52299],[-57.71158,6.52399],[-57.71717,6.51876],[-57.72445,6.51258],[-57.72855,6.50936],[-57.72832,6.50933],[-57.72694,6.50847],[-57.72763,6.50613],[-57.72734,6.50548],[-57.72587,6.50531],[-57.72456,6.50476],[-57.72343,6.50302],[-57.7221,6.50155],[-57.72175,6.49917],[-57.72011,6.49853],[-57.71943,6.49784],[-57.7193,6.49616],[-57.71948,6.49554],[-57.71899,6.49587],[-57.71577,6.49906],[-57.70999,6.5038],[-57.70408,6.50922],[-57.69819,6.51433]]]},"properties":{"ID":"82","Constituen":"1","NDC":"Profit / Rising Sun","NAME":"Foulis","RDC":"5","REGION":"Mahaica-Berbice","Pop_2012":226}},
{"type":"Feature","geometry":{"type":"Polygon","coordinates":[[[-57.68396,6.50027],[-57.68733,6.50393],[-57.69823,6.49407],[-57.71576,6.47867],[-57.72473,6.47174],[-57.72475,6.47142],[-57.72526,6.47001],[-57.72699,6.46841],[-57.72977,6.46849],[-57.73157,6.46704],[-57.73185,6.466],[-57.73118,6.4637],[-57.72931,6.46038],[-57.72917,6.46028],[-57.70614,6.48059],[-57.69236,6.49266],[-57.68396,6.50027]]]},"properties":{"ID":"89","Constituen":"5","NDC":"Profit / Rising Sun","NAME":"Golden Fleece","RDC":"5","REGION":"Mahaica-Berbice","Pop_2012":363}},
{"type":"Feature","geometry":{"type":"Polygon","coordinates":[[[-57.68733,6.50393],[-57.69058,6.50755],[-57.70056,6.4988],[-57.71475,6.48652],[-57.72523,6.47721],[-57.7251,6.47663],[-57.72478,6.47482],[-57.72471,6.47199],[-57.72473,6.47174],[-57.71576,6.47867],[-57.69823,6.49407],[-57.68733,6.50393]]]},"properties":{"ID":"146","Constituen":"4","NDC":"Profit / Rising Sun","NAME":"Paradise","RDC":"5","REGION":"Mahaica-Berbice","Pop_2012":868}},
{"type":"Feature","geometry":{"type":"Polygon","coordinates":[[[-57.72471,6.45775],[-57.72464,6.45763],[-57.72377,6.45469],[-57.72372,6.4517],[-57.70764,6.46522],[-57.68326,6.48671],[-57.67671,6.49264],[-57.67847,6.49431],[-57.67877,6.49498],[-57.68048,6.49653],[-57.68985,6.48832],[-57.69675,6.48191],[-57.70404,6.47565],[-57.71216,6.46849],[-57.71967,6.462],[-57.72471,6.45775]]]},"properties":{"ID":"102","Constituen":"6","NDC":"Profit / Rising Sun","NAME":"Hope","RDC":"5","REGION":"Mahaica-Berbice","Pop_2012":10}},
{"type":"Feature","geometry":{"type":"Polygon","coordinates":[[[-57.72725,6.48199],[-57.72716,6.48174],[-57.72587,6.47946],[-57.72534,6.47771],[-57.72523,6.47721],[-57.71475,6.48652],[-57.70056,6.4988],[-57.69058,6.50755],[-57.69239,6.50963],[-57.6944,6.51121],[-57.69682,6.50887],[-57.70522,6.50152],[-57.7111,6.49649],[-57.7188,6.48944],[-57.72725,6.48199]]]},"properties":{"ID":"25","Constituen":"3","NDC":"Profit / Rising Sun","NAME":"Belladrum","RDC":"5","REGION":"Mahaica-Berbice","Pop_2012":777}},
{"type":"Feature","geometry":{"type":"Polygon","coordinates":[[[-57.7232,6.44587],[-57.72304,6.4449],[-57.72271,6.44198],[-57.72346,6.44006],[-57.7239,6.43777],[-57.72412,6.43678],[-57.72185,6.43923],[-57.71774,6.4431],[-57.71167,6.44817],[-57.71066,6.44907],[-57.70279,6.45602],[-57.69448,6.46331],[-57.69424,6.46352],[-57.69285,6.46474],[-57.68862,6.46856],[-57.68294,6.47369],[-57.6753,6.48027],[-57.66994,6.48498],[-57.67213,6.48755],[-57.67319,6.48874],[-57.67343,6.48909],[-57.67345,6.48913],[-57.68491,6.47921],[-57.69002,6.47459],[-57.69631,6.46873],[-57.70103,6.46459],[-57.71802,6.45013],[-57.7232,6.44587]]]},"properties":{"ID":"163","Constituen":"6","NDC":"Profit / Rising Sun","NAME":"Rising Sun","RDC":"5","REGION":"Mahaica-Berbice","Pop_2012":80}},
{"type":"Feature","geometry":{"type":"Polygon","coordinates":[[[-57.72372,6.4517],[-57.72379,6.45067],[-57.72368,6.4478],[-57.7232,6.44589],[-57.7232,6.44587],[-57.71802,6.45013],[-57.70103,6.46459],[-57.69631,6.46873],[-57.69002,6.47459],[-57.68491,6.47921],[-57.67345,6.48913],[-57.67343,6.48909],[-57.67339,6.48913],[-57.67671,6.49264],[-57.68326,6.48671],[-57.70764,6.46522],[-57.72372,6.4517]]]},"properties":{"ID":"190","Constituen":"6","NDC":"Profit / Rising Sun","NAME":"Washington","RDC":"5","REGION":"Mahaica-Berbice","Pop_2012":135}},
{"type":"Feature","geometry":{"type":"Polygon","coordinates":[[[-57.71158,6.52399],[-57.71821,6.52772],[-57.71924,6.529],[-57.72142,6.53027],[-57.72924,6.5366],[-57.73435,6.54131],[-57.73915,6.54523],[-57.74118,6.54547],[-57.74121,6.54543],[-57.74127,6.54534],[-57.74128,6.54534],[-57.7413,6.54531],[-57.74144,6.54503],[-57.74144,6.54501],[-57.74146,6.54477],[-57.74148,6.54448],[-57.74152,6.54401],[-57.74155,6.54347],[-57.74052,6.5415],[-57.74029,6.54139],[-57.7398,6.54113],[-57.73978,6.54112],[-57.73661,6.54099],[-57.73555,6.53998],[-57.73545,6.53996],[-57.73543,6.53996],[-57.73522,6.53991],[-57.7347,6.54006],[-57.73459,6.54011],[-57.73441,6.54017],[-57.73417,6.54026],[-57.73396,6.5403],[-57.73341,6.53957],[-57.73317,6.53928],[-57.73302,6.53911],[-57.73266,6.53871],[-57.73265,6.5387],[-57.73262,6.53867],[-57.73236,6.53846],[-57.73232,6.53826],[-57.73232,6.53824],[-57.73245,6.53806],[-57.73305,6.53749],[-57.73318,6.53735],[-57.7336,6.53695],[-57.73379,6.53672],[-57.73392,6.53656],[-57.73407,6.53625],[-57.73413,6.53618],[-57.73443,6.53583],[-57.73481,6.53484],[-57.73463,6.53356],[-57.73439,6.53331],[-57.73412,6.5333],[-57.73285,6.53347],[-57.73244,6.53305],[-57.73201,6.53246],[-57.73187,6.53218],[-57.73185,6.53214],[-57.73181,6.53202],[-57.73178,6.53187],[-57.73167,6.53149],[-57.73153,6.53109],[-57.73172,6.53038],[-57.73291,6.5303],[-57.73394,6.52968],[-57.73297,6.52864],[-57.73216,6.52797],[-57.73286,6.5274],[-57.73381,6.52608],[-57.73391,6.52504],[-57.73346,6.52362],[-57.73365,6.5223],[-57.73341,6.52117],[-57.73208,6.52091],[-57.73142,6.52075],[-57.73026,6.52015],[-57.73041,6.51938],[-57.73144,6.51753],[-57.73015,6.51646],[-57.72934,6.51397],[-57.72848,6.51306],[-57.72867,6.51203],[-57.72941,6.51135],[-57.72962,6.50995],[-57.7292,6.50948],[-57.72881,6.50939],[-57.72855,6.50936],[-57.72445,6.51258],[-57.71717,6.51876],[-57.71158,6.52399]]]},"properties":{"ID":"155","Constituen":"1","NDC":"Profit / Rising Sun","NAME":"Profit","RDC":"5","REGION":"Mahaica-Berbice","Pop_2012":200}},
{"type":"Feature","geometry":{"type":"Polygon","coordinates":[[[-57.72917,6.46028],[-57.72892,6.4601],[-57.72622,6.45932],[-57.72504,6.45829],[-57.72471,6.45775],[-57.71967,6.462],[-57.71216,6.46849],[-57.70404,6.47565],[-57.69675,6.48191],[-57.68985,6.48832],[-57.68048,6.49653],[-57.68396,6.50027],[-57.69236,6.49266],[-57.70614,6.48059],[-57.72917,6.46028]]]},"properties":{"ID":"197","Constituen":"6","NDC":"Profit / Rising Sun","NAME":"Weldaad","RDC":"5","REGION":"Mahaica-Berbice","Pop_2012":285}},
{"type":"Feature","geometry":{"type":"Polygon","coordinates":[[[-57.80792,6.57252],[-57.79814,6.56983],[-57.79761,6.56968],[-57.79737,6.5699],[-57.79613,6.57112],[-57.7996,6.57203],[-57.80756,6.57421],[-57.80792,6.57252]]]},"properties":{"ID":"34","Constituen":"7","NDC":"Woodlands/Farm","NAME":"Blenheim","RDC":"5","REGION":"Mahaica-Berbice","Pop_2012":284}},
{"type":"Feature","geometry":{"type":"Polygon","coordinates":[[[-57.82403,6.57326],[-57.82433,6.57156],[-57.82294,6.57117],[-57.80333,6.5657],[-57.79738,6.5642],[-57.79725,6.56448],[-57.79738,6.56516],[-57.79755,6.56572],[-57.79764,6.56601],[-57.7996,6.56655],[-57.82403,6.57326]]]},"properties":{"ID":"61","Constituen":"8","NDC":"Woodlands/Farm","NAME":"Dankbarheid","RDC":"5","REGION":"Mahaica-Berbice","Pop_2012":4}},
{"type":"Feature","geometry":{"type":"Polygon","coordinates":[[[-57.79764,6.56601],[-57.79775,6.56633],[-57.79802,6.56693],[-57.7981,6.56745],[-57.80107,6.56816],[-57.80401,6.56907],[-57.81327,6.57158],[-57.8238,6.57455],[-57.82403,6.57326],[-57.7996,6.56655],[-57.79764,6.56601]]]},"properties":{"ID":"173","Constituen":"8","NDC":"Woodlands/Farm","NAME":"Sophia","RDC":"5","REGION":"Mahaica-Berbice","Pop_2012":9}},
{"type":"Feature","geometry":{"type":"Polygon","coordinates":[[[-57.80792,6.57252],[-57.81113,6.57342],[-57.81453,6.57437],[-57.81802,6.57534],[-57.82154,6.57636],[-57.82339,6.57682],[-57.8236,6.57577],[-57.81531,6.57337],[-57.80123,6.56945],[-57.8003,6.56918],[-57.7988,6.5688],[-57.79879,6.5688],[-57.79862,6.56869],[-57.7985,6.56863],[-57.79821,6.56853],[-57.79821,6.56858],[-57.79816,6.56895],[-57.79815,6.56902],[-57.79811,6.56924],[-57.7979,6.56944],[-57.79761,6.56968],[-57.79814,6.56983],[-57.80792,6.57252]]]},"properties":{"ID":"211","Constituen":"9","NDC":"Woodlands/Farm","NAME":"Zeskenderen","RDC":"5","REGION":"Mahaica-Berbice","Pop_2012":676}},
{"type":"Feature","geometry":{"type":"Polygon","coordinates":[[[-57.7981,6.56745],[-57.79826,6.56818],[-57.79823,6.56841],[-57.79822,6.56852],[-57.79821,6.56853],[-57.7985,6.56863],[-57.79862,6.56869],[-57.79879,6.5688],[-57.7988,6.5688],[-57.8003,6.56918],[-57.80123,6.56945],[-57.81531,6.57337],[-57.8236,6.57577],[-57.8238,6.57455],[-57.81327,6.57158],[-57.80401,6.56907],[-57.80107,6.56816],[-57.7981,6.56745]]]},"properties":{"ID":"116","Constituen":"8","NDC":"Woodlands/Farm","NAME":"L'Enterprise","RDC":"5","REGION":"Mahaica-Berbice","Pop_2012":51}},
{"type":"Feature","geometry":{"type":"Polygon","coordinates":[[[-57.79613,6.57112],[-57.79612,6.57113],[-57.7961,6.57115],[-57.7961,6.57116],[-57.796,6.57117],[-57.79569,6.57131],[-57.79484,6.57211],[-57.79472,6.57239],[-57.79423,6.57349],[-57.79386,6.57422],[-57.79408,6.57427],[-57.80235,6.57654],[-57.80686,6.57788],[-57.80756,6.57421],[-57.7996,6.57203],[-57.79613,6.57112]]]},"properties":{"ID":"123","Constituen":"6","NDC":"Woodlands/Farm","NAME":"Mary","RDC":"5","REGION":"Mahaica-Berbice","Pop_2012":568}},
{"type":"Feature","geometry":{"type":"Polygon","coordinates":[[[-57.83998,6.58125],[-57.84143,6.57629],[-57.8414,6.57628],[-57.83797,6.57542],[-57.83784,6.57539],[-57.83618,6.58146],[-57.83163,6.59724],[-57.8307,6.60078],[-57.82974,6.60366],[-57.82828,6.60867],[-57.82837,6.60889],[-57.82464,6.62148],[-57.82309,6.62699],[-57.8229,6.62765],[-57.82584,6.63046],[-57.83032,6.61465],[-57.83754,6.59013],[-57.83998,6.58125]]]},"properties":{"ID":"41","Constituen":"","NDC":"Woodlands/Farm","NAME":"Bushy Park","RDC":"5","REGION":"Mahaica-Berbice","Pop_2012":19}},
{"type":"Feature","geometry":{"type":"Polygon","coordinates":[[[-57.82584,6.63046],[-57.82864,6.63326],[-57.83078,6.62609],[-57.83142,6.6235],[-57.83502,6.61129],[-57.83686,6.60465],[-57.84336,6.58223],[-57.83998,6.58125],[-57.83754,6.59013],[-57.83032,6.61465],[-57.82584,6.63046]]]},"properties":{"ID":"149","Constituen":"","NDC":"Woodlands/Farm","NAME":"Perseverance","RDC":"5","REGION":"Mahaica-Berbice","Pop_2012":194}},
{"type":"Feature","geometry":{"type":"Polygon","coordinates":[[[-57.82864,6.63326],[-57.83159,6.63598],[-57.8345,6.62548],[-57.83649,6.6189],[-57.83836,6.61185],[-57.84397,6.59272],[-57.84661,6.58312],[-57.84336,6.58223],[-57.83686,6.60465],[-57.83502,6.61129],[-57.83142,6.6235],[-57.83078,6.62609],[-57.82864,6.63326]]]},"properties":{"ID":"27","Constituen":"","NDC":"Woodlands/Farm","NAME":"Belmont","RDC":"5","REGION":"Mahaica-Berbice","Pop_2012":53}},
{"type":"Feature","geometry":{"type":"Polygon","coordinates":[[[-57.83159,6.63598],[-57.83386,6.63812],[-57.83495,6.63697],[-57.83575,6.63381],[-57.83964,6.62093],[-57.83971,6.62009],[-57.84233,6.61125],[-57.84472,6.60282],[-57.84596,6.59878],[-57.84829,6.59067],[-57.84897,6.58859],[-57.85025,6.58402],[-57.84661,6.58312],[-57.84397,6.59272],[-57.83836,6.61185],[-57.83649,6.6189],[-57.8345,6.62548],[-57.83159,6.63598]]]},"properties":{"ID":"56","Constituen":"","NDC":"Woodlands/Farm","NAME":"Cottage","RDC":"5","REGION":"Mahaica-Berbice","Pop_2012":302}},
{"type":"Feature","geometry":{"type":"Polygon","coordinates":[[[-57.83386,6.63812],[-57.83711,6.64142],[-57.84067,6.62869],[-57.8421,6.62315],[-57.84312,6.62001],[-57.84396,6.61671],[-57.8492,6.59789],[-57.8496,6.59768],[-57.85191,6.58944],[-57.84897,6.58859],[-57.84829,6.59067],[-57.84596,6.59878],[-57.84472,6.60282],[-57.84233,6.61125],[-57.83971,6.62009],[-57.83964,6.62093],[-57.83575,6.63381],[-57.83495,6.63697],[-57.83386,6.63812]]]},"properties":{"ID":"153","Constituen":"","NDC":"Woodlands/Farm","NAME":"Planters Hall","RDC":"5","REGION":"Mahaica-Berbice","Pop_2012":96}},
{"type":"Feature","geometry":{"type":"Polygon","coordinates":[[[-57.83711,6.64142],[-57.84,6.64437],[-57.84412,6.6296],[-57.84657,6.62002],[-57.84945,6.61004],[-57.85508,6.59033],[-57.85191,6.58944],[-57.8496,6.59768],[-57.8492,6.59789],[-57.84396,6.61671],[-57.84312,6.62001],[-57.8421,6.62315],[-57.84067,6.62869],[-57.83711,6.64142]]]},"properties":{"ID":"207","Constituen":"4","NDC":"Woodlands/Farm","NAME":"Zealand","RDC":"5","REGION":"Mahaica-Berbice","Pop_2012":65}},
{"type":"Feature","geometry":{"type":"Polygon","coordinates":[[[-57.84,6.64437],[-57.84276,6.64713],[-57.84565,6.63757],[-57.84824,6.62823],[-57.84975,6.62341],[-57.85292,6.61236],[-57.85321,6.61108],[-57.85892,6.59144],[-57.85508,6.59033],[-57.84945,6.61004],[-57.84657,6.62002],[-57.84412,6.6296],[-57.84,6.64437]]]},"properties":{"ID":"65","Constituen":"4","NDC":"Woodlands/Farm","NAME":"De Kinderen","RDC":"5","REGION":"Mahaica-Berbice","Pop_2012":37}},
{"type":"Feature","geometry":{"type":"Polygon","coordinates":[[[-57.84276,6.64713],[-57.8449,6.64902],[-57.84583,6.65016],[-57.85185,6.62928],[-57.85613,6.61463],[-57.86028,6.59967],[-57.86234,6.59243],[-57.85892,6.59144],[-57.85321,6.61108],[-57.85292,6.61236],[-57.84975,6.62341],[-57.84824,6.62823],[-57.84565,6.63757],[-57.84276,6.64713]]]},"properties":{"ID":"157","Constituen":"4","NDC":"Woodlands/Farm","NAME":"Quaker's Hall","RDC":"5","REGION":"Mahaica-Berbice","Pop_2012":126}},
{"type":"Feature","geometry":{"type":"Polygon","coordinates":[[[-57.86692,6.60257],[-57.86671,6.60279],[-57.86359,6.61396],[-57.86005,6.62626],[-57.85847,6.63193],[-57.85797,6.63336],[-57.85581,6.6407],[-57.85465,6.64496],[-57.85153,6.65574],[-57.85288,6.65736],[-57.85439,6.65855],[-57.85728,6.64871],[-57.86262,6.63002],[-57.86355,6.6266],[-57.86567,6.6195],[-57.86829,6.61041],[-57.86908,6.60783],[-57.8701,6.60416],[-57.87028,6.60356],[-57.86692,6.60257]]]},"properties":{"ID":"38","Constituen":"3","NDC":"Woodlands/Farm","NAME":"Broomhall","RDC":"5","REGION":"Mahaica-Berbice","Pop_2012":93}},
{"type":"Feature","geometry":{"type":"Polygon","coordinates":[[[-57.84583,6.65016],[-57.84868,6.65294],[-57.85504,6.63126],[-57.85825,6.61987],[-57.86431,6.59897],[-57.86582,6.59342],[-57.86234,6.59243],[-57.86028,6.59967],[-57.85613,6.61463],[-57.85185,6.62928],[-57.84583,6.65016]]]},"properties":{"ID":"21","Constituen":"4","NDC":"Woodlands/Farm","NAME":"Bath","RDC":"5","REGION":"Mahaica-Berbice","Pop_2012":76}},
{"type":"Feature","geometry":{"type":"Polygon","coordinates":[[[-57.86692,6.60257],[-57.86807,6.59924],[-57.86872,6.59926],[-57.86995,6.59531],[-57.87028,6.59405],[-57.86683,6.59386],[-57.86582,6.59342],[-57.86431,6.59897],[-57.85825,6.61987],[-57.85504,6.63126],[-57.84868,6.65294],[-57.85153,6.65574],[-57.85465,6.64496],[-57.85581,6.6407],[-57.85797,6.63336],[-57.85847,6.63193],[-57.86005,6.62626],[-57.86359,6.61396],[-57.86671,6.60279],[-57.86692,6.60257]]]},"properties":{"ID":"78","Constituen":"3","NDC":"Woodlands/Farm","NAME":"Fairfield","RDC":"5","REGION":"Mahaica-Berbice","Pop_2012":137}},
{"type":"Feature","geometry":{"type":"Polygon","coordinates":[[[-57.86872,6.59926],[-57.87942,6.60223],[-57.88588,6.60416],[-57.8918,6.60582],[-57.89159,6.60139],[-57.88899,6.60061],[-57.87595,6.59702],[-57.86995,6.59531],[-57.86872,6.59926]]]},"properties":{"ID":"154","Constituen":"1","NDC":"Woodlands/Farm","NAME":"Posts","RDC":"5","REGION":"Mahaica-Berbice","Pop_2012":0}},
{"type":"Feature","geometry":{"type":"Polygon","coordinates":[[[-57.8701,6.60416],[-57.88893,6.60926],[-57.88912,6.60894],[-57.89276,6.60988],[-57.89215,6.60856],[-57.8918,6.60582],[-57.88588,6.60416],[-57.87942,6.60223],[-57.86872,6.59926],[-57.86807,6.59924],[-57.86692,6.60257],[-57.87028,6.60356],[-57.8701,6.60416]]]},"properties":{"ID":"130","Constituen":"1","NDC":"Woodlands/Farm","NAME":"Mulheim","RDC":"5","REGION":"Mahaica-Berbice","Pop_2012":16}},
{"type":"Feature","geometry":{"type":"Polygon","coordinates":[[[-57.86908,6.60783],[-57.89667,6.61546],[-57.89682,6.61537],[-57.89557,6.61295],[-57.89276,6.60988],[-57.88912,6.60894],[-57.88893,6.60926],[-57.8701,6.60416],[-57.86908,6.60783]]]},"properties":{"ID":"94","Constituen":"1","NDC":"Woodlands/Farm","NAME":"Grove","RDC":"5","REGION":"Mahaica-Berbice","Pop_2012":222}},
{"type":"Feature","geometry":{"type":"Polygon","coordinates":[[[-57.86829,6.61041],[-57.87174,6.61136],[-57.89747,6.61843],[-57.89757,6.61837],[-57.89682,6.61537],[-57.89667,6.61546],[-57.86908,6.60783],[-57.86829,6.61041]]]},"properties":{"ID":"86","Constituen":"1","NDC":"Woodlands/Farm","NAME":"Chapmans","RDC":"5","REGION":"Mahaica-Berbice","Pop_2012":32}},
{"type":"Feature","geometry":{"type":"Polygon","coordinates":[[[-57.85439,6.65855],[-57.85605,6.65972],[-57.85748,6.66123],[-57.86126,6.64799],[-57.86206,6.64482],[-57.8636,6.63977],[-57.86835,6.62339],[-57.87082,6.61466],[-57.87174,6.61136],[-57.86829,6.61041],[-57.86567,6.6195],[-57.86355,6.6266],[-57.86262,6.63002],[-57.85728,6.64871],[-57.85439,6.65855]]]},"properties":{"ID":"45","Constituen":"3","NDC":"Woodlands/Farm","NAME":"Carlton Hall","RDC":"5","REGION":"Mahaica-Berbice","Pop_2012":4}},
{"type":"Feature","geometry":{"type":"Polygon","coordinates":[[[-57.85748,6.66123],[-57.85891,6.66273],[-57.86465,6.64183],[-57.8727,6.61519],[-57.87082,6.61466],[-57.86835,6.62339],[-57.8636,6.63977],[-57.86206,6.64482],[-57.86126,6.64799],[-57.85748,6.66123]]]},"properties":{"ID":"158","Constituen":"3","NDC":"Woodlands/Farm","NAME":"Rebecca's Rust","RDC":"5","REGION":"Mahaica-Berbice","Pop_2012":66}},
{"type":"Feature","geometry":{"type":"Polygon","coordinates":[[[-57.87174,6.61136],[-57.87082,6.61466],[-57.8727,6.61519],[-57.87451,6.61569],[-57.87726,6.61643],[-57.8798,6.61711],[-57.87989,6.61671],[-57.88439,6.61807],[-57.89014,6.61965],[-57.8981,6.62164],[-57.89757,6.61837],[-57.89747,6.61843],[-57.87174,6.61136]]]},"properties":{"ID":"50","Constituen":"1","NDC":"Woodlands/Farm","NAME":"Geruchy and Ruyters","RDC":"5","REGION":"Mahaica-Berbice","Pop_2012":5}},
{"type":"Feature","geometry":{"type":"Polygon","coordinates":[[[-57.87451,6.61569],[-57.87307,6.62071],[-57.87239,6.62254],[-57.87123,6.62668],[-57.86456,6.64981],[-57.86059,6.66381],[-57.86342,6.66567],[-57.86855,6.64813],[-57.86994,6.64237],[-57.87437,6.62644],[-57.87488,6.62454],[-57.87526,6.62316],[-57.87571,6.62144],[-57.87676,6.61821],[-57.87726,6.61643],[-57.87451,6.61569]]]},"properties":{"ID":"156","Constituen":"3","NDC":"Woodlands/Farm","NAME":"Prospect","RDC":"5","REGION":"Mahaica-Berbice","Pop_2012":47}},
{"type":"Feature","geometry":{"type":"Polygon","coordinates":[[[-57.85891,6.66273],[-57.86059,6.66381],[-57.86456,6.64981],[-57.87123,6.62668],[-57.87239,6.62254],[-57.87307,6.62071],[-57.87451,6.61569],[-57.8727,6.61519],[-57.86465,6.64183],[-57.85891,6.66273]]]},"properties":{"ID":"99","Constituen":"3","NDC":"Woodlands/Farm","NAME":"Harmony Hall","RDC":"5","REGION":"Mahaica-Berbice","Pop_2012":83}},
{"type":"Feature","geometry":{"type":"Polygon","coordinates":[[[-57.87526,6.62316],[-57.89633,6.62906],[-57.89904,6.62975],[-57.8989,6.62788],[-57.88402,6.62379],[-57.87571,6.62144],[-57.87526,6.62316]]]},"properties":{"ID":"111","Constituen":"1","NDC":"Woodlands/Farm","NAME":"Frederica Johanna","RDC":"5","REGION":"Mahaica-Berbice","Pop_2012":51}},
{"type":"Feature","geometry":{"type":"Polygon","coordinates":[[[-57.87571,6.62144],[-57.88402,6.62379],[-57.8989,6.62788],[-57.8982,6.62416],[-57.89443,6.62305],[-57.87676,6.61821],[-57.87571,6.62144]]]},"properties":{"ID":"183","Constituen":"1","NDC":"Woodlands/Farm","NAME":"Tyder Drft","RDC":"5","REGION":"Mahaica-Berbice","Pop_2012":77}},
{"type":"Feature","geometry":{"type":"Polygon","coordinates":[[[-57.87437,6.62644],[-57.87774,6.62757],[-57.88032,6.6282],[-57.88192,6.62858],[-57.90224,6.63433],[-57.89987,6.63151],[-57.8885,6.62836],[-57.87679,6.62498],[-57.87488,6.62454],[-57.87437,6.62644]]]},"properties":{"ID":"160","Constituen":"1","NDC":"Woodlands/Farm","NAME":"Regenbach","RDC":"5","REGION":"Mahaica-Berbice","Pop_2012":76}},
{"type":"Feature","geometry":{"type":"Polygon","coordinates":[[[-57.86342,6.66567],[-57.86427,6.66607],[-57.86471,6.66527],[-57.86679,6.66707],[-57.86778,6.66324],[-57.87178,6.64906],[-57.87312,6.64394],[-57.87415,6.64043],[-57.87647,6.63193],[-57.87774,6.62757],[-57.87437,6.62644],[-57.86994,6.64237],[-57.86855,6.64813],[-57.86342,6.66567]]]},"properties":{"ID":"88","Constituen":"3","NDC":"Woodlands/Farm","NAME":"Glazier's Lust","RDC":"5","REGION":"Mahaica-Berbice","Pop_2012":55}},
{"type":"Feature","geometry":{"type":"Polygon","coordinates":[[[-57.87774,6.62757],[-57.87647,6.63193],[-57.87415,6.64043],[-57.87312,6.64394],[-57.87178,6.64906],[-57.86778,6.66324],[-57.86679,6.66707],[-57.86984,6.67002],[-57.87186,6.66265],[-57.87415,6.65464],[-57.87609,6.64747],[-57.87678,6.64532],[-57.87832,6.63896],[-57.87943,6.63534],[-57.8785,6.63508],[-57.87925,6.63202],[-57.87975,6.63033],[-57.88032,6.6282],[-57.87774,6.62757]]]},"properties":{"ID":"53","Constituen":"3","NDC":"Woodlands/Farm","NAME":"Columbia","RDC":"5","REGION":"Mahaica-Berbice","Pop_2012":34}},
{"type":"Feature","geometry":{"type":"Polygon","coordinates":[[[-57.90804,6.64685],[-57.90726,6.64493],[-57.90714,6.64282],[-57.89911,6.64059],[-57.8956,6.63975],[-57.88235,6.63613],[-57.88147,6.63954],[-57.88206,6.6397],[-57.88346,6.64009],[-57.89331,6.64273],[-57.89954,6.64452],[-57.90804,6.64685]]]},"properties":{"ID":"117","Constituen":"1","NDC":"Woodlands/Farm","NAME":"La Jeanette","RDC":"5","REGION":"Mahaica-Berbice","Pop_2012":32}},
{"type":"Feature","geometry":{"type":"Polygon","coordinates":[[[-57.88032,6.6282],[-57.87975,6.63033],[-57.88863,6.63272],[-57.903,6.63673],[-57.9052,6.63709],[-57.90224,6.63433],[-57.88192,6.62858],[-57.88032,6.6282]]]},"properties":{"ID":"37","Constituen":"1","NDC":"Woodlands/Farm","NAME":"Broek en Waterland","RDC":"5","REGION":"Mahaica-Berbice","Pop_2012":51}},
{"type":"Feature","geometry":{"type":"Polygon","coordinates":[[[-57.87943,6.63534],[-57.88235,6.63613],[-57.8956,6.63975],[-57.89911,6.64059],[-57.90714,6.64282],[-57.90725,6.64094],[-57.90693,6.63963],[-57.90247,6.63849],[-57.87925,6.63202],[-57.8785,6.63508],[-57.87943,6.63534]]]},"properties":{"ID":"114","Constituen":"1","NDC":"Woodlands/Farm","NAME":"Klyzenaar","RDC":"5","REGION":"Mahaica-Berbice","Pop_2012":15}},
{"type":"Feature","geometry":{"type":"Polygon","coordinates":[[[-57.87925,6.63202],[-57.90247,6.63849],[-57.90693,6.63963],[-57.90652,6.63819],[-57.9052,6.63709],[-57.903,6.63673],[-57.88863,6.63272],[-57.87975,6.63033],[-57.87925,6.63202]]]},"properties":{"ID":"66","Constituen":"1","NDC":"Woodlands/Farm","NAME":"De Kinderen","RDC":"5","REGION":"Mahaica-Berbice","Pop_2012":37}},
{"type":"Feature","geometry":{"type":"Polygon","coordinates":[[[-57.88346,6.64009],[-57.88297,6.64176],[-57.88484,6.64224],[-57.8882,6.64316],[-57.90542,6.64786],[-57.90919,6.64878],[-57.90804,6.64685],[-57.89954,6.64452],[-57.89331,6.64273],[-57.88346,6.64009]]]},"properties":{"ID":"1","Constituen":"1","NDC":"Woodlands/Farm","NAME":"","RDC":"5","REGION":"Mahaica-Berbice","Pop_2012":0}},
{"type":"Feature","geometry":{"type":"Polygon","coordinates":[[[-57.88206,6.6397],[-57.88006,6.64706],[-57.87276,6.67286],[-57.87461,6.67431],[-57.87551,6.67546],[-57.88072,6.65675],[-57.88484,6.64224],[-57.88297,6.64176],[-57.88346,6.64009],[-57.88206,6.6397]]]},"properties":{"ID":"55","Constituen":"3","NDC":"Woodlands/Farm","NAME":"Content","RDC":"5","REGION":"Mahaica-Berbice","Pop_2012":29}},
{"type":"Feature","geometry":{"type":"Polygon","coordinates":[[[-57.86984,6.67002],[-57.87044,6.67083],[-57.87276,6.67286],[-57.88006,6.64706],[-57.88206,6.6397],[-57.88147,6.63954],[-57.88235,6.63613],[-57.87943,6.63534],[-57.87832,6.63896],[-57.87678,6.64532],[-57.87609,6.64747],[-57.87415,6.65464],[-57.87186,6.66265],[-57.86984,6.67002]]]},"properties":{"ID":"62","Constituen":"3","NDC":"Woodlands/Farm","NAME":"Dantzig","RDC":"5","REGION":"Mahaica-Berbice","Pop_2012":41}},
{"type":"Feature","geometry":{"type":"Polygon","coordinates":[[[-57.91944,6.6556],[-57.91817,6.65376],[-57.91284,6.65204],[-57.91155,6.65122],[-57.91095,6.65134],[-57.90588,6.64976],[-57.89114,6.64581],[-57.89056,6.64798],[-57.89428,6.64895],[-57.91456,6.65459],[-57.91895,6.65577],[-57.91944,6.6556]]]},"properties":{"ID":"64","Constituen":"1","NDC":"Woodlands/Farm","NAME":"Noitgetdach","RDC":"5","REGION":"Mahaica-Berbice","Pop_2012":34}},
{"type":"Feature","geometry":{"type":"Polygon","coordinates":[[[-57.8882,6.64316],[-57.88772,6.64484],[-57.89114,6.64581],[-57.90588,6.64976],[-57.91095,6.65134],[-57.91155,6.65122],[-57.90973,6.64963],[-57.90919,6.64878],[-57.90542,6.64786],[-57.8882,6.64316]]]},"properties":{"ID":"67","Constituen":"1","NDC":"Woodlands/Farm","NAME":"De Vriend","RDC":"5","REGION":"Mahaica-Berbice","Pop_2012":15}},
{"type":"Feature","geometry":{"type":"Polygon","coordinates":[[[-57.92171,6.66029],[-57.9204,6.65776],[-57.92011,6.65781],[-57.90081,6.65254],[-57.89638,6.65138],[-57.89584,6.65336],[-57.90341,6.65541],[-57.91042,6.65739],[-57.92133,6.66036],[-57.92171,6.66029]]]},"properties":{"ID":"100","Constituen":"1","NDC":"Woodlands/Farm","NAME":"Hensden","RDC":"5","REGION":"Mahaica-Berbice","Pop_2012":0}},
{"type":"Feature","geometry":{"type":"Polygon","coordinates":[[[-57.89584,6.65336],[-57.89539,6.65504],[-57.92235,6.66214],[-57.92171,6.66029],[-57.92133,6.66036],[-57.91042,6.65739],[-57.90341,6.65541],[-57.89584,6.65336]]]},"properties":{"ID":"13","Constituen":"1","NDC":"Woodlands/Farm","NAME":"Adventure","RDC":"5","REGION":"Mahaica-Berbice","Pop_2012":1}},
{"type":"Feature","geometry":{"type":"Polygon","coordinates":[[[-57.89428,6.64895],[-57.89387,6.65072],[-57.89638,6.65138],[-57.90081,6.65254],[-57.92011,6.65781],[-57.9204,6.65776],[-57.91944,6.6556],[-57.91895,6.65577],[-57.91456,6.65459],[-57.89428,6.64895]]]},"properties":{"ID":"72","Constituen":"1","NDC":"Woodlands/Farm","NAME":"Endeavour","RDC":"5","REGION":"Mahaica-Berbice","Pop_2012":16}},
{"type":"Feature","geometry":{"type":"Polygon","coordinates":[[[-57.89539,6.65504],[-57.89494,6.6567],[-57.90055,6.6582],[-57.91322,6.66173],[-57.92298,6.66439],[-57.92235,6.66214],[-57.89539,6.65504]]]},"properties":{"ID":"132","Constituen":"1","NDC":"Woodlands/Farm","NAME":"Neufchatel","RDC":"5","REGION":"Mahaica-Berbice","Pop_2012":2}},
{"type":"Feature","geometry":{"type":"Polygon","coordinates":[[[-57.91642,6.67939],[-57.91156,6.67797],[-57.90352,6.67586],[-57.89061,6.67227],[-57.88967,6.67573],[-57.89982,6.67861],[-57.91569,6.68286],[-57.91642,6.67939]]]},"properties":{"ID":"19","Constituen":"1","NDC":"Woodlands/Farm","NAME":"Batavia","RDC":"5","REGION":"Mahaica-Berbice","Pop_2012":0}},
{"type":"Feature","geometry":{"type":"Polygon","coordinates":[[[-57.88967,6.67573],[-57.88777,6.68276],[-57.89726,6.6853],[-57.90529,6.68757],[-57.90963,6.68878],[-57.91368,6.68982],[-57.91537,6.68754],[-57.91561,6.68585],[-57.91569,6.68286],[-57.89982,6.67861],[-57.88967,6.67573]]]},"properties":{"ID":"115","Constituen":"1","NDC":"Woodlands/Farm","NAME":"L'Amitie","RDC":"5","REGION":"Mahaica-Berbice","Pop_2012":0}},
{"type":"Feature","geometry":{"type":"Polygon","coordinates":[[[-57.89494,6.6567],[-57.89395,6.66019],[-57.89763,6.66112],[-57.90105,6.66213],[-57.90107,6.66214],[-57.91266,6.66516],[-57.92124,6.66747],[-57.92456,6.66843],[-57.92486,6.66789],[-57.92404,6.66605],[-57.92298,6.66439],[-57.91322,6.66173],[-57.90055,6.6582],[-57.89494,6.6567]]]},"properties":{"ID":"188","Constituen":"1","NDC":"Woodlands/Farm","NAME":"Vevay","RDC":"5","REGION":"Mahaica-Berbice","Pop_2012":90}},
{"type":"Feature","geometry":{"type":"Polygon","coordinates":[[[-57.90592,6.70292],[-57.90591,6.70294],[-57.90594,6.70295],[-57.90592,6.70292]]]},"properties":{"ID":"200","Constituen":"","NDC":"Woodlands/Farm","NAME":"Woodlands","RDC":"5","REGION":"Mahaica-Berbice","Pop_2012":0}},
{"type":"Feature","geometry":{"type":"Polygon","coordinates":[[[-57.91642,6.67939],[-57.9177,6.67599],[-57.9115,6.67422],[-57.90167,6.67157],[-57.8915,6.66894],[-57.89061,6.67227],[-57.90352,6.67586],[-57.91156,6.67797],[-57.91642,6.67939]]]},"properties":{"ID":"182","Constituen":"1","NDC":"Woodlands/Farm","NAME":"Trois Amis","RDC":"5","REGION":"Mahaica-Berbice","Pop_2012":0}},
{"type":"Feature","geometry":{"type":"Polygon","coordinates":[[[-57.89395,6.66019],[-57.89344,6.66197],[-57.90366,6.66467],[-57.91492,6.66779],[-57.91784,6.66854],[-57.919,6.66905],[-57.92337,6.67018],[-57.92456,6.66843],[-57.92124,6.66747],[-57.91266,6.66516],[-57.90107,6.66214],[-57.90105,6.66213],[-57.89763,6.66112],[-57.89395,6.66019]]]},"properties":{"ID":"42","Constituen":"1","NDC":"Woodlands/Farm","NAME":"Bygeval","RDC":"5","REGION":"Mahaica-Berbice","Pop_2012":253}},
{"type":"Feature","geometry":{"type":"Polygon","coordinates":[[[-57.89344,6.66197],[-57.89295,6.66368],[-57.90942,6.66817],[-57.92212,6.67151],[-57.92337,6.67018],[-57.919,6.66905],[-57.91784,6.66854],[-57.91492,6.66779],[-57.90366,6.66467],[-57.89344,6.66197]]]},"properties":{"ID":"198","Constituen":"1","NDC":"Woodlands/Farm","NAME":"Wihelmina","RDC":"5","REGION":"Mahaica-Berbice","Pop_2012":59}},
{"type":"Feature","geometry":{"type":"Polygon","coordinates":[[[-57.89295,6.66368],[-57.8925,6.66535],[-57.89866,6.66701],[-57.90262,6.66825],[-57.90676,6.66938],[-57.91312,6.6709],[-57.92056,6.67303],[-57.92212,6.67151],[-57.90942,6.66817],[-57.89295,6.66368]]]},"properties":{"ID":"92","Constituen":"1","NDC":"Woodlands/Farm","NAME":"Gorchum","RDC":"5","REGION":"Mahaica-Berbice","Pop_2012":0}},
{"type":"Feature","geometry":{"type":"Polygon","coordinates":[[[-57.9177,6.67599],[-57.91918,6.67393],[-57.92056,6.67303],[-57.91312,6.6709],[-57.90676,6.66938],[-57.90262,6.66825],[-57.89866,6.66701],[-57.8925,6.66535],[-57.8915,6.66894],[-57.90167,6.67157],[-57.9115,6.67422],[-57.9177,6.67599]]]},"properties":{"ID":"2","Constituen":"1","NDC":"Woodlands/Farm","NAME":"","RDC":"5","REGION":"Mahaica-Berbice","Pop_2012":0}},
{"type":"Feature","geometry":{"type":"Polygon","coordinates":[[[-57.70213,6.43634],[-57.70018,6.43346],[-57.70016,6.43347],[-57.70018,6.43349],[-57.666,6.46434],[-57.6568,6.47259],[-57.65925,6.47411],[-57.67476,6.46095],[-57.70213,6.43634]]]},"properties":{"ID":"26","Constituen":"2","NDC":"Seafield / Tempie","NAME":"Belle Vue","RDC":"5","REGION":"Mahaica-Berbice","Pop_2012":99}},
{"type":"Feature","geometry":{"type":"Polygon","coordinates":[[[-57.70757,6.44448],[-57.70464,6.44013],[-57.69991,6.44419],[-57.68993,6.4537],[-57.68077,6.4616],[-57.66347,6.47716],[-57.66314,6.47748],[-57.66314,6.47749],[-57.66676,6.48123],[-57.68449,6.46556],[-57.70757,6.44448]]]},"properties":{"ID":"136","Constituen":"1","NDC":"Seafield / Tempie","NAME":"No. 41","RDC":"5","REGION":"Mahaica-Berbice","Pop_2012":221}},
{"type":"Feature","geometry":{"type":"Polygon","coordinates":[[[-57.70016,6.43347],[-57.6974,6.4292],[-57.69737,6.42923],[-57.69326,6.43298],[-57.69178,6.4343],[-57.67866,6.44627],[-57.66925,6.45467],[-57.66652,6.45716],[-57.66464,6.45886],[-57.66294,6.46042],[-57.65998,6.46309],[-57.65851,6.46442],[-57.65748,6.46535],[-57.6569,6.46586],[-57.65603,6.46666],[-57.65476,6.46789],[-57.6543,6.46833],[-57.65327,6.46937],[-57.6568,6.47259],[-57.666,6.46434],[-57.70018,6.43349],[-57.70016,6.43347]]]},"properties":{"ID":"120","Constituen":"3","NDC":"Seafield / Tempie","NAME":"Lichfield","RDC":"5","REGION":"Mahaica-Berbice","Pop_2012":486}},
{"type":"Feature","geometry":{"type":"Polygon","coordinates":[[[-57.6899,6.41792],[-57.68785,6.41459],[-57.68148,6.42014],[-57.66642,6.4335],[-57.64994,6.44822],[-57.6391,6.45821],[-57.6418,6.46034],[-57.6899,6.41792]]]},"properties":{"ID":"35","Constituen":"5","NDC":"Seafield / Tempie","NAME":"Brahn","RDC":"5","REGION":"Mahaica-Berbice","Pop_2012":76}},
{"type":"Feature","geometry":{"type":"Polygon","coordinates":[[[-57.67793,6.40307],[-57.67841,6.40262],[-57.67889,6.40214],[-57.67906,6.40197],[-57.67572,6.39791],[-57.67006,6.40294],[-57.64987,6.42115],[-57.64907,6.42186],[-57.64798,6.42283],[-57.64092,6.42911],[-57.64041,6.42956],[-57.62843,6.4402],[-57.62538,6.44306],[-57.62859,6.44674],[-57.63427,6.44172],[-57.63635,6.43987],[-57.63638,6.43984],[-57.6382,6.43831],[-57.64123,6.43559],[-57.64127,6.43556],[-57.64354,6.4336],[-57.65045,6.42748],[-57.65585,6.42261],[-57.65816,6.42053],[-57.6585,6.42023],[-57.66072,6.41827],[-57.66347,6.41584],[-57.66461,6.41483],[-57.66624,6.41339],[-57.67793,6.40307]]]},"properties":{"ID":"180","Constituen":"8","NDC":"Seafield / Tempie","NAME":"Tempie","RDC":"5","REGION":"Mahaica-Berbice","Pop_2012":295}},
{"type":"Feature","geometry":{"type":"Polygon","coordinates":[[[-57.68478,6.41018],[-57.68348,6.40821],[-57.68328,6.40839],[-57.68332,6.40847],[-57.64516,6.44262],[-57.63321,6.4526],[-57.63529,6.45513],[-57.68478,6.41018]]]},"properties":{"ID":"205","Constituen":"6","NDC":"Seafield / Tempie","NAME":"Yeoville","RDC":"5","REGION":"Mahaica-Berbice","Pop_2012":77}},
{"type":"Feature","geometry":{"type":"Polygon","coordinates":[[[-57.63635,6.43987],[-57.63428,6.44174],[-57.6286,6.44673],[-57.63186,6.45081],[-57.68206,6.40606],[-57.67909,6.40196],[-57.67889,6.40214],[-57.67841,6.40262],[-57.67793,6.40307],[-57.66624,6.41339],[-57.66461,6.41483],[-57.66347,6.41584],[-57.66072,6.41827],[-57.6585,6.42023],[-57.65816,6.42053],[-57.65585,6.42261],[-57.65045,6.42748],[-57.64354,6.4336],[-57.64127,6.43556],[-57.64123,6.43559],[-57.6382,6.43831],[-57.63638,6.43984],[-57.63635,6.43987]]]},"properties":{"ID":"36","Constituen":"7","NDC":"Seafield / Tempie","NAME":"Brittannia","RDC":"5","REGION":"Mahaica-Berbice","Pop_2012":297}},
{"type":"Feature","geometry":{"type":"Polygon","coordinates":[[[-57.71066,6.44907],[-57.71018,6.44838],[-57.70757,6.44448],[-57.68449,6.46556],[-57.66676,6.48123],[-57.66993,6.48497],[-57.67736,6.47845],[-57.68434,6.4724],[-57.68862,6.46856],[-57.69285,6.46474],[-57.69424,6.46352],[-57.69448,6.46331],[-57.70279,6.45602],[-57.71066,6.44907]]]},"properties":{"ID":"171","Constituen":"1","NDC":"Sefield / Tempie","NAME":"Seafield","RDC":"5","REGION":"Mahaica-Berbice","Pop_2012":462}},
{"type":"Feature","geometry":{"type":"Polygon","coordinates":[[[-57.65925,6.47411],[-57.66139,6.47582],[-57.66208,6.47653],[-57.66271,6.47703],[-57.66314,6.47748],[-57.66347,6.47716],[-57.68077,6.4616],[-57.68993,6.4537],[-57.69991,6.44419],[-57.70461,6.44015],[-57.70213,6.43634],[-57.67476,6.46095],[-57.65925,6.47411]]]},"properties":{"ID":"152","Constituen":"2","NDC":"Seafield / Tempie","NAME":"Plantation Ayr (No. 40)","RDC":"5","REGION":"Mahaica-Berbice","Pop_2012":206}},
{"type":"Feature","geometry":{"type":"Polygon","coordinates":[[[-57.69737,6.42923],[-57.69629,6.4276],[-57.65154,6.4675],[-57.65146,6.46757],[-57.65327,6.46937],[-57.65424,6.46838],[-57.65476,6.46789],[-57.65603,6.46666],[-57.6569,6.46586],[-57.65748,6.46535],[-57.65851,6.46442],[-57.65998,6.46309],[-57.66294,6.46042],[-57.66464,6.45886],[-57.66652,6.45716],[-57.66925,6.45467],[-57.67866,6.44627],[-57.69178,6.4343],[-57.69326,6.43298],[-57.69737,6.42923]]]},"properties":{"ID":"57","Constituen":"4","NDC":"Seafield / Tempie","NAME":"Cottage","RDC":"5","REGION":"Mahaica-Berbice","Pop_2012":24}},
{"type":"Feature","geometry":{"type":"Polygon","coordinates":[[[-57.6418,6.46034],[-57.6444,6.46239],[-57.64469,6.46213],[-57.66085,6.44782],[-57.69144,6.42072],[-57.69054,6.41969],[-57.6899,6.41792],[-57.6418,6.46034]]]},"properties":{"ID":"113","Constituen":"5","NDC":"Seafield / Tempie","NAME":"Kingelly","RDC":"5","REGION":"Mahaica-Berbice","Pop_2012":293}},
{"type":"Feature","geometry":{"type":"Polygon","coordinates":[[[-57.64994,6.44822],[-57.66642,6.4335],[-57.68148,6.42014],[-57.68768,6.41464],[-57.68478,6.41018],[-57.63529,6.45513],[-57.63914,6.45812],[-57.64994,6.44822]]]},"properties":{"ID":"165","Constituen":"6","NDC":"Seafield / Tempie","NAME":"Ross","RDC":"5","REGION":"Mahaica-Berbice","Pop_2012":403}},
{"type":"Feature","geometry":{"type":"Polygon","coordinates":[[[-57.68328,6.40839],[-57.68211,6.40614],[-57.68206,6.40606],[-57.63186,6.45081],[-57.63321,6.4526],[-57.64516,6.44262],[-57.68332,6.40847],[-57.68328,6.40839]]]},"properties":{"ID":"51","Constituen":"7","NDC":"Seafield / Tempie","NAME":"Chester","RDC":"5","REGION":"Mahaica-Berbice","Pop_2012":147}},
{"type":"Feature","geometry":{"type":"Polygon","coordinates":[[[-57.75482,6.53119],[-57.75703,6.52268],[-57.75729,6.52161],[-57.75385,6.52077],[-57.75313,6.52395],[-57.75218,6.52815],[-57.75141,6.53168],[-57.74897,6.54103],[-57.74608,6.55277],[-57.74794,6.55514],[-57.74845,6.55559],[-57.75108,6.54617],[-57.75206,6.5424],[-57.75342,6.53674],[-57.75482,6.53119]]]},"properties":{"ID":"47","Constituen":"9","NDC":"Mahaicony/Abary","NAME":"Catherine","RDC":"5","REGION":"Mahaica-Berbice","Pop_2012":405}},
{"type":"Feature","geometry":{"type":"Polygon","coordinates":[[[-57.75385,6.52077],[-57.7535,6.52069],[-57.75045,6.51988],[-57.75031,6.52028],[-57.75025,6.52054],[-57.75,6.52159],[-57.74992,6.52193],[-57.74807,6.52942],[-57.74664,6.53527],[-57.74473,6.54268],[-57.74447,6.54383],[-57.74331,6.54863],[-57.74608,6.55278],[-57.74897,6.54103],[-57.75141,6.53168],[-57.75218,6.52815],[-57.75313,6.52395],[-57.75385,6.52077]]]},"properties":{"ID":"8","Constituen":"9","NDC":"Mahaicony/Abary","NAME":"Abary","RDC":"5","REGION":"Mahaica-Berbice","Pop_2012":215}},
{"type":"Feature","geometry":{"type":"Polygon","coordinates":[[[-57.74845,6.55559],[-57.74845,6.5556],[-57.7516,6.55857],[-57.75492,6.54583],[-57.75547,6.54345],[-57.7583,6.53261],[-57.75903,6.53008],[-57.76066,6.52361],[-57.76061,6.52359],[-57.75826,6.52297],[-57.75703,6.52268],[-57.75482,6.53119],[-57.75342,6.53674],[-57.75206,6.5424],[-57.75108,6.54617],[-57.74845,6.55559]]]},"properties":{"ID":"43","Constituen":"8","NDC":"Mahaicony/Abary","NAME":"Calcutta","RDC":"5","REGION":"Mahaica-Berbice","Pop_2012":892}},
{"type":"Feature","geometry":{"type":"Polygon","coordinates":[[[-57.74121,6.54543],[-57.7414,6.54583],[-57.74195,6.5467],[-57.74331,6.54863],[-57.74447,6.54383],[-57.74473,6.54268],[-57.74664,6.53527],[-57.74807,6.52942],[-57.74992,6.52193],[-57.75,6.52159],[-57.74961,6.52166],[-57.74808,6.52041],[-57.74608,6.51909],[-57.74542,6.51883],[-57.74413,6.51714],[-57.74391,6.51741],[-57.74278,6.52214],[-57.74162,6.5264],[-57.74076,6.53013],[-57.7394,6.53521],[-57.73899,6.53772],[-57.74039,6.53861],[-57.7398,6.54113],[-57.74029,6.54139],[-57.74052,6.5415],[-57.74155,6.54347],[-57.74152,6.54401],[-57.74148,6.54448],[-57.74146,6.54477],[-57.74144,6.54501],[-57.74144,6.54503],[-57.7413,6.54531],[-57.74128,6.54534],[-57.74127,6.54534],[-57.74121,6.54543]]]},"properties":{"ID":"166","Constituen":"9","NDC":"Mahaicony/Abary","NAME":"San Souci","RDC":"5","REGION":"Mahaica-Berbice","Pop_2012":0}},
{"type":"Feature","geometry":{"type":"Polygon","coordinates":[[[-57.75492,6.54583],[-57.75161,6.55857],[-57.7547,6.56139],[-57.75666,6.55381],[-57.75867,6.54534],[-57.76185,6.53312],[-57.76183,6.53259],[-57.76184,6.53252],[-57.76199,6.53193],[-57.76323,6.52731],[-57.76393,6.52444],[-57.76061,6.52359],[-57.76066,6.52361],[-57.75903,6.53008],[-57.7583,6.53261],[-57.75547,6.54345],[-57.75492,6.54583]]]},"properties":{"ID":"159","Constituen":"7","NDC":"Mahaicony/Abary","NAME":"Recess","RDC":"5","REGION":"Mahaica-Berbice","Pop_2012":204}},
{"type":"Feature","geometry":{"type":"Polygon","coordinates":[[[-57.75666,6.55381],[-57.7547,6.56139],[-57.75901,6.56559],[-57.75977,6.56258],[-57.76187,6.55409],[-57.76709,6.53395],[-57.76704,6.53393],[-57.76507,6.5334],[-57.76184,6.53252],[-57.76183,6.53259],[-57.76185,6.53312],[-57.75867,6.54534],[-57.75666,6.55381]]]},"properties":{"ID":"91","Constituen":"7","NDC":"Mahaicony/Abary","NAME":"Good Faith","RDC":"5","REGION":"Mahaica-Berbice","Pop_2012":461}},
{"type":"Feature","geometry":{"type":"Polygon","coordinates":[[[-57.77398,6.5423],[-57.77113,6.53946],[-57.77061,6.54133],[-57.76752,6.55346],[-57.76555,6.56091],[-57.76326,6.56963],[-57.76322,6.5696],[-57.76322,6.56961],[-57.76544,6.57227],[-57.76618,6.57281],[-57.77144,6.55208],[-57.77398,6.5423]]]},"properties":{"ID":"69","Constituen":"5","NDC":"Mahaicony/Abary","NAME":"Dundee","RDC":"5","REGION":"Mahaica-Berbice","Pop_2012":583}},
{"type":"Feature","geometry":{"type":"Polygon","coordinates":[[[-57.77972,6.54829],[-57.77464,6.56813],[-57.77416,6.57029],[-57.77246,6.57701],[-57.77539,6.57857],[-57.77799,6.56947],[-57.78018,6.56086],[-57.78173,6.55412],[-57.78266,6.55065],[-57.77996,6.54834],[-57.77972,6.54829]]]},"properties":{"ID":"105","Constituen":"1","NDC":"Mahaicony/Abary","NAME":"Huntley","RDC":"5","REGION":"Mahaica-Berbice","Pop_2012":393}},
{"type":"Feature","geometry":{"type":"Polygon","coordinates":[[[-57.7919,6.55853],[-57.79185,6.5585],[-57.79185,6.55852],[-57.7919,6.55853]]]},"properties":{"ID":"147","Constituen":"1","NDC":"Mahaicony/Abary","NAME":"Park","RDC":"5","REGION":"Mahaica-Berbice","Pop_2012":12}},
{"type":"Feature","geometry":{"type":"Polygon","coordinates":[[[-57.61597,6.43068],[-57.61653,6.43181],[-57.61867,6.43432],[-57.62018,6.43535],[-57.62086,6.43693],[-57.63003,6.42868],[-57.63349,6.42534],[-57.63908,6.4203],[-57.64011,6.41985],[-57.65505,6.40651],[-57.66084,6.40147],[-57.67087,6.39242],[-57.66539,6.38597],[-57.65741,6.39333],[-57.65341,6.39672],[-57.64376,6.40551],[-57.63645,6.41204],[-57.63394,6.41418],[-57.63219,6.41606],[-57.62563,6.4219],[-57.61597,6.43068]]]},"properties":{"ID":"181","Constituen":"2","NDC":"Union / Naarstigheid","NAME":"Trafalgar","RDC":"5","REGION":"Mahaica-Berbice","Pop_2012":904}},
{"type":"Feature","geometry":{"type":"Polygon","coordinates":[[[-57.59676,6.29243],[-57.59165,6.28618],[-57.58274,6.28359],[-57.56559,6.27861],[-57.56366,6.27807],[-57.5618,6.27755],[-57.55164,6.2749],[-57.5412,6.27227],[-57.53811,6.27137],[-57.53748,6.27121],[-57.53713,6.27112],[-57.53623,6.27091],[-57.53601,6.27088],[-57.53579,6.27085],[-57.53484,6.27062],[-57.5345,6.27055],[-57.53409,6.27047],[-57.53399,6.27094],[-57.53396,6.27553],[-57.53952,6.27686],[-57.54958,6.27959],[-57.5553,6.28108],[-57.56084,6.28286],[-57.56731,6.28453],[-57.57384,6.28631],[-57.57708,6.28728],[-57.58476,6.28935],[-57.5932,6.29194],[-57.59603,6.29297],[-57.59676,6.29243]]]},"properties":{"ID":"164","Constituen":"9","NDC":"Zeelust / Rosignol","NAME":"Rosignol","RDC":"5","REGION":"Mahaica-Berbice","Pop_2012":2939}},
{"type":"Feature","geometry":{"type":"Polygon","coordinates":[[[-57.60274,6.34647],[-57.60247,6.34617],[-57.60018,6.34595],[-57.58838,6.34503],[-57.5831,6.34471],[-57.57614,6.34415],[-57.57394,6.34391],[-57.57164,6.34371],[-57.56708,6.34342],[-57.56775,6.34607],[-57.56777,6.34607],[-57.56786,6.34608],[-57.57636,6.34667],[-57.57777,6.34677],[-57.57872,6.34684],[-57.5797,6.34692],[-57.58919,6.34766],[-57.58931,6.34767],[-57.6005,6.34854],[-57.60274,6.34647]]]},"properties":{"ID":"201","Constituen":"1","NDC":"Woodlands/ Bel Air","NAME":"Woodlands","RDC":"5","REGION":"Mahaica-Berbice","Pop_2012":248}},
{"type":"Feature","geometry":{"type":"Polygon","coordinates":[[[-57.60561,6.34382],[-57.60559,6.3438],[-57.60402,6.34373],[-57.60091,6.34347],[-57.59485,6.34302],[-57.58991,6.34272],[-57.58504,6.34228],[-57.57063,6.34112],[-57.56642,6.34083],[-57.56708,6.34342],[-57.57164,6.34371],[-57.57394,6.34391],[-57.57614,6.34415],[-57.5831,6.34471],[-57.58838,6.34503],[-57.60018,6.34595],[-57.60247,6.34617],[-57.60274,6.34647],[-57.60471,6.34466],[-57.60561,6.34382]]]},"properties":{"ID":"84","Constituen":"1","NDC":"Woodlands/ Bel Ai","NAME":"Friends","RDC":"5","REGION":"Mahaica-Berbice","Pop_2012":45}},
{"type":"Feature","geometry":{"type":"Polygon","coordinates":[[[-57.60808,6.34155],[-57.60746,6.34135],[-57.58212,6.33945],[-57.57609,6.33908],[-57.57213,6.3387],[-57.5658,6.33843],[-57.56642,6.34083],[-57.57063,6.34112],[-57.58504,6.34228],[-57.58991,6.34272],[-57.59485,6.34302],[-57.60091,6.34347],[-57.60402,6.34373],[-57.60559,6.3438],[-57.60561,6.34382],[-57.60808,6.34155]]]},"properties":{"ID":"161","Constituen":"1","NDC":"Woodlands/ Bel Ai","NAME":"No. 9","RDC":"5","REGION":"Mahaica-Berbice","Pop_2012":0}},
{"type":"Feature","geometry":{"type":"Polygon","coordinates":[[[-57.61067,6.33916],[-57.60937,6.339],[-57.60364,6.33863],[-57.59724,6.33811],[-57.5859,6.33737],[-57.58085,6.33692],[-57.56969,6.33618],[-57.56518,6.33573],[-57.5658,6.33843],[-57.57213,6.3387],[-57.57609,6.33908],[-57.58212,6.33945],[-57.60746,6.34135],[-57.60808,6.34155],[-57.61067,6.33916]]]},"properties":{"ID":"75","Constituen":"2","NDC":"Woodlands/ Bel Ai","NAME":"Expectation","RDC":"5","REGION":"Mahaica-Berbice","Pop_2012":439}},
{"type":"Feature","geometry":{"type":"Polygon","coordinates":[[[-57.53396,6.27553],[-57.53424,6.27963],[-57.53493,6.28106],[-57.53711,6.28126],[-57.54028,6.28267],[-57.54249,6.28304],[-57.54963,6.28507],[-57.55093,6.28563],[-57.56846,6.29044],[-57.57195,6.29132],[-57.58521,6.295],[-57.58957,6.29641],[-57.58957,6.29659],[-57.5957,6.29842],[-57.60219,6.30021],[-57.60261,6.29975],[-57.59676,6.29243],[-57.59603,6.29297],[-57.5932,6.29194],[-57.58476,6.28935],[-57.57708,6.28728],[-57.57384,6.28631],[-57.56731,6.28453],[-57.56084,6.28286],[-57.5553,6.28108],[-57.54958,6.27959],[-57.53952,6.27686],[-57.53396,6.27553]]]},"properties":{"ID":"60","Constituen":"7","NDC":"Zeelust / Rosignol","NAME":"D' Edward","RDC":"5","REGION":"Mahaica-Berbice","Pop_2012":1726}},
{"type":"Feature","geometry":{"type":"Polygon","coordinates":[[[-57.75977,6.56258],[-57.759,6.56563],[-57.75984,6.56652],[-57.76103,6.56752],[-57.76217,6.56857],[-57.76265,6.56904],[-57.76322,6.5696],[-57.76326,6.56963],[-57.76555,6.56091],[-57.76752,6.55346],[-57.77061,6.54133],[-57.77113,6.53946],[-57.77114,6.53942],[-57.77104,6.53938],[-57.77113,6.53895],[-57.7712,6.53858],[-57.77207,6.53519],[-57.76704,6.53393],[-57.76709,6.53395],[-57.76187,6.55409],[-57.75977,6.56258]]]},"properties":{"ID":"141","Constituen":"6","NDC":"Mahaicony/Abary","NAME":"Novar","RDC":"5","REGION":"Mahaica-Berbice","Pop_2012":533}},
{"type":"Feature","geometry":{"type":"Polygon","coordinates":[[[-57.58274,6.28359],[-57.59165,6.28616],[-57.59153,6.28535],[-57.5866,6.2791],[-57.5865,6.2798],[-57.58425,6.27894],[-57.57781,6.27709],[-57.56707,6.2743],[-57.56409,6.27336],[-57.55546,6.27082],[-57.54504,6.26807],[-57.53589,6.2649],[-57.53503,6.26824],[-57.53407,6.27047],[-57.53409,6.27047],[-57.5345,6.27055],[-57.53484,6.27062],[-57.53579,6.27085],[-57.53601,6.27088],[-57.53623,6.27091],[-57.53713,6.27112],[-57.53748,6.27121],[-57.53811,6.27137],[-57.5412,6.27227],[-57.55164,6.2749],[-57.5618,6.27755],[-57.56366,6.27807],[-57.56559,6.27861],[-57.58274,6.28359]]]},"properties":{"ID":"172","Constituen":"1","NDC":"Blairmont / Gelderland","NAME":"Shieldstown","RDC":"5","REGION":"Mahaica-Berbice","Pop_2012":0}},
{"type":"Feature","geometry":{"type":"Polygon","coordinates":[[[-57.57416,6.2388],[-57.57537,6.23363],[-57.57442,6.23336],[-57.56384,6.23033],[-57.55718,6.22823],[-57.55619,6.22796],[-57.5556,6.22777],[-57.55063,6.22639],[-57.55064,6.22637],[-57.54439,6.22458],[-57.54263,6.22406],[-57.54262,6.22408],[-57.54161,6.22378],[-57.54063,6.22348],[-57.53738,6.22264],[-57.53831,6.22873],[-57.54237,6.22963],[-57.55074,6.23211],[-57.56241,6.23544],[-57.56555,6.23643],[-57.57416,6.2388]]]},"properties":{"ID":"109","Constituen":"9","NDC":"Blairmont / Gelderland","NAME":"Ithaca","RDC":"5","REGION":"Mahaica-Berbice","Pop_2012":427}},
{"type":"Feature","geometry":{"type":"Polygon","coordinates":[[[-57.58266,6.31697],[-57.58863,6.31726],[-57.59534,6.31761],[-57.60493,6.31824],[-57.61045,6.31847],[-57.61032,6.31828],[-57.60034,6.31563],[-57.58819,6.31271],[-57.57494,6.3094],[-57.56435,6.30659],[-57.55764,6.30472],[-57.54404,6.30121],[-57.54575,6.30319],[-57.54877,6.30857],[-57.54959,6.30877],[-57.56204,6.31173],[-57.57316,6.31462],[-57.57745,6.3154],[-57.58177,6.31648],[-57.58266,6.31697]]]},"properties":{"ID":"127","Constituen":"2","NDC":"Zeelust / Rosignol","NAME":"Mon Choisi","RDC":"5","REGION":"Mahaica-Berbice","Pop_2012":523}},
{"type":"Feature","geometry":{"type":"Polygon","coordinates":[[[-57.61045,6.31847],[-57.61047,6.31847],[-57.61852,6.32029],[-57.61381,6.31435],[-57.61345,6.31459],[-57.61162,6.31403],[-57.59582,6.30968],[-57.58717,6.30748],[-57.57779,6.30472],[-57.56044,6.30025],[-57.53769,6.29428],[-57.53986,6.29649],[-57.54404,6.30121],[-57.55764,6.30472],[-57.56435,6.30659],[-57.57494,6.3094],[-57.58819,6.31271],[-57.60034,6.31563],[-57.61032,6.31828],[-57.61045,6.31847]]]},"properties":{"ID":"208","Constituen":"2","NDC":"Zeelust / Rosignol","NAME":"Zee Zeight","RDC":"5","REGION":"Mahaica-Berbice","Pop_2012":830}},
{"type":"Feature","geometry":{"type":"Polygon","coordinates":[[[-57.64041,6.42956],[-57.64092,6.42911],[-57.64798,6.42283],[-57.64907,6.42186],[-57.64984,6.42117],[-57.67226,6.40096],[-57.67573,6.3979],[-57.67087,6.39242],[-57.66084,6.40147],[-57.65505,6.40651],[-57.64011,6.41985],[-57.63908,6.4203],[-57.63349,6.42534],[-57.63003,6.42868],[-57.62086,6.43693],[-57.62198,6.43901],[-57.62536,6.44305],[-57.62815,6.44043],[-57.63523,6.43407],[-57.64041,6.42956]]]},"properties":{"ID":"186","Constituen":"1","NDC":"Union / Naarstigheid","NAME":"Union","RDC":"5","REGION":"Mahaica-Berbice","Pop_2012":816}},
{"type":"Feature","geometry":{"type":"Polygon","coordinates":[[[-57.66539,6.38597],[-57.66255,6.38274],[-57.65182,6.3925],[-57.64544,6.39812],[-57.63763,6.40535],[-57.63688,6.40575],[-57.63383,6.40865],[-57.63163,6.41053],[-57.62103,6.41923],[-57.61305,6.42682],[-57.61421,6.42842],[-57.6157,6.42986],[-57.61597,6.43068],[-57.62563,6.4219],[-57.63219,6.41606],[-57.63394,6.41418],[-57.63645,6.41204],[-57.64376,6.40551],[-57.65341,6.39672],[-57.65741,6.39333],[-57.66539,6.38597]]]},"properties":{"ID":"144","Constituen":"3","NDC":"Union / Naarstigheid","NAME":"Onverwagt","RDC":"5","REGION":"Mahaica-Berbice","Pop_2012":107}},
{"type":"Feature","geometry":{"type":"Polygon","coordinates":[[[-57.60638,6.41894],[-57.6082,6.42153],[-57.60945,6.42296],[-57.6124,6.42027],[-57.62138,6.41271],[-57.62583,6.40923],[-57.64242,6.39411],[-57.64435,6.39219],[-57.64804,6.38902],[-57.65764,6.3805],[-57.65939,6.37908],[-57.65608,6.37532],[-57.63925,6.39045],[-57.62883,6.39917],[-57.62309,6.40426],[-57.61882,6.40787],[-57.60966,6.41586],[-57.60638,6.41894]]]},"properties":{"ID":"90","Constituen":"3","NDC":"Union / Naarstigheid","NAME":"Golden Grove","RDC":"5","REGION":"Mahaica-Berbice","Pop_2012":213}},
{"type":"Feature","geometry":{"type":"Polygon","coordinates":[[[-57.66255,6.38274],[-57.65939,6.37908],[-57.65764,6.3805],[-57.64804,6.38902],[-57.64435,6.39219],[-57.64242,6.39411],[-57.62583,6.40923],[-57.62138,6.41271],[-57.6124,6.42027],[-57.60945,6.42296],[-57.61129,6.42472],[-57.61305,6.42682],[-57.62103,6.41923],[-57.63163,6.41053],[-57.63383,6.40865],[-57.63688,6.40575],[-57.63763,6.40535],[-57.64544,6.39812],[-57.65182,6.3925],[-57.66255,6.38274]]]},"properties":{"ID":"121","Constituen":"3","NDC":"Union / Naarstigheid","NAME":"Lovely Lass","RDC":"5","REGION":"Mahaica-Berbice","Pop_2012":601}},
{"type":"Feature","geometry":{"type":"Polygon","coordinates":[[[-57.60054,6.41067],[-57.6025,6.41335],[-57.60577,6.4103],[-57.61071,6.40598],[-57.62112,6.3967],[-57.6262,6.39241],[-57.63859,6.38166],[-57.64796,6.37314],[-57.65315,6.36859],[-57.65434,6.36842],[-57.65523,6.36707],[-57.66844,6.35555],[-57.67006,6.35335],[-57.67036,6.35073],[-57.66976,6.34895],[-57.6612,6.3563],[-57.65379,6.36286],[-57.64622,6.36942],[-57.63877,6.37629],[-57.62563,6.38769],[-57.6167,6.39585],[-57.61387,6.39857],[-57.60512,6.40629],[-57.60054,6.41067]]]},"properties":{"ID":"16","Constituen":"6","NDC":"Union / Naarstigheid","NAME":"Armadale","RDC":"5","REGION":"Mahaica-Berbice","Pop_2012":314}},
{"type":"Feature","geometry":{"type":"Polygon","coordinates":[[[-57.66441,6.34267],[-57.66271,6.34072],[-57.65523,6.34758],[-57.64824,6.35373],[-57.64505,6.3569],[-57.64178,6.35967],[-57.63712,6.36391],[-57.63451,6.3664],[-57.62851,6.3718],[-57.62052,6.37885],[-57.61576,6.38322],[-57.61257,6.3859],[-57.60934,6.38893],[-57.59803,6.39902],[-57.59403,6.40276],[-57.59541,6.40487],[-57.60398,6.39711],[-57.60827,6.39342],[-57.61083,6.39099],[-57.61982,6.3828],[-57.63252,6.37115],[-57.64408,6.36096],[-57.65597,6.35023],[-57.66229,6.34471],[-57.66441,6.34267]]]},"properties":{"ID":"104","Constituen":"8","NDC":"Union / Naarstigheid","NAME":"Hopetown","RDC":"5","REGION":"Mahaica-Berbice","Pop_2012":1120}},
{"type":"Feature","geometry":{"type":"Polygon","coordinates":[[[-57.66976,6.34895],[-57.66863,6.34738],[-57.66643,6.34499],[-57.66415,6.34686],[-57.65818,6.35226],[-57.65356,6.35619],[-57.64139,6.36716],[-57.63718,6.37129],[-57.62539,6.38168],[-57.62139,6.38512],[-57.6183,6.3882],[-57.6161,6.39007],[-57.60475,6.40002],[-57.59761,6.40653],[-57.60054,6.41067],[-57.60512,6.40629],[-57.61387,6.39857],[-57.6167,6.39585],[-57.62563,6.38769],[-57.63877,6.37629],[-57.64622,6.36942],[-57.65379,6.36286],[-57.6612,6.3563],[-57.66976,6.34895]]]},"properties":{"ID":"23","Constituen":"6","NDC":"Union / Naarstigheid","NAME":"Bel Air","RDC":"5","REGION":"Mahaica-Berbice","Pop_2012":708}},
{"type":"Feature","geometry":{"type":"Polygon","coordinates":[[[-57.58805,6.3945],[-57.58866,6.39504],[-57.59103,6.39874],[-57.59361,6.39642],[-57.60497,6.38648],[-57.62732,6.36611],[-57.63961,6.35514],[-57.648,6.34751],[-57.65756,6.33903],[-57.65955,6.33708],[-57.65656,6.33369],[-57.65246,6.33714],[-57.6455,6.34329],[-57.64312,6.34521],[-57.6403,6.34784],[-57.63209,6.35494],[-57.63038,6.35596],[-57.62155,6.36455],[-57.62016,6.36567],[-57.61015,6.37455],[-57.60709,6.37745],[-57.60265,6.38119],[-57.59807,6.38534],[-57.59255,6.39021],[-57.58805,6.3945]]]},"properties":{"ID":"46","Constituen":"9","NDC":"Union / Naarstigheid","NAME":"Catherinas Lust","RDC":"5","REGION":"Mahaica-Berbice","Pop_2012":85}},
{"type":"Feature","geometry":{"type":"Polygon","coordinates":[[[-57.66271,6.34072],[-57.65955,6.33708],[-57.65756,6.33903],[-57.648,6.34751],[-57.63961,6.35514],[-57.62732,6.36611],[-57.60497,6.38648],[-57.59361,6.39642],[-57.59103,6.39874],[-57.59257,6.40047],[-57.59403,6.40276],[-57.59803,6.39902],[-57.60934,6.38893],[-57.61257,6.3859],[-57.61576,6.38322],[-57.62052,6.37885],[-57.62851,6.3718],[-57.63451,6.3664],[-57.63712,6.36391],[-57.64178,6.35967],[-57.64505,6.3569],[-57.64824,6.35373],[-57.65523,6.34758],[-57.66271,6.34072]]]},"properties":{"ID":"143","Constituen":"9","NDC":"Union / Naarstigheid","NAME":"Onderneeming","RDC":"5","REGION":"Mahaica-Berbice","Pop_2012":311}},
{"type":"Feature","geometry":{"type":"Polygon","coordinates":[[[-57.63225,6.3474],[-57.63092,6.34855],[-57.61659,6.36149],[-57.61344,6.36463],[-57.60738,6.37021],[-57.60693,6.3706],[-57.60537,6.37172],[-57.60531,6.37177],[-57.60272,6.37397],[-57.60235,6.37428],[-57.59773,6.37846],[-57.59532,6.38063],[-57.59209,6.38352],[-57.58981,6.38556],[-57.58587,6.38908],[-57.58493,6.38998],[-57.58574,6.3908],[-57.58645,6.39235],[-57.58751,6.39302],[-57.58805,6.3945],[-57.59255,6.39021],[-57.59807,6.38534],[-57.60265,6.38119],[-57.60709,6.37745],[-57.61015,6.37455],[-57.62016,6.36567],[-57.62155,6.36455],[-57.63038,6.35596],[-57.63209,6.35494],[-57.6403,6.34784],[-57.64312,6.34521],[-57.6455,6.34329],[-57.65246,6.33714],[-57.65656,6.33369],[-57.65283,6.32945],[-57.64599,6.33551],[-57.63225,6.3474]]]},"properties":{"ID":"131","Constituen":"9","NDC":"Union / Naarstigheid","NAME":"Naarstigheid","RDC":"5","REGION":"Mahaica-Berbice","Pop_2012":0}},
{"type":"Feature","geometry":{"type":"Polygon","coordinates":[[[-57.83784,6.57539],[-57.83467,6.57453],[-57.83395,6.57439],[-57.83395,6.57441],[-57.82909,6.59164],[-57.82804,6.59579],[-57.82562,6.60435],[-57.824,6.61046],[-57.82374,6.61099],[-57.82021,6.6235],[-57.8201,6.62392],[-57.82309,6.62699],[-57.82464,6.62148],[-57.82837,6.60889],[-57.82828,6.60867],[-57.82974,6.60366],[-57.8307,6.60078],[-57.83163,6.59724],[-57.83618,6.58146],[-57.83784,6.57539]]]},"properties":{"ID":"142","Constituen":"5","NDC":"Woodlands/Farm","NAME":"Now or Never","RDC":"5","REGION":"Mahaica-Berbice","Pop_2012":150}},
{"type":"Feature","geometry":{"type":"Polygon","coordinates":[[[-57.83395,6.57439],[-57.83135,6.57377],[-57.82887,6.57292],[-57.82607,6.57206],[-57.82597,6.57203],[-57.8252,6.57584],[-57.82181,6.59394],[-57.81909,6.60748],[-57.81657,6.62064],[-57.8164,6.62129],[-57.81744,6.62154],[-57.8201,6.62392],[-57.82021,6.6235],[-57.82374,6.61099],[-57.824,6.61046],[-57.82562,6.60435],[-57.82804,6.59579],[-57.82909,6.59164],[-57.83395,6.57441],[-57.83395,6.57439]]]},"properties":{"ID":"169","Constituen":"5","NDC":"Woodlands/Farm","NAME":"Sarah","RDC":"5","REGION":"Mahaica-Berbice","Pop_2012":33}},
{"type":"Feature","geometry":{"type":"Polygon","coordinates":[[[-57.82403,6.57326],[-57.8238,6.57455],[-57.8236,6.57577],[-57.82339,6.57682],[-57.82154,6.57636],[-57.81959,6.58698],[-57.81905,6.58944],[-57.81789,6.5959],[-57.81642,6.60295],[-57.81413,6.61509],[-57.81358,6.61836],[-57.81657,6.62064],[-57.81909,6.60748],[-57.82181,6.59394],[-57.8252,6.57584],[-57.82597,6.57203],[-57.82439,6.57158],[-57.82433,6.57156],[-57.82403,6.57326]]]},"properties":{"ID":"68","Constituen":"5","NDC":"Woodlands/Farm","NAME":"Drill","RDC":"5","REGION":"Mahaica-Berbice","Pop_2012":16}},
{"type":"Feature","geometry":{"type":"Polygon","coordinates":[[[-57.81453,6.57437],[-57.8098,6.59913],[-57.80772,6.61041],[-57.80734,6.61238],[-57.81022,6.61529],[-57.81198,6.60624],[-57.81802,6.57534],[-57.81453,6.57437]]]},"properties":{"ID":"145","Constituen":"5","NDC":"Woodlands/Farm","NAME":"Ormsary","RDC":"5","REGION":"Mahaica-Berbice","Pop_2012":51}},
{"type":"Feature","geometry":{"type":"Polygon","coordinates":[[[-57.81802,6.57534],[-57.81198,6.60624],[-57.81022,6.61529],[-57.81358,6.61837],[-57.81358,6.61836],[-57.81413,6.61509],[-57.81642,6.60295],[-57.81789,6.5959],[-57.81905,6.58944],[-57.81959,6.58698],[-57.82154,6.57636],[-57.81802,6.57534]]]},"properties":{"ID":"206","Constituen":"5","NDC":"Woodlands/Farm","NAME":"Yorkshire Hall","RDC":"5","REGION":"Mahaica-Berbice","Pop_2012":70}},
{"type":"Feature","geometry":{"type":"Polygon","coordinates":[[[-57.81113,6.57342],[-57.80956,6.58152],[-57.8073,6.59354],[-57.80433,6.60889],[-57.80624,6.61135],[-57.80734,6.6124],[-57.80734,6.61238],[-57.80772,6.61041],[-57.8098,6.59913],[-57.81453,6.57437],[-57.81113,6.57342]]]},"properties":{"ID":"118","Constituen":"5","NDC":"Woodlands/Farm","NAME":"La Raisonable","RDC":"5","REGION":"Mahaica-Berbice","Pop_2012":39}},
{"type":"Feature","geometry":{"type":"Polygon","coordinates":[[[-57.80756,6.57421],[-57.80686,6.57788],[-57.80486,6.5882],[-57.80161,6.60384],[-57.80141,6.60483],[-57.80243,6.60665],[-57.80433,6.60889],[-57.8073,6.59354],[-57.80956,6.58152],[-57.81113,6.57342],[-57.80792,6.57252],[-57.80756,6.57421]]]},"properties":{"ID":"179","Constituen":"5","NDC":"Woodlands/Farm","NAME":"Taymouth Manor","RDC":"5","REGION":"Mahaica-Berbice","Pop_2012":8}},
{"type":"Feature","geometry":{"type":"Polygon","coordinates":[[[-57.79408,6.57427],[-57.79386,6.57422],[-57.79243,6.57699],[-57.79196,6.57765],[-57.79154,6.57842],[-57.79147,6.57859],[-57.79143,6.57871],[-57.7914,6.57889],[-57.79132,6.57915],[-57.79127,6.58038],[-57.79148,6.58155],[-57.79307,6.58301],[-57.79361,6.58383],[-57.79357,6.58394],[-57.79345,6.58426],[-57.79279,6.58506],[-57.79266,6.5854],[-57.79259,6.58605],[-57.7927,6.58645],[-57.79298,6.58709],[-57.79319,6.58724],[-57.79342,6.58748],[-57.79351,6.58756],[-57.79452,6.58778],[-57.79564,6.58733],[-57.79565,6.58733],[-57.79599,6.58734],[-57.79612,6.58736],[-57.79615,6.58738],[-57.79646,6.58754],[-57.79647,6.58755],[-57.7971,6.58808],[-57.79757,6.58896],[-57.79871,6.59246],[-57.79919,6.59359],[-57.79959,6.59419],[-57.80006,6.5951],[-57.80006,6.59511],[-57.79968,6.59567],[-57.79945,6.596],[-57.79945,6.59601],[-57.79922,6.59631],[-57.79902,6.59658],[-57.79901,6.59659],[-57.7984,6.59699],[-57.79945,6.59823],[-57.79923,6.60033],[-57.79969,6.60176],[-57.80141,6.60483],[-57.80161,6.60384],[-57.80486,6.5882],[-57.80686,6.57788],[-57.80235,6.57654],[-57.79408,6.57427]]]},"properties":{"ID":"79","Constituen":"6","NDC":"Woodlands/Farm","NAME":"Farm","RDC":"5","REGION":"Mahaica-Berbice","Pop_2012":0}},
{"type":"Feature","geometry":{"type":"Polygon","coordinates":[[[-57.64469,6.46213],[-57.64508,6.46249],[-57.6457,6.463],[-57.64714,6.46427],[-57.69303,6.42268],[-57.69147,6.42075],[-57.69106,6.42114],[-57.66085,6.44782],[-57.64469,6.46213]]]},"properties":{"ID":"151","Constituen":"4","NDC":"Seafield / Tempie","NAME":"Phoenix","RDC":"5","REGION":"Mahaica-Berbice","Pop_2012":0}},
{"type":"Feature","geometry":{"type":"Polygon","coordinates":[[[-57.6498,6.46571],[-57.69443,6.4248],[-57.69303,6.42268],[-57.64716,6.46425],[-57.6481,6.46423],[-57.6498,6.46571]]]},"properties":{"ID":"128","Constituen":"4","NDC":"Seafield / Tempie","NAME":"Moorpark","RDC":"5","REGION":"Mahaica-Berbice","Pop_2012":40}},
{"type":"Feature","geometry":{"type":"Polygon","coordinates":[[[-57.69629,6.4276],[-57.69443,6.4248],[-57.6498,6.46571],[-57.65154,6.4675],[-57.69629,6.4276]]]},"properties":{"ID":"110","Constituen":"4","NDC":"Seafield / Tempie","NAME":"Jacobs","RDC":"5","REGION":"Mahaica-Berbice","Pop_2012":55}},
{"type":"Feature","geometry":{"type":"Polygon","coordinates":[[[-57.5866,6.2791],[-57.58799,6.26878],[-57.58304,6.26775],[-57.58087,6.26719],[-57.57641,6.26601],[-57.57044,6.26435],[-57.56699,6.2634],[-57.56107,6.26176],[-57.56043,6.2616],[-57.55553,6.26034],[-57.55163,6.25932],[-57.54478,6.25745],[-57.54185,6.25665],[-57.5387,6.2558],[-57.53813,6.25565],[-57.53733,6.25968],[-57.53589,6.2649],[-57.54504,6.26807],[-57.55546,6.27082],[-57.56409,6.27336],[-57.56707,6.2743],[-57.57781,6.27709],[-57.58425,6.27894],[-57.5865,6.2798],[-57.5866,6.2791]]]},"properties":{"ID":"29","Constituen":"1","NDC":"Blairmont / Gelderland","NAME":"Blairmont","RDC":"5","REGION":"Mahaica-Berbice","Pop_2012":0}},
{"type":"Feature","geometry":{"type":"Polygon","coordinates":[[[-57.58799,6.26878],[-57.5884,6.26757],[-57.58868,6.26533],[-57.58835,6.26523],[-57.58486,6.26325],[-57.5842,6.26288],[-57.58378,6.26272],[-57.57877,6.2614],[-57.56898,6.25886],[-57.56896,6.25886],[-57.56807,6.25861],[-57.5628,6.25715],[-57.56016,6.25647],[-57.55287,6.25447],[-57.55168,6.25415],[-57.55051,6.25385],[-57.54975,6.25366],[-57.54927,6.25352],[-57.54762,6.25312],[-57.54742,6.25307],[-57.54687,6.25294],[-57.53872,6.25061],[-57.53813,6.25565],[-57.5387,6.2558],[-57.54185,6.25665],[-57.54478,6.25745],[-57.55163,6.25932],[-57.55553,6.26034],[-57.56043,6.2616],[-57.56107,6.26176],[-57.56699,6.2634],[-57.57044,6.26435],[-57.57641,6.26601],[-57.58087,6.26719],[-57.58304,6.26775],[-57.58799,6.26878]]]},"properties":{"ID":"137","Constituen":"Unclassfied","NDC":"Unclassfied","NAME":"No. 6 (Blairmont Sugar Factory)","RDC":"5","REGION":"Mahaica-Berbice","Pop_2012":62}},
{"type":"Feature","geometry":{"type":"Polygon","coordinates":[[[-57.58868,6.26533],[-57.5887,6.26533],[-57.58952,6.25914],[-57.58891,6.25893],[-57.58676,6.25832],[-57.58603,6.25811],[-57.58179,6.2569],[-57.57407,6.25469],[-57.57275,6.25435],[-57.56264,6.25174],[-57.55766,6.25032],[-57.55181,6.24875],[-57.55004,6.24817],[-57.54871,6.24786],[-57.54786,6.24762],[-57.54689,6.24736],[-57.54653,6.24726],[-57.54563,6.24704],[-57.54405,6.24672],[-57.54018,6.24572],[-57.53942,6.24537],[-57.53872,6.25061],[-57.54687,6.25294],[-57.54742,6.25307],[-57.54762,6.25312],[-57.54927,6.25352],[-57.54975,6.25366],[-57.55051,6.25385],[-57.55168,6.25415],[-57.55287,6.25447],[-57.56016,6.25647],[-57.5628,6.25715],[-57.56807,6.25861],[-57.56896,6.25886],[-57.56898,6.25886],[-57.57877,6.2614],[-57.58378,6.26272],[-57.5842,6.26288],[-57.58486,6.26325],[-57.58835,6.26523],[-57.58868,6.26533]]]},"properties":{"ID":"138","Constituen":"Unclassified","NDC":"Unclassified","NAME":"No. 7 (Blairmont Sugar Factory)","RDC":"5","REGION":"Mahaica-Berbice","Pop_2012":476}},
{"type":"Feature","geometry":{"type":"Polygon","coordinates":[[[-57.53831,6.22873],[-57.53893,6.23133],[-57.53937,6.23514],[-57.54192,6.23539],[-57.54625,6.23657],[-57.54776,6.23613],[-57.55002,6.23508],[-57.55466,6.2364],[-57.55975,6.23788],[-57.5668,6.23978],[-57.57336,6.2416],[-57.57341,6.2414],[-57.57416,6.2388],[-57.56555,6.23643],[-57.56241,6.23544],[-57.55074,6.23211],[-57.54237,6.22963],[-57.53831,6.22873]]]},"properties":{"ID":"212","Constituen":"Unclassfied","NDC":"Unclassfied","NAME":"Zoorg-en-Hoop","RDC":"5","REGION":"Mahaica-Berbice","Pop_2012":1077}},
{"type":"Feature","geometry":{"type":"Polygon","coordinates":[[[-57.58952,6.25914],[-57.5904,6.25373],[-57.5557,6.2446],[-57.55302,6.24377],[-57.54193,6.24066],[-57.53963,6.2407],[-57.53942,6.24537],[-57.54018,6.24572],[-57.54405,6.24672],[-57.54563,6.24704],[-57.54653,6.24726],[-57.54689,6.24736],[-57.54786,6.24762],[-57.54871,6.24786],[-57.55004,6.24817],[-57.55181,6.24875],[-57.55766,6.25032],[-57.56264,6.25174],[-57.57275,6.25435],[-57.57407,6.25469],[-57.58179,6.2569],[-57.58603,6.25811],[-57.58676,6.25832],[-57.58891,6.25893],[-57.58952,6.25914]]]},"properties":{"ID":"139","Constituen":"Unclassfied","NDC":"Unclassified","NAME":"No. 8 (Sugar Factory)","RDC":"5","REGION":"Mahaica-Berbice","Pop_2012":456}},
{"type":"Feature","geometry":{"type":"Polygon","coordinates":[[[-57.53937,6.23514],[-57.53958,6.23687],[-57.53963,6.2407],[-57.54193,6.24066],[-57.55302,6.24377],[-57.5557,6.2446],[-57.5904,6.25373],[-57.5912,6.24892],[-57.59943,6.24926],[-57.60061,6.24926],[-57.59672,6.24821],[-57.59393,6.24744],[-57.58686,6.2454],[-57.58165,6.24401],[-57.5738,6.24174],[-57.57336,6.2416],[-57.5668,6.23978],[-57.55975,6.23788],[-57.55466,6.2364],[-57.55002,6.23508],[-57.54776,6.23613],[-57.54625,6.23657],[-57.54192,6.23539],[-57.53937,6.23514]]]},"properties":{"ID":"140","Constituen":"Unclassified","NDC":"Unclassfied","NAME":"No. 9  Balthyock","RDC":"5","REGION":"Mahaica-Berbice","Pop_2012":370}},
{"type":"Feature","geometry":{"type":"Polygon","coordinates":[[[-57.73015,6.50062],[-57.73147,6.5011],[-57.74706,6.50523],[-57.74545,6.5118],[-57.74413,6.51714],[-57.74542,6.51883],[-57.74608,6.51909],[-57.74808,6.52041],[-57.74961,6.52166],[-57.75,6.52159],[-57.75025,6.52054],[-57.75031,6.52028],[-57.75045,6.51988],[-57.7535,6.52069],[-57.75385,6.52077],[-57.75729,6.52161],[-57.75732,6.52157],[-57.75782,6.52053],[-57.75927,6.51485],[-57.75999,6.5116],[-57.76152,6.50618],[-57.76254,6.50204],[-57.75545,6.5002],[-57.75193,6.49937],[-57.73809,6.4957],[-57.73738,6.49645],[-57.73475,6.49786],[-57.73196,6.49996],[-57.73015,6.50062]]]},"properties":{"ID":"185","Constituen":"9","NDC":"Mahaicony / Abary","NAME":"Unclassified","RDC":"5","REGION":"Mahaica-Berbice","Pop_2012":0}},
{"type":"Feature","geometry":{"type":"Polygon","coordinates":[[[-57.7398,6.54113],[-57.74039,6.53861],[-57.73899,6.53772],[-57.7394,6.53521],[-57.74076,6.53013],[-57.74162,6.5264],[-57.74278,6.52214],[-57.74391,6.51741],[-57.74266,6.51547],[-57.73678,6.51421],[-57.73164,6.51295],[-57.72941,6.51135],[-57.72867,6.51203],[-57.72848,6.51306],[-57.72934,6.51397],[-57.73015,6.51646],[-57.73144,6.51753],[-57.73041,6.51938],[-57.73026,6.52015],[-57.73142,6.52075],[-57.73208,6.52091],[-57.73341,6.52117],[-57.73365,6.5223],[-57.73346,6.52362],[-57.73391,6.52504],[-57.73381,6.52608],[-57.73286,6.5274],[-57.73216,6.52797],[-57.73297,6.52864],[-57.73394,6.52968],[-57.73291,6.5303],[-57.73172,6.53038],[-57.73153,6.53109],[-57.73167,6.53149],[-57.73178,6.53187],[-57.73181,6.53202],[-57.73185,6.53214],[-57.73187,6.53218],[-57.73201,6.53246],[-57.73244,6.53305],[-57.73285,6.53347],[-57.73412,6.5333],[-57.73439,6.53331],[-57.73463,6.53356],[-57.73481,6.53484],[-57.73443,6.53583],[-57.73413,6.53618],[-57.73407,6.53625],[-57.73392,6.53656],[-57.73379,6.53672],[-57.7336,6.53695],[-57.73318,6.53735],[-57.73305,6.53749],[-57.73245,6.53806],[-57.73232,6.53824],[-57.73232,6.53826],[-57.73236,6.53846],[-57.73262,6.53867],[-57.73265,6.5387],[-57.73266,6.53871],[-57.73302,6.53911],[-57.73317,6.53928],[-57.73341,6.53957],[-57.73396,6.5403],[-57.73417,6.54026],[-57.73441,6.54017],[-57.73459,6.54011],[-57.7347,6.54006],[-57.73522,6.53991],[-57.73543,6.53996],[-57.73545,6.53996],[-57.73555,6.53998],[-57.73661,6.54099],[-57.73978,6.54112],[-57.7398,6.54113]]]},"properties":{"ID":"11","Constituen":"9","NDC":"Mahaicony / Abary","NAME":"Adventure","RDC":"5","REGION":"Mahaica-Berbice","Pop_2012":0}},
{"type":"Feature","geometry":{"type":"Polygon","coordinates":[[[-57.77539,6.57857],[-57.77712,6.57943],[-57.78052,6.58206],[-57.78094,6.58268],[-57.7849,6.5863],[-57.78491,6.58625],[-57.78561,6.58345],[-57.78852,6.57167],[-57.79143,6.56056],[-57.79185,6.55852],[-57.79185,6.5585],[-57.7919,6.55853],[-57.79339,6.55984],[-57.79187,6.55844],[-57.78718,6.55444],[-57.78702,6.5543],[-57.78266,6.55065],[-57.78173,6.55412],[-57.78018,6.56086],[-57.77799,6.56947],[-57.77539,6.57857]]]},"properties":{"ID":"95","Constituen":"1","NDC":"Mahaicony/Abary","NAME":"Grove","RDC":"5","REGION":"Mahaica-Berbice","Pop_2012":25}},
{"type":"Feature","geometry":{"type":"Polygon","coordinates":[[[-57.57442,6.23336],[-57.57539,6.23361],[-57.57693,6.22869],[-57.56194,6.22436],[-57.55496,6.22244],[-57.54673,6.22008],[-57.53616,6.21713],[-57.53645,6.21859],[-57.53738,6.22264],[-57.54063,6.22348],[-57.54161,6.22378],[-57.54262,6.22408],[-57.54263,6.22406],[-57.54439,6.22458],[-57.55064,6.22637],[-57.55063,6.22639],[-57.5556,6.22777],[-57.55619,6.22796],[-57.55718,6.22823],[-57.56384,6.23033],[-57.57442,6.23336]]]},"properties":{"ID":"85","Constituen":"Unclassfied","NDC":"Unclassified","NAME":"Gelderland","RDC":"5","REGION":"Mahaica-Berbice","Pop_2012":0}},
{"type":"Feature","geometry":{"type":"Polygon","coordinates":[[[-57.53343,6.20512],[-57.53475,6.21132],[-57.56994,6.22123],[-57.57827,6.22369],[-57.57968,6.21862],[-57.57975,6.21834],[-57.56814,6.21494],[-57.53969,6.20678],[-57.53343,6.20512]]]},"properties":{"ID":"17","Constituen":"Unclassfied","NDC":"Unclassified","NAME":"Augsburg","RDC":"5","REGION":"Mahaica-Berbice","Pop_2012":0}},
{"type":"Feature","geometry":{"type":"Polygon","coordinates":[[[-57.57693,6.22869],[-57.57825,6.22378],[-57.57827,6.22369],[-57.56994,6.22123],[-57.53475,6.21132],[-57.53616,6.21713],[-57.54673,6.22008],[-57.55496,6.22244],[-57.56194,6.22436],[-57.57693,6.22869]]]},"properties":{"ID":"170","Constituen":"Unclassfied","NDC":"Unclassified","NAME":"Schumakers Lust","RDC":"5","REGION":"Mahaica-Berbice","Pop_2012":0}},
{"type":"Feature","geometry":{"type":"Polygon","coordinates":[[[-57.57968,6.21862],[-57.58142,6.21297],[-57.58147,6.21278],[-57.56258,6.20786],[-57.55356,6.20546],[-57.53883,6.20107],[-57.53238,6.19941],[-57.53286,6.20292],[-57.53343,6.20512],[-57.53969,6.20678],[-57.56814,6.21494],[-57.57975,6.21834],[-57.57968,6.21862]]]},"properties":{"ID":"59","Constituen":"Unclassfied","NDC":"Unclassified","NAME":"Cruysburg","RDC":"5","REGION":"Mahaica-Berbice","Pop_2012":0}},
{"type":"Feature","geometry":{"type":"Polygon","coordinates":[[[-57.58147,6.21278],[-57.58276,6.20743],[-57.56946,6.20391],[-57.55545,6.2004],[-57.53225,6.19375],[-57.5321,6.19669],[-57.53238,6.19941],[-57.53883,6.20107],[-57.55356,6.20546],[-57.56258,6.20786],[-57.58147,6.21278]]]},"properties":{"ID":"3","Constituen":"Unclassfied","NDC":"Unclassified","NAME":"","RDC":"5","REGION":"Mahaica-Berbice","Pop_2012":0}},
{"type":"Feature","geometry":null,"properties":{"ID":"4","Constituen":"Unclassfied","NDC":"Unclassified","NAME":"","RDC":"5","REGION":"Mahaica-Berbice","Pop_2012":0}},
{"type":"Feature","geometry":null,"properties":{"ID":"5","Constituen":"Unclassfied","NDC":"Unclassified","NAME":"","RDC":"5","REGION":"Mahaica-Berbice","Pop_2012":0}},
{"type":"Feature","geometry":{"type":"Polygon","coordinates":[[[-57.7834,6.54377],[-57.78372,6.54446],[-57.78477,6.54583],[-57.78565,6.54652],[-57.78599,6.54669],[-57.78665,6.54707],[-57.78677,6.54714],[-57.78711,6.54736],[-57.78744,6.54757],[-57.78786,6.54795],[-57.78802,6.54811],[-57.78841,6.54849],[-57.78863,6.54884],[-57.78867,6.54891],[-57.78868,6.54893],[-57.7887,6.54897],[-57.7888,6.54899],[-57.79227,6.54991],[-57.8042,6.55333],[-57.82994,6.56089],[-57.83012,6.56036],[-57.83086,6.55745],[-57.83086,6.55744],[-57.83087,6.55735],[-57.82934,6.55696],[-57.8281,6.55662],[-57.82134,6.55459],[-57.80786,6.55081],[-57.7941,6.54666],[-57.78922,6.54537],[-57.7853,6.54426],[-57.78342,6.54378],[-57.7834,6.54377]]]},"properties":{"ID":"81","Constituen":"2","NDC":"Hamlet / Chance","NAME":"Fortitude","RDC":"5","REGION":"Mahaica-Berbice","Pop_2012":10}},
{"type":"Feature","geometry":{"type":"Polygon","coordinates":[[[-57.78261,6.54144],[-57.78272,6.54173],[-57.78277,6.54186],[-57.78278,6.54194],[-57.78286,6.54259],[-57.78286,6.5426],[-57.78287,6.54265],[-57.7834,6.54377],[-57.78342,6.54378],[-57.7853,6.54426],[-57.78922,6.54537],[-57.7941,6.54666],[-57.80786,6.55081],[-57.82134,6.55459],[-57.8281,6.55662],[-57.82934,6.55696],[-57.83087,6.55735],[-57.83086,6.55744],[-57.83086,6.55745],[-57.83148,6.55589],[-57.8315,6.55582],[-57.83154,6.55569],[-57.8234,6.55341],[-57.81842,6.55191],[-57.80384,6.54773],[-57.79956,6.54646],[-57.79803,6.54582],[-57.79454,6.54492],[-57.78403,6.5418],[-57.78262,6.54144],[-57.78261,6.54144]]]},"properties":{"ID":"174","Constituen":"2","NDC":"Hamlet / Chance","NAME":"Spooner","RDC":"5","REGION":"Mahaica-Berbice","Pop_2012":22}},
{"type":"Feature","geometry":{"type":"Polygon","coordinates":[[[-57.79886,6.51838],[-57.7988,6.51843],[-57.79875,6.51845],[-57.79872,6.51846],[-57.79842,6.51861],[-57.79815,6.51871],[-57.7978,6.51883],[-57.79742,6.51896],[-57.79684,6.51902],[-57.79608,6.51909],[-57.79526,6.51921],[-57.7942,6.51881],[-57.79391,6.51874],[-57.79362,6.51867],[-57.7928,6.51831],[-57.79238,6.51815],[-57.79218,6.5181],[-57.79169,6.51805],[-57.7914,6.51811],[-57.79132,6.51813],[-57.79034,6.5184],[-57.79028,6.51841],[-57.79012,6.51853],[-57.78997,6.51862],[-57.78933,6.51904],[-57.78917,6.51917],[-57.7888,6.51951],[-57.78862,6.5197],[-57.78857,6.5198],[-57.78843,6.52018],[-57.79797,6.52294],[-57.81416,6.5274],[-57.8227,6.52993],[-57.8282,6.53145],[-57.82899,6.52838],[-57.82923,6.52743],[-57.82926,6.52733],[-57.82932,6.52706],[-57.82927,6.52718],[-57.82605,6.5264],[-57.82288,6.52544],[-57.81034,6.5222],[-57.80942,6.52129],[-57.80193,6.51934],[-57.79886,6.51838]]]},"properties":{"ID":"119","Constituen":"Unclassified","NDC":"Unclassified","NAME":"Land of Lust","RDC":"5","REGION":"Mahaica-Berbice","Pop_2012":0}},
{"type":"Feature","geometry":{"type":"Polygon","coordinates":[[[-57.78299,6.53801],[-57.78236,6.53784],[-57.7822,6.53916],[-57.78229,6.53968],[-57.78231,6.53968],[-57.78435,6.54018],[-57.81234,6.54829],[-57.81949,6.55018],[-57.82244,6.55112],[-57.8321,6.55382],[-57.83193,6.55435],[-57.83214,6.55374],[-57.83247,6.55218],[-57.82234,6.54933],[-57.82088,6.54886],[-57.80767,6.54522],[-57.79628,6.5418],[-57.78299,6.53801]]]},"properties":{"ID":"134","Constituen":"2","NDC":"Hamlet / Chance","NAME":"No. 10","RDC":"5","REGION":"Mahaica-Berbice","Pop_2012":44}},
{"type":"Feature","geometry":{"type":"Polygon","coordinates":[[[-57.83332,6.54898],[-57.8338,6.54717],[-57.82607,6.54498],[-57.8209,6.54349],[-57.81374,6.54128],[-57.80232,6.53802],[-57.79708,6.53657],[-57.79328,6.53537],[-57.79145,6.53484],[-57.78433,6.53274],[-57.7838,6.53392],[-57.78359,6.53436],[-57.78356,6.53443],[-57.78349,6.53456],[-57.7835,6.53456],[-57.78351,6.53455],[-57.78539,6.53509],[-57.78592,6.53524],[-57.78912,6.53617],[-57.79595,6.53817],[-57.79805,6.53874],[-57.7989,6.53897],[-57.79961,6.53917],[-57.80363,6.54031],[-57.8123,6.54284],[-57.81985,6.54508],[-57.82169,6.54555],[-57.82232,6.54574],[-57.82234,6.54574],[-57.83331,6.54898],[-57.83332,6.54898]]]},"properties":{"ID":"135","Constituen":"2","NDC":"Hamlet / Chance","NAME":"No. 12","RDC":"5","REGION":"Mahaica-Berbice","Pop_2012":3}},
{"type":"Feature","geometry":{"type":"Polygon","coordinates":[[[-57.83154,6.55569],[-57.83193,6.55435],[-57.8321,6.55382],[-57.82244,6.55112],[-57.81949,6.55018],[-57.81234,6.54829],[-57.78435,6.54018],[-57.78231,6.53968],[-57.78229,6.53968],[-57.78246,6.54105],[-57.78261,6.54144],[-57.78262,6.54144],[-57.78403,6.5418],[-57.79454,6.54492],[-57.79803,6.54582],[-57.79956,6.54646],[-57.80384,6.54773],[-57.81842,6.55191],[-57.8234,6.55341],[-57.83154,6.55569]]]},"properties":{"ID":"178","Constituen":"2","NDC":"Hamlet / Chance","NAME":"Supply","RDC":"5","REGION":"Mahaica-Berbice","Pop_2012":16}},
{"type":"Feature","geometry":{"type":"Polygon","coordinates":[[[-57.87488,6.62454],[-57.87679,6.62498],[-57.8885,6.62836],[-57.89987,6.63151],[-57.89904,6.62975],[-57.89633,6.62906],[-57.87526,6.62316],[-57.87488,6.62454]]]},"properties":{"ID":"83","Constituen":"1","NDC":"Woodlands/Farm","NAME":"Frederika","RDC":"5","REGION":"Mahaica-Berbice","Pop_2012":0}},
{"type":"Feature","geometry":{"type":"Polygon","coordinates":[[[-57.87726,6.61643],[-57.87676,6.61821],[-57.89443,6.62305],[-57.8982,6.62416],[-57.8981,6.62164],[-57.89014,6.61965],[-57.88439,6.61807],[-57.87989,6.61671],[-57.8798,6.61711],[-57.87726,6.61643]]]},"properties":{"ID":"184","Constituen":"1","NDC":"Woodlands/Farm","NAME":"Chapmans","RDC":"5","REGION":"Mahaica-Berbice","Pop_2012":0}},
{"type":"Feature","geometry":{"type":"Polygon","coordinates":[[[-57.7888,6.54899],[-57.7887,6.54897],[-57.78907,6.54957],[-57.78942,6.54995],[-57.7896,6.55014],[-57.79002,6.55051],[-57.79055,6.55101],[-57.79058,6.55104],[-57.79099,6.55123],[-57.79217,6.55167],[-57.79487,6.55285],[-57.79548,6.55314],[-57.79677,6.55387],[-57.79679,6.5547],[-57.80443,6.55698],[-57.80936,6.55824],[-57.82268,6.56213],[-57.83148,6.5646],[-57.84671,6.56898],[-57.84935,6.56983],[-57.85422,6.57122],[-57.85533,6.57155],[-57.85565,6.57164],[-57.85651,6.57186],[-57.85686,6.57054],[-57.85731,6.56881],[-57.84825,6.56615],[-57.84114,6.56404],[-57.82994,6.56089],[-57.8042,6.55333],[-57.79227,6.54991],[-57.7888,6.54899]]]},"properties":{"ID":"150","Constituen":"1","NDC":"Hamlet / Chance","NAME":"Perth","RDC":"5","REGION":"Mahaica-Berbice","Pop_2012":642}},
{"type":"Feature","geometry":{"type":"Polygon","coordinates":[[[-57.8209,6.54349],[-57.82161,6.53759],[-57.82006,6.53732],[-57.80601,6.53351],[-57.80092,6.53195],[-57.79521,6.5304],[-57.78612,6.52776],[-57.78605,6.5287],[-57.78579,6.52947],[-57.78565,6.52998],[-57.78545,6.53037],[-57.78524,6.53079],[-57.78516,6.53092],[-57.78497,6.53121],[-57.78449,6.5324],[-57.78436,6.53267],[-57.78433,6.53274],[-57.79145,6.53484],[-57.79328,6.53537],[-57.79708,6.53657],[-57.80232,6.53802],[-57.81374,6.54128],[-57.8209,6.54349]]]},"properties":{"ID":"177","Constituen":"3","NDC":"Hamlet / Chance","NAME":"Strath Campbell","RDC":"5","REGION":"Mahaica-Berbice","Pop_2012":208}},
{"type":"Feature","geometry":{"type":"Polygon","coordinates":[[[-57.8227,6.52993],[-57.82161,6.53759],[-57.8209,6.54349],[-57.82607,6.54498],[-57.82763,6.53905],[-57.82928,6.5317],[-57.8282,6.53145],[-57.8227,6.52993]]]},"properties":{"ID":"98","Constituen":"3","NDC":"Hamlet / Chance","NAME":"Hamlet-Chance","RDC":"5","REGION":"Mahaica-Berbice","Pop_2012":0}},
{"type":"Feature","geometry":{"type":"Polygon","coordinates":[[[-57.78843,6.52018],[-57.78839,6.52028],[-57.78805,6.52121],[-57.78749,6.52251],[-57.78724,6.52332],[-57.78685,6.52427],[-57.78652,6.52518],[-57.78648,6.52594],[-57.78612,6.52776],[-57.79521,6.5304],[-57.80092,6.53195],[-57.80601,6.53351],[-57.82006,6.53732],[-57.82161,6.53759],[-57.8227,6.52993],[-57.81416,6.5274],[-57.79797,6.52294],[-57.78843,6.52018]]]},"properties":{"ID":"49","Constituen":"3","NDC":"Hamlet / Chance","NAME":"Chance","RDC":"5","REGION":"Mahaica-Berbice","Pop_2012":64}},
{"type":"Feature","geometry":{"type":"Polygon","coordinates":[[[-57.76618,6.57281],[-57.77048,6.57608],[-57.77242,6.57703],[-57.77416,6.57029],[-57.77464,6.56813],[-57.77972,6.54829],[-57.77976,6.54813],[-57.77717,6.54551],[-57.77713,6.54551],[-57.77685,6.54523],[-57.77398,6.5423],[-57.77144,6.55208],[-57.76618,6.57281]]]},"properties":{"ID":"14","Constituen":"4","NDC":"Mahaicony/Abary","NAME":"Airy Hall","RDC":"4","REGION":"Mahaica-Berbice","Pop_2012":782}},
{"type":"Feature","geometry":{"type":"Polygon","coordinates":[[[-57.72995,6.50063],[-57.7291,6.50281],[-57.73381,6.50641],[-57.73733,6.50973],[-57.741,6.51073],[-57.74545,6.5118],[-57.74706,6.50523],[-57.73147,6.5011],[-57.73015,6.50062],[-57.72995,6.50063]]]},"properties":{"ID":"10","Constituen":"9","NDC":"Mahaicony / Abary","NAME":"Abary No 2","RDC":"5","REGION":"Mahaica-Berbice","Pop_2012":0}},
{"type":"Feature","geometry":{"type":"Polygon","coordinates":[[[-57.73809,6.4957],[-57.75193,6.49937],[-57.75545,6.5002],[-57.76254,6.50204],[-57.76365,6.49801],[-57.76338,6.49293],[-57.76201,6.47908],[-57.76148,6.47439],[-57.7604,6.4631],[-57.75979,6.45682],[-57.75956,6.45469],[-57.75896,6.44746],[-57.7589,6.44545],[-57.75999,6.43754],[-57.75945,6.43582],[-57.75791,6.43612],[-57.74621,6.43896],[-57.73862,6.4406],[-57.72412,6.43678],[-57.7239,6.43777],[-57.72346,6.44006],[-57.72271,6.44198],[-57.72304,6.4449],[-57.7232,6.44587],[-57.7232,6.44589],[-57.72368,6.4478],[-57.72379,6.45067],[-57.72372,6.4517],[-57.72377,6.45469],[-57.72464,6.45763],[-57.72471,6.45775],[-57.72504,6.45829],[-57.72622,6.45932],[-57.72892,6.4601],[-57.72917,6.46028],[-57.72931,6.46038],[-57.73118,6.4637],[-57.73185,6.466],[-57.73157,6.46704],[-57.72977,6.46849],[-57.72699,6.46841],[-57.72526,6.47001],[-57.72475,6.47142],[-57.72473,6.47174],[-57.72471,6.47199],[-57.72478,6.47482],[-57.7251,6.47663],[-57.72523,6.47721],[-57.72534,6.47771],[-57.72587,6.47946],[-57.72716,6.48174],[-57.72725,6.48199],[-57.72754,6.4828],[-57.72874,6.48622],[-57.73052,6.48821],[-57.73207,6.4883],[-57.73418,6.48715],[-57.7351,6.48732],[-57.7358,6.48854],[-57.73681,6.48934],[-57.74071,6.48991],[-57.74159,6.49082],[-57.74115,6.49278],[-57.73809,6.4957]]]},"properties":{"ID":"96","Constituen":"Unclassified","NDC":"Mahaicony / Abary","NAME":"H","RDC":"5","REGION":"Mahaica-Berbice","Pop_2012":0}},
{"type":"Feature","geometry":{"type":"Polygon","coordinates":[[[-57.7589,6.44545],[-57.76475,6.44424],[-57.772,6.44293],[-57.78234,6.44066],[-57.78875,6.43951],[-57.78907,6.43732],[-57.79061,6.43088],[-57.79061,6.42962],[-57.75945,6.43582],[-57.75999,6.43754],[-57.7589,6.44545]]]},"properties":{"ID":"204","Constituen":"3","NDC":"Mahaicony / Abary","NAME":"Yarrow Creek","RDC":"5","REGION":"Mahaica-Berbice","Pop_2012":0}},
{"type":"Feature","geometry":{"type":"Polygon","coordinates":[[[-57.75956,6.45469],[-57.7707,6.45235],[-57.77534,6.45147],[-57.79022,6.44847],[-57.78956,6.44475],[-57.7888,6.44196],[-57.78875,6.43951],[-57.78234,6.44066],[-57.772,6.44293],[-57.76475,6.44424],[-57.7589,6.44545],[-57.75896,6.44746],[-57.75956,6.45469]]]},"properties":{"ID":"18","Constituen":"3","NDC":"Mahaicony / Abary","NAME":"Bara Bara","RDC":"5","REGION":"Mahaica-Berbice","Pop_2012":0}},
{"type":"Feature","geometry":{"type":"Polygon","coordinates":[[[-57.76148,6.47439],[-57.78497,6.48212],[-57.79709,6.48618],[-57.80254,6.48791],[-57.8025,6.48783],[-57.80237,6.48762],[-57.80173,6.48618],[-57.80115,6.48491],[-57.80084,6.4831],[-57.80104,6.48198],[-57.80127,6.48084],[-57.80187,6.4798],[-57.80209,6.47695],[-57.78389,6.47077],[-57.76976,6.46622],[-57.76374,6.46401],[-57.7604,6.4631],[-57.76148,6.47439]]]},"properties":{"ID":"73","Constituen":"3","NDC":"Mahaicony / Abary","NAME":"Essau & Jacob","RDC":"5","REGION":"Mahaica-Berbice","Pop_2012":0}},
{"type":"Feature","geometry":{"type":"Polygon","coordinates":[[[-57.75979,6.45682],[-57.76352,6.45812],[-57.77115,6.46059],[-57.77639,6.46241],[-57.79026,6.46705],[-57.79497,6.46869],[-57.79867,6.46984],[-57.79654,6.46708],[-57.7933,6.46353],[-57.79209,6.46107],[-57.79132,6.45594],[-57.79105,6.4531],[-57.79022,6.44847],[-57.77534,6.45147],[-57.7707,6.45235],[-57.75956,6.45469],[-57.75979,6.45682]]]},"properties":{"ID":"93","Constituen":"3","NDC":"Mahaicony / Abary","NAME":"Governor Light","RDC":"5","REGION":"Mahaica-Berbice","Pop_2012":0}},
{"type":"Feature","geometry":{"type":"Polygon","coordinates":[[[-57.7604,6.4631],[-57.76374,6.46401],[-57.76976,6.46622],[-57.78389,6.47077],[-57.80209,6.47695],[-57.80198,6.47538],[-57.80099,6.47303],[-57.79867,6.46984],[-57.79497,6.46869],[-57.79026,6.46705],[-57.77639,6.46241],[-57.77115,6.46059],[-57.76352,6.45812],[-57.75979,6.45682],[-57.7604,6.4631]]]},"properties":{"ID":"126","Constituen":"3","NDC":"Mahaicony / Abary","NAME":"Mocha Mocha","RDC":"5","REGION":"Mahaica-Berbice","Pop_2012":0}},
{"type":"Feature","geometry":{"type":"Polygon","coordinates":[[[-57.89726,6.6853],[-57.89505,6.69313],[-57.8954,6.69407],[-57.8965,6.6949],[-57.90047,6.6985],[-57.90223,6.69993],[-57.90529,6.68757],[-57.89726,6.6853]]]},"properties":{"ID":"74","Constituen":"1","NDC":"Woodlands/Farm","NAME":"Essex","RDC":"5","REGION":"Mahaica-Berbice","Pop_2012":0}},
{"type":"Feature","geometry":{"type":"Polygon","coordinates":[[[-57.90963,6.68878],[-57.90817,6.69463],[-57.90592,6.70292],[-57.90594,6.70295],[-57.90939,6.70441],[-57.91378,6.70682],[-57.91631,6.70766],[-57.91916,6.70786],[-57.92037,6.70655],[-57.91987,6.70532],[-57.91882,6.70424],[-57.91825,6.70294],[-57.91883,6.70117],[-57.919,6.69699],[-57.91789,6.69509],[-57.91622,6.69364],[-57.91369,6.69081],[-57.91368,6.68982],[-57.90963,6.68878]]]},"properties":{"ID":"202","Constituen":"1","NDC":"Woodlands/Farm","NAME":"Woodlands","RDC":"5","REGION":"Mahaica-Berbice","Pop_2012":0}},
{"type":"Feature","geometry":{"type":"Polygon","coordinates":[[[-57.90529,6.68757],[-57.90223,6.69993],[-57.90507,6.70203],[-57.90592,6.70292],[-57.90817,6.69463],[-57.90963,6.68878],[-57.90529,6.68757]]]},"properties":{"ID":"112","Constituen":"1","NDC":"Woodlands/Farm","NAME":"Kensington","RDC":"5","REGION":"Mahaica-Berbice","Pop_2012":0}},
{"type":"Feature","geometry":{"type":"Polygon","coordinates":[[[-57.88777,6.68276],[-57.88696,6.68575],[-57.8885,6.68679],[-57.89423,6.69265],[-57.89505,6.69313],[-57.89726,6.6853],[-57.88777,6.68276]]]},"properties":{"ID":"54","Constituen":"1","NDC":"Woodlands/Farm","NAME":"Concord","RDC":"5","REGION":"Mahaica-Berbice","Pop_2012":0}},
{"type":"Feature","geometry":{"type":"Polygon","coordinates":[[[-57.89114,6.64581],[-57.88772,6.64484],[-57.88458,6.65598],[-57.88073,6.66993],[-57.87857,6.67845],[-57.88153,6.68101],[-57.88657,6.66227],[-57.89056,6.64798],[-57.89114,6.64581]]]},"properties":{"ID":"176","Constituen":"3","NDC":"Woodlands/Farm","NAME":"Strangoen","RDC":"5","REGION":"Mahaica-Berbice","Pop_2012":23}},
{"type":"Feature","geometry":{"type":"Polygon","coordinates":[[[-57.89056,6.64798],[-57.88657,6.66227],[-57.88153,6.68101],[-57.88477,6.68394],[-57.88882,6.66936],[-57.89352,6.65223],[-57.89387,6.65072],[-57.89428,6.64895],[-57.89056,6.64798]]]},"properties":{"ID":"122","Constituen":"1","NDC":"Woodlands/Farm","NAME":"Manilla","RDC":"5","REGION":"Mahaica-Berbice","Pop_2012":75}},
{"type":"Feature","geometry":{"type":"Polygon","coordinates":[[[-57.89638,6.65138],[-57.89387,6.65072],[-57.89352,6.65223],[-57.88882,6.66936],[-57.88477,6.68394],[-57.88696,6.68575],[-57.88777,6.68276],[-57.88967,6.67573],[-57.89061,6.67227],[-57.8915,6.66894],[-57.8925,6.66535],[-57.89295,6.66368],[-57.89344,6.66197],[-57.89395,6.66019],[-57.89494,6.6567],[-57.89539,6.65504],[-57.89584,6.65336],[-57.89638,6.65138]]]},"properties":{"ID":"28","Constituen":"1","NDC":"Woodlands/Farm","NAME":"Belvidere","RDC":"5","REGION":"Mahaica-Berbice","Pop_2012":116}},
{"type":"Feature","geometry":{"type":"Polygon","coordinates":[[[-57.78433,6.53274],[-57.78436,6.53267],[-57.78449,6.5324],[-57.78497,6.53121],[-57.78516,6.53092],[-57.78524,6.53079],[-57.78545,6.53037],[-57.78565,6.52998],[-57.78579,6.52947],[-57.78605,6.5287],[-57.78612,6.52776],[-57.78648,6.52594],[-57.78652,6.52518],[-57.78685,6.52427],[-57.78724,6.52332],[-57.78749,6.52251],[-57.78805,6.52121],[-57.78839,6.52028],[-57.78843,6.52018],[-57.78857,6.5198],[-57.78862,6.5197],[-57.7888,6.51951],[-57.78917,6.51917],[-57.78933,6.51904],[-57.78997,6.51862],[-57.79012,6.51853],[-57.79028,6.51841],[-57.79034,6.5184],[-57.79132,6.51813],[-57.7914,6.51811],[-57.79169,6.51805],[-57.79218,6.5181],[-57.79238,6.51815],[-57.7928,6.51831],[-57.79362,6.51867],[-57.79391,6.51874],[-57.7942,6.51881],[-57.79526,6.51921],[-57.79608,6.51909],[-57.79684,6.51902],[-57.79742,6.51896],[-57.7978,6.51883],[-57.79815,6.51871],[-57.79842,6.51861],[-57.79872,6.51846],[-57.79875,6.51845],[-57.79908,6.51824],[-57.80004,6.51756],[-57.80105,6.51564],[-57.8011,6.51393],[-57.80067,6.51295],[-57.80045,6.50945],[-57.80057,6.50749],[-57.79593,6.50628],[-57.7881,6.50404],[-57.77292,6.50019],[-57.76365,6.49801],[-57.76254,6.50204],[-57.76152,6.50618],[-57.75999,6.5116],[-57.75927,6.51485],[-57.75782,6.52053],[-57.75732,6.52157],[-57.75729,6.52161],[-57.75703,6.52268],[-57.75826,6.52297],[-57.76061,6.52359],[-57.76393,6.52444],[-57.76323,6.52731],[-57.77566,6.53057],[-57.77839,6.53126],[-57.78069,6.53183],[-57.78361,6.53256],[-57.78432,6.53274],[-57.78433,6.53274]]]},"properties":{"ID":"44","Constituen":"2","NDC":"Mahaicony / Abary","NAME":"Cape Clear","RDC":"5","REGION":"Mahaica-Berbice","Pop_2012":10}},
{"type":"Feature","geometry":{"type":"Polygon","coordinates":[[[-57.78237,6.53757],[-57.78236,6.53783],[-57.78236,6.53784],[-57.78299,6.53801],[-57.79628,6.5418],[-57.80767,6.54522],[-57.82088,6.54886],[-57.82234,6.54933],[-57.83247,6.55218],[-57.83332,6.54898],[-57.83331,6.54898],[-57.82234,6.54574],[-57.82232,6.54574],[-57.82169,6.54555],[-57.81985,6.54508],[-57.8123,6.54284],[-57.80363,6.54031],[-57.79961,6.53917],[-57.7989,6.53897],[-57.79805,6.53874],[-57.79595,6.53817],[-57.78912,6.53617],[-57.78592,6.53524],[-57.78539,6.53509],[-57.78351,6.53455],[-57.7835,6.53456],[-57.78328,6.535],[-57.78296,6.53569],[-57.78295,6.53572],[-57.78282,6.53616],[-57.78237,6.53757]]]},"properties":{"ID":"80","Constituen":"2","NDC":"Hamlet / Chance","NAME":"Felicity","RDC":"5","REGION":"Mahaica-Berbice","Pop_2012":7}},
{"type":"Feature","geometry":{"type":"Polygon","coordinates":[[[-57.76184,6.53252],[-57.76507,6.5334],[-57.76704,6.53393],[-57.77207,6.53519],[-57.78032,6.53727],[-57.78236,6.53783],[-57.78237,6.53757],[-57.78282,6.53616],[-57.78295,6.53572],[-57.78296,6.53569],[-57.78328,6.535],[-57.7835,6.53456],[-57.78349,6.53456],[-57.78356,6.53443],[-57.78359,6.53436],[-57.7838,6.53392],[-57.78433,6.53274],[-57.78432,6.53274],[-57.78361,6.53256],[-57.78069,6.53183],[-57.77839,6.53126],[-57.77566,6.53057],[-57.76323,6.52731],[-57.76199,6.53193],[-57.76184,6.53252]]]},"properties":{"ID":"48","Constituen":"2","NDC":"Mahaicony / Abary","NAME":"Champagne","RDC":"5","REGION":"Mahaica-Berbice","Pop_2012":79}},
{"type":"Feature","geometry":{"type":"Polygon","coordinates":[[[-57.77113,6.53895],[-57.77258,6.53921],[-57.77682,6.54039],[-57.7793,6.54099],[-57.78104,6.54155],[-57.78278,6.54194],[-57.78277,6.54186],[-57.78272,6.54173],[-57.78261,6.54144],[-57.78246,6.54105],[-57.78229,6.53968],[-57.7822,6.53916],[-57.78236,6.53784],[-57.78236,6.53783],[-57.78032,6.53727],[-57.77207,6.53519],[-57.7712,6.53858],[-57.77113,6.53895]]]},"properties":{"ID":"52","Constituen":"2","NDC":"Mahaicony / Abary","NAME":"Co","RDC":"5","REGION":"Mahaica-Berbice","Pop_2012":0}},
{"type":"Feature","geometry":{"type":"Polygon","coordinates":[[[-57.78867,6.54891],[-57.78863,6.54884],[-57.78841,6.54849],[-57.78802,6.54811],[-57.78786,6.54795],[-57.78744,6.54757],[-57.78711,6.54736],[-57.78677,6.54714],[-57.78665,6.54707],[-57.78599,6.54669],[-57.78565,6.54652],[-57.78477,6.54583],[-57.78372,6.54446],[-57.7834,6.54377],[-57.78287,6.54265],[-57.78286,6.5426],[-57.78286,6.54259],[-57.78278,6.54194],[-57.78104,6.54155],[-57.7793,6.54099],[-57.77682,6.54039],[-57.77258,6.53921],[-57.77113,6.53895],[-57.77104,6.53938],[-57.77114,6.53942],[-57.77113,6.53946],[-57.77398,6.5423],[-57.77685,6.54523],[-57.77713,6.54551],[-57.77717,6.54551],[-57.77766,6.54598],[-57.78268,6.54731],[-57.78333,6.54749],[-57.78847,6.54891],[-57.7887,6.54897],[-57.78868,6.54893],[-57.78867,6.54891]]]},"properties":{"ID":"87","Constituen":"2","NDC":"Mahaicony/ Abary","NAME":"Giuana Grove","RDC":"5","REGION":"Mahaica-Berbice","Pop_2012":0}},
{"type":"Feature","geometry":{"type":"Polygon","coordinates":[[[-57.65608,6.37532],[-57.65414,6.37264],[-57.65381,6.37007],[-57.65434,6.36842],[-57.65315,6.36859],[-57.64796,6.37314],[-57.63859,6.38166],[-57.6262,6.39241],[-57.62112,6.3967],[-57.61071,6.40598],[-57.60577,6.4103],[-57.6025,6.41335],[-57.60638,6.41894],[-57.60966,6.41586],[-57.61882,6.40787],[-57.62309,6.40426],[-57.62883,6.39917],[-57.63925,6.39045],[-57.65608,6.37532]]]},"properties":{"ID":"40","Constituen":"4","NDC":"Union / Naarstigheid","NAME":"Bush Lot","RDC":"5","REGION":"Mahaica-Berbice","Pop_2012":2395}},
{"type":"Feature","geometry":{"type":"Polygon","coordinates":[[[-57.59541,6.40487],[-57.59609,6.40624],[-57.59726,6.40595],[-57.59761,6.40653],[-57.60475,6.40002],[-57.6161,6.39007],[-57.6183,6.3882],[-57.62139,6.38512],[-57.62539,6.38168],[-57.63718,6.37129],[-57.64139,6.36716],[-57.65356,6.35619],[-57.65818,6.35226],[-57.66415,6.34686],[-57.66643,6.34499],[-57.66441,6.34267],[-57.66229,6.34471],[-57.65597,6.35023],[-57.64408,6.36096],[-57.63252,6.37115],[-57.61982,6.3828],[-57.61083,6.39099],[-57.60827,6.39342],[-57.60398,6.39711],[-57.59541,6.40487]]]},"properties":{"ID":"175","Constituen":"7","NDC":"Union / Naarstigheid","NAME":"St John","RDC":"5","REGION":"Mahaica-Berbice","Pop_2012":261}},
{"type":"Feature","geometry":{"type":"Polygon","coordinates":[[[-57.58214,6.36188],[-57.58215,6.36188],[-57.58573,6.36056],[-57.5862,6.36037],[-57.58494,6.3572],[-57.58362,6.35712],[-57.58131,6.35696],[-57.58021,6.35689],[-57.58126,6.35952],[-57.58214,6.36188]]]},"properties":{"ID":"194","Constituen":"5","NDC":"Bath-Woodley Park","NAME":"Waterloo ((N912))","RDC":"5","REGION":"Mahaica-Berbice","Pop_2012":0}},
{"type":"Feature","geometry":{"type":"Polygon","coordinates":[[[-57.58021,6.35689],[-57.58131,6.35696],[-57.58362,6.35712],[-57.58494,6.3572],[-57.58361,6.35388],[-57.57896,6.35356],[-57.57989,6.35607],[-57.58021,6.35689]]]},"properties":{"ID":"195","Constituen":"6","NDC":"Bath / Woodley Park","NAME":"Waterloo (N912)","RDC":"5","REGION":"Mahaica-Berbice","Pop_2012":0}},
{"type":"Feature","geometry":{"type":"Polygon","coordinates":[[[-57.59372,6.35479],[-57.58529,6.35401],[-57.58361,6.35388],[-57.58494,6.3572],[-57.5862,6.36037],[-57.58689,6.3601],[-57.58904,6.35892],[-57.59059,6.3575],[-57.59308,6.35537],[-57.59318,6.35529],[-57.59319,6.35528],[-57.59372,6.35479]]]},"properties":{"ID":"193","Constituen":"3","NDC":"Bath / Woodley Park","NAME":"Waterloo ((N912))","RDC":"5","REGION":"Mahaica-Berbice","Pop_2012":0}},
{"type":"Feature","geometry":{"type":"Polygon","coordinates":[[[-57.59006,6.37902],[-57.58235,6.38633],[-57.58493,6.38998],[-57.58587,6.38908],[-57.58981,6.38556],[-57.59209,6.38352],[-57.59131,6.38173],[-57.59006,6.37902]]]},"properties":{"ID":"22","Constituen":"1","NDC":"Bath / Woodley Park","NAME":"Bath (Sea Coast)","RDC":"5","REGION":"Mahaica-Berbice","Pop_2012":0}},
{"type":"Feature","geometry":{"type":"Polygon","coordinates":[[[-57.58775,6.37394],[-57.57942,6.38145],[-57.58051,6.38356],[-57.58235,6.38633],[-57.59006,6.37902],[-57.58775,6.37394]]]},"properties":{"ID":"77","Constituen":"1","NDC":"Bath / Woodley Park","NAME":"Experiment (Sea Coast)","RDC":"5","REGION":"Mahaica-Berbice","Pop_2012":350}},
{"type":"Feature","geometry":{"type":"Polygon","coordinates":[[[-57.57697,6.37708],[-57.57699,6.37759],[-57.57875,6.38014],[-57.57942,6.38145],[-57.58775,6.37394],[-57.58612,6.37047],[-57.58546,6.36912],[-57.57697,6.37708]]]},"properties":{"ID":"103","Constituen":"1","NDC":"Bath / Woodley Park","NAME":"Hope (Sea Coast)","RDC":"5","REGION":"Mahaica-Berbice","Pop_2012":0}},
{"type":"Feature","geometry":{"type":"Polygon","coordinates":[[[-57.82433,6.57156],[-57.82439,6.57158],[-57.82597,6.57203],[-57.82607,6.57206],[-57.82887,6.57292],[-57.83135,6.57377],[-57.83395,6.57439],[-57.83467,6.57453],[-57.83784,6.57539],[-57.83797,6.57542],[-57.8414,6.57628],[-57.84176,6.57507],[-57.83665,6.57353],[-57.83166,6.57205],[-57.82539,6.57017],[-57.81016,6.56581],[-57.80484,6.56417],[-57.80402,6.56392],[-57.80283,6.56359],[-57.80217,6.56341],[-57.80164,6.56327],[-57.80111,6.56311],[-57.80087,6.56304],[-57.80071,6.56299],[-57.80007,6.5628],[-57.80006,6.5628],[-57.79918,6.56256],[-57.79902,6.56251],[-57.79897,6.56249],[-57.79871,6.56242],[-57.79871,6.56241],[-57.79807,6.56343],[-57.79732,6.56418],[-57.79738,6.5642],[-57.80333,6.5657],[-57.82294,6.57117],[-57.82433,6.57156]]]},"properties":{"ID":"15","Constituen":"","NDC":"Woodlands/Farm","NAME":"Anjou","RDC":"5","REGION":"Mahaica-Berbice","Pop_2012":4}},
{"type":"Feature","geometry":{"type":"Polygon","coordinates":[[[-57.54959,6.30877],[-57.55196,6.3119],[-57.55371,6.31458],[-57.56385,6.31548],[-57.57165,6.31606],[-57.58037,6.31686],[-57.58266,6.31697],[-57.58177,6.31648],[-57.57745,6.3154],[-57.57316,6.31462],[-57.56204,6.31173],[-57.54959,6.30877]]]},"properties":{"ID":"70","Constituen":"1","NDC":"Zeelust / Rosignol","NAME":"Edderton","RDC":"5","REGION":"Mahaica-Berbice","Pop_2012":557}},
{"type":"Feature","geometry":{"type":"Polygon","coordinates":[[[-57.62408,6.32697],[-57.62419,6.32688],[-57.6226,6.32508],[-57.61498,6.32427],[-57.60135,6.32243],[-57.59863,6.32226],[-57.59216,6.32209],[-57.57523,6.32122],[-57.57286,6.32105],[-57.57078,6.32065],[-57.56437,6.32025],[-57.55692,6.32008],[-57.55963,6.32309],[-57.56117,6.32574],[-57.56164,6.32553],[-57.56243,6.32528],[-57.58073,6.32669],[-57.5859,6.32695],[-57.59234,6.3274],[-57.59825,6.32769],[-57.62075,6.32963],[-57.62098,6.32974],[-57.62316,6.32773],[-57.62351,6.32744],[-57.62408,6.32697]]]},"properties":{"ID":"24","Constituen":"4","NDC":"Woodlands/ Bel Ai","NAME":"Bel Air","RDC":"5","REGION":"Mahaica-Berbice","Pop_2012":19}},
{"type":"Feature","geometry":{"type":"Polygon","coordinates":[[[-57.58266,6.31697],[-57.58037,6.31686],[-57.57165,6.31606],[-57.56385,6.31548],[-57.55371,6.31458],[-57.55585,6.31781],[-57.55692,6.32008],[-57.56437,6.32025],[-57.57078,6.32065],[-57.57286,6.32105],[-57.57523,6.32122],[-57.59216,6.32209],[-57.59863,6.32226],[-57.60135,6.32243],[-57.61498,6.32427],[-57.6226,6.32508],[-57.61852,6.32029],[-57.61047,6.31847],[-57.61045,6.31847],[-57.60493,6.31824],[-57.59534,6.31761],[-57.58863,6.31726],[-57.58266,6.31697]]]},"properties":{"ID":"209","Constituen":"1","NDC":"Zeelust / Rosignol","NAME":"Zeelust","RDC":"5","REGION":"Mahaica-Berbice","Pop_2012":592}},
{"type":"Feature","geometry":{"type":"Polygon","coordinates":[[[-57.71948,6.49554],[-57.7193,6.49616],[-57.71943,6.49784],[-57.72011,6.49853],[-57.72175,6.49917],[-57.7221,6.50155],[-57.72343,6.50302],[-57.72456,6.50476],[-57.72587,6.50531],[-57.72734,6.50548],[-57.72763,6.50613],[-57.72694,6.50847],[-57.72832,6.50933],[-57.72855,6.50936],[-57.72881,6.50939],[-57.7292,6.50948],[-57.72962,6.50995],[-57.72941,6.51135],[-57.73164,6.51295],[-57.73678,6.51421],[-57.74266,6.51547],[-57.74391,6.51741],[-57.74413,6.51714],[-57.74545,6.5118],[-57.741,6.51073],[-57.73733,6.50973],[-57.73381,6.50641],[-57.7291,6.50281],[-57.72995,6.50063],[-57.72866,6.49877],[-57.72843,6.49736],[-57.72758,6.4963],[-57.72725,6.49479],[-57.72782,6.49347],[-57.72675,6.4924],[-57.72398,6.49201],[-57.72127,6.49289],[-57.71949,6.49552],[-57.71948,6.49554]]]},"properties":{"ID":"9","Constituen":"","NDC":"Mahaicony / Abary","NAME":"Abary No 1","RDC":"5","REGION":"Mahaica-Berbice","Pop_2012":0}},
{"type":"Feature","geometry":{"type":"Polygon","coordinates":[[[-57.60061,6.24926],[-57.603,6.24938],[-57.60479,6.24951],[-57.61461,6.24946],[-57.61485,6.23987],[-57.61492,6.22883],[-57.61181,6.22839],[-57.60577,6.22795],[-57.60524,6.22],[-57.60513,6.21577],[-57.61499,6.21903],[-57.62112,6.22115],[-57.63124,6.22442],[-57.63124,6.22477],[-57.6403,6.22742],[-57.64945,6.2306],[-57.65469,6.23219],[-57.65816,6.22106],[-57.66135,6.20958],[-57.66384,6.20164],[-57.66686,6.19131],[-57.65871,6.18892],[-57.6564,6.18813],[-57.65001,6.18618],[-57.63322,6.18133],[-57.62675,6.17922],[-57.62386,6.18129],[-57.62088,6.18293],[-57.61621,6.18448],[-57.61248,6.18531],[-57.60862,6.18584],[-57.6072,6.18632],[-57.60373,6.1866],[-57.59987,6.18739],[-57.59729,6.18774],[-57.59445,6.18839],[-57.59027,6.1891],[-57.58868,6.18901],[-57.58166,6.18919],[-57.57873,6.18892],[-57.57562,6.1891],[-57.57367,6.18901],[-57.57091,6.18922],[-57.56407,6.18928],[-57.56016,6.18885],[-57.55741,6.18876],[-57.54773,6.18806],[-57.5448,6.18805],[-57.54151,6.18784],[-57.53867,6.18788],[-57.53655,6.18832],[-57.53486,6.18907],[-57.53366,6.19],[-57.53225,6.19375],[-57.55545,6.2004],[-57.56946,6.20391],[-57.58276,6.20743],[-57.58147,6.21278],[-57.58142,6.21297],[-57.57968,6.21862],[-57.57827,6.22369],[-57.57825,6.22378],[-57.57693,6.22869],[-57.57539,6.23361],[-57.57442,6.23336],[-57.57537,6.23363],[-57.57416,6.2388],[-57.57341,6.2414],[-57.57336,6.2416],[-57.5738,6.24174],[-57.58165,6.24401],[-57.58686,6.2454],[-57.59393,6.24744],[-57.59672,6.24821],[-57.60061,6.24926]]]},"properties":{"ID":"7","Constituen":"","NDC":"UnClassified","NAME":"","RDC":"5","REGION":"Mahaica-Berbice","Pop_2012":0}},
{"type":"Feature","geometry":{"type":"Polygon","coordinates":[[[-57.83086,6.55744],[-57.83086,6.55745],[-57.83012,6.56036],[-57.82994,6.56089],[-57.84114,6.56404],[-57.84825,6.56615],[-57.85003,6.5608],[-57.85083,6.55804],[-57.85327,6.55044],[-57.85442,6.54644],[-57.85626,6.54137],[-57.8585,6.53406],[-57.85525,6.53315],[-57.85015,6.53189],[-57.84861,6.53135],[-57.84863,6.53129],[-57.84859,6.53127],[-57.84891,6.53031],[-57.83832,6.52754],[-57.83298,6.52621],[-57.82981,6.52534],[-57.82932,6.52706],[-57.82926,6.52733],[-57.82923,6.52743],[-57.82899,6.52838],[-57.8282,6.53145],[-57.82928,6.5317],[-57.82763,6.53905],[-57.82607,6.54498],[-57.8338,6.54717],[-57.83332,6.54898],[-57.83247,6.55218],[-57.83214,6.55374],[-57.83193,6.55435],[-57.83154,6.55569],[-57.8315,6.55582],[-57.83148,6.55589],[-57.83086,6.55745],[-57.83086,6.55744]]]},"properties":{"ID":"187","Constituen":"Unclassified","NDC":"Unclassified","NAME":"Unlabeled","RDC":"5","REGION":"Mahaica-Berbice","Pop_2012":0}},
{"type":"Feature","geometry":{"type":"Polygon","coordinates":[[[-57.82932,6.52706],[-57.82981,6.52534],[-57.82999,6.52471],[-57.83021,6.52394],[-57.83046,6.52358],[-57.82747,6.52273],[-57.82012,6.52078],[-57.81117,6.51846],[-57.80927,6.51786],[-57.80666,6.51717],[-57.80418,6.51654],[-57.80332,6.51636],[-57.80212,6.51598],[-57.80105,6.51564],[-57.80004,6.51756],[-57.79908,6.51824],[-57.79875,6.51845],[-57.7988,6.51843],[-57.79886,6.51838],[-57.80193,6.51934],[-57.80942,6.52129],[-57.81034,6.5222],[-57.82288,6.52544],[-57.82605,6.5264],[-57.82927,6.52718],[-57.82932,6.52706]]]},"properties":{"ID":"133","Constituen":"Unclassified","NDC":"Unclassified","NAME":"New Providence","RDC":"5","REGION":"Mahaica-Berbice","Pop_2012":64}},
{"type":"Feature","geometry":{"type":"Polygon","coordinates":[[[-57.85525,6.53315],[-57.85849,6.53394],[-57.86178,6.52377],[-57.86328,6.5194],[-57.86474,6.51455],[-57.86478,6.51442],[-57.84825,6.50978],[-57.83622,6.50664],[-57.83481,6.50628],[-57.83468,6.50624],[-57.83217,6.51531],[-57.82277,6.51251],[-57.82271,6.51249],[-57.82399,6.50753],[-57.82399,6.50751],[-57.8179,6.50553],[-57.80454,6.50189],[-57.80453,6.50189],[-57.80452,6.50189],[-57.80443,6.50208],[-57.80421,6.50246],[-57.8035,6.50322],[-57.80272,6.50406],[-57.80176,6.50497],[-57.8012,6.50591],[-57.80114,6.50608],[-57.80057,6.50749],[-57.80045,6.50945],[-57.80067,6.51295],[-57.8011,6.51393],[-57.80105,6.51564],[-57.80212,6.51598],[-57.80332,6.51636],[-57.80418,6.51654],[-57.80666,6.51717],[-57.80927,6.51786],[-57.81117,6.51846],[-57.82012,6.52078],[-57.82747,6.52273],[-57.83046,6.52358],[-57.83021,6.52394],[-57.82999,6.52471],[-57.82981,6.52534],[-57.83298,6.52621],[-57.83832,6.52754],[-57.84891,6.53031],[-57.84859,6.53127],[-57.84863,6.53129],[-57.84861,6.53135],[-57.85015,6.53189],[-57.85525,6.53315]]]},"properties":{"ID":"129","Constituen":"","NDC":"Unclassified","NAME":"Mortice","RDC":"5","REGION":"Mahaica-Berbice","Pop_2012":71}},
{"type":"Feature","geometry":{"type":"Polygon","coordinates":[[[-57.80254,6.48791],[-57.80257,6.48798],[-57.80312,6.48909],[-57.80323,6.48933],[-57.80391,6.49087],[-57.80442,6.49207],[-57.80451,6.49231],[-57.80567,6.49542],[-57.80572,6.49624],[-57.8057,6.49748],[-57.80569,6.49771],[-57.80542,6.49897],[-57.8049,6.50061],[-57.80471,6.5013],[-57.80453,6.50189],[-57.80454,6.50189],[-57.8179,6.50553],[-57.82399,6.50751],[-57.82399,6.50753],[-57.82271,6.51249],[-57.82277,6.51251],[-57.83217,6.51531],[-57.83468,6.50624],[-57.83481,6.50628],[-57.83622,6.50664],[-57.84825,6.50978],[-57.86478,6.51442],[-57.86474,6.51455],[-57.86489,6.51459],[-57.86695,6.5063],[-57.86784,6.50337],[-57.863,6.50248],[-57.85894,6.50149],[-57.85282,6.49966],[-57.85232,6.50121],[-57.84642,6.49823],[-57.84063,6.49552],[-57.83835,6.49413],[-57.82906,6.49071],[-57.80104,6.48198],[-57.80084,6.4831],[-57.80115,6.48491],[-57.80173,6.48618],[-57.80237,6.48762],[-57.8025,6.48783],[-57.80254,6.48791]]]},"properties":{"ID":"189","Constituen":"","NDC":"Unclassified","NAME":"Wash Clothes","RDC":"5","REGION":"Mahaica-Berbice","Pop_2012":255}},
{"type":"Feature","geometry":{"type":"Polygon","coordinates":[[[-57.76365,6.49801],[-57.77292,6.50019],[-57.7881,6.50404],[-57.79593,6.50628],[-57.80057,6.50749],[-57.80114,6.50608],[-57.8012,6.50591],[-57.80176,6.50497],[-57.80272,6.50406],[-57.8035,6.50322],[-57.80421,6.50246],[-57.80443,6.50208],[-57.80452,6.50189],[-57.80453,6.50189],[-57.80471,6.5013],[-57.8049,6.50061],[-57.80542,6.49897],[-57.80569,6.49771],[-57.8057,6.49748],[-57.80572,6.49624],[-57.80567,6.49542],[-57.80451,6.49231],[-57.80442,6.49207],[-57.80391,6.49087],[-57.80323,6.48933],[-57.80312,6.48909],[-57.80257,6.48798],[-57.80254,6.48791],[-57.79709,6.48618],[-57.78497,6.48212],[-57.76148,6.47439],[-57.76201,6.47908],[-57.76338,6.49293],[-57.76365,6.49801]]]},"properties":{"ID":"107","Constituen":"2","NDC":"Mahaicony / Abary","NAME":"Hyde Park","RDC":"5","REGION":"Mahaica-Berbice","Pop_2012":74}},
{"type":"Feature","geometry":{"type":"Polygon","coordinates":[[[-57.78718,6.55444],[-57.79831,6.55728],[-57.7998,6.55779],[-57.79983,6.55756],[-57.79984,6.55749],[-57.79985,6.55732],[-57.79985,6.55723],[-57.79982,6.55666],[-57.79904,6.55644],[-57.79779,6.55605],[-57.79707,6.55586],[-57.79705,6.55585],[-57.7968,6.55564],[-57.79676,6.55532],[-57.79673,6.55516],[-57.79673,6.55515],[-57.79679,6.5547],[-57.79677,6.55387],[-57.79548,6.55314],[-57.79487,6.55285],[-57.79217,6.55167],[-57.79099,6.55123],[-57.79058,6.55104],[-57.79055,6.55101],[-57.78672,6.54996],[-57.77996,6.54834],[-57.77766,6.54598],[-57.77717,6.54551],[-57.77976,6.54813],[-57.77996,6.54834],[-57.78266,6.55065],[-57.78702,6.5543],[-57.78718,6.55444]]]},"properties":{"ID":"12","Constituen":"2","NDC":"Mahaicony/Abary","NAME":"Adventure","RDC":"5","REGION":"Mahaica-Berbice","Pop_2012":0}},
{"type":"Feature","geometry":{"type":"Polygon","coordinates":[[[-57.79761,6.56968],[-57.7979,6.56944],[-57.79811,6.56924],[-57.79815,6.56902],[-57.79816,6.56895],[-57.79821,6.56858],[-57.79818,6.56876],[-57.79816,6.56893],[-57.79767,6.56804],[-57.79649,6.56556],[-57.7963,6.56508],[-57.79518,6.56291],[-57.79339,6.55984],[-57.7919,6.55853],[-57.79185,6.55852],[-57.79143,6.56056],[-57.78852,6.57167],[-57.78561,6.58345],[-57.78491,6.58625],[-57.78594,6.58728],[-57.78736,6.58895],[-57.78804,6.59001],[-57.78964,6.59163],[-57.79173,6.59312],[-57.79429,6.59556],[-57.79756,6.59629],[-57.7984,6.59699],[-57.79901,6.59659],[-57.79902,6.59658],[-57.79922,6.59631],[-57.79945,6.59601],[-57.79945,6.596],[-57.79968,6.59567],[-57.80006,6.59511],[-57.80006,6.5951],[-57.79959,6.59419],[-57.79919,6.59359],[-57.79871,6.59246],[-57.79757,6.58896],[-57.7971,6.58808],[-57.79647,6.58755],[-57.79646,6.58754],[-57.79615,6.58738],[-57.79612,6.58736],[-57.79599,6.58734],[-57.79565,6.58733],[-57.79564,6.58733],[-57.79452,6.58778],[-57.79351,6.58756],[-57.79342,6.58748],[-57.79319,6.58724],[-57.79298,6.58709],[-57.7927,6.58645],[-57.79259,6.58605],[-57.79266,6.5854],[-57.79279,6.58506],[-57.79345,6.58426],[-57.79357,6.58394],[-57.79361,6.58383],[-57.79307,6.58301],[-57.79148,6.58155],[-57.79127,6.58038],[-57.79132,6.57915],[-57.7914,6.57889],[-57.79143,6.57871],[-57.79147,6.57859],[-57.79154,6.57842],[-57.79196,6.57765],[-57.79243,6.57699],[-57.79386,6.57422],[-57.79408,6.57427],[-57.79386,6.57422],[-57.79423,6.57349],[-57.79472,6.57239],[-57.79484,6.57211],[-57.79569,6.57131],[-57.796,6.57117],[-57.7961,6.57116],[-57.7961,6.57115],[-57.79612,6.57113],[-57.79613,6.57112],[-57.79737,6.5699],[-57.79761,6.56968]]]},"properties":{"ID":"148","Constituen":"1","NDC":"Mahaicony/Abary","NAME":"Park","RDC":"5","REGION":"Mahaica-Berbice","Pop_2012":12}},
{"type":"Feature","geometry":{"type":"Polygon","coordinates":[[[-57.77996,6.54834],[-57.77976,6.54813],[-57.77972,6.54829],[-57.77996,6.54834]]]},"properties":{"ID":"106","Constituen":"1","NDC":"Mahaicony/Abary","NAME":"Huntley","RDC":"5","REGION":"Mahaica-Berbice","Pop_2012":393}},
{"type":"Feature","geometry":{"type":"Polygon","coordinates":[[[-57.7887,6.54897],[-57.78847,6.54891],[-57.78333,6.54749],[-57.78268,6.54731],[-57.77766,6.54598],[-57.77996,6.54834],[-57.78672,6.54996],[-57.79055,6.55101],[-57.79002,6.55051],[-57.7896,6.55014],[-57.78942,6.54995],[-57.78907,6.54957],[-57.7887,6.54897],[-57.7888,6.54899],[-57.7887,6.54897]]]},"properties":{"ID":"167","Constituen":"2","NDC":"Mahaicony/Abary","NAME":"Santuary","RDC":"5","REGION":"Mahaica-Berbice","Pop_2012":0}},
{"type":"Feature","geometry":{"type":"Polygon","coordinates":[[[-57.79738,6.5642],[-57.79732,6.56418],[-57.79807,6.56343],[-57.79871,6.56241],[-57.79876,6.56234],[-57.79893,6.56202],[-57.79901,6.56166],[-57.79978,6.55919],[-57.7998,6.55787],[-57.7998,6.55779],[-57.79831,6.55728],[-57.78718,6.55444],[-57.79187,6.55844],[-57.79339,6.55984],[-57.79518,6.56291],[-57.7963,6.56508],[-57.79649,6.56556],[-57.79767,6.56804],[-57.79816,6.56893],[-57.79818,6.56876],[-57.79821,6.56858],[-57.79821,6.56853],[-57.79822,6.56852],[-57.79823,6.56841],[-57.79826,6.56818],[-57.7981,6.56745],[-57.79802,6.56693],[-57.79775,6.56633],[-57.79764,6.56601],[-57.79755,6.56572],[-57.79738,6.56516],[-57.79725,6.56448],[-57.79738,6.5642]]]},"properties":{"ID":"162","Constituen":"2","NDC":"Mahaicony/Abary","NAME":"Retrieve","RDC":"5","REGION":"Mahaica-Berbice","Pop_2012":0}},
{"type":"Feature","geometry":{"type":"Polygon","coordinates":[[[-57.79871,6.56241],[-57.79871,6.56242],[-57.79897,6.56249],[-57.79902,6.56251],[-57.79918,6.56256],[-57.80006,6.5628],[-57.80007,6.5628],[-57.80071,6.56299],[-57.80087,6.56304],[-57.80111,6.56311],[-57.80164,6.56327],[-57.80217,6.56341],[-57.80283,6.56359],[-57.80402,6.56392],[-57.80484,6.56417],[-57.81016,6.56581],[-57.82539,6.57017],[-57.83166,6.57205],[-57.83665,6.57353],[-57.84272,6.5753],[-57.84725,6.57652],[-57.85471,6.5787],[-57.85555,6.57525],[-57.8429,6.57152],[-57.8429,6.57154],[-57.83012,6.56783],[-57.82595,6.56672],[-57.8181,6.56449],[-57.80669,6.56117],[-57.80155,6.55974],[-57.80053,6.55937],[-57.80004,6.55924],[-57.79982,6.5592],[-57.79978,6.55919],[-57.79901,6.56166],[-57.79893,6.56202],[-57.79876,6.56234],[-57.79871,6.56241]]]},"properties":{"ID":"97","Constituen":"1","NDC":"Hamlet / Chance","NAME":"Hamlet","RDC":"5","REGION":"Mahaica-Berbice","Pop_2012":0}},
{"type":"Feature","geometry":{"type":"Polygon","coordinates":[[[-57.79679,6.5547],[-57.79673,6.55515],[-57.79673,6.55516],[-57.79676,6.55532],[-57.7968,6.55564],[-57.79705,6.55585],[-57.79707,6.55586],[-57.79779,6.55605],[-57.79904,6.55644],[-57.79982,6.55666],[-57.79985,6.55723],[-57.79985,6.55732],[-57.79984,6.55749],[-57.79983,6.55756],[-57.7998,6.55779],[-57.7998,6.55787],[-57.79978,6.55919],[-57.79982,6.5592],[-57.80004,6.55924],[-57.80053,6.55937],[-57.80155,6.55974],[-57.80669,6.56117],[-57.8181,6.56449],[-57.82595,6.56672],[-57.83012,6.56783],[-57.8429,6.57154],[-57.8429,6.57152],[-57.85555,6.57525],[-57.85651,6.57186],[-57.85565,6.57164],[-57.85533,6.57155],[-57.85422,6.57122],[-57.84935,6.56983],[-57.84671,6.56898],[-57.83148,6.5646],[-57.82268,6.56213],[-57.80936,6.55824],[-57.80443,6.55698],[-57.79679,6.5547]]]},"properties":{"ID":"39","Constituen":"1","NDC":"Hamlet / Chance","NAME":"Broomlands","RDC":"5","REGION":"Mahaica-Berbice","Pop_2012":8}},
{"type":"Feature","geometry":{"type":"Polygon","coordinates":[[[-57.62098,6.32974],[-57.62075,6.32963],[-57.59825,6.32769],[-57.59234,6.3274],[-57.5859,6.32695],[-57.58073,6.32669],[-57.56243,6.32528],[-57.56164,6.32553],[-57.56116,6.32575],[-57.56312,6.33033],[-57.57579,6.33145],[-57.58249,6.33179],[-57.58743,6.33227],[-57.60484,6.3335],[-57.61259,6.33409],[-57.61577,6.33435],[-57.61585,6.33438],[-57.61659,6.33372],[-57.61772,6.33268],[-57.61778,6.33263],[-57.61979,6.33078],[-57.62098,6.32974]]]},"properties":{"ID":"199","Constituen":"4","NDC":"Woodlands/ Bel Ai","NAME":"Willemstand","RDC":"5","REGION":"Mahaica-Berbice","Pop_2012":350}},
{"type":"Feature","geometry":{"type":"Polygon","coordinates":[[[-57.61585,6.33438],[-57.61577,6.33435],[-57.61259,6.33409],[-57.60484,6.3335],[-57.58743,6.33227],[-57.58249,6.33179],[-57.57579,6.33145],[-57.56312,6.33033],[-57.56458,6.33375],[-57.56518,6.33573],[-57.56969,6.33618],[-57.58085,6.33692],[-57.5859,6.33737],[-57.59724,6.33811],[-57.60364,6.33863],[-57.60937,6.339],[-57.61067,6.33916],[-57.61521,6.33497],[-57.61585,6.33438]]]},"properties":{"ID":"108","Constituen":"3","NDC":"Woodlands/ Bel Ai","NAME":"Inverness","RDC":"5","REGION":"Mahaica-Berbice","Pop_2012":366}},
{"type":"Feature","geometry":{"type":"Polygon","coordinates":[[[-57.88484,6.64224],[-57.88072,6.65675],[-57.87551,6.67546],[-57.87857,6.67845],[-57.88073,6.66993],[-57.88458,6.65598],[-57.88772,6.64484],[-57.8882,6.64316],[-57.88484,6.64224]]]},"properties":{"ID":"63","Constituen":"","NDC":"Woodlands/Farm","NAME":"Mes Delices","RDC":"5","REGION":"Mahaica-Berbice","Pop_2012":21}},
{"type":"Feature","geometry":{"type":"Polygon","coordinates":[[[-57.53493,6.28106],[-57.53526,6.28208],[-57.53466,6.28282],[-57.53479,6.28569],[-57.53526,6.28865],[-57.53619,6.29224],[-57.53769,6.29428],[-57.56044,6.30025],[-57.57779,6.30472],[-57.58717,6.30748],[-57.59582,6.30968],[-57.61162,6.31403],[-57.61345,6.31459],[-57.61381,6.31435],[-57.6108,6.31054],[-57.60491,6.30269],[-57.60261,6.29975],[-57.60219,6.30021],[-57.5957,6.29842],[-57.58957,6.29659],[-57.58957,6.29641],[-57.58521,6.295],[-57.57195,6.29132],[-57.56846,6.29044],[-57.55093,6.28563],[-57.54963,6.28507],[-57.54249,6.28304],[-57.54028,6.28267],[-57.53711,6.28126],[-57.53493,6.28106]]]},"properties":{"ID":"60","Constituen":"7","NDC":"Zeelust / Rosignol","NAME":"Cotton Tree","RDC":"5","REGION":"Mahaica-Berbice","Pop_2012":1910}}
]}