{"type":"FeatureCollection", "features": [
{"type":"Feature","geometry":{"type":"Polygon","coordinates":[[[-57.57777,6.34677],[-57.57636,6.34667],[-57.56983,6.34621],[-57.56982,6.34621],[-57.56777,6.34607],[-57.56805,6.34679],[-57.56915,6.35275],[-57.56986,6.35459],[-57.57078,6.35891],[-57.57375,6.36862],[-57.5738,6.36986],[-57.5757,6.37484],[-57.57766,6.37863],[-57.57875,6.38014],[-57.57995,6.38208],[-57.58051,6.38356],[-57.58229,6.38625],[-57.58493,6.38998],[-57.58529,6.38958],[-57.59268,6.38301],[-57.59406,6.38184],[-57.59777,6.37847],[-57.59884,6.37749],[-57.60091,6.37559],[-57.60235,6.37428],[-57.60272,6.37397],[-57.60531,6.37177],[-57.60537,6.37172],[-57.60693,6.3706],[-57.60738,6.37021],[-57.61344,6.36463],[-57.61659,6.36149],[-57.63092,6.34855],[-57.63578,6.34435],[-57.63794,6.34244],[-57.63524,6.33937],[-57.63019,6.33364],[-57.62458,6.32727],[-57.6242,6.32685],[-57.62418,6.32687],[-57.62419,6.32688],[-57.62392,6.3271],[-57.62319,6.32776],[-57.62209,6.32875],[-57.61619,6.33408],[-57.61521,6.33497],[-57.6005,6.34854],[-57.57872,6.34684],[-57.57777,6.34677]]]},"properties":{"NCD_ID":504,"NDC_Name":"Bath / Woodley Park","Status":"Neighborhood Democratic Council","Tot_Males":1293,"Tot_Female":1286,"Tot_Pop":2579,"Area":23.06}},
{"type":"Feature","geometry":{"type":"Polygon","coordinates":[[[-57.53817,6.25566],[-57.53733,6.25968],[-57.53643,6.26253],[-57.53503,6.26824],[-57.53469,6.26915],[-57.53549,6.26948],[-57.53643,6.2699],[-57.53685,6.27012],[-57.53805,6.27073],[-57.53962,6.27136],[-57.5406,6.27198],[-57.54106,6.27211],[-57.54441,6.27304],[-57.55433,6.27584],[-57.56178,6.27782],[-57.5657,6.27895],[-57.59165,6.28616],[-57.59176,6.28629],[-57.59186,6.28599],[-57.58876,6.28194],[-57.58656,6.27908],[-57.58786,6.26979],[-57.58799,6.26878],[-57.54466,6.25737],[-57.54211,6.2567],[-57.54212,6.25669],[-57.54437,6.24883],[-57.54656,6.2408],[-57.54836,6.23462],[-57.55673,6.23699],[-57.55966,6.23801],[-57.57289,6.2416],[-57.57362,6.2418],[-57.57565,6.23378],[-57.56214,6.22984],[-57.5556,6.22777],[-57.54262,6.22409],[-57.54063,6.22348],[-57.53738,6.22264],[-57.53753,6.22346],[-57.53893,6.23133],[-57.53958,6.23687],[-57.53964,6.24146],[-57.53937,6.24619],[-57.53879,6.25002],[-57.53817,6.25566]]]},"properties":{"NCD_ID":501,"NDC_Name":"Blairmont / Gelderland","Status":"Neighborhood Democratic Council","Tot_Males":981,"Tot_Female":979,"Tot_Pop":1960,"Area":16.139}},
{"type":"Feature","geometry":{"type":"Polygon","coordinates":[[[-57.85471,6.5787],[-57.85554,6.57527],[-57.85697,6.57023],[-57.85735,6.56882],[-57.84825,6.56615],[-57.85003,6.5608],[-57.85083,6.55804],[-57.85327,6.55044],[-57.85442,6.54644],[-57.85626,6.54137],[-57.85716,6.53837],[-57.8585,6.53406],[-57.85052,6.53181],[-57.84938,6.53149],[-57.84859,6.53128],[-57.84859,6.53127],[-57.8489,6.53034],[-57.84373,6.52888],[-57.83621,6.52695],[-57.83238,6.52599],[-57.82912,6.52517],[-57.82382,6.52381],[-57.81896,6.52233],[-57.81326,6.52094],[-57.8083,6.51957],[-57.80228,6.5178],[-57.79993,6.51764],[-57.79908,6.51824],[-57.79899,6.51829],[-57.79875,6.51845],[-57.79872,6.51846],[-57.79842,6.51861],[-57.79815,6.51871],[-57.7978,6.51883],[-57.79742,6.51896],[-57.79684,6.51902],[-57.79608,6.51909],[-57.79526,6.51921],[-57.7942,6.51881],[-57.79391,6.51874],[-57.79362,6.51867],[-57.7928,6.51831],[-57.79238,6.51815],[-57.79218,6.5181],[-57.79169,6.51805],[-57.7914,6.51811],[-57.79132,6.51813],[-57.79034,6.5184],[-57.79028,6.51841],[-57.79012,6.51853],[-57.78997,6.51862],[-57.78933,6.51904],[-57.78917,6.51917],[-57.7888,6.51951],[-57.78862,6.5197],[-57.78857,6.5198],[-57.78839,6.52028],[-57.78805,6.52121],[-57.78749,6.52251],[-57.78724,6.52332],[-57.78685,6.52427],[-57.78652,6.52518],[-57.78652,6.52519],[-57.78617,6.52702],[-57.786,6.52871],[-57.78589,6.52908],[-57.78579,6.52947],[-57.78565,6.52998],[-57.78545,6.53037],[-57.78524,6.53079],[-57.78516,6.53092],[-57.78497,6.53121],[-57.78449,6.5324],[-57.78304,6.53548],[-57.78276,6.53638],[-57.78262,6.53678],[-57.78238,6.53743],[-57.78236,6.5379],[-57.78236,6.53837],[-57.7822,6.53915],[-57.78286,6.54259],[-57.78374,6.54445],[-57.78479,6.54581],[-57.78588,6.54663],[-57.78599,6.54669],[-57.78665,6.54707],[-57.78677,6.54714],[-57.7873,6.54747],[-57.7875,6.54762],[-57.78777,6.54787],[-57.78786,6.54795],[-57.78802,6.54811],[-57.78841,6.54849],[-57.78845,6.54855],[-57.78909,6.54958],[-57.79059,6.55103],[-57.79071,6.5511],[-57.79119,6.55135],[-57.79152,6.55153],[-57.79166,6.5516],[-57.79215,6.55165],[-57.79232,6.55172],[-57.79299,6.55199],[-57.7935,6.55217],[-57.79384,6.55229],[-57.79413,6.55243],[-57.79423,6.55247],[-57.79427,6.55249],[-57.79499,6.55291],[-57.79568,6.55323],[-57.7958,6.55329],[-57.79649,6.55361],[-57.79651,6.55362],[-57.79677,6.55387],[-57.79679,6.55401],[-57.79684,6.55426],[-57.79681,6.5545],[-57.79678,6.55477],[-57.79673,6.55515],[-57.79705,6.55585],[-57.79749,6.55597],[-57.79778,6.55604],[-57.79983,6.55666],[-57.79981,6.55915],[-57.79965,6.55969],[-57.79951,6.56017],[-57.79925,6.56103],[-57.79892,6.56203],[-57.7987,6.56245],[-57.79871,6.56244],[-57.79899,6.5625],[-57.79938,6.56261],[-57.80007,6.5628],[-57.80017,6.56283],[-57.80111,6.56311],[-57.80164,6.56327],[-57.80217,6.56341],[-57.8039,6.56388],[-57.80402,6.56392],[-57.80484,6.56417],[-57.80736,6.56494],[-57.81027,6.56582],[-57.81463,6.56706],[-57.81812,6.5681],[-57.81906,6.56837],[-57.82092,6.56892],[-57.82295,6.56951],[-57.8245,6.56993],[-57.82555,6.57023],[-57.82598,6.57035],[-57.82658,6.57053],[-57.82688,6.57061],[-57.8291,6.57124],[-57.82994,6.57151],[-57.83091,6.57182],[-57.83383,6.57269],[-57.83555,6.57321],[-57.83693,6.57361],[-57.83807,6.57394],[-57.83808,6.57395],[-57.84152,6.57495],[-57.84203,6.5751],[-57.84258,6.57526],[-57.84277,6.57532],[-57.84323,6.57544],[-57.84505,6.5759],[-57.84693,6.57642],[-57.85145,6.57773],[-57.85364,6.57838],[-57.85471,6.5787]]]},"properties":{"NCD_ID":509,"NDC_Name":"Hamlet-Chance","Status":"Neighborhood Democratic Council","Tot_Males":555,"Tot_Female":592,"Tot_Pop":1147,"Area":37.254}},
{"type":"Feature","geometry":{"type":"Polygon","coordinates":[[[-57.79993,6.51764],[-57.80083,6.51649],[-57.80116,6.51524],[-57.8011,6.51393],[-57.80067,6.51295],[-57.80067,6.51294],[-57.80067,6.51185],[-57.8005,6.51065],[-57.80045,6.50945],[-57.8005,6.50825],[-57.80056,6.50756],[-57.8006,6.5072],[-57.8006,6.50713],[-57.80061,6.50705],[-57.80061,6.50704],[-57.80064,6.50696],[-57.80069,6.50685],[-57.80105,6.5059],[-57.80106,6.50589],[-57.8012,6.50565],[-57.8014,6.50533],[-57.80171,6.50481],[-57.80173,6.50479],[-57.80259,6.50394],[-57.80336,6.50306],[-57.80342,6.503],[-57.80343,6.50299],[-57.80413,6.50224],[-57.8049,6.50061],[-57.80561,6.49766],[-57.80572,6.49624],[-57.80567,6.49542],[-57.80451,6.49231],[-57.80319,6.48925],[-57.80105,6.48477],[-57.80083,6.48308],[-57.80099,6.48221],[-57.80127,6.48084],[-57.80187,6.4798],[-57.80204,6.47844],[-57.80209,6.47685],[-57.80198,6.47538],[-57.80099,6.47303],[-57.79918,6.47063],[-57.7983,6.46926],[-57.79654,6.46708],[-57.79446,6.46468],[-57.7933,6.46353],[-57.79259,6.46233],[-57.79209,6.46107],[-57.7916,6.45736],[-57.79132,6.45594],[-57.79105,6.4531],[-57.79072,6.45157],[-57.78984,6.44611],[-57.78956,6.44475],[-57.7888,6.44196],[-57.78874,6.43956],[-57.78907,6.43732],[-57.79061,6.43088],[-57.79061,6.42962],[-57.77965,6.4318],[-57.77495,6.43277],[-57.76735,6.43439],[-57.76197,6.43539],[-57.75675,6.4364],[-57.74621,6.43896],[-57.73862,6.4406],[-57.72412,6.43678],[-57.7239,6.43777],[-57.72346,6.44006],[-57.72271,6.44198],[-57.72271,6.44271],[-57.7232,6.44589],[-57.72368,6.4478],[-57.72379,6.44969],[-57.72372,6.4517],[-57.72377,6.45469],[-57.72405,6.45608],[-57.72504,6.45829],[-57.72622,6.45932],[-57.7282,6.45972],[-57.72892,6.4601],[-57.72931,6.46038],[-57.73015,6.46171],[-57.73118,6.4637],[-57.73185,6.466],[-57.73157,6.46704],[-57.73083,6.4679],[-57.72977,6.46849],[-57.72699,6.46841],[-57.72624,6.46886],[-57.72526,6.47001],[-57.72475,6.47142],[-57.72471,6.47199],[-57.72478,6.47482],[-57.7251,6.47663],[-57.72534,6.47771],[-57.72587,6.47946],[-57.72716,6.48174],[-57.72754,6.4828],[-57.72813,6.48485],[-57.72874,6.48622],[-57.72968,6.48755],[-57.73052,6.48821],[-57.73207,6.4883],[-57.73418,6.48715],[-57.7351,6.48732],[-57.7358,6.48854],[-57.73681,6.48934],[-57.74071,6.48991],[-57.74159,6.49082],[-57.74115,6.49278],[-57.73828,6.49537],[-57.73791,6.49599],[-57.7362,6.49716],[-57.73475,6.49786],[-57.73339,6.49903],[-57.73196,6.49996],[-57.73058,6.5006],[-57.72993,6.50063],[-57.7289,6.49937],[-57.72843,6.49736],[-57.72758,6.4963],[-57.72725,6.49479],[-57.72782,6.49347],[-57.72763,6.49302],[-57.72675,6.4924],[-57.72398,6.49201],[-57.7226,6.49225],[-57.72127,6.49289],[-57.71949,6.49552],[-57.7193,6.49616],[-57.71943,6.49784],[-57.72011,6.49853],[-57.72175,6.49917],[-57.72201,6.49981],[-57.72192,6.50118],[-57.72249,6.50186],[-57.72256,6.50356],[-57.72339,6.50431],[-57.72488,6.50502],[-57.72587,6.50531],[-57.72734,6.50548],[-57.72763,6.50613],[-57.72694,6.50847],[-57.72732,6.50898],[-57.7292,6.50948],[-57.72953,6.50995],[-57.72931,6.51136],[-57.72837,6.51233],[-57.72832,6.51277],[-57.72971,6.51461],[-57.73006,6.51631],[-57.73144,6.51753],[-57.7301,6.51974],[-57.73026,6.52015],[-57.73208,6.52091],[-57.73293,6.52068],[-57.73341,6.52117],[-57.73365,6.5223],[-57.73348,6.52389],[-57.73391,6.52504],[-57.73381,6.52608],[-57.73332,6.52709],[-57.73234,6.5276],[-57.73216,6.52833],[-57.73381,6.52897],[-57.73394,6.52968],[-57.73291,6.5303],[-57.73172,6.53038],[-57.73161,6.53151],[-57.73285,6.53347],[-57.73368,6.5332],[-57.73439,6.53331],[-57.73483,6.53484],[-57.73417,6.53637],[-57.73368,6.53708],[-57.73241,6.53795],[-57.73357,6.54013],[-57.73412,6.5403],[-57.73522,6.53997],[-57.73588,6.54013],[-57.73698,6.54095],[-57.73785,6.54112],[-57.73978,6.54112],[-57.7406,6.5415],[-57.74159,6.54319],[-57.74165,6.54516],[-57.74148,6.54603],[-57.74318,6.54827],[-57.74412,6.54991],[-57.74824,6.55406],[-57.74841,6.55477],[-57.75165,6.55673],[-57.75286,6.55848],[-57.75352,6.55842],[-57.7539,6.55891],[-57.75451,6.56066],[-57.75577,6.56224],[-57.75681,6.56383],[-57.75808,6.56525],[-57.76148,6.5688],[-57.76319,6.57027],[-57.76412,6.57087],[-57.76473,6.57071],[-57.7667,6.57311],[-57.76731,6.5742],[-57.7694,6.57687],[-57.77247,6.5801],[-57.77451,6.58206],[-57.77775,6.58375],[-57.78088,6.58594],[-57.78286,6.58757],[-57.78379,6.58872],[-57.78643,6.5909],[-57.78748,6.59167],[-57.78836,6.5926],[-57.78973,6.59374],[-57.79325,6.595],[-57.79384,6.59601],[-57.79594,6.59739],[-57.7975,6.59774],[-57.79967,6.59658],[-57.79968,6.59655],[-57.7997,6.59646],[-57.80006,6.5951],[-57.79896,6.59293],[-57.79874,6.59251],[-57.79855,6.59217],[-57.79831,6.59148],[-57.79819,6.59128],[-57.79818,6.59128],[-57.79811,6.59098],[-57.79801,6.5906],[-57.79796,6.59041],[-57.79789,6.59018],[-57.79757,6.58912],[-57.79752,6.58896],[-57.79725,6.58845],[-57.79719,6.58833],[-57.7971,6.58808],[-57.79697,6.58797],[-57.79678,6.5878],[-57.79647,6.58755],[-57.79623,6.58742],[-57.79612,6.58736],[-57.79605,6.58735],[-57.79599,6.58734],[-57.79564,6.58733],[-57.79545,6.58738],[-57.79523,6.58745],[-57.79523,6.58746],[-57.79493,6.5876],[-57.79456,6.58779],[-57.79421,6.58773],[-57.79404,6.58769],[-57.79343,6.58761],[-57.79289,6.58713],[-57.79285,6.58698],[-57.79283,6.58694],[-57.79278,6.58675],[-57.79265,6.58603],[-57.79279,6.58506],[-57.79348,6.58423],[-57.79349,6.58422],[-57.79349,6.58356],[-57.79281,6.58289],[-57.7922,6.58245],[-57.79204,6.58234],[-57.79187,6.58213],[-57.79182,6.58208],[-57.7915,6.58169],[-57.79139,6.58155],[-57.79127,6.57912],[-57.79409,6.57381],[-57.79482,6.57215],[-57.79569,6.5713],[-57.79596,6.57112],[-57.79607,6.57103],[-57.7963,6.57088],[-57.79641,6.57077],[-57.79642,6.57077],[-57.79753,6.56971],[-57.79781,6.56946],[-57.79823,6.56901],[-57.79823,6.569],[-57.79823,6.56898],[-57.79813,6.56767],[-57.79808,6.56735],[-57.79802,6.56688],[-57.79764,6.56618],[-57.79726,6.5651],[-57.79725,6.56429],[-57.79803,6.56348],[-57.79805,6.56344],[-57.79817,6.56328],[-57.79848,6.56278],[-57.79849,6.56276],[-57.7987,6.56245],[-57.79892,6.56203],[-57.79925,6.56103],[-57.79951,6.56017],[-57.79965,6.55969],[-57.79981,6.55915],[-57.79983,6.55666],[-57.79778,6.55604],[-57.79749,6.55597],[-57.79705,6.55585],[-57.79673,6.55515],[-57.79678,6.55477],[-57.79681,6.5545],[-57.79684,6.55426],[-57.79679,6.55401],[-57.79677,6.55387],[-57.79651,6.55362],[-57.79649,6.55361],[-57.7958,6.55329],[-57.79568,6.55323],[-57.79499,6.55291],[-57.79427,6.55249],[-57.79423,6.55247],[-57.79413,6.55243],[-57.79384,6.55229],[-57.7935,6.55217],[-57.79299,6.55199],[-57.79232,6.55172],[-57.79215,6.55165],[-57.79166,6.5516],[-57.79152,6.55153],[-57.79119,6.55135],[-57.79071,6.5511],[-57.79059,6.55103],[-57.78909,6.54958],[-57.78845,6.54855],[-57.78841,6.54849],[-57.78802,6.54811],[-57.78786,6.54795],[-57.78777,6.54787],[-57.7875,6.54762],[-57.7873,6.54747],[-57.78677,6.54714],[-57.78665,6.54707],[-57.78599,6.54669],[-57.78588,6.54663],[-57.78479,6.54581],[-57.78374,6.54445],[-57.78286,6.54259],[-57.7822,6.53915],[-57.78236,6.53837],[-57.78236,6.5379],[-57.78238,6.53743],[-57.78262,6.53678],[-57.78276,6.53638],[-57.78304,6.53548],[-57.78449,6.5324],[-57.78497,6.53121],[-57.78516,6.53092],[-57.78524,6.53079],[-57.78545,6.53037],[-57.78565,6.52998],[-57.78579,6.52947],[-57.78589,6.52908],[-57.786,6.52871],[-57.78617,6.52702],[-57.78652,6.52519],[-57.78652,6.52518],[-57.78685,6.52427],[-57.78724,6.52332],[-57.78749,6.52251],[-57.78805,6.52121],[-57.78839,6.52028],[-57.78857,6.5198],[-57.78862,6.5197],[-57.7888,6.51951],[-57.78917,6.51917],[-57.78933,6.51904],[-57.78997,6.51862],[-57.79012,6.51853],[-57.79028,6.51841],[-57.79034,6.5184],[-57.79132,6.51813],[-57.7914,6.51811],[-57.79169,6.51805],[-57.79218,6.5181],[-57.79238,6.51815],[-57.7928,6.51831],[-57.79362,6.51867],[-57.79391,6.51874],[-57.7942,6.51881],[-57.79526,6.51921],[-57.79608,6.51909],[-57.79684,6.51902],[-57.79742,6.51896],[-57.7978,6.51883],[-57.79815,6.51871],[-57.79842,6.51861],[-57.79872,6.51846],[-57.79875,6.51845],[-57.79899,6.51829],[-57.79908,6.51824],[-57.79993,6.51764]]]},"properties":{"NCD_ID":508,"NDC_Name":"Mahaicony / Abary","Status":"Neighborhood Democratic Council","Tot_Males":1142,"Tot_Female":1103,"Tot_Pop":2245,"Area":108.953}},
{"type":"Feature","geometry":{"type":"Polygon","coordinates":[[[-57.65351,6.46955],[-57.6568,6.47259],[-57.65897,6.47387],[-57.66018,6.47479],[-57.66271,6.47703],[-57.66395,6.47839],[-57.66762,6.4821],[-57.66947,6.48403],[-57.66968,6.48433],[-57.66992,6.48453],[-57.67011,6.48482],[-57.67014,6.48486],[-57.67022,6.48486],[-57.6759,6.47975],[-57.67736,6.47845],[-57.68434,6.4724],[-57.68862,6.46856],[-57.69424,6.46352],[-57.69448,6.46331],[-57.71073,6.44917],[-57.71066,6.44907],[-57.7104,6.4487],[-57.71018,6.44838],[-57.70464,6.44013],[-57.70324,6.43797],[-57.70018,6.43346],[-57.70017,6.43346],[-57.70016,6.43347],[-57.69876,6.4313],[-57.6974,6.4292],[-57.69738,6.42921],[-57.69737,6.42923],[-57.69627,6.42757],[-57.69533,6.42615],[-57.69208,6.42125],[-57.69188,6.42108],[-57.69147,6.42075],[-57.69106,6.42114],[-57.69144,6.42072],[-57.69054,6.41969],[-57.69029,6.41857],[-57.68785,6.41459],[-57.68348,6.40821],[-57.6833,6.40837],[-57.68328,6.40839],[-57.68211,6.40614],[-57.67909,6.40196],[-57.67887,6.40216],[-57.67906,6.40197],[-57.67767,6.40016],[-57.67756,6.40004],[-57.67572,6.39791],[-57.67564,6.39797],[-57.67567,6.398],[-57.67561,6.39801],[-57.67006,6.40294],[-57.64987,6.42115],[-57.62843,6.4402],[-57.62531,6.44312],[-57.62862,6.44686],[-57.62853,6.44695],[-57.6318,6.45085],[-57.63185,6.45081],[-57.63488,6.45482],[-57.63914,6.45812],[-57.6391,6.45821],[-57.64437,6.46237],[-57.64749,6.46458],[-57.64875,6.46486],[-57.65351,6.46955]]]},"properties":{"NCD_ID":506,"NDC_Name":"Seafield / Tempie","Status":"Neighborhood Democratic Council","Tot_Males":808,"Tot_Female":798,"Tot_Pop":1606,"Area":47.093}},
{"type":"Feature","geometry":{"type":"Polygon","coordinates":[[[-57.81552,6.22539],[-57.81539,6.22653],[-57.81522,6.2277],[-57.81464,6.22949],[-57.81436,6.23093],[-57.81316,6.23428],[-57.81228,6.23758],[-57.81124,6.24099],[-57.8087,6.24818],[-57.80642,6.25347],[-57.80508,6.25557],[-57.80399,6.25793],[-57.80348,6.26003],[-57.80278,6.26056],[-57.80243,6.26126],[-57.80034,6.26756],[-57.79854,6.27006],[-57.797,6.27247],[-57.79503,6.2749],[-57.79413,6.27638],[-57.79268,6.27916],[-57.79025,6.28328],[-57.78847,6.28585],[-57.78765,6.28723],[-57.78579,6.28963],[-57.78296,6.29246],[-57.78096,6.29479],[-57.78009,6.2961],[-57.77936,6.29662],[-57.77647,6.29789],[-57.77655,6.29813],[-57.77669,6.29858],[-57.77803,6.30129],[-57.77958,6.30594],[-57.7807,6.3088],[-57.78179,6.3125],[-57.78247,6.31431],[-57.78259,6.31473],[-57.78304,6.31579],[-57.7831,6.316],[-57.78386,6.31763],[-57.78478,6.3201],[-57.78497,6.32092],[-57.78617,6.32437],[-57.7869,6.32679],[-57.78918,6.33242],[-57.78957,6.33415],[-57.79059,6.33731],[-57.79132,6.3404],[-57.79179,6.34194],[-57.79214,6.34521],[-57.79215,6.34655],[-57.79246,6.34799],[-57.79282,6.35084],[-57.79513,6.35567],[-57.79638,6.3568],[-57.79764,6.35765],[-57.7994,6.35832],[-57.80007,6.35834],[-57.80187,6.35793],[-57.80389,6.35694],[-57.80611,6.35546],[-57.80906,6.35363],[-57.81288,6.35076],[-57.81565,6.34876],[-57.81868,6.34603],[-57.82041,6.34498],[-57.82259,6.34335],[-57.82357,6.34238],[-57.8249,6.34136],[-57.82915,6.33845],[-57.83028,6.33774],[-57.83214,6.33681],[-57.83319,6.33615],[-57.83448,6.33561],[-57.83858,6.33298],[-57.83962,6.33211],[-57.84324,6.32948],[-57.84692,6.32584],[-57.84997,6.32296],[-57.85442,6.31908],[-57.85706,6.31725],[-57.85911,6.31643],[-57.86093,6.31584],[-57.8638,6.31566],[-57.8658,6.31601],[-57.86744,6.31663],[-57.86749,6.31639],[-57.86753,6.31609],[-57.86753,6.31583],[-57.86751,6.31565],[-57.86738,6.31477],[-57.86707,6.31381],[-57.86694,6.31301],[-57.86692,6.31276],[-57.86694,6.31257],[-57.86698,6.3124],[-57.86695,6.31216],[-57.867,6.312],[-57.86702,6.31142],[-57.86706,6.31093],[-57.86707,6.31067],[-57.86706,6.31012],[-57.86697,6.30973],[-57.86675,6.30935],[-57.86675,6.30911],[-57.86674,6.30911],[-57.86684,6.30881],[-57.86705,6.30844],[-57.86783,6.30745],[-57.86789,6.30714],[-57.86962,6.30611],[-57.87202,6.30586],[-57.87462,6.30488],[-57.87593,6.30402],[-57.87722,6.30296],[-57.87856,6.3016],[-57.87939,6.30017],[-57.87966,6.2991],[-57.88015,6.29431],[-57.88059,6.29215],[-57.8815,6.28935],[-57.88205,6.28705],[-57.8821,6.28661],[-57.88215,6.28632],[-57.88233,6.28515],[-57.88233,6.28501],[-57.88232,6.28486],[-57.8823,6.28471],[-57.88227,6.28457],[-57.88227,6.28412],[-57.88049,6.28026],[-57.87976,6.27817],[-57.87939,6.27755],[-57.87938,6.27741],[-57.87939,6.27726],[-57.87946,6.27713],[-57.87964,6.2769],[-57.87978,6.27664],[-57.88042,6.27584],[-57.88286,6.2735],[-57.88339,6.27248],[-57.88341,6.27233],[-57.88341,6.27218],[-57.8834,6.27189],[-57.88329,6.27131],[-57.88311,6.27044],[-57.88292,6.26988],[-57.8825,6.26928],[-57.88032,6.26435],[-57.8788,6.26221],[-57.87824,6.26173],[-57.87692,6.26008],[-57.87572,6.25799],[-57.87553,6.25739],[-57.87441,6.25562],[-57.87379,6.25503],[-57.87374,6.25494],[-57.87372,6.25475],[-57.87386,6.25405],[-57.87402,6.25363],[-57.87459,6.25299],[-57.87683,6.25112],[-57.87754,6.25016],[-57.87782,6.24948],[-57.87787,6.24926],[-57.87788,6.2491],[-57.8777,6.24824],[-57.87622,6.24675],[-57.87575,6.24592],[-57.87495,6.24411],[-57.87491,6.24384],[-57.8749,6.24347],[-57.87501,6.243],[-57.87543,6.24259],[-57.87655,6.2423],[-57.8785,6.24285],[-57.8798,6.24288],[-57.88051,6.24268],[-57.88169,6.24138],[-57.88258,6.23975],[-57.88327,6.23882],[-57.88396,6.2383],[-57.88548,6.238],[-57.88605,6.23698],[-57.88722,6.23637],[-57.88863,6.23615],[-57.88996,6.2362],[-57.8922,6.2369],[-57.89393,6.23819],[-57.89534,6.23998],[-57.89579,6.24136],[-57.89639,6.24246],[-57.8975,6.24367],[-57.89855,6.24396],[-57.90019,6.24362],[-57.90076,6.24312],[-57.90144,6.24156],[-57.90166,6.24062],[-57.90212,6.23747],[-57.90281,6.23646],[-57.90395,6.23552],[-57.90474,6.23559],[-57.90525,6.23597],[-57.90774,6.23684],[-57.909,6.23748],[-57.9108,6.23745],[-57.91168,6.23719],[-57.91222,6.2363],[-57.91225,6.23602],[-57.91228,6.2356],[-57.91227,6.23513],[-57.91181,6.23325],[-57.91125,6.23135],[-57.91119,6.23099],[-57.91121,6.23039],[-57.91137,6.23],[-57.91166,6.22965],[-57.91285,6.2292],[-57.91392,6.22974],[-57.916,6.2315],[-57.91743,6.23209],[-57.91883,6.23183],[-57.91964,6.23126],[-57.92031,6.23015],[-57.92037,6.22947],[-57.92044,6.22912],[-57.92042,6.22849],[-57.92038,6.22809],[-57.91966,6.22676],[-57.91853,6.22591],[-57.91698,6.22501],[-57.91532,6.22424],[-57.91491,6.22373],[-57.91472,6.22271],[-57.91425,6.22182],[-57.9133,6.21798],[-57.91271,6.21689],[-57.91187,6.21613],[-57.91098,6.21565],[-57.90934,6.21525],[-57.90722,6.21507],[-57.90374,6.21381],[-57.90119,6.2133],[-57.89974,6.21268],[-57.89876,6.21161],[-57.89799,6.21023],[-57.89798,6.21012],[-57.89796,6.21001],[-57.89796,6.20989],[-57.89798,6.20967],[-57.89799,6.20956],[-57.89822,6.20891],[-57.89943,6.2081],[-57.89988,6.20803],[-57.90238,6.20827],[-57.9048,6.20869],[-57.9075,6.20859],[-57.90862,6.20784],[-57.9094,6.20646],[-57.91063,6.20471],[-57.91119,6.20348],[-57.91121,6.20337],[-57.91121,6.20325],[-57.91117,6.20292],[-57.91116,6.2028],[-57.91114,6.20269],[-57.91048,6.20193],[-57.90952,6.20162],[-57.90751,6.20181],[-57.90696,6.2017],[-57.90593,6.20068],[-57.90499,6.19864],[-57.90491,6.19809],[-57.9049,6.19797],[-57.90489,6.19786],[-57.90489,6.19775],[-57.9049,6.19763],[-57.90512,6.197],[-57.90527,6.19669],[-57.90673,6.19499],[-57.90679,6.19466],[-57.90687,6.19445],[-57.90689,6.19433],[-57.90687,6.19423],[-57.90683,6.19401],[-57.9067,6.19351],[-57.90649,6.19298],[-57.90569,6.19204],[-57.90421,6.19082],[-57.90194,6.18935],[-57.90152,6.18921],[-57.89867,6.19025],[-57.89805,6.19005],[-57.89735,6.18917],[-57.89726,6.18887],[-57.89724,6.18862],[-57.89725,6.18851],[-57.89742,6.18823],[-57.89843,6.18786],[-57.89875,6.18761],[-57.89902,6.18716],[-57.89904,6.18686],[-57.89899,6.18677],[-57.89888,6.18663],[-57.89886,6.18651],[-57.90082,6.18499],[-57.90208,6.18459],[-57.90356,6.1857],[-57.90495,6.18625],[-57.90549,6.18615],[-57.90765,6.18407],[-57.90849,6.18374],[-57.90928,6.18405],[-57.90975,6.1847],[-57.90989,6.18559],[-57.91059,6.18743],[-57.91167,6.18836],[-57.91374,6.18888],[-57.91559,6.18783],[-57.91599,6.18743],[-57.91603,6.18733],[-57.91604,6.18721],[-57.916,6.18695],[-57.91597,6.18683],[-57.91584,6.1865],[-57.91548,6.18596],[-57.91507,6.18484],[-57.91502,6.18439],[-57.915,6.18383],[-57.915,6.18382],[-57.91502,6.18355],[-57.91504,6.18334],[-57.91549,6.18235],[-57.91666,6.18142],[-57.91713,6.18142],[-57.91877,6.1824],[-57.91978,6.18262],[-57.92212,6.18269],[-57.92296,6.18242],[-57.92348,6.18177],[-57.92374,6.1792],[-57.92411,6.17751],[-57.92534,6.17648],[-57.9269,6.17603],[-57.92873,6.17469],[-57.92979,6.17336],[-57.93007,6.17246],[-57.93017,6.17156],[-57.93021,6.17141],[-57.93023,6.17124],[-57.93023,6.1711],[-57.93019,6.17096],[-57.92995,6.17053],[-57.92942,6.16915],[-57.92937,6.16886],[-57.92934,6.16842],[-57.92931,6.16832],[-57.92929,6.16813],[-57.92929,6.16795],[-57.92932,6.16774],[-57.92955,6.16695],[-57.93117,6.16375],[-57.93161,6.1617],[-57.93176,6.15996],[-57.93177,6.15935],[-57.93182,6.15904],[-57.93182,6.15887],[-57.9318,6.1587],[-57.93156,6.15792],[-57.9315,6.15752],[-57.93149,6.15733],[-57.93153,6.1567],[-57.9316,6.15629],[-57.93182,6.15596],[-57.93329,6.15505],[-57.93462,6.15594],[-57.93478,6.15638],[-57.93483,6.15664],[-57.93484,6.15678],[-57.93484,6.15691],[-57.93484,6.15692],[-57.93484,6.15708],[-57.93482,6.15743],[-57.93479,6.15766],[-57.93459,6.15844],[-57.9345,6.15909],[-57.9345,6.15956],[-57.93446,6.15985],[-57.93444,6.15996],[-57.93442,6.16033],[-57.93443,6.16048],[-57.93443,6.16064],[-57.93443,6.16079],[-57.93447,6.16131],[-57.93453,6.16154],[-57.93496,6.16209],[-57.93587,6.1626],[-57.93669,6.16255],[-57.93805,6.16125],[-57.93976,6.16048],[-57.94065,6.16089],[-57.9428,6.16292],[-57.94377,6.16331],[-57.94486,6.16347],[-57.9455,6.16323],[-57.94684,6.16209],[-57.94736,6.16144],[-57.94785,6.1603],[-57.94791,6.16012],[-57.94795,6.15999],[-57.94794,6.1597],[-57.9479,6.1594],[-57.94714,6.158],[-57.94568,6.15701],[-57.94559,6.15686],[-57.94558,6.15669],[-57.94556,6.15658],[-57.94564,6.15596],[-57.9459,6.15546],[-57.94657,6.1552],[-57.94963,6.15545],[-57.9509,6.15509],[-57.95202,6.154],[-57.95303,6.15172],[-57.95437,6.15292],[-57.95697,6.15247],[-57.95747,6.15304],[-57.95755,6.1534],[-57.95757,6.15354],[-57.95761,6.15384],[-57.9576,6.15398],[-57.95743,6.15426],[-57.95738,6.1544],[-57.95735,6.15455],[-57.95739,6.15476],[-57.95741,6.1549],[-57.95747,6.15508],[-57.95795,6.15566],[-57.95942,6.15562],[-57.96038,6.15584],[-57.96177,6.15675],[-57.96305,6.15678],[-57.96306,6.15629],[-57.96346,6.15608],[-57.96482,6.15741],[-57.96564,6.15766],[-57.96777,6.15901],[-57.97106,6.15845],[-57.972,6.15865],[-57.97234,6.15901],[-57.97273,6.15852],[-57.97304,6.15848],[-57.97308,6.15837],[-57.97302,6.15791],[-57.97255,6.15724],[-57.97205,6.15733],[-57.97186,6.15724],[-57.9717,6.15703],[-57.97159,6.15678],[-57.97158,6.15662],[-57.97161,6.15627],[-57.97169,6.15603],[-57.97167,6.15575],[-57.97155,6.15549],[-57.97114,6.15507],[-57.96991,6.15436],[-57.96904,6.15354],[-57.96824,6.15248],[-57.96817,6.15225],[-57.96819,6.15206],[-57.96838,6.15171],[-57.96848,6.15179],[-57.96892,6.1513],[-57.97026,6.15153],[-57.97206,6.1516],[-57.97222,6.15153],[-57.97248,6.1513],[-57.97239,6.15106],[-57.97234,6.15094],[-57.97218,6.15083],[-57.97201,6.15066],[-57.97206,6.15053],[-57.97254,6.1499],[-57.97326,6.14959],[-57.9738,6.14855],[-57.97401,6.14832],[-57.97406,6.148],[-57.974,6.14784],[-57.97393,6.14772],[-57.97375,6.14734],[-57.97374,6.14712],[-57.97374,6.14711],[-57.97377,6.14692],[-57.97388,6.14659],[-57.97392,6.14639],[-57.97395,6.14627],[-57.97393,6.14533],[-57.97392,6.14514],[-57.97392,6.14504],[-57.97393,6.14488],[-57.97407,6.14462],[-57.97425,6.1445],[-57.97551,6.14508],[-57.97692,6.14382],[-57.97778,6.14487],[-57.97874,6.1448],[-57.97887,6.14629],[-57.97955,6.14639],[-57.98048,6.14613],[-57.98055,6.14642],[-57.98082,6.14636],[-57.98103,6.14616],[-57.98107,6.14592],[-57.98099,6.14579],[-57.98101,6.14567],[-57.98117,6.14555],[-57.98134,6.14558],[-57.9814,6.14593],[-57.98198,6.14604],[-57.98363,6.14578],[-57.98406,6.14555],[-57.9843,6.14558],[-57.98443,6.14562],[-57.98443,6.14563],[-57.98442,6.14576],[-57.98428,6.14596],[-57.98437,6.14613],[-57.98428,6.14648],[-57.98483,6.14654],[-57.98493,6.14658],[-57.985,6.14668],[-57.98493,6.14679],[-57.98468,6.14679],[-57.98454,6.14685],[-57.98456,6.14701],[-57.98461,6.14711],[-57.98545,6.14783],[-57.98717,6.14624],[-57.98778,6.14529],[-57.9878,6.14468],[-57.98879,6.14301],[-57.98958,6.14318],[-57.99059,6.14304],[-57.99069,6.14242],[-57.99146,6.14258],[-57.9918,6.14239],[-57.99183,6.1423],[-57.99178,6.14218],[-57.99154,6.14202],[-57.99155,6.14191],[-57.99165,6.14182],[-57.99232,6.14182],[-57.99279,6.14208],[-57.99305,6.14203],[-57.99323,6.14177],[-57.99365,6.14148],[-57.9937,6.14129],[-57.99361,6.14117],[-57.99318,6.14085],[-57.99316,6.1407],[-57.99331,6.14059],[-57.99355,6.14062],[-57.99365,6.14051],[-57.99374,6.1404],[-57.99371,6.14022],[-57.99358,6.13996],[-57.99343,6.13988],[-57.99336,6.13966],[-57.9934,6.1395],[-57.99346,6.13938],[-57.99353,6.13929],[-57.99346,6.13909],[-57.9929,6.13882],[-57.99235,6.13864],[-57.99222,6.13854],[-57.99222,6.13834],[-57.99231,6.13824],[-57.99265,6.13826],[-57.99278,6.13822],[-57.99265,6.13806],[-57.99254,6.13796],[-57.99252,6.13785],[-57.99266,6.13779],[-57.99295,6.13782],[-57.99324,6.13762],[-57.99346,6.13814],[-57.99362,6.13749],[-57.99422,6.13709],[-57.99431,6.13685],[-57.99433,6.13671],[-57.99413,6.13611],[-57.99375,6.13588],[-57.9936,6.13471],[-57.99367,6.13452],[-57.99423,6.13422],[-57.99585,6.13471],[-57.99677,6.13569],[-57.99728,6.13532],[-57.99831,6.13553],[-57.99837,6.13494],[-57.99945,6.13462],[-57.99999,6.13395],[-58.00003,6.13373],[-58.00001,6.13357],[-57.9999,6.13341],[-57.99971,6.13332],[-57.9997,6.13311],[-57.9999,6.13292],[-58.0002,6.13269],[-58.00063,6.13249],[-58.00147,6.13237],[-58.0021,6.13268],[-58.00397,6.13233],[-58.0046,6.13152],[-58.0047,6.13135],[-58.00474,6.13113],[-58.00469,6.13102],[-58.00413,6.13067],[-58.00396,6.13043],[-58.00389,6.13025],[-58.00398,6.1291],[-58.00469,6.12877],[-58.00574,6.12913],[-58.00626,6.12849],[-58.00794,6.12809],[-58.00834,6.12859],[-58.00917,6.12744],[-58.01019,6.12709],[-58.0103,6.12642],[-58.0107,6.12648],[-58.01131,6.12551],[-58.01259,6.12443],[-58.01426,6.12545],[-58.01554,6.1249],[-58.01626,6.12397],[-58.01812,6.12258],[-58.0195,6.12107],[-58.01986,6.12026],[-58.02103,6.11889],[-58.02124,6.11739],[-58.02218,6.11573],[-58.02319,6.11433],[-58.02357,6.11298],[-58.0249,6.11002],[-58.02624,6.10805],[-58.02791,6.1049],[-58.02991,6.1024],[-58.03128,6.10115],[-58.03331,6.10019],[-58.03652,6.09804],[-58.03747,6.09728],[-58.03895,6.0949],[-58.03951,6.0938],[-58.04012,6.09205],[-58.04047,6.08907],[-58.041,6.08739],[-58.04205,6.08543],[-58.04311,6.08418],[-58.04457,6.08188],[-58.04477,6.0812],[-58.04487,6.08054],[-58.04487,6.08022],[-58.04491,6.0797],[-58.04496,6.07911],[-58.04501,6.07856],[-58.04473,6.07821],[-58.04476,6.07748],[-58.0448,6.07694],[-58.04453,6.07606],[-58.04409,6.07505],[-58.04279,6.07107],[-58.0426,6.07012],[-58.04246,6.06937],[-58.04232,6.06854],[-58.04215,6.06758],[-58.04227,6.06655],[-58.04252,6.06516],[-58.04271,6.06443],[-58.0442,6.06065],[-58.04507,6.05877],[-58.0461,6.05718],[-58.04716,6.05635],[-58.04862,6.05545],[-58.0491,6.05457],[-58.04915,6.05251],[-58.04961,6.05112],[-58.0497,6.05019],[-58.05028,6.04794],[-58.05132,6.04585],[-58.05379,6.04238],[-58.05539,6.04122],[-58.05709,6.03891],[-58.05803,6.03744],[-58.05902,6.03506],[-58.05943,6.03259],[-58.06083,6.02965],[-58.06189,6.02795],[-58.0625,6.02732],[-58.06512,6.02558],[-58.06647,6.02369],[-58.06689,6.02252],[-58.06689,6.02215],[-58.0669,6.02152],[-58.06683,6.02092],[-58.06668,6.0202],[-58.06677,6.01952],[-58.06712,6.01875],[-58.06842,6.01699],[-58.0699,6.01525],[-58.07164,6.01385],[-58.07316,6.01204],[-58.07362,6.01105],[-58.0738,6.01045],[-58.07391,6.00962],[-58.07391,6.00913],[-58.07389,6.00843],[-58.07389,6.00718],[-58.07358,6.00617],[-58.0736,6.00602],[-58.07369,6.00551],[-58.07426,6.00485],[-58.07553,6.0042],[-58.07788,6.00368],[-58.08342,6.00311],[-58.08628,6.00292],[-58.08922,6.00255],[-58.09117,6.00188],[-58.09351,6.00045],[-58.09538,5.99892],[-58.09943,5.99742],[-58.10043,5.99673],[-58.10221,5.99487],[-58.10274,5.99403],[-58.1039,5.99146],[-58.10497,5.99004],[-58.10643,5.98736],[-58.10884,5.98199],[-58.10909,5.98132],[-58.10981,5.97895],[-58.10994,5.97839],[-58.11021,5.97755],[-58.11022,5.97749],[-58.0929,5.98014],[-58.072,5.97721],[-58.05228,5.96287],[-58.03667,5.95965],[-58.0146,5.95818],[-58.00194,5.95438],[-57.99428,5.94384],[-57.9831,5.93212],[-57.96543,5.93183],[-57.96376,5.9306],[-57.9516,5.93289],[-57.94828,5.93414],[-57.94517,5.93539],[-57.94206,5.9381],[-57.93939,5.94154],[-57.93815,5.94277],[-57.93678,5.94438],[-57.93624,5.94523],[-57.93578,5.94726],[-57.93488,5.94873],[-57.93404,5.9494],[-57.93128,5.95072],[-57.93011,5.95151],[-57.92912,5.95329],[-57.92882,5.95525],[-57.92745,5.9581],[-57.92603,5.96033],[-57.92425,5.96217],[-57.92173,5.96425],[-57.92127,5.96531],[-57.9212,5.96587],[-57.92117,5.96641],[-57.92118,5.96698],[-57.92132,5.96786],[-57.92266,5.97026],[-57.92503,5.97237],[-57.92608,5.97372],[-57.92672,5.97419],[-57.92934,5.97548],[-57.93085,5.97597],[-57.93298,5.97642],[-57.93503,5.97735],[-57.93634,5.97874],[-57.93649,5.97906],[-57.9366,5.97949],[-57.93662,5.97979],[-57.93662,5.98],[-57.9366,5.98026],[-57.9351,5.98191],[-57.93419,5.98333],[-57.93385,5.9843],[-57.93382,5.98451],[-57.93382,5.98471],[-57.93393,5.9852],[-57.93543,5.98855],[-57.93554,5.989],[-57.93555,5.98919],[-57.9355,5.9897],[-57.93544,5.99014],[-57.93544,5.99037],[-57.935,5.99207],[-57.93442,5.99305],[-57.93343,5.99397],[-57.93238,5.99452],[-57.92846,5.99586],[-57.92714,5.99663],[-57.92588,5.99684],[-57.92373,5.99818],[-57.92183,5.99997],[-57.9204,6.00116],[-57.91764,6.00233],[-57.91747,6.00251],[-57.91744,6.00262],[-57.91745,6.00275],[-57.91753,6.00298],[-57.91778,6.00387],[-57.91788,6.00411],[-57.91792,6.00434],[-57.91787,6.00462],[-57.91784,6.00477],[-57.91779,6.00515],[-57.91778,6.00528],[-57.91779,6.00544],[-57.918,6.00612],[-57.92025,6.00918],[-57.92111,6.01018],[-57.92329,6.01307],[-57.92529,6.01491],[-57.92714,6.0164],[-57.92806,6.0175],[-57.929,6.01957],[-57.92923,6.02064],[-57.92928,6.0211],[-57.92934,6.02183],[-57.92936,6.02221],[-57.92936,6.02251],[-57.92935,6.02279],[-57.92925,6.02348],[-57.92788,6.02577],[-57.92516,6.02957],[-57.92448,6.03064],[-57.92361,6.03309],[-57.92331,6.03454],[-57.92331,6.03503],[-57.92331,6.03579],[-57.92331,6.0363],[-57.92345,6.03755],[-57.92386,6.03938],[-57.92469,6.04192],[-57.92475,6.04255],[-57.9247,6.0431],[-57.92457,6.04356],[-57.92455,6.04378],[-57.92459,6.04403],[-57.92437,6.04485],[-57.92426,6.04511],[-57.92361,6.04616],[-57.9221,6.04773],[-57.91982,6.04926],[-57.91871,6.04984],[-57.91631,6.0507],[-57.9136,6.05132],[-57.91075,6.0516],[-57.9061,6.05272],[-57.90351,6.05347],[-57.90111,6.05462],[-57.89912,6.05595],[-57.89792,6.05688],[-57.89526,6.05774],[-57.89379,6.0579],[-57.89296,6.0586],[-57.89275,6.05898],[-57.89265,6.05923],[-57.89262,6.05939],[-57.89262,6.05968],[-57.89265,6.05981],[-57.89284,6.06033],[-57.89326,6.06106],[-57.89542,6.06358],[-57.89658,6.06541],[-57.89819,6.06874],[-57.89837,6.06961],[-57.8984,6.07008],[-57.89841,6.07029],[-57.8984,6.07045],[-57.89827,6.0711],[-57.898,6.07175],[-57.8964,6.07338],[-57.89317,6.07565],[-57.89175,6.07674],[-57.89023,6.07875],[-57.8887,6.08197],[-57.88821,6.08256],[-57.88671,6.08346],[-57.88575,6.08364],[-57.88418,6.08367],[-57.88118,6.0826],[-57.87896,6.08239],[-57.87653,6.08333],[-57.8746,6.08469],[-57.87273,6.08662],[-57.87004,6.08865],[-57.86752,6.0899],[-57.86506,6.09292],[-57.86332,6.09427],[-57.86077,6.09606],[-57.8595,6.09719],[-57.8576,6.09854],[-57.85502,6.10159],[-57.8538,6.10351],[-57.85225,6.10521],[-57.85099,6.10596],[-57.84919,6.10734],[-57.84782,6.10804],[-57.84638,6.10852],[-57.84345,6.10893],[-57.84047,6.10887],[-57.83828,6.10895],[-57.83758,6.10912],[-57.83661,6.1103],[-57.83566,6.11304],[-57.83549,6.11373],[-57.83562,6.11448],[-57.83604,6.11549],[-57.83583,6.1163],[-57.83494,6.11741],[-57.83469,6.11807],[-57.83337,6.11903],[-57.83247,6.12105],[-57.83095,6.12134],[-57.82908,6.12262],[-57.82815,6.12425],[-57.82749,6.125],[-57.82555,6.12785],[-57.82479,6.12949],[-57.82156,6.13202],[-57.82119,6.13263],[-57.81719,6.13655],[-57.81456,6.14052],[-57.81289,6.1463],[-57.81248,6.14697],[-57.81257,6.14768],[-57.81215,6.14864],[-57.81202,6.14966],[-57.81087,6.15207],[-57.80908,6.15431],[-57.8076,6.15645],[-57.80717,6.15771],[-57.80719,6.15856],[-57.8073,6.15929],[-57.80785,6.16081],[-57.80951,6.16319],[-57.8112,6.1647],[-57.81227,6.16612],[-57.81339,6.16814],[-57.814,6.17097],[-57.81527,6.1749],[-57.8156,6.17756],[-57.81603,6.17954],[-57.81753,6.18281],[-57.81805,6.18462],[-57.81818,6.18565],[-57.81827,6.18655],[-57.81803,6.18738],[-57.81606,6.1925],[-57.81582,6.19378],[-57.81575,6.19464],[-57.81583,6.19638],[-57.81583,6.1973],[-57.81582,6.19839],[-57.81578,6.19922],[-57.81532,6.20166],[-57.81455,6.20444],[-57.81443,6.20523],[-57.81441,6.20644],[-57.81452,6.20778],[-57.81461,6.20854],[-57.81501,6.21003],[-57.81522,6.21153],[-57.81524,6.21253],[-57.81523,6.21342],[-57.81512,6.21543],[-57.8151,6.2163],[-57.81516,6.21728],[-57.81523,6.21818],[-57.81532,6.21898],[-57.81564,6.22076],[-57.81579,6.22216],[-57.81559,6.22346],[-57.8155,6.22419],[-57.81552,6.22539]]]},"properties":{"NCD_ID":512,"NDC_Name":"St Francis Mission","Status":"Neighborhood Democratic Council","Tot_Males":181,"Tot_Female":182,"Tot_Pop":363,"Area":615.994}},
{"type":"Feature","geometry":{"type":"Polygon","coordinates":[[[-57.59406,6.38184],[-57.58985,6.38567],[-57.58599,6.38921],[-57.58657,6.39035],[-57.5914,6.397],[-57.59364,6.39993],[-57.59673,6.40539],[-57.59726,6.40595],[-57.59859,6.40808],[-57.60181,6.41236],[-57.60368,6.41513],[-57.60472,6.41651],[-57.60583,6.4183],[-57.60706,6.41971],[-57.6082,6.42153],[-57.6095,6.42301],[-57.61129,6.42472],[-57.6119,6.42568],[-57.61329,6.42702],[-57.61421,6.42842],[-57.6157,6.42986],[-57.61625,6.43069],[-57.61653,6.43181],[-57.61708,6.43208],[-57.61736,6.43292],[-57.61867,6.43432],[-57.61951,6.43466],[-57.62018,6.43535],[-57.62101,6.43736],[-57.62198,6.43901],[-57.62389,6.44118],[-57.62508,6.44292],[-57.62642,6.44161],[-57.62913,6.43927],[-57.6352,6.43386],[-57.64789,6.42258],[-57.67226,6.40096],[-57.67547,6.39801],[-57.67561,6.39801],[-57.67567,6.398],[-57.67564,6.39797],[-57.67207,6.39385],[-57.66839,6.38947],[-57.66538,6.38597],[-57.66356,6.38385],[-57.66356,6.38384],[-57.66146,6.38155],[-57.66114,6.38116],[-57.65921,6.37886],[-57.65894,6.37853],[-57.65533,6.37445],[-57.65461,6.37323],[-57.65417,6.3723],[-57.65415,6.37213],[-57.65403,6.37129],[-57.65396,6.37007],[-57.65432,6.36878],[-57.65482,6.36778],[-57.65605,6.36649],[-57.65659,6.36598],[-57.65713,6.36548],[-57.65908,6.36398],[-57.65917,6.3639],[-57.66081,6.36236],[-57.66392,6.35971],[-57.66976,6.35469],[-57.66997,6.3542],[-57.67027,6.35347],[-57.67056,6.35254],[-57.67056,6.35196],[-57.67054,6.35165],[-57.67048,6.35074],[-57.67029,6.34985],[-57.67027,6.34974],[-57.66969,6.34845],[-57.66752,6.34594],[-57.66601,6.34443],[-57.6646,6.34279],[-57.6644,6.34255],[-57.66435,6.34249],[-57.66374,6.3418],[-57.66153,6.33927],[-57.65872,6.33604],[-57.65727,6.33441],[-57.6528,6.32975],[-57.64017,6.34055],[-57.63795,6.34245],[-57.63794,6.34244],[-57.63578,6.34435],[-57.63092,6.34855],[-57.61659,6.36149],[-57.61344,6.36463],[-57.60738,6.37021],[-57.60693,6.3706],[-57.60537,6.37172],[-57.60531,6.37177],[-57.60272,6.37397],[-57.60235,6.37428],[-57.60091,6.37559],[-57.59884,6.37749],[-57.59777,6.37847],[-57.59406,6.38184]]]},"properties":{"NCD_ID":505,"NDC_Name":"Union / Naarstigheid","Status":"Neighborhood Democratic Council","Tot_Males":1914,"Tot_Female":1984,"Tot_Pop":3898,"Area":64.423}},
{"type":"Feature","geometry":{"type":"Polygon","coordinates":[[[-57.72247,6.43856],[-57.72247,6.43853],[-57.72243,6.43816],[-57.72223,6.43698],[-57.7213,6.4331],[-57.72019,6.43133],[-57.7191,6.42936],[-57.71804,6.42847],[-57.7152,6.42738],[-57.7138,6.42668],[-57.71284,6.42569],[-57.71117,6.42291],[-57.71018,6.42017],[-57.71004,6.41892],[-57.70985,6.41459],[-57.70966,6.4135],[-57.70804,6.4112],[-57.70681,6.40861],[-57.70584,6.40568],[-57.70549,6.40423],[-57.70535,6.40384],[-57.70514,6.40279],[-57.70514,6.40097],[-57.70546,6.39822],[-57.70573,6.39747],[-57.7066,6.39598],[-57.70791,6.39409],[-57.70821,6.39178],[-57.70823,6.39082],[-57.70836,6.38964],[-57.70834,6.38862],[-57.70823,6.38787],[-57.70762,6.38549],[-57.7072,6.38434],[-57.70492,6.3805],[-57.70372,6.3775],[-57.7036,6.37622],[-57.70305,6.37378],[-57.70297,6.36858],[-57.70281,6.36752],[-57.70265,6.36336],[-57.7025,6.36296],[-57.70213,6.35857],[-57.70213,6.3584],[-57.70219,6.35821],[-57.70181,6.35564],[-57.70173,6.35531],[-57.70153,6.35229],[-57.70166,6.34956],[-57.70193,6.34826],[-57.70212,6.34767],[-57.70226,6.34752],[-57.70231,6.34738],[-57.70232,6.34718],[-57.70224,6.3471],[-57.70219,6.34701],[-57.70222,6.34689],[-57.7023,6.34679],[-57.7024,6.34622],[-57.70243,6.34563],[-57.70244,6.34535],[-57.70242,6.34507],[-57.70235,6.34476],[-57.70173,6.34278],[-57.70124,6.34174],[-57.7,6.33967],[-57.69986,6.33902],[-57.69893,6.33749],[-57.69881,6.3368],[-57.69822,6.33588],[-57.6977,6.33295],[-57.69743,6.33283],[-57.69739,6.33244],[-57.69731,6.33165],[-57.69738,6.33075],[-57.69777,6.3291],[-57.69891,6.32698],[-57.69935,6.32591],[-57.69968,6.32523],[-57.69968,6.32481],[-57.69962,6.32438],[-57.69832,6.3226],[-57.69553,6.31922],[-57.69354,6.31728],[-57.69209,6.31531],[-57.69122,6.31289],[-57.69031,6.31071],[-57.6897,6.3063],[-57.68968,6.30554],[-57.68971,6.30474],[-57.68978,6.30429],[-57.68975,6.30385],[-57.6896,6.30332],[-57.68963,6.30229],[-57.68979,6.30141],[-57.69056,6.29922],[-57.69166,6.29794],[-57.69326,6.29728],[-57.69356,6.29703],[-57.69376,6.29627],[-57.69368,6.2956],[-57.69374,6.29383],[-57.69379,6.29313],[-57.69378,6.29232],[-57.69374,6.29085],[-57.69363,6.29019],[-57.69368,6.28949],[-57.69352,6.28872],[-57.69334,6.28788],[-57.69312,6.28724],[-57.69334,6.28655],[-57.69328,6.28513],[-57.69326,6.28438],[-57.69332,6.28338],[-57.69348,6.28176],[-57.69387,6.28036],[-57.69407,6.27821],[-57.69445,6.27766],[-57.69528,6.2757],[-57.69532,6.27489],[-57.69541,6.27421],[-57.69541,6.27349],[-57.69539,6.27263],[-57.69511,6.27099],[-57.69483,6.27022],[-57.69468,6.26956],[-57.69468,6.2687],[-57.69472,6.26791],[-57.69469,6.2672],[-57.69478,6.26639],[-57.69461,6.26546],[-57.69476,6.26382],[-57.69476,6.2626],[-57.69487,6.26122],[-57.69487,6.26121],[-57.69463,6.2591],[-57.6943,6.25845],[-57.69414,6.25714],[-57.69405,6.25229],[-57.69353,6.24755],[-57.69323,6.24403],[-57.6932,6.24281],[-57.69337,6.24014],[-57.69348,6.23911],[-57.69362,6.23782],[-57.69346,6.23647],[-57.69321,6.23521],[-57.69224,6.23234],[-57.69124,6.23004],[-57.69031,6.22672],[-57.68991,6.22389],[-57.68991,6.22388],[-57.68993,6.22197],[-57.68998,6.22092],[-57.68985,6.21979],[-57.68964,6.21865],[-57.68954,6.21718],[-57.68925,6.21552],[-57.68842,6.21297],[-57.68716,6.21033],[-57.68624,6.20875],[-57.6844,6.20497],[-57.6838,6.20311],[-57.68339,6.20222],[-57.68337,6.2021],[-57.68358,6.20198],[-57.68367,6.20183],[-57.68341,6.20002],[-57.68362,6.19767],[-57.68417,6.19588],[-57.68434,6.19512],[-57.68439,6.1945],[-57.68423,6.19408],[-57.68413,6.19368],[-57.68416,6.19358],[-57.6843,6.19342],[-57.68443,6.19338],[-57.68519,6.1925],[-57.68617,6.19185],[-57.68962,6.19085],[-57.6915,6.19086],[-57.69309,6.19045],[-57.69507,6.18976],[-57.69635,6.18914],[-57.69833,6.18846],[-57.69995,6.18841],[-57.70059,6.18771],[-57.70143,6.1831],[-57.70208,6.18034],[-57.70247,6.17981],[-57.70256,6.1791],[-57.7027,6.17867],[-57.70264,6.17814],[-57.70247,6.17702],[-57.70246,6.17667],[-57.7025,6.17628],[-57.70252,6.17586],[-57.70248,6.17564],[-57.70215,6.175],[-57.70142,6.17456],[-57.70117,6.17365],[-57.70117,6.17324],[-57.70121,6.17305],[-57.70124,6.17288],[-57.7013,6.17279],[-57.70209,6.17241],[-57.7033,6.17219],[-57.70504,6.17251],[-57.70547,6.17234],[-57.70646,6.17257],[-57.70835,6.17238],[-57.70994,6.17198],[-57.71322,6.17021],[-57.71424,6.17006],[-57.71746,6.16988],[-57.72013,6.16908],[-57.72051,6.16875],[-57.72057,6.16857],[-57.72059,6.16843],[-57.72062,6.16824],[-57.72058,6.16807],[-57.72054,6.16793],[-57.72007,6.1659],[-57.71971,6.16387],[-57.71906,6.1619],[-57.71822,6.16015],[-57.71762,6.15841],[-57.71685,6.15699],[-57.71626,6.15484],[-57.71624,6.15462],[-57.71624,6.15432],[-57.71626,6.15391],[-57.71641,6.15311],[-57.71642,6.15242],[-57.71635,6.15175],[-57.71604,6.15019],[-57.71573,6.14983],[-57.71488,6.14709],[-57.71444,6.14639],[-57.71391,6.14394],[-57.71329,6.1425],[-57.71296,6.14228],[-57.71256,6.141],[-57.71225,6.13885],[-57.71073,6.13616],[-57.71054,6.1348],[-57.71009,6.13313],[-57.7092,6.13066],[-57.70873,6.129],[-57.70724,6.1253],[-57.70638,6.124],[-57.70451,6.12255],[-57.70419,6.12183],[-57.70418,6.12166],[-57.70413,6.12151],[-57.70413,6.12136],[-57.70425,6.12121],[-57.70493,6.1209],[-57.70715,6.12014],[-57.7087,6.11944],[-57.71091,6.11778],[-57.7122,6.11755],[-57.71425,6.11784],[-57.71589,6.11749],[-57.71722,6.11688],[-57.71857,6.11655],[-57.71986,6.1165],[-57.72073,6.11571],[-57.72084,6.11545],[-57.72078,6.11506],[-57.72053,6.11459],[-57.7192,6.11382],[-57.71886,6.11313],[-57.71885,6.11238],[-57.71881,6.11215],[-57.71883,6.11183],[-57.71903,6.11074],[-57.71915,6.11047],[-57.71915,6.11027],[-57.71925,6.10988],[-57.71929,6.1096],[-57.71934,6.10949],[-57.71933,6.10908],[-57.71926,6.10897],[-57.7193,6.10858],[-57.71975,6.10761],[-57.72034,6.10731],[-57.72277,6.10744],[-57.72691,6.10622],[-57.72874,6.10529],[-57.72969,6.1052],[-57.73023,6.10577],[-57.73081,6.1071],[-57.73226,6.1077],[-57.73519,6.10811],[-57.73743,6.10926],[-57.73868,6.10866],[-57.73997,6.10718],[-57.74159,6.10653],[-57.74179,6.1064],[-57.74187,6.1063],[-57.74201,6.10608],[-57.74199,6.10575],[-57.74133,6.1051],[-57.74012,6.10516],[-57.73936,6.10498],[-57.73882,6.10444],[-57.73845,6.10331],[-57.73816,6.10159],[-57.73766,6.10038],[-57.73698,6.09941],[-57.73607,6.0986],[-57.73599,6.09847],[-57.73588,6.09816],[-57.73588,6.09815],[-57.73592,6.09777],[-57.73595,6.09759],[-57.73613,6.09678],[-57.7374,6.09358],[-57.73792,6.09355],[-57.73981,6.0945],[-57.74118,6.09487],[-57.7448,6.09645],[-57.7457,6.09647],[-57.74624,6.0962],[-57.74648,6.09579],[-57.7465,6.09562],[-57.74652,6.09547],[-57.74649,6.09536],[-57.74646,6.0951],[-57.74622,6.09448],[-57.74604,6.09292],[-57.74607,6.09259],[-57.74611,6.09247],[-57.74625,6.09228],[-57.74754,6.09148],[-57.74836,6.09126],[-57.75048,6.09005],[-57.75117,6.0901],[-57.75168,6.09055],[-57.75185,6.09152],[-57.75217,6.0917],[-57.75448,6.09144],[-57.75645,6.09173],[-57.75842,6.09217],[-57.7589,6.09201],[-57.75941,6.09121],[-57.75989,6.08939],[-57.76003,6.08899],[-57.76015,6.0888],[-57.7602,6.08861],[-57.76019,6.08847],[-57.76014,6.08821],[-57.76011,6.08805],[-57.76013,6.08773],[-57.76025,6.08726],[-57.76027,6.08668],[-57.7604,6.0861],[-57.76379,6.08299],[-57.76503,6.08222],[-57.76513,6.08205],[-57.76515,6.08193],[-57.76516,6.08183],[-57.76503,6.08158],[-57.76497,6.08148],[-57.76487,6.08127],[-57.76482,6.08113],[-57.76486,6.08084],[-57.76511,6.08021],[-57.76601,6.0788],[-57.7671,6.07816],[-57.7696,6.07735],[-57.77098,6.07666],[-57.77386,6.07588],[-57.77465,6.0753],[-57.77557,6.07406],[-57.7761,6.07367],[-57.77707,6.07355],[-57.7778,6.07375],[-57.77829,6.07352],[-57.77847,6.07318],[-57.77852,6.07303],[-57.77858,6.07284],[-57.77856,6.07247],[-57.77853,6.0723],[-57.77843,6.07204],[-57.77842,6.07188],[-57.7784,6.07175],[-57.77842,6.0716],[-57.77838,6.07143],[-57.77839,6.07127],[-57.7784,6.07114],[-57.77835,6.07096],[-57.77837,6.07076],[-57.7784,6.07052],[-57.77858,6.0698],[-57.77876,6.0686],[-57.77944,6.06795],[-57.78371,6.06941],[-57.78446,6.06927],[-57.78547,6.06869],[-57.78635,6.06884],[-57.78727,6.06938],[-57.78934,6.07008],[-57.7901,6.07021],[-57.79263,6.07132],[-57.79358,6.07126],[-57.79557,6.07052],[-57.79743,6.07103],[-57.79897,6.0705],[-57.79946,6.06991],[-57.80074,6.06616],[-57.8009,6.06496],[-57.80133,6.06446],[-57.80374,6.06285],[-57.80503,6.06257],[-57.80516,6.06241],[-57.80519,6.0623],[-57.80522,6.06218],[-57.80522,6.06206],[-57.80517,6.06182],[-57.8047,6.0604],[-57.804,6.05951],[-57.80191,6.05843],[-57.79987,6.05803],[-57.79911,6.05742],[-57.79776,6.05536],[-57.79704,6.05393],[-57.79647,6.05216],[-57.79589,6.04988],[-57.79469,6.04667],[-57.79353,6.04632],[-57.79231,6.04773],[-57.79162,6.04912],[-57.79116,6.05072],[-57.78964,6.05121],[-57.78904,6.05188],[-57.78851,6.05193],[-57.78739,6.05012],[-57.78691,6.04832],[-57.78637,6.04716],[-57.78556,6.04663],[-57.78521,6.04605],[-57.78496,6.04483],[-57.7847,6.04414],[-57.78467,6.04391],[-57.78472,6.04378],[-57.78486,6.04351],[-57.78498,6.04323],[-57.78506,6.04247],[-57.78527,6.04179],[-57.78548,6.04071],[-57.78552,6.04049],[-57.78553,6.04028],[-57.78543,6.03965],[-57.78502,6.03867],[-57.78445,6.03774],[-57.78316,6.03647],[-57.78211,6.03572],[-57.77983,6.03556],[-57.77805,6.03561],[-57.77729,6.03502],[-57.77655,6.03382],[-57.77542,6.03027],[-57.77532,6.02963],[-57.77428,6.02729],[-57.77417,6.02618],[-57.77415,6.02601],[-57.77414,6.02589],[-57.77415,6.02576],[-57.77417,6.02562],[-57.77457,6.02378],[-57.77457,6.02362],[-57.77461,6.0233],[-57.77463,6.02305],[-57.77462,6.02284],[-57.7746,6.02269],[-57.77459,6.02248],[-57.77457,6.02232],[-57.77447,6.02198],[-57.77369,6.02097],[-57.77288,6.02028],[-57.77155,6.01807],[-57.77142,6.0174],[-57.77135,6.01687],[-57.7714,6.01651],[-57.77155,6.01627],[-57.77197,6.01589],[-57.77393,6.01624],[-57.77545,6.01614],[-57.77798,6.01543],[-57.78144,6.01467],[-57.78253,6.01403],[-57.78551,6.01291],[-57.78654,6.01217],[-57.78791,6.01091],[-57.79114,6.00945],[-57.79309,6.00783],[-57.79401,6.00723],[-57.79609,6.00655],[-57.79638,6.00627],[-57.79644,6.00597],[-57.79646,6.00556],[-57.79646,6.00546],[-57.79646,6.00536],[-57.79642,6.00495],[-57.79634,6.00414],[-57.79633,6.00384],[-57.79633,6.00383],[-57.79633,6.00373],[-57.79633,6.00363],[-57.79635,6.00332],[-57.79635,6.00241],[-57.79681,6.00043],[-57.79741,5.99988],[-57.79967,5.9993],[-57.80233,5.99748],[-57.80334,5.99663],[-57.80484,5.99445],[-57.80589,5.99335],[-57.80613,5.99267],[-57.80621,5.99197],[-57.80631,5.99157],[-57.80635,5.99135],[-57.80636,5.99125],[-57.80634,5.99115],[-57.80631,5.99105],[-57.80628,5.99095],[-57.80602,5.99051],[-57.80504,5.98908],[-57.80375,5.98764],[-57.8034,5.98714],[-57.80325,5.98676],[-57.80324,5.98666],[-57.80324,5.98656],[-57.80324,5.98646],[-57.8033,5.98626],[-57.80425,5.98482],[-57.80432,5.98452],[-57.80488,5.98368],[-57.8049,5.98358],[-57.8049,5.98348],[-57.80489,5.98338],[-57.80481,5.98319],[-57.80468,5.98304],[-57.80402,5.98259],[-57.80347,5.98176],[-57.80117,5.98139],[-57.79871,5.98016],[-57.79776,5.97911],[-57.79732,5.9782],[-57.79726,5.97789],[-57.79724,5.97759],[-57.79724,5.97749],[-57.79733,5.97685],[-57.79743,5.97635],[-57.79803,5.97484],[-57.7981,5.97434],[-57.79818,5.97405],[-57.79819,5.97395],[-57.7982,5.97385],[-57.7982,5.97374],[-57.79818,5.97364],[-57.79814,5.97355],[-57.79799,5.97328],[-57.7975,5.97277],[-57.79607,5.97203],[-57.79479,5.97117],[-57.79445,5.97068],[-57.7944,5.97055],[-57.79438,5.97044],[-57.79463,5.96877],[-57.79501,5.96779],[-57.79586,5.96686],[-57.79649,5.96583],[-57.79651,5.96325],[-57.79692,5.96187],[-57.79817,5.95956],[-57.7982,5.95938],[-57.79823,5.95912],[-57.79827,5.95886],[-57.79828,5.95876],[-57.79825,5.9585],[-57.79823,5.9582],[-57.79793,5.95763],[-57.79641,5.9573],[-57.79614,5.95716],[-57.79593,5.95689],[-57.79575,5.95685],[-57.7953,5.95671],[-57.79585,5.95615],[-57.80275,5.94915],[-57.80306,5.94893],[-57.80368,5.94838],[-57.80399,5.94776],[-57.80501,5.94659],[-57.806,5.94606],[-57.80709,5.94607],[-57.80934,5.94667],[-57.81067,5.94775],[-57.81273,5.94804],[-57.81382,5.94789],[-57.81479,5.94714],[-57.8157,5.94564],[-57.81629,5.94509],[-57.81738,5.94519],[-57.818,5.94575],[-57.81897,5.94769],[-57.81989,5.94817],[-57.82077,5.94791],[-57.82259,5.94694],[-57.8237,5.94733],[-57.82382,5.94769],[-57.82385,5.94792],[-57.82391,5.94813],[-57.824,5.94856],[-57.82395,5.94871],[-57.82374,5.94897],[-57.82347,5.94941],[-57.82322,5.95002],[-57.82314,5.95032],[-57.82301,5.95055],[-57.82299,5.95066],[-57.82302,5.95081],[-57.82314,5.95107],[-57.82382,5.95132],[-57.8245,5.95117],[-57.82518,5.95047],[-57.82639,5.95053],[-57.82722,5.9525],[-57.82907,5.95237],[-57.8312,5.95332],[-57.83253,5.95266],[-57.83326,5.95313],[-57.83347,5.95335],[-57.83353,5.95345],[-57.83362,5.95373],[-57.83362,5.95385],[-57.83361,5.95401],[-57.8336,5.95412],[-57.83336,5.9543],[-57.8333,5.95439],[-57.83333,5.95449],[-57.83352,5.95481],[-57.8338,5.95516],[-57.83497,5.95575],[-57.83556,5.95569],[-57.83613,5.95458],[-57.83684,5.95463],[-57.83812,5.95579],[-57.83943,5.95577],[-57.83992,5.95618],[-57.84017,5.9581],[-57.84098,5.95894],[-57.84291,5.95917],[-57.84421,5.96034],[-57.84503,5.96062],[-57.84768,5.96077],[-57.84868,5.96134],[-57.84949,5.96251],[-57.85066,5.96317],[-57.85163,5.96308],[-57.85217,5.96241],[-57.85326,5.9605],[-57.85397,5.95836],[-57.85496,5.95685],[-57.85666,5.95574],[-57.85856,5.9538],[-57.86064,5.95236],[-57.86319,5.95085],[-57.86634,5.94956],[-57.86732,5.94948],[-57.87085,5.95029],[-57.8722,5.95049],[-57.87426,5.95019],[-57.87534,5.94981],[-57.87879,5.94948],[-57.8819,5.94953],[-57.88572,5.95043],[-57.88778,5.95054],[-57.88877,5.9504],[-57.89071,5.94949],[-57.89402,5.9471],[-57.8959,5.94676],[-57.89816,5.94556],[-57.90068,5.94325],[-57.90239,5.94253],[-57.90535,5.94084],[-57.90741,5.93847],[-57.90898,5.9368],[-57.91381,5.93087],[-57.91463,5.93025],[-57.9165,5.92775],[-57.91878,5.92587],[-57.91878,5.92546],[-57.91878,5.92545],[-57.92126,5.92129],[-57.92189,5.92046],[-57.92396,5.91859],[-57.92541,5.91754],[-57.92728,5.91671],[-57.9333,5.91337],[-57.93454,5.91191],[-57.93578,5.90963],[-57.93785,5.90796],[-57.94055,5.90629],[-57.94304,5.90546],[-57.94352,5.90489],[-57.94247,5.90489],[-57.93541,5.89611],[-57.93099,5.8841],[-57.93011,5.87678],[-57.91922,5.86946],[-57.89361,5.87034],[-57.88272,5.868],[-57.87477,5.85716],[-57.87447,5.84516],[-57.86652,5.84399],[-57.85652,5.84428],[-57.84445,5.85306],[-57.82796,5.86683],[-57.82149,5.87239],[-57.80942,5.87122],[-57.7944,5.87093],[-57.77026,5.86829],[-57.7529,5.87444],[-57.73317,5.87795],[-57.69461,5.8718],[-57.67016,5.86269],[-57.66361,5.86274],[-57.65885,5.86304],[-57.65572,5.86423],[-57.65426,5.86607],[-57.65358,5.86908],[-57.65332,5.8739],[-57.65331,5.87553],[-57.65441,5.88511],[-57.65686,5.88999],[-57.65969,5.89294],[-57.66782,5.90231],[-57.67484,5.91136],[-57.67872,5.91798],[-57.67946,5.92174],[-57.68005,5.92437],[-57.67968,5.92659],[-57.68047,5.9319],[-57.68046,5.93405],[-57.67806,5.94109],[-57.67795,5.94779],[-57.67941,5.95836],[-57.68211,5.96538],[-57.68872,5.97167],[-57.69398,5.97737],[-57.69782,5.98064],[-57.70237,5.98168],[-57.70821,5.98337],[-57.71072,5.98595],[-57.7116,5.98988],[-57.71055,5.99444],[-57.70791,5.99811],[-57.70209,6.00469],[-57.69973,6.01073],[-57.69716,6.01694],[-57.69422,6.01918],[-57.69164,6.01994],[-57.68544,6.01873],[-57.67774,6.01593],[-57.66388,6.01124],[-57.65877,6.00753],[-57.65641,6.00283],[-57.65469,5.99502],[-57.65173,5.99161],[-57.64778,5.9884],[-57.64197,5.98732],[-57.63817,5.98736],[-57.63401,5.99167],[-57.6307,5.99818],[-57.62753,6.00628],[-57.62482,6.01282],[-57.61916,6.01969],[-57.61628,6.02404],[-57.61413,6.02882],[-57.61203,6.03637],[-57.61113,6.04066],[-57.60916,6.04502],[-57.60491,6.05005],[-57.59766,6.05675],[-57.59249,6.06356],[-57.58909,6.06959],[-57.58776,6.07397],[-57.58852,6.07702],[-57.59066,6.08076],[-57.59418,6.08345],[-57.59918,6.08626],[-57.60409,6.08827],[-57.61019,6.08944],[-57.61987,6.09038],[-57.62579,6.09431],[-57.62776,6.098],[-57.62818,6.10024],[-57.6285,6.10294],[-57.62826,6.1083],[-57.6268,6.11526],[-57.62544,6.1255],[-57.62639,6.1313],[-57.63289,6.14095],[-57.63716,6.15364],[-57.63725,6.15746],[-57.6345,6.1626],[-57.62772,6.17293],[-57.62246,6.17828],[-57.61467,6.18033],[-57.60248,6.18216],[-57.58947,6.18204],[-57.57327,6.18222],[-57.55704,6.18312],[-57.5379,6.18509],[-57.53341,6.1876],[-57.53065,6.19131],[-57.52859,6.19733],[-57.52973,6.20906],[-57.53175,6.22439],[-57.53798,6.226],[-57.53753,6.22346],[-57.53738,6.22264],[-57.54063,6.22348],[-57.54262,6.22409],[-57.5556,6.22777],[-57.56214,6.22984],[-57.57565,6.23378],[-57.57362,6.2418],[-57.57289,6.2416],[-57.55966,6.23801],[-57.55673,6.23699],[-57.54836,6.23462],[-57.54656,6.2408],[-57.54437,6.24883],[-57.54212,6.25669],[-57.54211,6.2567],[-57.54466,6.25737],[-57.58799,6.26878],[-57.58786,6.26979],[-57.58656,6.27908],[-57.58876,6.28194],[-57.59186,6.28599],[-57.59249,6.28681],[-57.59575,6.2912],[-57.6004,6.29744],[-57.60551,6.30387],[-57.61979,6.3219],[-57.61984,6.32196],[-57.61986,6.32199],[-57.62056,6.32286],[-57.6231,6.32565],[-57.6242,6.32685],[-57.62458,6.32727],[-57.63019,6.33364],[-57.63524,6.33937],[-57.63794,6.34244],[-57.63795,6.34245],[-57.64017,6.34055],[-57.6528,6.32975],[-57.65727,6.33441],[-57.65872,6.33604],[-57.66153,6.33927],[-57.66374,6.3418],[-57.66435,6.34249],[-57.6644,6.34255],[-57.6646,6.34279],[-57.66601,6.34443],[-57.66752,6.34594],[-57.66969,6.34845],[-57.67027,6.34974],[-57.67029,6.34985],[-57.67048,6.35074],[-57.67054,6.35165],[-57.67056,6.35196],[-57.67056,6.35254],[-57.67027,6.35347],[-57.66997,6.3542],[-57.66976,6.35469],[-57.66392,6.35971],[-57.66081,6.36236],[-57.65917,6.3639],[-57.65908,6.36398],[-57.65713,6.36548],[-57.65659,6.36598],[-57.65605,6.36649],[-57.65482,6.36778],[-57.65432,6.36878],[-57.65396,6.37007],[-57.65403,6.37129],[-57.65415,6.37213],[-57.65417,6.3723],[-57.65461,6.37323],[-57.65533,6.37445],[-57.65894,6.37853],[-57.65921,6.37886],[-57.66114,6.38116],[-57.66146,6.38155],[-57.66356,6.38384],[-57.66356,6.38385],[-57.66538,6.38597],[-57.66839,6.38947],[-57.67207,6.39385],[-57.67564,6.39797],[-57.67572,6.39791],[-57.67756,6.40004],[-57.67767,6.40016],[-57.67906,6.40197],[-57.67887,6.40216],[-57.67909,6.40196],[-57.68211,6.40614],[-57.68328,6.40839],[-57.6833,6.40837],[-57.68348,6.40821],[-57.68785,6.41459],[-57.69029,6.41857],[-57.69054,6.41969],[-57.69144,6.42072],[-57.69106,6.42114],[-57.69147,6.42075],[-57.69188,6.42108],[-57.69208,6.42125],[-57.69533,6.42615],[-57.69627,6.42757],[-57.69737,6.42923],[-57.69738,6.42921],[-57.6974,6.4292],[-57.69876,6.4313],[-57.70016,6.43347],[-57.70017,6.43346],[-57.70018,6.43346],[-57.70324,6.43797],[-57.70464,6.44013],[-57.71018,6.44838],[-57.7104,6.4487],[-57.71066,6.44907],[-57.71167,6.44817],[-57.71774,6.4431],[-57.72185,6.43923],[-57.72247,6.43856]]]},"properties":{"NCD_ID":511,"NDC_Name":"West Bank Berbice","Status":"Not Established","Tot_Males":5,"Tot_Female":6,"Tot_Pop":11,"Area":901.678}},
{"type":"Feature","geometry":{"type":"Polygon","coordinates":[[[-57.85471,6.5787],[-57.85364,6.57838],[-57.85145,6.57773],[-57.84693,6.57642],[-57.84505,6.5759],[-57.84323,6.57544],[-57.84277,6.57532],[-57.84258,6.57526],[-57.84203,6.5751],[-57.84152,6.57495],[-57.83808,6.57395],[-57.83807,6.57394],[-57.83693,6.57361],[-57.83555,6.57321],[-57.83383,6.57269],[-57.83091,6.57182],[-57.82994,6.57151],[-57.8291,6.57124],[-57.82688,6.57061],[-57.82658,6.57053],[-57.82598,6.57035],[-57.82555,6.57023],[-57.8245,6.56993],[-57.82295,6.56951],[-57.82092,6.56892],[-57.81906,6.56837],[-57.81812,6.5681],[-57.81463,6.56706],[-57.81027,6.56582],[-57.80736,6.56494],[-57.80484,6.56417],[-57.80402,6.56392],[-57.8039,6.56388],[-57.80217,6.56341],[-57.80164,6.56327],[-57.80111,6.56311],[-57.80017,6.56283],[-57.80007,6.5628],[-57.79938,6.56261],[-57.79899,6.5625],[-57.79871,6.56244],[-57.7987,6.56245],[-57.79849,6.56276],[-57.79848,6.56278],[-57.79817,6.56328],[-57.79805,6.56344],[-57.79803,6.56348],[-57.79725,6.56429],[-57.79726,6.5651],[-57.79764,6.56618],[-57.79802,6.56688],[-57.79808,6.56735],[-57.79813,6.56767],[-57.79823,6.56898],[-57.79823,6.569],[-57.79823,6.56901],[-57.79781,6.56946],[-57.79753,6.56971],[-57.79642,6.57077],[-57.79641,6.57077],[-57.7963,6.57088],[-57.79607,6.57103],[-57.79596,6.57112],[-57.79569,6.5713],[-57.79482,6.57215],[-57.79409,6.57381],[-57.79127,6.57912],[-57.79139,6.58155],[-57.7915,6.58169],[-57.79182,6.58208],[-57.79187,6.58213],[-57.79204,6.58234],[-57.7922,6.58245],[-57.79281,6.58289],[-57.79349,6.58356],[-57.79349,6.58422],[-57.79348,6.58423],[-57.79279,6.58506],[-57.79265,6.58603],[-57.79278,6.58675],[-57.79283,6.58694],[-57.79285,6.58698],[-57.79289,6.58713],[-57.79343,6.58761],[-57.79404,6.58769],[-57.79421,6.58773],[-57.79456,6.58779],[-57.79493,6.5876],[-57.79523,6.58746],[-57.79523,6.58745],[-57.79545,6.58738],[-57.79564,6.58733],[-57.79599,6.58734],[-57.79605,6.58735],[-57.79612,6.58736],[-57.79623,6.58742],[-57.79647,6.58755],[-57.79678,6.5878],[-57.79697,6.58797],[-57.7971,6.58808],[-57.79719,6.58833],[-57.79725,6.58845],[-57.79752,6.58896],[-57.79757,6.58912],[-57.79789,6.59018],[-57.79796,6.59041],[-57.79801,6.5906],[-57.79811,6.59098],[-57.79818,6.59128],[-57.79819,6.59128],[-57.79831,6.59148],[-57.79855,6.59217],[-57.79874,6.59251],[-57.79896,6.59293],[-57.80006,6.5951],[-57.7997,6.59646],[-57.79968,6.59655],[-57.79971,6.59699],[-57.79965,6.59747],[-57.79934,6.59867],[-57.79941,6.60105],[-57.79985,6.60251],[-57.80046,6.60379],[-57.80173,6.60555],[-57.80245,6.60685],[-57.80276,6.60791],[-57.80273,6.60879],[-57.80313,6.60959],[-57.80536,6.61252],[-57.80763,6.61468],[-57.81107,6.61851],[-57.81211,6.61939],[-57.81244,6.62001],[-57.81391,6.6214],[-57.81441,6.62248],[-57.81555,6.62275],[-57.81574,6.62312],[-57.81697,6.62336],[-57.81824,6.62435],[-57.81872,6.62447],[-57.82054,6.62561],[-57.82226,6.62691],[-57.82434,6.62905],[-57.82487,6.62938],[-57.82587,6.6305],[-57.82685,6.63128],[-57.82775,6.63253],[-57.82919,6.6337],[-57.83027,6.63483],[-57.83427,6.63855],[-57.83482,6.63893],[-57.83595,6.64032],[-57.83917,6.64345],[-57.84089,6.64536],[-57.84177,6.64598],[-57.84251,6.64695],[-57.84336,6.64746],[-57.84409,6.64843],[-57.8449,6.64902],[-57.84586,6.65021],[-57.8477,6.65187],[-57.84791,6.65233],[-57.8489,6.65314],[-57.8498,6.6542],[-57.8513,6.65546],[-57.85248,6.65669],[-57.85288,6.65736],[-57.85386,6.6582],[-57.85605,6.65972],[-57.85734,6.66102],[-57.8578,6.66172],[-57.85963,6.66331],[-57.8609,6.66419],[-57.86344,6.66569],[-57.86427,6.66607],[-57.86427,6.6654],[-57.86471,6.66527],[-57.86744,6.66754],[-57.87011,6.67028],[-57.8709,6.67127],[-57.87182,6.67189],[-57.87394,6.674],[-57.87461,6.67431],[-57.8752,6.67521],[-57.87733,6.67716],[-57.87792,6.67812],[-57.87945,6.67958],[-57.87984,6.68013],[-57.88194,6.68201],[-57.88282,6.68266],[-57.88312,6.68319],[-57.88487,6.68458],[-57.88561,6.68469],[-57.88601,6.68514],[-57.8885,6.68679],[-57.89064,6.6889],[-57.89217,6.69131],[-57.89263,6.69223],[-57.89412,6.69307],[-57.89405,6.69257],[-57.89504,6.69312],[-57.89554,6.69386],[-57.89467,6.69433],[-57.89452,6.69477],[-57.89537,6.69709],[-57.89674,6.69841],[-57.89779,6.69924],[-57.89978,6.69964],[-57.90333,6.70216],[-57.90464,6.70233],[-57.90584,6.70291],[-57.90939,6.70441],[-57.91378,6.70682],[-57.91631,6.70766],[-57.91916,6.70786],[-57.91982,6.70749],[-57.92037,6.70655],[-57.91987,6.70532],[-57.91882,6.70424],[-57.91825,6.70294],[-57.91883,6.70117],[-57.91897,6.69989],[-57.919,6.69699],[-57.9187,6.69612],[-57.91789,6.69509],[-57.91622,6.69364],[-57.91419,6.69153],[-57.91369,6.69081],[-57.91362,6.68997],[-57.91395,6.68919],[-57.91449,6.68881],[-57.91537,6.68754],[-57.91572,6.68241],[-57.91606,6.6805],[-57.91731,6.6767],[-57.9182,6.67509],[-57.91918,6.67393],[-57.91999,6.67356],[-57.92269,6.67097],[-57.92395,6.66939],[-57.92486,6.66789],[-57.92404,6.66605],[-57.92316,6.66483],[-57.9222,6.66186],[-57.92219,6.66133],[-57.92132,6.6592],[-57.92039,6.6578],[-57.91971,6.65591],[-57.91817,6.65376],[-57.91735,6.65323],[-57.91658,6.6532],[-57.91424,6.65254],[-57.91221,6.65171],[-57.91084,6.65067],[-57.90973,6.64963],[-57.90847,6.64767],[-57.9075,6.64571],[-57.90709,6.64297],[-57.90725,6.64094],[-57.90652,6.63819],[-57.90603,6.63758],[-57.90444,6.63648],[-57.90246,6.63462],[-57.90009,6.63218],[-57.89974,6.63112],[-57.89927,6.63049],[-57.89893,6.6292],[-57.8989,6.62788],[-57.89861,6.62715],[-57.89804,6.62358],[-57.89808,6.62087],[-57.89777,6.6197],[-57.89756,6.61776],[-57.89681,6.61531],[-57.89557,6.61295],[-57.89489,6.61238],[-57.89329,6.61064],[-57.89215,6.60856],[-57.89191,6.60724],[-57.89175,6.60467],[-57.89156,6.60342],[-57.89159,6.60139],[-57.88899,6.60061],[-57.87595,6.59702],[-57.86997,6.59533],[-57.86995,6.5953],[-57.87028,6.59405],[-57.86858,6.59396],[-57.86727,6.59388],[-57.86683,6.59386],[-57.86581,6.59342],[-57.85515,6.59035],[-57.85336,6.58985],[-57.85245,6.58959],[-57.85191,6.58944],[-57.8521,6.58747],[-57.85255,6.58462],[-57.85266,6.58415],[-57.85267,6.58415],[-57.85386,6.58081],[-57.85471,6.5787]]]},"properties":{"NCD_ID":510,"NDC_Name":"Woodlands / Farm","Status":"Neighborhood Democratic Council","Tot_Males":791,"Tot_Female":821,"Tot_Pop":1612,"Area":102.032}},
{"type":"Feature","geometry":{"type":"Polygon","coordinates":[[[-57.72412,6.43678],[-57.72247,6.43856],[-57.72185,6.43923],[-57.71774,6.4431],[-57.71167,6.44817],[-57.71066,6.44907],[-57.71073,6.44917],[-57.69448,6.46331],[-57.69424,6.46352],[-57.68862,6.46856],[-57.68434,6.4724],[-57.67736,6.47845],[-57.6759,6.47975],[-57.67022,6.48486],[-57.67014,6.48486],[-57.67011,6.48482],[-57.66972,6.48517],[-57.67147,6.48723],[-57.67412,6.48986],[-57.67597,6.49181],[-57.67653,6.49208],[-57.67739,6.49347],[-57.67847,6.49431],[-57.67877,6.49498],[-57.68069,6.49692],[-57.68153,6.49736],[-57.68208,6.49826],[-57.68639,6.50284],[-57.69239,6.50963],[-57.69396,6.51083],[-57.69622,6.5128],[-57.69828,6.5144],[-57.70269,6.518],[-57.70579,6.52062],[-57.70689,6.52024],[-57.70866,6.52178],[-57.7095,6.52299],[-57.71229,6.52433],[-57.7167,6.5268],[-57.71821,6.52772],[-57.71924,6.529],[-57.72142,6.53027],[-57.72479,6.53306],[-57.72924,6.5366],[-57.73435,6.54131],[-57.73789,6.54427],[-57.73899,6.54567],[-57.74036,6.54544],[-57.74148,6.54601],[-57.74165,6.54516],[-57.74159,6.54319],[-57.7406,6.5415],[-57.73978,6.54112],[-57.73785,6.54112],[-57.73698,6.54095],[-57.73588,6.54013],[-57.73522,6.53997],[-57.73412,6.5403],[-57.73357,6.54013],[-57.73241,6.53795],[-57.73368,6.53708],[-57.73417,6.53637],[-57.73483,6.53484],[-57.73439,6.53331],[-57.73368,6.5332],[-57.73285,6.53347],[-57.73161,6.53151],[-57.73172,6.53038],[-57.73291,6.5303],[-57.73394,6.52968],[-57.73381,6.52897],[-57.73216,6.52833],[-57.73234,6.5276],[-57.73332,6.52709],[-57.73381,6.52608],[-57.73391,6.52504],[-57.73348,6.52389],[-57.73365,6.5223],[-57.73341,6.52117],[-57.73293,6.52068],[-57.73208,6.52091],[-57.73026,6.52015],[-57.7301,6.51974],[-57.73144,6.51753],[-57.73006,6.51631],[-57.72971,6.51461],[-57.72832,6.51277],[-57.72837,6.51233],[-57.72931,6.51136],[-57.72953,6.50995],[-57.7292,6.50948],[-57.72732,6.50898],[-57.72694,6.50847],[-57.72763,6.50613],[-57.72734,6.50548],[-57.72587,6.50531],[-57.72488,6.50502],[-57.72339,6.50431],[-57.72256,6.50356],[-57.72249,6.50186],[-57.72192,6.50118],[-57.72201,6.49981],[-57.72175,6.49917],[-57.72011,6.49853],[-57.71943,6.49784],[-57.7193,6.49616],[-57.71949,6.49552],[-57.72127,6.49289],[-57.7226,6.49225],[-57.72398,6.49201],[-57.72675,6.4924],[-57.72763,6.49302],[-57.72782,6.49347],[-57.72725,6.49479],[-57.72758,6.4963],[-57.72843,6.49736],[-57.7289,6.49937],[-57.72993,6.50063],[-57.73058,6.5006],[-57.73196,6.49996],[-57.73339,6.49903],[-57.73475,6.49786],[-57.7362,6.49716],[-57.73791,6.49599],[-57.73828,6.49537],[-57.74115,6.49278],[-57.74159,6.49082],[-57.74071,6.48991],[-57.73681,6.48934],[-57.7358,6.48854],[-57.7351,6.48732],[-57.73418,6.48715],[-57.73207,6.4883],[-57.73052,6.48821],[-57.72968,6.48755],[-57.72874,6.48622],[-57.72813,6.48485],[-57.72754,6.4828],[-57.72716,6.48174],[-57.72587,6.47946],[-57.72534,6.47771],[-57.7251,6.47663],[-57.72478,6.47482],[-57.72471,6.47199],[-57.72475,6.47142],[-57.72526,6.47001],[-57.72624,6.46886],[-57.72699,6.46841],[-57.72977,6.46849],[-57.73083,6.4679],[-57.73157,6.46704],[-57.73185,6.466],[-57.73118,6.4637],[-57.73015,6.46171],[-57.72931,6.46038],[-57.72892,6.4601],[-57.7282,6.45972],[-57.72622,6.45932],[-57.72504,6.45829],[-57.72405,6.45608],[-57.72377,6.45469],[-57.72372,6.4517],[-57.72379,6.44969],[-57.72368,6.4478],[-57.7232,6.44589],[-57.72271,6.44271],[-57.72271,6.44198],[-57.72346,6.44006],[-57.7239,6.43777],[-57.72412,6.43678]]]},"properties":{"NCD_ID":507,"NDC_Name":"Profit / Rising Sun","Status":"Neighborhood Democratic Council","Tot_Males":869,"Tot_Female":856,"Tot_Pop":1725,"Area":39.473}},
{"type":"Feature","geometry":{"type":"Polygon","coordinates":[[[-57.85471,6.5787],[-57.85386,6.58081],[-57.85267,6.58415],[-57.85266,6.58415],[-57.85255,6.58462],[-57.8521,6.58747],[-57.85191,6.58944],[-57.85245,6.58959],[-57.85336,6.58985],[-57.85515,6.59035],[-57.86581,6.59342],[-57.86683,6.59386],[-57.86727,6.59388],[-57.86858,6.59396],[-57.87028,6.59405],[-57.86995,6.5953],[-57.86995,6.59531],[-57.86997,6.59533],[-57.87424,6.59652],[-57.87595,6.59702],[-57.88899,6.60061],[-57.89157,6.60138],[-57.8924,6.597],[-57.89297,6.59334],[-57.8944,6.58903],[-57.89461,6.58683],[-57.89361,6.58375],[-57.8924,6.58055],[-57.89114,6.57662],[-57.89077,6.57525],[-57.89043,6.57242],[-57.89013,6.56912],[-57.88905,6.56136],[-57.8887,6.55974],[-57.88776,6.55648],[-57.8859,6.55358],[-57.88424,6.55077],[-57.88314,6.54857],[-57.88158,6.54692],[-57.87934,6.54491],[-57.87807,6.5431],[-57.87747,6.54002],[-57.87735,6.53996],[-57.87817,6.53747],[-57.87941,6.53298],[-57.88057,6.5293],[-57.88229,6.52867],[-57.8857,6.52905],[-57.88881,6.52964],[-57.89287,6.52999],[-57.89557,6.52977],[-57.89893,6.52795],[-57.90183,6.52664],[-57.90335,6.52688],[-57.90538,6.52833],[-57.90767,6.53103],[-57.91043,6.53375],[-57.91448,6.53641],[-57.91825,6.53693],[-57.92006,6.53617],[-57.92114,6.53402],[-57.9219,6.53142],[-57.92237,6.52862],[-57.9228,6.52758],[-57.92311,6.52614],[-57.92476,6.52335],[-57.92709,6.52213],[-57.93065,6.5226],[-57.93225,6.52363],[-57.93328,6.53118],[-57.93386,6.53476],[-57.93719,6.53715],[-57.94333,6.53748],[-57.94809,6.53784],[-57.95162,6.53685],[-57.95389,6.53459],[-57.95634,6.53198],[-57.95798,6.52984],[-57.9577,6.52803],[-57.95408,6.52406],[-57.95255,6.52361],[-57.94678,6.52021],[-57.94471,6.51813],[-57.94313,6.51289],[-57.94222,6.50896],[-57.94096,6.50456],[-57.94056,6.50112],[-57.94088,6.49926],[-57.94155,6.49627],[-57.94466,6.49252],[-57.94887,6.48693],[-57.94948,6.48594],[-57.94932,6.48438],[-57.9483,6.48271],[-57.94572,6.48066],[-57.94387,6.47943],[-57.94265,6.47789],[-57.94217,6.47614],[-57.94252,6.47442],[-57.94339,6.47302],[-57.94528,6.47114],[-57.94639,6.46981],[-57.94803,6.46995],[-57.95046,6.47154],[-57.95231,6.47206],[-57.95419,6.47189],[-57.95492,6.47057],[-57.95533,6.46713],[-57.95605,6.46288],[-57.95619,6.46131],[-57.9568,6.4597],[-57.95679,6.45856],[-57.95654,6.45777],[-57.955,6.4573],[-57.95344,6.45785],[-57.95199,6.45955],[-57.95043,6.46022],[-57.9486,6.46052],[-57.94318,6.459],[-57.94161,6.45614],[-57.9414,6.45182],[-57.94256,6.44614],[-57.94393,6.44555],[-57.94693,6.44597],[-57.9512,6.44791],[-57.95371,6.44845],[-57.95545,6.44823],[-57.95756,6.446],[-57.96365,6.44556],[-57.9647,6.44492],[-57.96732,6.44218],[-57.96897,6.44151],[-57.97002,6.44215],[-57.97107,6.44414],[-57.97349,6.44511],[-57.97616,6.44777],[-57.97763,6.44682],[-57.97906,6.44271],[-57.9803,6.44078],[-57.98133,6.44112],[-57.98285,6.44274],[-57.98397,6.44276],[-57.98725,6.44146],[-57.98798,6.44177],[-57.98826,6.44246],[-57.98852,6.44444],[-57.99054,6.44482],[-57.99165,6.4461],[-57.99616,6.44678],[-57.99783,6.4468],[-58.00049,6.44892],[-58.00159,6.45002],[-58.00247,6.4506],[-58.00365,6.45051],[-58.00397,6.44941],[-58.00461,6.44327],[-58.00469,6.44144],[-58.00242,6.43771],[-58.00223,6.43522],[-58.00302,6.43358],[-58.00448,6.43291],[-58.00403,6.42988],[-58.00534,6.42741],[-58.00689,6.42716],[-58.00755,6.42899],[-58.00833,6.42951],[-58.00987,6.42993],[-58.01046,6.43109],[-58.01083,6.43308],[-58.01189,6.43446],[-58.01197,6.43551],[-58.01057,6.43636],[-58.01066,6.43797],[-58.01302,6.43959],[-58.0165,6.43907],[-58.01922,6.43916],[-58.02056,6.43837],[-58.05257,6.40452],[-58.07936,6.38443],[-58.09453,6.3563],[-58.09655,6.35077],[-58.10261,6.34073],[-58.11525,6.32314],[-58.11575,6.30858],[-58.11879,6.28245],[-58.12233,6.26537],[-58.12637,6.24527],[-58.13193,6.22718],[-58.14659,6.21311],[-58.1385,6.19201],[-58.13698,6.1694],[-58.13951,6.14829],[-58.13648,6.1302],[-58.1476,6.10708],[-58.15972,6.09314],[-58.13676,6.08699],[-58.13588,6.05304],[-58.13588,6.02815],[-58.14294,6.00883],[-58.13676,5.98629],[-58.11586,5.97663],[-58.11022,5.97749],[-58.11021,5.97755],[-58.10994,5.97839],[-58.10981,5.97895],[-58.10909,5.98132],[-58.10884,5.98199],[-58.10643,5.98736],[-58.10497,5.99004],[-58.1039,5.99146],[-58.10274,5.99403],[-58.10221,5.99487],[-58.10043,5.99673],[-58.09943,5.99742],[-58.09538,5.99892],[-58.09351,6.00045],[-58.09117,6.00188],[-58.08922,6.00255],[-58.08628,6.00292],[-58.08342,6.00311],[-58.07788,6.00368],[-58.07553,6.0042],[-58.07426,6.00485],[-58.07369,6.00551],[-58.0736,6.00602],[-58.07358,6.00617],[-58.07389,6.00718],[-58.07389,6.00843],[-58.07391,6.00913],[-58.07391,6.00962],[-58.0738,6.01045],[-58.07362,6.01105],[-58.07316,6.01204],[-58.07164,6.01385],[-58.0699,6.01525],[-58.06842,6.01699],[-58.06712,6.01875],[-58.06677,6.01952],[-58.06668,6.0202],[-58.06683,6.02092],[-58.0669,6.02152],[-58.06689,6.02215],[-58.06689,6.02252],[-58.06647,6.02369],[-58.06512,6.02558],[-58.0625,6.02732],[-58.06189,6.02795],[-58.06083,6.02965],[-58.05943,6.03259],[-58.05902,6.03506],[-58.05803,6.03744],[-58.05709,6.03891],[-58.05539,6.04122],[-58.05379,6.04238],[-58.05132,6.04585],[-58.05028,6.04794],[-58.0497,6.05019],[-58.04961,6.05112],[-58.04915,6.05251],[-58.0491,6.05457],[-58.04862,6.05545],[-58.04716,6.05635],[-58.0461,6.05718],[-58.04507,6.05877],[-58.0442,6.06065],[-58.04271,6.06443],[-58.04252,6.06516],[-58.04227,6.06655],[-58.04215,6.06758],[-58.04232,6.06854],[-58.04246,6.06937],[-58.0426,6.07012],[-58.04279,6.07107],[-58.04409,6.07505],[-58.04453,6.07606],[-58.0448,6.07694],[-58.04476,6.07748],[-58.04473,6.07821],[-58.04501,6.07856],[-58.04496,6.07911],[-58.04491,6.0797],[-58.04487,6.08022],[-58.04487,6.08054],[-58.04477,6.0812],[-58.04457,6.08188],[-58.04311,6.08418],[-58.04205,6.08543],[-58.041,6.08739],[-58.04047,6.08907],[-58.04012,6.09205],[-58.03951,6.0938],[-58.03895,6.0949],[-58.03747,6.09728],[-58.03652,6.09804],[-58.03331,6.10019],[-58.03128,6.10115],[-58.02991,6.1024],[-58.02791,6.1049],[-58.02624,6.10805],[-58.0249,6.11002],[-58.02357,6.11298],[-58.02319,6.11433],[-58.02218,6.11573],[-58.02124,6.11739],[-58.02103,6.11889],[-58.01986,6.12026],[-58.0195,6.12107],[-58.01812,6.12258],[-58.01626,6.12397],[-58.01554,6.1249],[-58.01426,6.12545],[-58.01259,6.12443],[-58.01131,6.12551],[-58.0107,6.12648],[-58.0103,6.12642],[-58.01019,6.12709],[-58.00917,6.12744],[-58.00834,6.12859],[-58.00794,6.12809],[-58.00626,6.12849],[-58.00574,6.12913],[-58.00469,6.12877],[-58.00398,6.1291],[-58.00389,6.13025],[-58.00396,6.13043],[-58.00413,6.13067],[-58.00469,6.13102],[-58.00474,6.13113],[-58.0047,6.13135],[-58.0046,6.13152],[-58.00397,6.13233],[-58.0021,6.13268],[-58.00147,6.13237],[-58.00063,6.13249],[-58.0002,6.13269],[-57.9999,6.13292],[-57.9997,6.13311],[-57.99971,6.13332],[-57.9999,6.13341],[-58.00001,6.13357],[-58.00003,6.13373],[-57.99999,6.13395],[-57.99945,6.13462],[-57.99837,6.13494],[-57.99831,6.13553],[-57.99728,6.13532],[-57.99677,6.13569],[-57.99585,6.13471],[-57.99423,6.13422],[-57.99367,6.13452],[-57.9936,6.13471],[-57.99375,6.13588],[-57.99413,6.13611],[-57.99433,6.13671],[-57.99431,6.13685],[-57.99422,6.13709],[-57.99362,6.13749],[-57.99346,6.13814],[-57.99324,6.13762],[-57.99295,6.13782],[-57.99266,6.13779],[-57.99252,6.13785],[-57.99254,6.13796],[-57.99265,6.13806],[-57.99278,6.13822],[-57.99265,6.13826],[-57.99231,6.13824],[-57.99222,6.13834],[-57.99222,6.13854],[-57.99235,6.13864],[-57.9929,6.13882],[-57.99346,6.13909],[-57.99353,6.13929],[-57.99346,6.13938],[-57.9934,6.1395],[-57.99336,6.13966],[-57.99343,6.13988],[-57.99358,6.13996],[-57.99371,6.14022],[-57.99374,6.1404],[-57.99365,6.14051],[-57.99355,6.14062],[-57.99331,6.14059],[-57.99316,6.1407],[-57.99318,6.14085],[-57.99361,6.14117],[-57.9937,6.14129],[-57.99365,6.14148],[-57.99323,6.14177],[-57.99305,6.14203],[-57.99279,6.14208],[-57.99232,6.14182],[-57.99165,6.14182],[-57.99155,6.14191],[-57.99154,6.14202],[-57.99178,6.14218],[-57.99183,6.1423],[-57.9918,6.14239],[-57.99146,6.14258],[-57.99069,6.14242],[-57.99059,6.14304],[-57.98958,6.14318],[-57.98879,6.14301],[-57.9878,6.14468],[-57.98778,6.14529],[-57.98717,6.14624],[-57.98545,6.14783],[-57.98461,6.14711],[-57.98456,6.14701],[-57.98454,6.14685],[-57.98468,6.14679],[-57.98493,6.14679],[-57.985,6.14668],[-57.98493,6.14658],[-57.98483,6.14654],[-57.98428,6.14648],[-57.98437,6.14613],[-57.98428,6.14596],[-57.98442,6.14576],[-57.98443,6.14563],[-57.98443,6.14562],[-57.9843,6.14558],[-57.98406,6.14555],[-57.98363,6.14578],[-57.98198,6.14604],[-57.9814,6.14593],[-57.98134,6.14558],[-57.98117,6.14555],[-57.98101,6.14567],[-57.98099,6.14579],[-57.98107,6.14592],[-57.98103,6.14616],[-57.98082,6.14636],[-57.98055,6.14642],[-57.98048,6.14613],[-57.97955,6.14639],[-57.97887,6.14629],[-57.97874,6.1448],[-57.97778,6.14487],[-57.97692,6.14382],[-57.97551,6.14508],[-57.97425,6.1445],[-57.97407,6.14462],[-57.97393,6.14488],[-57.97392,6.14504],[-57.97392,6.14514],[-57.97393,6.14533],[-57.97395,6.14627],[-57.97392,6.14639],[-57.97388,6.14659],[-57.97377,6.14692],[-57.97374,6.14711],[-57.97374,6.14712],[-57.97375,6.14734],[-57.97393,6.14772],[-57.974,6.14784],[-57.97406,6.148],[-57.97401,6.14832],[-57.9738,6.14855],[-57.97326,6.14959],[-57.97254,6.1499],[-57.97206,6.15053],[-57.97201,6.15066],[-57.97218,6.15083],[-57.97234,6.15094],[-57.97239,6.15106],[-57.97248,6.1513],[-57.97222,6.15153],[-57.97206,6.1516],[-57.97026,6.15153],[-57.96892,6.1513],[-57.96848,6.15179],[-57.96838,6.15171],[-57.96819,6.15206],[-57.96817,6.15225],[-57.96824,6.15248],[-57.96904,6.15354],[-57.96991,6.15436],[-57.97114,6.15507],[-57.97155,6.15549],[-57.97167,6.15575],[-57.97169,6.15603],[-57.97161,6.15627],[-57.97158,6.15662],[-57.97159,6.15678],[-57.9717,6.15703],[-57.97186,6.15724],[-57.97205,6.15733],[-57.97255,6.15724],[-57.97302,6.15791],[-57.97308,6.15837],[-57.97304,6.15848],[-57.97273,6.15852],[-57.97234,6.15901],[-57.972,6.15865],[-57.97106,6.15845],[-57.96777,6.15901],[-57.96564,6.15766],[-57.96482,6.15741],[-57.96346,6.15608],[-57.96306,6.15629],[-57.96305,6.15678],[-57.96177,6.15675],[-57.96038,6.15584],[-57.95942,6.15562],[-57.95795,6.15566],[-57.95747,6.15508],[-57.95741,6.1549],[-57.95739,6.15476],[-57.95735,6.15455],[-57.95738,6.1544],[-57.95743,6.15426],[-57.9576,6.15398],[-57.95761,6.15384],[-57.95757,6.15354],[-57.95755,6.1534],[-57.95747,6.15304],[-57.95697,6.15247],[-57.95437,6.15292],[-57.95303,6.15172],[-57.95202,6.154],[-57.9509,6.15509],[-57.94963,6.15545],[-57.94657,6.1552],[-57.9459,6.15546],[-57.94564,6.15596],[-57.94556,6.15658],[-57.94558,6.15669],[-57.94559,6.15686],[-57.94568,6.15701],[-57.94714,6.158],[-57.9479,6.1594],[-57.94794,6.1597],[-57.94795,6.15999],[-57.94791,6.16012],[-57.94785,6.1603],[-57.94736,6.16144],[-57.94684,6.16209],[-57.9455,6.16323],[-57.94486,6.16347],[-57.94377,6.16331],[-57.9428,6.16292],[-57.94065,6.16089],[-57.93976,6.16048],[-57.93805,6.16125],[-57.93669,6.16255],[-57.93587,6.1626],[-57.93496,6.16209],[-57.93453,6.16154],[-57.93447,6.16131],[-57.93443,6.16079],[-57.93443,6.16064],[-57.93443,6.16048],[-57.93442,6.16033],[-57.93444,6.15996],[-57.93446,6.15985],[-57.9345,6.15956],[-57.9345,6.15909],[-57.93459,6.15844],[-57.93479,6.15766],[-57.93482,6.15743],[-57.93484,6.15708],[-57.93484,6.15692],[-57.93484,6.15691],[-57.93484,6.15678],[-57.93483,6.15664],[-57.93478,6.15638],[-57.93462,6.15594],[-57.93329,6.15505],[-57.93182,6.15596],[-57.9316,6.15629],[-57.93153,6.1567],[-57.93149,6.15733],[-57.9315,6.15752],[-57.93156,6.15792],[-57.9318,6.1587],[-57.93182,6.15887],[-57.93182,6.15904],[-57.93177,6.15935],[-57.93176,6.15996],[-57.93161,6.1617],[-57.93117,6.16375],[-57.92955,6.16695],[-57.92932,6.16774],[-57.92929,6.16795],[-57.92929,6.16813],[-57.92931,6.16832],[-57.92934,6.16842],[-57.92937,6.16886],[-57.92942,6.16915],[-57.92995,6.17053],[-57.93019,6.17096],[-57.93023,6.1711],[-57.93023,6.17124],[-57.93021,6.17141],[-57.93017,6.17156],[-57.93007,6.17246],[-57.92979,6.17336],[-57.92873,6.17469],[-57.9269,6.17603],[-57.92534,6.17648],[-57.92411,6.17751],[-57.92374,6.1792],[-57.92348,6.18177],[-57.92296,6.18242],[-57.92212,6.18269],[-57.91978,6.18262],[-57.91877,6.1824],[-57.91713,6.18142],[-57.91666,6.18142],[-57.91549,6.18235],[-57.91504,6.18334],[-57.91502,6.18355],[-57.915,6.18382],[-57.915,6.18383],[-57.91502,6.18439],[-57.91507,6.18484],[-57.91548,6.18596],[-57.91584,6.1865],[-57.91597,6.18683],[-57.916,6.18695],[-57.91604,6.18721],[-57.91603,6.18733],[-57.91599,6.18743],[-57.91559,6.18783],[-57.91374,6.18888],[-57.91167,6.18836],[-57.91059,6.18743],[-57.90989,6.18559],[-57.90975,6.1847],[-57.90928,6.18405],[-57.90849,6.18374],[-57.90765,6.18407],[-57.90549,6.18615],[-57.90495,6.18625],[-57.90356,6.1857],[-57.90208,6.18459],[-57.90082,6.18499],[-57.89886,6.18651],[-57.89888,6.18663],[-57.89899,6.18677],[-57.89904,6.18686],[-57.89902,6.18716],[-57.89875,6.18761],[-57.89843,6.18786],[-57.89742,6.18823],[-57.89725,6.18851],[-57.89724,6.18862],[-57.89726,6.18887],[-57.89735,6.18917],[-57.89805,6.19005],[-57.89867,6.19025],[-57.90152,6.18921],[-57.90194,6.18935],[-57.90421,6.19082],[-57.90569,6.19204],[-57.90649,6.19298],[-57.9067,6.19351],[-57.90683,6.19401],[-57.90687,6.19423],[-57.90689,6.19433],[-57.90687,6.19445],[-57.90679,6.19466],[-57.90673,6.19499],[-57.90527,6.19669],[-57.90512,6.197],[-57.9049,6.19763],[-57.90489,6.19775],[-57.90489,6.19786],[-57.9049,6.19797],[-57.90491,6.19809],[-57.90499,6.19864],[-57.90593,6.20068],[-57.90696,6.2017],[-57.90751,6.20181],[-57.90952,6.20162],[-57.91048,6.20193],[-57.91114,6.20269],[-57.91116,6.2028],[-57.91117,6.20292],[-57.91121,6.20325],[-57.91121,6.20337],[-57.91119,6.20348],[-57.91063,6.20471],[-57.9094,6.20646],[-57.90862,6.20784],[-57.9075,6.20859],[-57.9048,6.20869],[-57.90238,6.20827],[-57.89988,6.20803],[-57.89943,6.2081],[-57.89822,6.20891],[-57.89799,6.20956],[-57.89798,6.20967],[-57.89796,6.20989],[-57.89796,6.21001],[-57.89798,6.21012],[-57.89799,6.21023],[-57.89876,6.21161],[-57.89974,6.21268],[-57.90119,6.2133],[-57.90374,6.21381],[-57.90722,6.21507],[-57.90934,6.21525],[-57.91098,6.21565],[-57.91187,6.21613],[-57.91271,6.21689],[-57.9133,6.21798],[-57.91425,6.22182],[-57.91472,6.22271],[-57.91491,6.22373],[-57.91532,6.22424],[-57.91698,6.22501],[-57.91853,6.22591],[-57.91966,6.22676],[-57.92038,6.22809],[-57.92042,6.22849],[-57.92044,6.22912],[-57.92037,6.22947],[-57.92031,6.23015],[-57.91964,6.23126],[-57.91883,6.23183],[-57.91743,6.23209],[-57.916,6.2315],[-57.91392,6.22974],[-57.91285,6.2292],[-57.91166,6.22965],[-57.91137,6.23],[-57.91121,6.23039],[-57.91119,6.23099],[-57.91125,6.23135],[-57.91181,6.23325],[-57.91227,6.23513],[-57.91228,6.2356],[-57.91225,6.23602],[-57.91222,6.2363],[-57.91168,6.23719],[-57.9108,6.23745],[-57.909,6.23748],[-57.90774,6.23684],[-57.90525,6.23597],[-57.90474,6.23559],[-57.90395,6.23552],[-57.90281,6.23646],[-57.90212,6.23747],[-57.90166,6.24062],[-57.90144,6.24156],[-57.90076,6.24312],[-57.90019,6.24362],[-57.89855,6.24396],[-57.8975,6.24367],[-57.89639,6.24246],[-57.89579,6.24136],[-57.89534,6.23998],[-57.89393,6.23819],[-57.8922,6.2369],[-57.88996,6.2362],[-57.88863,6.23615],[-57.88722,6.23637],[-57.88605,6.23698],[-57.88548,6.238],[-57.88396,6.2383],[-57.88327,6.23882],[-57.88258,6.23975],[-57.88169,6.24138],[-57.88051,6.24268],[-57.8798,6.24288],[-57.8785,6.24285],[-57.87655,6.2423],[-57.87543,6.24259],[-57.87501,6.243],[-57.8749,6.24347],[-57.87491,6.24384],[-57.87495,6.24411],[-57.87575,6.24592],[-57.87622,6.24675],[-57.8777,6.24824],[-57.87788,6.2491],[-57.87787,6.24926],[-57.87782,6.24948],[-57.87754,6.25016],[-57.87683,6.25112],[-57.87459,6.25299],[-57.87402,6.25363],[-57.87386,6.25405],[-57.87372,6.25475],[-57.87374,6.25494],[-57.87379,6.25503],[-57.87441,6.25562],[-57.87553,6.25739],[-57.87572,6.25799],[-57.87692,6.26008],[-57.87824,6.26173],[-57.8788,6.26221],[-57.88032,6.26435],[-57.8825,6.26928],[-57.88292,6.26988],[-57.88311,6.27044],[-57.88329,6.27131],[-57.8834,6.27189],[-57.88341,6.27218],[-57.88341,6.27233],[-57.88339,6.27248],[-57.88286,6.2735],[-57.88042,6.27584],[-57.87978,6.27664],[-57.87964,6.2769],[-57.87946,6.27713],[-57.87939,6.27726],[-57.87938,6.27741],[-57.87939,6.27755],[-57.87976,6.27817],[-57.88049,6.28026],[-57.88227,6.28412],[-57.88227,6.28457],[-57.8823,6.28471],[-57.88232,6.28486],[-57.88233,6.28501],[-57.88233,6.28515],[-57.88215,6.28632],[-57.8821,6.28661],[-57.88205,6.28705],[-57.8815,6.28935],[-57.88059,6.29215],[-57.88015,6.29431],[-57.87966,6.2991],[-57.87939,6.30017],[-57.87856,6.3016],[-57.87722,6.30296],[-57.87593,6.30402],[-57.87462,6.30488],[-57.87202,6.30586],[-57.86962,6.30611],[-57.86789,6.30714],[-57.86783,6.30745],[-57.86705,6.30844],[-57.86684,6.30881],[-57.86674,6.30911],[-57.86675,6.30911],[-57.86675,6.30935],[-57.86697,6.30973],[-57.86706,6.31012],[-57.86707,6.31067],[-57.86706,6.31093],[-57.86702,6.31142],[-57.867,6.312],[-57.86695,6.31216],[-57.86698,6.3124],[-57.86694,6.31257],[-57.86692,6.31276],[-57.86694,6.31301],[-57.86707,6.31381],[-57.86738,6.31477],[-57.86751,6.31565],[-57.86753,6.31583],[-57.86753,6.31609],[-57.86749,6.31639],[-57.86744,6.31663],[-57.8658,6.31601],[-57.8638,6.31566],[-57.86093,6.31584],[-57.85911,6.31643],[-57.85706,6.31725],[-57.85442,6.31908],[-57.84997,6.32296],[-57.84692,6.32584],[-57.84324,6.32948],[-57.83962,6.33211],[-57.83858,6.33298],[-57.83448,6.33561],[-57.83319,6.33615],[-57.83214,6.33681],[-57.83028,6.33774],[-57.82915,6.33845],[-57.8249,6.34136],[-57.82357,6.34238],[-57.82259,6.34335],[-57.82041,6.34498],[-57.81868,6.34603],[-57.81565,6.34876],[-57.81288,6.35076],[-57.80906,6.35363],[-57.80611,6.35546],[-57.80389,6.35694],[-57.80187,6.35793],[-57.80007,6.35834],[-57.7994,6.35832],[-57.79764,6.35765],[-57.79638,6.3568],[-57.79513,6.35567],[-57.79282,6.35084],[-57.79246,6.34799],[-57.79215,6.34655],[-57.79214,6.34521],[-57.79179,6.34194],[-57.79132,6.3404],[-57.79059,6.33731],[-57.78957,6.33415],[-57.78918,6.33242],[-57.7869,6.32679],[-57.78617,6.32437],[-57.78497,6.32092],[-57.78478,6.3201],[-57.78386,6.31763],[-57.7831,6.316],[-57.78304,6.31579],[-57.78259,6.31473],[-57.78247,6.31431],[-57.78179,6.3125],[-57.7807,6.3088],[-57.77958,6.30594],[-57.77803,6.30129],[-57.77669,6.29858],[-57.77655,6.29813],[-57.77647,6.29789],[-57.77936,6.29662],[-57.78009,6.2961],[-57.78096,6.29479],[-57.78296,6.29246],[-57.78579,6.28963],[-57.78765,6.28723],[-57.78847,6.28585],[-57.79025,6.28328],[-57.79268,6.27916],[-57.79413,6.27638],[-57.79503,6.2749],[-57.797,6.27247],[-57.79854,6.27006],[-57.80034,6.26756],[-57.80243,6.26126],[-57.80278,6.26056],[-57.80348,6.26003],[-57.80399,6.25793],[-57.80508,6.25557],[-57.80642,6.25347],[-57.8087,6.24818],[-57.81124,6.24099],[-57.81228,6.23758],[-57.81316,6.23428],[-57.81436,6.23093],[-57.81464,6.22949],[-57.81522,6.2277],[-57.81539,6.22653],[-57.81552,6.22539],[-57.8155,6.22419],[-57.81559,6.22346],[-57.81579,6.22216],[-57.81564,6.22076],[-57.81532,6.21898],[-57.81523,6.21818],[-57.81516,6.21728],[-57.8151,6.2163],[-57.81512,6.21543],[-57.81523,6.21342],[-57.81524,6.21253],[-57.81522,6.21153],[-57.81501,6.21003],[-57.81461,6.20854],[-57.81452,6.20778],[-57.81441,6.20644],[-57.81443,6.20523],[-57.81455,6.20444],[-57.81532,6.20166],[-57.81578,6.19922],[-57.81582,6.19839],[-57.81583,6.1973],[-57.81583,6.19638],[-57.81575,6.19464],[-57.81582,6.19378],[-57.81606,6.1925],[-57.81803,6.18738],[-57.81827,6.18655],[-57.81818,6.18565],[-57.81805,6.18462],[-57.81753,6.18281],[-57.81603,6.17954],[-57.8156,6.17756],[-57.81527,6.1749],[-57.814,6.17097],[-57.81339,6.16814],[-57.81227,6.16612],[-57.8112,6.1647],[-57.80951,6.16319],[-57.80785,6.16081],[-57.8073,6.15929],[-57.80719,6.15856],[-57.80717,6.15771],[-57.8076,6.15645],[-57.80908,6.15431],[-57.81087,6.15207],[-57.81202,6.14966],[-57.81215,6.14864],[-57.81257,6.14768],[-57.81248,6.14697],[-57.81289,6.1463],[-57.81456,6.14052],[-57.81719,6.13655],[-57.82119,6.13263],[-57.82156,6.13202],[-57.82479,6.12949],[-57.82555,6.12785],[-57.82749,6.125],[-57.82815,6.12425],[-57.82908,6.12262],[-57.83095,6.12134],[-57.83247,6.12105],[-57.83337,6.11903],[-57.83469,6.11807],[-57.83494,6.11741],[-57.83583,6.1163],[-57.83604,6.11549],[-57.83562,6.11448],[-57.83549,6.11373],[-57.83566,6.11304],[-57.83661,6.1103],[-57.83758,6.10912],[-57.83828,6.10895],[-57.84047,6.10887],[-57.84345,6.10893],[-57.84638,6.10852],[-57.84782,6.10804],[-57.84919,6.10734],[-57.85099,6.10596],[-57.85225,6.10521],[-57.8538,6.10351],[-57.85502,6.10159],[-57.8576,6.09854],[-57.8595,6.09719],[-57.86077,6.09606],[-57.86332,6.09427],[-57.86506,6.09292],[-57.86752,6.0899],[-57.87004,6.08865],[-57.87273,6.08662],[-57.8746,6.08469],[-57.87653,6.08333],[-57.87896,6.08239],[-57.88118,6.0826],[-57.88418,6.08367],[-57.88575,6.08364],[-57.88671,6.08346],[-57.88821,6.08256],[-57.8887,6.08197],[-57.89023,6.07875],[-57.89175,6.07674],[-57.89317,6.07565],[-57.8964,6.07338],[-57.898,6.07175],[-57.89827,6.0711],[-57.8984,6.07045],[-57.89841,6.07029],[-57.8984,6.07008],[-57.89837,6.06961],[-57.89819,6.06874],[-57.89658,6.06541],[-57.89542,6.06358],[-57.89326,6.06106],[-57.89284,6.06033],[-57.89265,6.05981],[-57.89262,6.05968],[-57.89262,6.05939],[-57.89265,6.05923],[-57.89275,6.05898],[-57.89296,6.0586],[-57.89379,6.0579],[-57.89526,6.05774],[-57.89792,6.05688],[-57.89912,6.05595],[-57.90111,6.05462],[-57.90351,6.05347],[-57.9061,6.05272],[-57.91075,6.0516],[-57.9136,6.05132],[-57.91631,6.0507],[-57.91871,6.04984],[-57.91982,6.04926],[-57.9221,6.04773],[-57.92361,6.04616],[-57.92426,6.04511],[-57.92437,6.04485],[-57.92459,6.04403],[-57.92455,6.04378],[-57.92457,6.04356],[-57.9247,6.0431],[-57.92475,6.04255],[-57.92469,6.04192],[-57.92386,6.03938],[-57.92345,6.03755],[-57.92331,6.0363],[-57.92331,6.03579],[-57.92331,6.03503],[-57.92331,6.03454],[-57.92361,6.03309],[-57.92448,6.03064],[-57.92516,6.02957],[-57.92788,6.02577],[-57.92925,6.02348],[-57.92935,6.02279],[-57.92936,6.02251],[-57.92936,6.02221],[-57.92934,6.02183],[-57.92928,6.0211],[-57.92923,6.02064],[-57.929,6.01957],[-57.92806,6.0175],[-57.92714,6.0164],[-57.92529,6.01491],[-57.92329,6.01307],[-57.92111,6.01018],[-57.92025,6.00918],[-57.918,6.00612],[-57.91779,6.00544],[-57.91778,6.00528],[-57.91779,6.00515],[-57.91784,6.00477],[-57.91787,6.00462],[-57.91792,6.00434],[-57.91788,6.00411],[-57.91778,6.00387],[-57.91753,6.00298],[-57.91745,6.00275],[-57.91744,6.00262],[-57.91747,6.00251],[-57.91764,6.00233],[-57.9204,6.00116],[-57.92183,5.99997],[-57.92373,5.99818],[-57.92588,5.99684],[-57.92714,5.99663],[-57.92846,5.99586],[-57.93238,5.99452],[-57.93343,5.99397],[-57.93442,5.99305],[-57.935,5.99207],[-57.93544,5.99037],[-57.93544,5.99014],[-57.9355,5.9897],[-57.93555,5.98919],[-57.93554,5.989],[-57.93543,5.98855],[-57.93393,5.9852],[-57.93382,5.98471],[-57.93382,5.98451],[-57.93385,5.9843],[-57.93419,5.98333],[-57.9351,5.98191],[-57.9366,5.98026],[-57.93662,5.98],[-57.93662,5.97979],[-57.9366,5.97949],[-57.93649,5.97906],[-57.93634,5.97874],[-57.93503,5.97735],[-57.93298,5.97642],[-57.93085,5.97597],[-57.92934,5.97548],[-57.92672,5.97419],[-57.92608,5.97372],[-57.92503,5.97237],[-57.92266,5.97026],[-57.92132,5.96786],[-57.92118,5.96698],[-57.92117,5.96641],[-57.9212,5.96586],[-57.92127,5.96531],[-57.92173,5.96425],[-57.92425,5.96217],[-57.92603,5.96033],[-57.92745,5.9581],[-57.92882,5.95525],[-57.92912,5.95329],[-57.93011,5.95151],[-57.93128,5.95072],[-57.93404,5.94939],[-57.93488,5.94873],[-57.93578,5.94726],[-57.93624,5.94523],[-57.93678,5.94438],[-57.93815,5.94277],[-57.93939,5.94154],[-57.94206,5.9381],[-57.94517,5.93539],[-57.94828,5.93414],[-57.9516,5.93289],[-57.96376,5.9306],[-57.95866,5.92685],[-57.95631,5.91163],[-57.94777,5.90489],[-57.94352,5.90489],[-57.94304,5.90546],[-57.94055,5.90629],[-57.93785,5.90796],[-57.93578,5.90963],[-57.93454,5.91191],[-57.9333,5.91337],[-57.92728,5.91671],[-57.92541,5.91754],[-57.92396,5.91859],[-57.92189,5.92046],[-57.92126,5.92129],[-57.91878,5.92545],[-57.91878,5.92546],[-57.91878,5.92587],[-57.9165,5.92775],[-57.91463,5.93025],[-57.91381,5.93087],[-57.90898,5.9368],[-57.90741,5.93847],[-57.90535,5.94084],[-57.90239,5.94253],[-57.90068,5.94325],[-57.89816,5.94556],[-57.8959,5.94676],[-57.89402,5.9471],[-57.89071,5.94949],[-57.88877,5.9504],[-57.88778,5.95054],[-57.88572,5.95043],[-57.8819,5.94953],[-57.87879,5.94948],[-57.87534,5.94981],[-57.87426,5.95019],[-57.8722,5.95049],[-57.87085,5.95029],[-57.86732,5.94948],[-57.86634,5.94956],[-57.86319,5.95085],[-57.86064,5.95236],[-57.85856,5.9538],[-57.85666,5.95574],[-57.85496,5.95685],[-57.85397,5.95836],[-57.85326,5.9605],[-57.85217,5.96241],[-57.85163,5.96308],[-57.85066,5.96317],[-57.84949,5.96251],[-57.84868,5.96134],[-57.84768,5.96077],[-57.84503,5.96062],[-57.84421,5.96034],[-57.84291,5.95917],[-57.84098,5.95894],[-57.84017,5.9581],[-57.83992,5.95618],[-57.83943,5.95577],[-57.83812,5.95579],[-57.83684,5.95463],[-57.83613,5.95458],[-57.83556,5.95569],[-57.83497,5.95575],[-57.8338,5.95516],[-57.83352,5.95481],[-57.83333,5.95449],[-57.8333,5.95439],[-57.83336,5.9543],[-57.8336,5.95412],[-57.83361,5.95401],[-57.83362,5.95385],[-57.83362,5.95373],[-57.83353,5.95345],[-57.83347,5.95335],[-57.83326,5.95313],[-57.83253,5.95266],[-57.8312,5.95332],[-57.82907,5.95237],[-57.82722,5.9525],[-57.82639,5.95053],[-57.82518,5.95047],[-57.8245,5.95117],[-57.82382,5.95132],[-57.82314,5.95107],[-57.82302,5.95081],[-57.82299,5.95066],[-57.82301,5.95055],[-57.82314,5.95032],[-57.82322,5.95002],[-57.82347,5.94941],[-57.82374,5.94897],[-57.82395,5.94871],[-57.824,5.94856],[-57.82391,5.94813],[-57.82385,5.94792],[-57.82382,5.94769],[-57.8237,5.94733],[-57.82259,5.94694],[-57.82077,5.94791],[-57.81989,5.94817],[-57.81897,5.94769],[-57.818,5.94575],[-57.81738,5.94519],[-57.81629,5.94509],[-57.8157,5.94564],[-57.81479,5.94714],[-57.81382,5.94789],[-57.81273,5.94804],[-57.81067,5.94775],[-57.80934,5.94667],[-57.80709,5.94607],[-57.806,5.94606],[-57.80501,5.94659],[-57.80399,5.94776],[-57.80368,5.94838],[-57.80306,5.94893],[-57.80275,5.94915],[-57.79585,5.95615],[-57.7953,5.95671],[-57.79575,5.95685],[-57.79593,5.95689],[-57.79614,5.95716],[-57.79641,5.9573],[-57.79793,5.95763],[-57.79823,5.9582],[-57.79825,5.9585],[-57.79828,5.95876],[-57.79827,5.95886],[-57.79823,5.95912],[-57.7982,5.95938],[-57.79817,5.95956],[-57.79692,5.96187],[-57.79651,5.96325],[-57.79649,5.96583],[-57.79586,5.96686],[-57.79501,5.96779],[-57.79463,5.96877],[-57.79438,5.97044],[-57.7944,5.97055],[-57.79445,5.97068],[-57.79479,5.97117],[-57.79607,5.97203],[-57.7975,5.97277],[-57.79799,5.97328],[-57.79814,5.97355],[-57.79818,5.97364],[-57.7982,5.97374],[-57.7982,5.97385],[-57.79819,5.97395],[-57.79818,5.97405],[-57.7981,5.97434],[-57.79803,5.97484],[-57.79743,5.97635],[-57.79733,5.97685],[-57.79724,5.97749],[-57.79724,5.97759],[-57.79726,5.97789],[-57.79732,5.9782],[-57.79776,5.97911],[-57.79871,5.98016],[-57.80117,5.98139],[-57.80347,5.98176],[-57.80402,5.98259],[-57.80468,5.98304],[-57.80481,5.98319],[-57.80489,5.98338],[-57.8049,5.98348],[-57.8049,5.98358],[-57.80488,5.98368],[-57.80432,5.98452],[-57.80425,5.98482],[-57.8033,5.98626],[-57.80324,5.98646],[-57.80324,5.98656],[-57.80324,5.98666],[-57.80325,5.98676],[-57.8034,5.98714],[-57.80375,5.98764],[-57.80504,5.98908],[-57.80602,5.99051],[-57.80628,5.99095],[-57.80631,5.99105],[-57.80634,5.99115],[-57.80636,5.99125],[-57.80635,5.99135],[-57.80631,5.99157],[-57.80621,5.99197],[-57.80613,5.99267],[-57.80589,5.99335],[-57.80484,5.99445],[-57.80334,5.99663],[-57.80233,5.99748],[-57.79967,5.9993],[-57.79741,5.99988],[-57.79681,6.00043],[-57.79635,6.00241],[-57.79635,6.00332],[-57.79633,6.00363],[-57.79633,6.00373],[-57.79633,6.00383],[-57.79633,6.00384],[-57.79634,6.00414],[-57.79642,6.00495],[-57.79646,6.00536],[-57.79646,6.00546],[-57.79646,6.00556],[-57.79644,6.00597],[-57.79638,6.00627],[-57.79609,6.00655],[-57.79401,6.00723],[-57.79309,6.00783],[-57.79114,6.00945],[-57.78791,6.01091],[-57.78654,6.01217],[-57.78551,6.01291],[-57.78253,6.01403],[-57.78144,6.01467],[-57.77798,6.01543],[-57.77545,6.01614],[-57.77393,6.01624],[-57.77197,6.01589],[-57.77155,6.01627],[-57.7714,6.01651],[-57.77135,6.01687],[-57.77142,6.0174],[-57.77155,6.01807],[-57.77288,6.02028],[-57.77369,6.02097],[-57.77447,6.02198],[-57.77457,6.02232],[-57.77459,6.02248],[-57.7746,6.02269],[-57.77462,6.02284],[-57.77463,6.02305],[-57.77461,6.0233],[-57.77457,6.02362],[-57.77457,6.02378],[-57.77417,6.02562],[-57.77415,6.02576],[-57.77414,6.02589],[-57.77415,6.02601],[-57.77417,6.02618],[-57.77428,6.02729],[-57.77532,6.02963],[-57.77542,6.03027],[-57.77655,6.03382],[-57.77729,6.03502],[-57.77805,6.03561],[-57.77983,6.03556],[-57.78211,6.03572],[-57.78316,6.03647],[-57.78445,6.03774],[-57.78502,6.03867],[-57.78543,6.03965],[-57.78553,6.04028],[-57.78552,6.04049],[-57.78548,6.04071],[-57.78527,6.04179],[-57.78506,6.04247],[-57.78498,6.04323],[-57.78486,6.04351],[-57.78472,6.04378],[-57.78467,6.04391],[-57.7847,6.04414],[-57.78496,6.04483],[-57.78521,6.04605],[-57.78556,6.04663],[-57.78637,6.04716],[-57.78691,6.04832],[-57.78739,6.05012],[-57.78851,6.05193],[-57.78904,6.05188],[-57.78964,6.05121],[-57.79116,6.05072],[-57.79162,6.04912],[-57.79231,6.04773],[-57.79353,6.04632],[-57.79469,6.04667],[-57.79589,6.04988],[-57.79647,6.05216],[-57.79704,6.05393],[-57.79776,6.05536],[-57.79911,6.05742],[-57.79987,6.05803],[-57.80191,6.05843],[-57.804,6.05951],[-57.8047,6.0604],[-57.80517,6.06182],[-57.80522,6.06206],[-57.80522,6.06218],[-57.80519,6.0623],[-57.80516,6.06241],[-57.80503,6.06257],[-57.80374,6.06285],[-57.80133,6.06446],[-57.8009,6.06496],[-57.80074,6.06616],[-57.79946,6.06991],[-57.79897,6.0705],[-57.79743,6.07103],[-57.79557,6.07052],[-57.79358,6.07126],[-57.79263,6.07132],[-57.7901,6.07021],[-57.78934,6.07008],[-57.78727,6.06938],[-57.78635,6.06884],[-57.78547,6.06869],[-57.78446,6.06927],[-57.78371,6.06941],[-57.77944,6.06795],[-57.77876,6.0686],[-57.77858,6.0698],[-57.7784,6.07052],[-57.77837,6.07076],[-57.77835,6.07096],[-57.7784,6.07114],[-57.77839,6.07127],[-57.77838,6.07143],[-57.77842,6.0716],[-57.7784,6.07175],[-57.77842,6.07188],[-57.77843,6.07204],[-57.77853,6.0723],[-57.77856,6.07247],[-57.77858,6.07284],[-57.77852,6.07303],[-57.77847,6.07318],[-57.77829,6.07352],[-57.7778,6.07375],[-57.77707,6.07355],[-57.7761,6.07367],[-57.77557,6.07406],[-57.77465,6.0753],[-57.77386,6.07588],[-57.77098,6.07666],[-57.7696,6.07735],[-57.7671,6.07816],[-57.76601,6.0788],[-57.76511,6.08021],[-57.76486,6.08084],[-57.76482,6.08113],[-57.76487,6.08127],[-57.76497,6.08148],[-57.76503,6.08158],[-57.76516,6.08183],[-57.76515,6.08193],[-57.76513,6.08205],[-57.76503,6.08222],[-57.76379,6.08299],[-57.7604,6.0861],[-57.76027,6.08668],[-57.76025,6.08726],[-57.76013,6.08773],[-57.76011,6.08805],[-57.76014,6.08821],[-57.76019,6.08847],[-57.7602,6.08861],[-57.76015,6.0888],[-57.76003,6.08899],[-57.75989,6.08939],[-57.75941,6.09121],[-57.7589,6.09201],[-57.75842,6.09217],[-57.75645,6.09173],[-57.75448,6.09144],[-57.75217,6.0917],[-57.75185,6.09152],[-57.75168,6.09055],[-57.75117,6.0901],[-57.75048,6.09005],[-57.74836,6.09126],[-57.74754,6.09148],[-57.74625,6.09228],[-57.74611,6.09247],[-57.74607,6.09259],[-57.74604,6.09292],[-57.74622,6.09448],[-57.74646,6.0951],[-57.74649,6.09536],[-57.74652,6.09547],[-57.7465,6.09562],[-57.74648,6.09579],[-57.74624,6.0962],[-57.7457,6.09647],[-57.7448,6.09645],[-57.74118,6.09487],[-57.73981,6.0945],[-57.73792,6.09355],[-57.7374,6.09358],[-57.73613,6.09678],[-57.73595,6.09759],[-57.73592,6.09777],[-57.73588,6.09815],[-57.73588,6.09816],[-57.73599,6.09847],[-57.73607,6.0986],[-57.73698,6.09941],[-57.73766,6.10038],[-57.73816,6.10159],[-57.73845,6.10331],[-57.73882,6.10444],[-57.73936,6.10498],[-57.74012,6.10516],[-57.74133,6.1051],[-57.74199,6.10575],[-57.74201,6.10608],[-57.74187,6.1063],[-57.74179,6.1064],[-57.74159,6.10653],[-57.73997,6.10718],[-57.73868,6.10866],[-57.73743,6.10926],[-57.73519,6.10811],[-57.73226,6.1077],[-57.73081,6.1071],[-57.73023,6.10577],[-57.72969,6.1052],[-57.72874,6.10529],[-57.72691,6.10622],[-57.72277,6.10744],[-57.72034,6.10731],[-57.71975,6.10761],[-57.7193,6.10858],[-57.71926,6.10897],[-57.71933,6.10908],[-57.71934,6.10949],[-57.71929,6.1096],[-57.71925,6.10988],[-57.71915,6.11027],[-57.71915,6.11047],[-57.71903,6.11074],[-57.71883,6.11183],[-57.71881,6.11215],[-57.71885,6.11238],[-57.71886,6.11313],[-57.7192,6.11382],[-57.72053,6.11459],[-57.72078,6.11506],[-57.72084,6.11545],[-57.72073,6.11571],[-57.71986,6.1165],[-57.71857,6.11655],[-57.71722,6.11688],[-57.71589,6.11749],[-57.71425,6.11784],[-57.7122,6.11755],[-57.71091,6.11778],[-57.7087,6.11944],[-57.70715,6.12014],[-57.70493,6.1209],[-57.70425,6.12121],[-57.70413,6.12136],[-57.70413,6.12151],[-57.70418,6.12166],[-57.70419,6.12183],[-57.70451,6.12255],[-57.70638,6.124],[-57.70724,6.1253],[-57.70873,6.129],[-57.7092,6.13066],[-57.71009,6.13313],[-57.71054,6.1348],[-57.71073,6.13616],[-57.71225,6.13885],[-57.71256,6.141],[-57.71296,6.14228],[-57.71329,6.1425],[-57.71391,6.14394],[-57.71444,6.14639],[-57.71488,6.14709],[-57.71573,6.14983],[-57.71604,6.15019],[-57.71635,6.15175],[-57.71642,6.15242],[-57.71641,6.15311],[-57.71626,6.15391],[-57.71624,6.15432],[-57.71624,6.15462],[-57.71626,6.15484],[-57.71685,6.15699],[-57.71762,6.15841],[-57.71822,6.16015],[-57.71906,6.1619],[-57.71971,6.16387],[-57.72007,6.1659],[-57.72054,6.16793],[-57.72058,6.16807],[-57.72062,6.16824],[-57.72059,6.16843],[-57.72057,6.16857],[-57.72051,6.16875],[-57.72013,6.16908],[-57.71746,6.16988],[-57.71424,6.17006],[-57.71322,6.17021],[-57.70994,6.17198],[-57.70835,6.17238],[-57.70646,6.17257],[-57.70547,6.17234],[-57.70504,6.17251],[-57.7033,6.17219],[-57.70209,6.17241],[-57.7013,6.17279],[-57.70124,6.17288],[-57.70121,6.17305],[-57.70117,6.17324],[-57.70117,6.17365],[-57.70142,6.17456],[-57.70215,6.175],[-57.70248,6.17564],[-57.70252,6.17586],[-57.7025,6.17628],[-57.70246,6.17667],[-57.70247,6.17702],[-57.70264,6.17814],[-57.7027,6.17867],[-57.70256,6.1791],[-57.70247,6.17981],[-57.70208,6.18034],[-57.70143,6.1831],[-57.70059,6.18771],[-57.69995,6.18841],[-57.69833,6.18846],[-57.69635,6.18914],[-57.69507,6.18976],[-57.69309,6.19045],[-57.6915,6.19086],[-57.68962,6.19085],[-57.68617,6.19185],[-57.68519,6.1925],[-57.68443,6.19338],[-57.6843,6.19342],[-57.68416,6.19358],[-57.68413,6.19368],[-57.68423,6.19408],[-57.68439,6.1945],[-57.68434,6.19512],[-57.68417,6.19588],[-57.68362,6.19767],[-57.68341,6.20002],[-57.68367,6.20183],[-57.68358,6.20198],[-57.68337,6.2021],[-57.68339,6.20222],[-57.6838,6.20311],[-57.6844,6.20497],[-57.68624,6.20875],[-57.68716,6.21033],[-57.68842,6.21297],[-57.68925,6.21552],[-57.68954,6.21718],[-57.68964,6.21865],[-57.68985,6.21979],[-57.68998,6.22092],[-57.68993,6.22197],[-57.68991,6.22388],[-57.68991,6.22389],[-57.69031,6.22672],[-57.69124,6.23004],[-57.69224,6.23234],[-57.69321,6.23521],[-57.69346,6.23647],[-57.69362,6.23782],[-57.69348,6.23911],[-57.69337,6.24014],[-57.6932,6.24281],[-57.69323,6.24403],[-57.69353,6.24755],[-57.69405,6.25229],[-57.69414,6.25714],[-57.6943,6.25845],[-57.69463,6.2591],[-57.69487,6.26121],[-57.69487,6.26122],[-57.69476,6.2626],[-57.69476,6.26382],[-57.69461,6.26546],[-57.69478,6.26639],[-57.69469,6.2672],[-57.69472,6.26791],[-57.69468,6.2687],[-57.69468,6.26956],[-57.69483,6.27022],[-57.69511,6.27099],[-57.69539,6.27263],[-57.69541,6.27349],[-57.69541,6.27421],[-57.69532,6.27489],[-57.69528,6.2757],[-57.69445,6.27766],[-57.69407,6.27821],[-57.69387,6.28036],[-57.69348,6.28176],[-57.69332,6.28338],[-57.69326,6.28438],[-57.69328,6.28513],[-57.69334,6.28655],[-57.69312,6.28724],[-57.69334,6.28788],[-57.69352,6.28872],[-57.69368,6.28949],[-57.69363,6.29019],[-57.69374,6.29085],[-57.69378,6.29232],[-57.69379,6.29313],[-57.69374,6.29383],[-57.69368,6.2956],[-57.69376,6.29627],[-57.69356,6.29703],[-57.69326,6.29728],[-57.69166,6.29794],[-57.69056,6.29922],[-57.68979,6.30141],[-57.68963,6.30229],[-57.6896,6.30332],[-57.68975,6.30385],[-57.68978,6.30429],[-57.68971,6.30474],[-57.68968,6.30554],[-57.6897,6.3063],[-57.69031,6.31071],[-57.69122,6.31289],[-57.69209,6.31531],[-57.69354,6.31728],[-57.69553,6.31922],[-57.69832,6.3226],[-57.69962,6.32438],[-57.69968,6.32481],[-57.69968,6.32523],[-57.69935,6.32591],[-57.69891,6.32698],[-57.69777,6.3291],[-57.69738,6.33075],[-57.69731,6.33165],[-57.69739,6.33244],[-57.69743,6.33283],[-57.6977,6.33295],[-57.69822,6.33588],[-57.69881,6.3368],[-57.69893,6.33749],[-57.69986,6.33902],[-57.7,6.33967],[-57.70124,6.34174],[-57.70173,6.34278],[-57.70235,6.34476],[-57.70242,6.34507],[-57.70244,6.34535],[-57.70243,6.34563],[-57.7024,6.34622],[-57.7023,6.34679],[-57.70222,6.34689],[-57.70219,6.34701],[-57.70224,6.3471],[-57.70232,6.34718],[-57.70231,6.34738],[-57.70226,6.34752],[-57.70212,6.34767],[-57.70193,6.34826],[-57.70166,6.34956],[-57.70153,6.35229],[-57.70173,6.35531],[-57.70181,6.35564],[-57.70219,6.35821],[-57.70213,6.3584],[-57.70213,6.35857],[-57.7025,6.36296],[-57.70265,6.36336],[-57.70281,6.36752],[-57.70297,6.36858],[-57.70305,6.37378],[-57.7036,6.37622],[-57.70372,6.3775],[-57.70492,6.3805],[-57.7072,6.38434],[-57.70762,6.38549],[-57.70823,6.38787],[-57.70834,6.38862],[-57.70836,6.38964],[-57.70823,6.39082],[-57.70821,6.39178],[-57.70791,6.39409],[-57.7066,6.39598],[-57.70573,6.39747],[-57.70546,6.39822],[-57.70514,6.40097],[-57.70514,6.40279],[-57.70535,6.40384],[-57.70549,6.40423],[-57.70584,6.40568],[-57.70681,6.40861],[-57.70804,6.4112],[-57.70966,6.4135],[-57.70985,6.41459],[-57.71004,6.41892],[-57.71018,6.42017],[-57.71117,6.42291],[-57.71284,6.42569],[-57.7138,6.42668],[-57.7152,6.42738],[-57.71804,6.42847],[-57.7191,6.42936],[-57.72019,6.43133],[-57.7213,6.4331],[-57.72223,6.43698],[-57.72243,6.43816],[-57.72247,6.43853],[-57.72247,6.43856],[-57.72412,6.43678],[-57.73862,6.4406],[-57.74621,6.43896],[-57.75675,6.4364],[-57.76197,6.43539],[-57.76735,6.43439],[-57.77495,6.43277],[-57.77965,6.4318],[-57.79061,6.42962],[-57.79061,6.43088],[-57.78907,6.43732],[-57.78874,6.43956],[-57.7888,6.44196],[-57.78956,6.44475],[-57.78984,6.44611],[-57.79072,6.45157],[-57.79105,6.4531],[-57.79132,6.45594],[-57.7916,6.45736],[-57.79209,6.46107],[-57.79259,6.46233],[-57.7933,6.46353],[-57.79446,6.46468],[-57.79654,6.46708],[-57.7983,6.46926],[-57.79918,6.47063],[-57.80099,6.47303],[-57.80198,6.47538],[-57.80209,6.47685],[-57.80204,6.47844],[-57.80187,6.4798],[-57.80127,6.48084],[-57.80099,6.48221],[-57.80083,6.48308],[-57.80105,6.48477],[-57.80319,6.48925],[-57.80451,6.49231],[-57.80567,6.49542],[-57.80572,6.49624],[-57.80561,6.49766],[-57.8049,6.50061],[-57.80413,6.50224],[-57.80343,6.50299],[-57.80342,6.503],[-57.80336,6.50306],[-57.80259,6.50394],[-57.80173,6.50479],[-57.80171,6.50481],[-57.8014,6.50533],[-57.8012,6.50565],[-57.80106,6.50589],[-57.80105,6.5059],[-57.80069,6.50685],[-57.80064,6.50696],[-57.80061,6.50704],[-57.80061,6.50705],[-57.8006,6.50713],[-57.8006,6.5072],[-57.80056,6.50756],[-57.8005,6.50825],[-57.80045,6.50945],[-57.8005,6.51065],[-57.80067,6.51185],[-57.80067,6.51294],[-57.80067,6.51295],[-57.8011,6.51393],[-57.80116,6.51524],[-57.80083,6.51649],[-57.79993,6.51764],[-57.80228,6.5178],[-57.8083,6.51957],[-57.81326,6.52094],[-57.81896,6.52233],[-57.82382,6.52381],[-57.82912,6.52517],[-57.83238,6.52599],[-57.83621,6.52695],[-57.84373,6.52888],[-57.8489,6.53034],[-57.84859,6.53127],[-57.84859,6.53128],[-57.84938,6.53149],[-57.85052,6.53181],[-57.8585,6.53406],[-57.85716,6.53837],[-57.85626,6.54137],[-57.85442,6.54644],[-57.85327,6.55044],[-57.85083,6.55804],[-57.85003,6.5608],[-57.84825,6.56615],[-57.85735,6.56882],[-57.85697,6.57023],[-57.85554,6.57527],[-57.85471,6.5787]]]},"properties":{"NCD_ID":513,"NDC_Name":"Rest of Region 5","Status":"Not Classified","Tot_Males":463,"Tot_Female":369,"Tot_Pop":832,"Area":1961.857}},
{"type":"Feature","geometry":{"type":"Polygon","coordinates":[[[-57.62319,6.32776],[-57.62283,6.32743],[-57.61605,6.32679],[-57.60813,6.32587],[-57.59954,6.32517],[-57.5905,6.32452],[-57.58186,6.32403],[-57.57869,6.3237],[-57.57506,6.32349],[-57.57206,6.32333],[-57.56623,6.32303],[-57.56316,6.323],[-57.5614,6.3229],[-57.56042,6.32293],[-57.55977,6.32291],[-57.55937,6.32292],[-57.56026,6.32462],[-57.56055,6.32567],[-57.56132,6.32575],[-57.562,6.32764],[-57.56256,6.32875],[-57.56367,6.33181],[-57.56458,6.33375],[-57.56514,6.33542],[-57.56549,6.33783],[-57.56597,6.33875],[-57.56645,6.34097],[-57.56775,6.34607],[-57.56777,6.34607],[-57.56982,6.34621],[-57.56983,6.34621],[-57.57636,6.34667],[-57.57777,6.34677],[-57.57872,6.34684],[-57.6005,6.34854],[-57.61521,6.33497],[-57.61619,6.33408],[-57.62209,6.32875],[-57.62319,6.32776]]]},"properties":{"NCD_ID":503,"NDC_Name":"Woodlands - Bell Air","Status":"Neighborhood Democratic Council","Tot_Males":327,"Tot_Female":306,"Tot_Pop":633,"Area":13.777}},
{"type":"Feature","geometry":{"type":"Polygon","coordinates":[[[-57.62319,6.32776],[-57.62392,6.3271],[-57.62419,6.32688],[-57.62418,6.32687],[-57.6242,6.32685],[-57.6231,6.32565],[-57.62056,6.32286],[-57.61986,6.32199],[-57.61984,6.32196],[-57.61979,6.3219],[-57.60551,6.30387],[-57.6004,6.29744],[-57.59575,6.2912],[-57.59249,6.28681],[-57.59186,6.28599],[-57.59176,6.28629],[-57.59165,6.28616],[-57.5657,6.27895],[-57.56178,6.27782],[-57.55433,6.27584],[-57.54441,6.27304],[-57.54106,6.27211],[-57.5406,6.27198],[-57.53962,6.27136],[-57.53805,6.27073],[-57.53685,6.27012],[-57.53643,6.2699],[-57.53549,6.26948],[-57.53469,6.26915],[-57.53461,6.26911],[-57.53392,6.27084],[-57.53365,6.27312],[-57.53387,6.27826],[-57.53424,6.27822],[-57.53424,6.27963],[-57.53498,6.2811],[-57.53458,6.28171],[-57.53479,6.28569],[-57.53526,6.28865],[-57.53619,6.29224],[-57.53791,6.29456],[-57.53986,6.29649],[-57.54296,6.29995],[-57.54575,6.30319],[-57.54724,6.30568],[-57.54908,6.30916],[-57.55014,6.31073],[-57.55315,6.31459],[-57.55475,6.3171],[-57.55488,6.31773],[-57.55593,6.31888],[-57.55591,6.31992],[-57.55646,6.32079],[-57.55665,6.32171],[-57.5565,6.32295],[-57.55785,6.3229],[-57.55912,6.32293],[-57.55937,6.32292],[-57.55977,6.32291],[-57.56042,6.32293],[-57.5614,6.3229],[-57.56316,6.323],[-57.56623,6.32303],[-57.57206,6.32333],[-57.57506,6.32349],[-57.57869,6.3237],[-57.58186,6.32403],[-57.5905,6.32452],[-57.59954,6.32517],[-57.60813,6.32587],[-57.61605,6.32679],[-57.62283,6.32743],[-57.62319,6.32776]]]},"properties":{"NCD_ID":502,"NDC_Name":"Zeelust / Rosignol","Status":"Neighborhood Democratic Council","Tot_Males":2211,"Tot_Female":2367,"Tot_Pop":4578,"Area":34.842}}
]}