{"type":"FeatureCollection","features":[{"type":"Feature","properties":{"Places":"72 Miles ","District":"Potaro","Region":"Cuyuni-Mazaruni","Pop_2002":272,"DMS":"5 36N 58 53W"},"geometry":{"type":"Point","coordinates":[-58.88333,5.6]}},{"type":"Feature","properties":{"Places":"Abary","Region":"Mahaica-Berbice","Pop_2002":222,"DMS":"6 32N 57 45W"},"geometry":{"type":"Point","coordinates":[-57.75,6.53333]}},{"type":"Feature","properties":{"Places":"Aberdeen","Region":"Pomeroon-Supenaam","Pop_2002":309,"DMS":"7 14N 58 29W"},"geometry":{"type":"Point","coordinates":[-58.48333,7.23333]}},{"type":"Feature","properties":{"Places":"Abrams Zuil","Region":"Pomeroon-Supenaam","Pop_2002":134,"DMS":"7 10N 58 29W"},"geometry":{"type":"Point","coordinates":[-58.48333,7.16667]}},{"type":"Feature","properties":{"Places":"Achiwib (Achiwiub)","Region":"Upper Takutu-Upper Essequibo","Pop_2002":460,"DMS":"2 18N 59 35W"},"geometry":{"type":"Point","coordinates":[-59.58333,2.3]}},{"type":"Feature","properties":{"Places":"Adelphi","Region":"East Berbice-Corentyne","Pop_2002":1524,"DMS":"6 14N 57 29W"},"geometry":{"type":"Point","coordinates":[-57.48333,6.23333]}},{"type":"Feature","properties":{"Places":"Adventure","Region":"Demerara-Mahaica","Pop_2002":2,"DMS":"6 08N 58 16W"},"geometry":{"type":"Point","coordinates":[-58.26667,6.13333]}},{"type":"Feature","properties":{"Places":"Adventure","Region":"East Berbice-Corentyne","Pop_2002":163,"DMS":"6 13N 57 17W"},"geometry":{"type":"Point","coordinates":[-57.28333,6.21667]}},{"type":"Feature","properties":{"Places":"Adventure","Region":"Mahaica-Berbice","Pop_2002":12,"DMS":"6 40N 57 55W"},"geometry":{"type":"Point","coordinates":[-57.91667,6.66667]}},{"type":"Feature","properties":{"Places":"Adventure","Region":"Pomeroon-Supenaam","Pop_2002":1661,"DMS":"7 05N 58 29W"},"geometry":{"type":"Point","coordinates":[-58.48333,7.08333]}},{"type":"Feature","properties":{"Places":"Affiance","Region":"Pomeroon-Supenaam","Pop_2002":871,"DMS":"7 13N 58 29W"},"geometry":{"type":"Point","coordinates":[-58.48333,7.21667]}},{"type":"Feature","properties":{"Places":"Agatash","Region":"Cuyuni-Mazaruni","Pop_2002":451,"DMS":"6 22N 58 37W"},"geometry":{"type":"Point","coordinates":[-58.61667,6.36667]}},{"type":"Feature","properties":{"Places":"Agnes","Region":"Upper Demerara-Berbice","Pop_2002":14,"DMS":"5 48N 57 44W"},"geometry":{"type":"Point","coordinates":[-57.73333,5.8]}},{"type":"Feature","properties":{"Places":"Agricola Village","Region":"Demerara-Mahaica","Pop_2002":3081,"DMS":"6 47N 58 10W"},"geometry":{"type":"Point","coordinates":[-58.16667,6.78333]}},{"type":"Feature","properties":{"Places":"Airy Hall","Region":"Mahaica-Berbice","Pop_2002":794,"DMS":"6 33N 57 46W"},"geometry":{"type":"Point","coordinates":[-57.76667,6.55]}},{"type":"Feature","properties":{"Places":"Aishalton","Region":"Upper Takutu-Upper Essequibo","Pop_2002":1063,"DMS":"2 29N 59 19W"},"geometry":{"type":"Point","coordinates":[-59.31667,2.48333]}},{"type":"Feature","properties":{"Places":"Akawini Village","Region":"Pomeroon-Supenaam","Pop_2002":578,"DMS":"7 23N 58 52W"},"geometry":{"type":"Point","coordinates":[-58.86667,7.38333]}},{"type":"Feature","properties":{"Places":"Akwero","Region":"Barima-Waini","Pop_2002":877,"DMS":"7 39N 58 56W"},"geometry":{"type":"Point","coordinates":[-58.93333,7.65]}},{"type":"Feature","properties":{"Places":"Albertown, Georgetown","Region":"Demerara-Mahaica","Pop_2002":3113,"DMS":"6 49N 58 09W"},"geometry":{"type":"Point","coordinates":[-58.15,6.81667]}},{"type":"Feature","properties":{"Places":"Albion (Number 5 Village)","Region":"East Berbice-Corentyne","Pop_2002":1475,"DMS":"6 16N 57 23W"},"geometry":{"type":"Point","coordinates":[-57.38333,6.26667]}},{"type":"Feature","properties":{"Places":"Albouystown","Region":"Demerara-Mahaica","Pop_2002":4883,"DMS":"6 48N 58 10W"},"geometry":{"type":"Point","coordinates":[-58.16667,6.8]}},{"type":"Feature","properties":{"Places":"Alexander Village","Region":"Demerara-Mahaica","Pop_2002":1997,"DMS":"6 48N 58 10W"},"geometry":{"type":"Point","coordinates":[-58.16667,6.8]}},{"type":"Feature","properties":{"Places":"Alliance","Region":"Demerara-Mahaica","Pop_2002":67,"DMS":"6 30N 58 16W"},"geometry":{"type":"Point","coordinates":[-58.26667,6.5]}},{"type":"Feature","properties":{"Places":"Alliance","Region":"Essequibo Islands-West Demerara","Pop_2002":359,"DMS":"6 44N 58 15W"},"geometry":{"type":"Point","coordinates":[-58.25,6.73333]}},{"type":"Feature","properties":{"Places":"Alliance","Region":"Pomeroon-Supenaam","Pop_2002":19,"DMS":"7 13N 58 29W"},"geometry":{"type":"Point","coordinates":[-58.48333,7.21667]}},{"type":"Feature","properties":{"Places":"Alness","Region":"East Berbice-Corentyne","Pop_2002":1523,"DMS":"6 13N 57 17W"},"geometry":{"type":"Point","coordinates":[-57.28333,6.21667]}},{"type":"Feature","properties":{"Places":"Amazon","Region":"Pomeroon-Supenaam","Pop_2002":710,"DMS":"7 23N 58 35W"},"geometry":{"type":"Point","coordinates":[-58.58333,7.38333]}},{"type":"Feature","properties":{"Places":"Ameliaês Ward, Linden)","Region":"Upper Demerara-Berbice","Pop_2002":4631,"DMS":"6 01N 58 16W"},"geometry":{"type":"Point","coordinates":[-58.26667,6.01667]}},{"type":"Feature","properties":{"Places":"Amsterdam (Lot 47)","Region":"Essequibo Islands-West Demerara","Pop_2002":16,"DMS":"6 06N 58 18W"},"geometry":{"type":"Point","coordinates":[-58.3,6.1]}},{"type":"Feature","properties":{"Places":"Amsterdam","Region":"Essequibo Islands-West Demerara","Pop_2002":144,"DMS":"6 56N 58 23W"},"geometry":{"type":"Point","coordinates":[-58.38333,6.93333]}},{"type":"Feature","properties":{"Places":"Anarika","Region":"Upper Demerara-Berbice","Pop_2002":267,"DMS":"6 01N 58 34W"},"geometry":{"type":"Point","coordinates":[-58.56667,6.01667]}},{"type":"Feature","properties":{"Places":"Andrews","Region":"Pomeroon-Supenaam","Pop_2002":92,"DMS":"7 23N 58 31W"},"geometry":{"type":"Point","coordinates":[-58.51667,7.38333]}},{"type":"Feature","properties":{"Places":"Ankerville","Region":"East Berbice-Corentyne","Pop_2002":1500,"DMS":"6 14N 57 20W"},"geometry":{"type":"Point","coordinates":[-57.33333,6.23333]}},{"type":"Feature","properties":{"Places":"Anna Catherina","Region":"Essequibo Islands-West Demerara","Pop_2002":3615,"DMS":"6 46N 58 16W"},"geometry":{"type":"Point","coordinates":[-58.26667,6.76667]}},{"type":"Feature","properties":{"Places":"Anna Clementia","Region":"East Berbice-Corentyne","Pop_2002":10,"DMS":"6 12N 57 28W"},"geometry":{"type":"Point","coordinates":[-57.46667,6.2]}},{"type":"Feature","properties":{"Places":"Annai","Region":"Upper Takutu-Upper Essequibo","Pop_2002":370,"DMS":"3 57N 59 08W"},"geometry":{"type":"Point","coordinates":[-59.13333,3.95]}},{"type":"Feature","properties":{"Places":"Anna Maria","Region":"Essequibo Islands-West Demerara","Pop_2002":151,"DMS":"6 54N 58 27W"},"geometry":{"type":"Point","coordinates":[-58.45,6.9]}},{"type":"Feature","properties":{"Places":"Annandale","Region":"Demerara-Mahaica","Pop_2002":1541,"DMS":"6 48N 58 02W"},"geometry":{"type":"Point","coordinates":[-58.03333,6.8]}},{"type":"Feature","properties":{"Places":"Annandale","Region":"Pomeroon-Supenaam","Pop_2002":183,"DMS":"7 10N 58 29W"},"geometry":{"type":"Point","coordinates":[-58.48333,7.16667]}},{"type":"Feature","properties":{"Places":"Anna Regina","Region":"Pomeroon-Supenaam","Pop_2002":"2,264 3) 12,391","DMS":"7 16N 58 29W"},"geometry":{"type":"Point","coordinates":[-58.48333,7.26667]}},{"type":"Feature","properties":{"Places":"Anns Grove","Region":"Demerara-Mahaica","Pop_2002":1304,"DMS":"6 44N 57 57W"},"geometry":{"type":"Point","coordinates":[-57.95,6.73333]}},{"type":"Feature","properties":{"Places":"Apoteri (Apotari)","Region":"Upper Takutu-Upper Essequibo","Pop_2002":278,"DMS":"4 02N 58 35W"},"geometry":{"type":"Point","coordinates":[-58.58333,4.03333]}},{"type":"Feature","properties":{"Places":"Arakaka","Region":"Barima-Waini","Pop_2002":443,"DMS":"7 35N 60 01W"},"geometry":{"type":"Point","coordinates":[-60.01667,7.58333]}},{"type":"Feature","properties":{"Places":"Aranaputa","Region":"Upper Takutu-Upper Essequibo","Pop_2002":403,"DMS":"3 58N 59 10W"},"geometry":{"type":"Point","coordinates":[-59.16667,3.96667]}},{"type":"Feature","properties":{"Places":"Arau","Region":"Cuyuni-Mazaruni","Pop_2002":439,"DMS":"6 25N 61 08W"},"geometry":{"type":"Point","coordinates":[-61.13333,6.41667]}},{"type":"Feature","properties":{"Places":"Arawai","Region":"Upper Demerara-Berbice","Pop_2002":23,"DMS":"6 08N 58 32W"},"geometry":{"type":"Point","coordinates":[-58.53333,6.13333]}},{"type":"Feature","properties":{"Places":"Arcadia","Region":"Demerara-Mahaica","Pop_2002":1770,"DMS":"6 44N 58 09W"},"geometry":{"type":"Point","coordinates":[-58.15,6.73333]}},{"type":"Feature","properties":{"Places":"Armadale","Region":"Mahaica-Berbice","Pop_2002":418,"DMS":"6 24N 57 37W"},"geometry":{"type":"Point","coordinates":[-57.61667,6.4]}},{"type":"Feature","properties":{"Places":"Arnik","Region":"Potaro-Siparuni","Pop_2002":"4) 140","DMS":"5 01N 59 32W"},"geometry":{"type":"Point","coordinates":[-59.53333,5.01667]}},{"type":"Feature","properties":{"Places":"Arthurville","Region":"Essequibo Islands-West Demerara","Pop_2002":105,"DMS":"6 57N 58 27W"},"geometry":{"type":"Point","coordinates":[-58.45,6.95]}},{"type":"Feature","properties":{"Places":"Aruka","Region":"Pomeroon-Supenaam","Pop_2002":"5) 557","DMS":"7 15N 58 35W"},"geometry":{"type":"Point","coordinates":[-58.58333,7.25]}},{"type":"Feature","properties":{"Places":"Auchlyne","Region":"East Berbice-Corentyne","Pop_2002":316,"DMS":"6 14N 57 19W"},"geometry":{"type":"Point","coordinates":[-57.31667,6.23333]}},{"type":"Feature","properties":{"Places":"Augsburg","Region":"East Berbice-Corentyne","Pop_2002":2,"DMS":"6 01N 57 37W"},"geometry":{"type":"Point","coordinates":[-57.61667,6.01667]}},{"type":"Feature","properties":{"Places":"Aurora","Region":"East Berbice-Corentyne","Pop_2002":6,"DMS":"5 50N 57 39W"},"geometry":{"type":"Point","coordinates":[-57.65,5.83333]}},{"type":"Feature","properties":{"Places":"Aurora","Region":"Essequibo Islands-West Demerara","Pop_2002":29,"DMS":"6 26N 58 18W"},"geometry":{"type":"Point","coordinates":[-58.3,6.43333]}},{"type":"Feature","properties":{"Places":"Aurora","Region":"Pomeroon-Supenaam","Pop_2002":299,"DMS":"7 00N 58 30W"},"geometry":{"type":"Point","coordinates":[-58.5,7]}},{"type":"Feature","properties":{"Places":"Awaruwanau (Awaruwaunawa)","Region":"Upper Takutu-Upper Essequibo","Pop_2002":561,"DMS":"2 39N 59 12W"},"geometry":{"type":"Point","coordinates":[-59.2,2.65]}},{"type":"Feature","properties":{"Places":"Babylon (Number 64 Village)","Region":"East Berbice-Corentyne","Pop_2002":1723,"DMS":"5 59N 57 09W"},"geometry":{"type":"Point","coordinates":[-57.15,5.98333]}},{"type":"Feature","properties":{"Places":"(Number 64 Village)","Region":"East Berbice-Corentyne","DMS":"5 59N 57 09W"},"geometry":{"type":"Point","coordinates":[-57.15,5.98333]}},{"type":"Feature","properties":{"Places":"Bachelorês Adventure","Region":"Demerara-Mahaica","Pop_2002":1894,"DMS":"6 46N 58 00W"},"geometry":{"type":"Point","coordinates":[-58,6.76667]}},{"type":"Feature","properties":{"Places":"Bachelorês Adventure","Region":"East Berbice-Corentyne","Pop_2002":42,"DMS":"6 11N 57 26W"},"geometry":{"type":"Point","coordinates":[-57.43333,6.18333]}},{"type":"Feature","properties":{"Places":"Bachelorês Adventure (Waterloo)","Region":"Essequibo Islands-West Demerara","Pop_2002":113,"DMS":"6 55N 58 25W"},"geometry":{"type":"Point","coordinates":[-58.41667,6.91667]}},{"type":"Feature","properties":{"Places":"Bagatelle (La Bagatelle)","Region":"Demerara-Mahaica","Pop_2002":373,"DMS":"6 39N 57 55W"},"geometry":{"type":"Point","coordinates":[-57.91667,6.65]}},{"type":"Feature","properties":{"Places":"Bagotstown","Region":"Demerara-Mahaica","Pop_2002":1877,"DMS":"6 46N 58 10W"},"geometry":{"type":"Point","coordinates":[-58.16667,6.76667]}},{"type":"Feature","properties":{"Places":"Bagotville (Mindenburg)","Region":"Essequibo Islands-West Demerara","Pop_2002":1961,"DMS":"6 46N 58 13W"},"geometry":{"type":"Point","coordinates":[-58.21667,6.76667]}},{"type":"Feature","properties":{"Places":"Baitoon (Baitun)","Region":"Upper Takutu-Upper Essequibo","Pop_2002":"227 6) 423","DMS":"3 03N 59 53W"},"geometry":{"type":"Point","coordinates":[-59.88333,3.05]}},{"type":"Feature","properties":{"Places":"Balthyack (Balthayock)","Region":"Mahaica-Berbice","Pop_2002":1151,"DMS":"6 15N 57 33W"},"geometry":{"type":"Point","coordinates":[-57.55,6.25]}},{"type":"Feature","properties":{"Places":"Bank Hall","Region":"Essequibo Islands-West Demerara","Pop_2002":2,"DMS":"6 59N 58 27W"},"geometry":{"type":"Point","coordinates":[-58.45,6.98333]}},{"type":"Feature","properties":{"Places":"Barabara (Bara-Bara)","Region":"Mahaica-Berbice","Pop_2002":126,"DMS":"6 33N 57 53W"},"geometry":{"type":"Point","coordinates":[-57.88333,6.55]}},{"type":"Feature","properties":{"Places":"Baramanni","Region":"Barima-Waini","Pop_2002":240,"DMS":"7 50N 59 13W"},"geometry":{"type":"Point","coordinates":[-59.21667,7.83333]}},{"type":"Feature","properties":{"Places":"Barama Profit","Region":"Pomeroon-Supenaam","Pop_2002":6,"DMS":"7 35N 58 42W"},"geometry":{"type":"Point","coordinates":[-58.7,7.58333]}},{"type":"Feature","properties":{"Places":"Barnwell","Region":"Essequibo Islands-West Demerara","Pop_2002":176,"DMS":"6 52N 58 22W"},"geometry":{"type":"Point","coordinates":[-58.36667,6.86667]}},{"type":"Feature","properties":{"Places":"Bartenstein","Region":"Essequibo Islands-West Demerara","Pop_2002":39,"DMS":"6 50N 58 27W"},"geometry":{"type":"Point","coordinates":[-58.45,6.83333]}},{"type":"Feature","properties":{"Places":"Bartica, Essequibo","Region":"Cuyuni-Mazaruni","Pop_2002":7423,"DMS":"6 24N 58 37W"},"geometry":{"type":"Point","coordinates":[-58.61667,6.4]}},{"type":"Feature","properties":{"Places":"Basha (Kumu), Rupununi","Region":"Upper Takutu-Upper Essequibo","Pop_2002":308},"geometry":{"type":"Point","coordinates":[-59.81667,3.31667]}},{"type":"Feature","properties":{"Places":"Bath","Region":"Mahaica-Berbice","Pop_2002":122,"DMS":"6 38N 57 51W"},"geometry":{"type":"Point","coordinates":[-57.85,6.63333]}},{"type":"Feature","properties":{"Places":"Beau Voisin","Region":"Essequibo Islands-West Demerara","Pop_2002":108,"DMS":"6 46N 58 14W"},"geometry":{"type":"Point","coordinates":[-58.23333,6.76667]}},{"type":"Feature","properties":{"Places":"Bee Hive","Region":"Demerara-Mahaica","Pop_2002":1225,"DMS":"6 43N 57 57W"},"geometry":{"type":"Point","coordinates":[-57.95,6.71667]}},{"type":"Feature","properties":{"Places":"Bel Air","Region":"Demerara-Mahaica","Pop_2002":434,"DMS":"6 49N 58 08W"},"geometry":{"type":"Point","coordinates":[-58.13333,6.81667]}},{"type":"Feature","properties":{"Places":"Bel Air","Region":"Mahaica-Berbice","Pop_2002":768,"DMS":"6 19N 57 34W"},"geometry":{"type":"Point","coordinates":[-57.56667,6.31667]}},{"type":"Feature","properties":{"Places":"Bel Air Gardens","Region":"Demerara-Mahaica","Pop_2002":37,"DMS":"6 49N 58 08W"},"geometry":{"type":"Point","coordinates":[-58.13333,6.81667]}},{"type":"Feature","properties":{"Places":"Bel Air Park","Region":"Demerara-Mahaica","Pop_2002":864,"DMS":"6 49N 58 08W"},"geometry":{"type":"Point","coordinates":[-58.13333,6.81667]}},{"type":"Feature","properties":{"Places":"Bel Air Springs","Region":"Demerara-Mahaica","Pop_2002":59,"DMS":"6 49N 58 08W"},"geometry":{"type":"Point","coordinates":[-58.13333,6.81667]}},{"type":"Feature","properties":{"Places":"Belfield","Region":"Demerara-Mahaica","Pop_2002":255,"DMS":"6 44N 57 58W"},"geometry":{"type":"Point","coordinates":[-57.96667,6.73333]}},{"type":"Feature","properties":{"Places":"Belfield, Leguan","Region":"Essequibo Islands-West Demerara","Pop_2002":45,"DMS":"6 55N 58 25W"},"geometry":{"type":"Point","coordinates":[-58.41667,6.91667]}},{"type":"Feature","properties":{"Places":"Belfield, Pomeroon","Region":"Pomeroon-Supenaam","Pop_2002":14,"DMS":"7 07N 58 29W"},"geometry":{"type":"Point","coordinates":[-58.48333,7.11667]}},{"type":"Feature","properties":{"Places":"Belladrum, West Coast Berbice","Region":"Mahaica-Berbice","Pop_2002":789,"DMS":"6 30N 57 42W"},"geometry":{"type":"Point","coordinates":[-57.7,6.5]}},{"type":"Feature","properties":{"Places":"Belle Plaine (Melville)","Region":"Essequibo Islands-West Demerara","Pop_2002":1069,"DMS":"6 58N 58 28W"},"geometry":{"type":"Point","coordinates":[-58.46667,6.96667]}},{"type":"Feature","properties":{"Places":"Belle Vue","Region":"Essequibo Islands-West Demerara","Pop_2002":641,"DMS":"6 44N 58 12W"},"geometry":{"type":"Point","coordinates":[-58.2,6.73333]}},{"type":"Feature","properties":{"Places":"Belle Vue","Region":"Mahaica-Berbice","Pop_2002":99,"DMS":"6 28N 57 40W"},"geometry":{"type":"Point","coordinates":[-57.66667,6.46667]}},{"type":"Feature","properties":{"Places":"Belmont","Region":"Demerara-Mahaica","Pop_2002":1077,"DMS":"6 40N 57 56W"},"geometry":{"type":"Point","coordinates":[-57.93333,6.66667]}},{"type":"Feature","properties":{"Places":"Belmont","Region":"East Berbice-Corentyne","Pop_2002":13,"DMS":"6 02N 57 36W"},"geometry":{"type":"Point","coordinates":[-57.6,6.03333]}},{"type":"Feature","properties":{"Places":"Belmont","Region":"Mahaica-Berbice","Pop_2002":53,"DMS":"6 37N 57 50W"},"geometry":{"type":"Point","coordinates":[-57.83333,6.61667]}},{"type":"Feature","properties":{"Places":"Belvedere (Belvidere)","Region":"Mahaica-Berbice","Pop_2002":136,"DMS":"6 40N 57 54W"},"geometry":{"type":"Point","coordinates":[-57.9,6.66667]}},{"type":"Feature","properties":{"Places":"Belvidere (Belvedere)","Region":"East Berbice-Corentyne","Pop_2002":2454,"DMS":"6 16N 57 22W"},"geometry":{"type":"Point","coordinates":[-57.36667,6.26667]}},{"type":"Feature","properties":{"Places":"Benab (Number 63 Village)","Region":"East Berbice-Corentyne","Pop_2002":229,"DMS":"5 59N 57 09W"},"geometry":{"type":"Point","coordinates":[-57.15,5.98333]}},{"type":"Feature","properties":{"Places":"Bendorf (Bendorff)","Region":"Essequibo Islands-West Demerara","Pop_2002":89,"DMS":"6 47N 58 30W"},"geometry":{"type":"Point","coordinates":[-58.5,6.78333]}},{"type":"Feature","properties":{"Places":"Bengal (Number 42 Village)","Region":"East Berbice-Corentyne","Pop_2002":174,"DMS":"6 07N 57 12W"},"geometry":{"type":"Point","coordinates":[-57.2,6.11667]}},{"type":"Feature","properties":{"Places":"Berenstein","Region":"Upper Demerara-Berbice","Pop_2002":8,"DMS":"5 38N 57 52W"},"geometry":{"type":"Point","coordinates":[-57.86667,5.63333]}},{"type":"Feature","properties":{"Places":"Berlin","Region":"Essequibo Islands-West Demerara","Pop_2002":54,"DMS":"6 21N 58 19W"},"geometry":{"type":"Point","coordinates":[-58.31667,6.35]}},{"type":"Feature","properties":{"Places":"Beterverwagting","Region":"Demerara-Mahaica","Pop_2002":2594,"DMS":"6 48N 58 04W"},"geometry":{"type":"Point","coordinates":[-58.06667,6.8]}},{"type":"Feature","properties":{"Places":"Bethany","Region":"Pomeroon-Supenaam","Pop_2002":464,"DMS":"6 58N 58 35W"},"geometry":{"type":"Point","coordinates":[-58.58333,6.96667]}},{"type":"Feature","properties":{"Places":"Better Hope","Region":"Demerara-Mahaica","Pop_2002":5029,"DMS":"6 49N 58 05W"},"geometry":{"type":"Point","coordinates":[-58.08333,6.81667]}},{"type":"Feature","properties":{"Places":"Better Hope","Region":"Pomeroon-Supenaam","Pop_2002":197,"DMS":"7 23N 58 31W"},"geometry":{"type":"Point","coordinates":[-58.51667,7.38333]}},{"type":"Feature","properties":{"Places":"Better Success","Region":"Pomeroon-Supenaam","Pop_2002":304,"DMS":"7 22N 58 30W"},"geometry":{"type":"Point","coordinates":[-58.5,7.36667]}},{"type":"Feature","properties":{"Places":"Big Baiabu","Region":"Mahaica-Berbice","Pop_2002":113,"DMS":"6 32N 57 53W"},"geometry":{"type":"Point","coordinates":[-57.88333,6.53333]}},{"type":"Feature","properties":{"Places":"Biloku","Region":"Upper Takutu-Upper Essequibo","Pop_2002":290,"DMS":"1 46N 58 33W"},"geometry":{"type":"Point","coordinates":[-58.55,1.76667]}},{"type":"Feature","properties":{"Places":"Bladen Hall","Region":"Demerara-Mahaica","Pop_2002":863,"DMS":"6 47N 58 01W"},"geometry":{"type":"Point","coordinates":[-58.01667,6.78333]}},{"type":"Feature","properties":{"Places":"Blairmont","Region":"Mahaica-Berbice","Pop_2002":672,"DMS":"6 15N 57 33W"},"geometry":{"type":"Point","coordinates":[-57.55,6.25]}},{"type":"Feature","properties":{"Places":"Blake","Region":"Essequibo Islands-West Demerara","Pop_2002":51,"DMS":"6 50N 58 27W"},"geometry":{"type":"Point","coordinates":[-58.45,6.83333]}},{"type":"Feature","properties":{"Places":"Blankenburg","Region":"Essequibo Islands-West Demerara","Pop_2002":472,"DMS":"6 51N 58 15W"},"geometry":{"type":"Point","coordinates":[-58.25,6.85]}},{"type":"Feature","properties":{"Places":"Blenheim","Region":"Essequibo Islands-West Demerara","Pop_2002":351,"DMS":"6 13N 58 18W"},"geometry":{"type":"Point","coordinates":[-58.3,6.21667]}},{"type":"Feature","properties":{"Places":"Blenheim","Region":"Mahaica-Berbice","Pop_2002":325,"DMS":"6 35N 57 48W"},"geometry":{"type":"Point","coordinates":[-57.8,6.58333]}},{"type":"Feature","properties":{"Places":"Bloomfield","Region":"East Berbice-Corentyne","Pop_2002":916,"DMS":"6 14N 57 20W"},"geometry":{"type":"Point","coordinates":[-57.33333,6.23333]}},{"type":"Feature","properties":{"Places":"Bohemia (Number 17)","Region":"East Berbice-Corentyne","Pop_2002":8,"DMS":"6 17N 57 28W"},"geometry":{"type":"Point","coordinates":[-57.46667,6.28333]}},{"type":"Feature","properties":{"Places":"Bon Success","Region":"Upper Takutu-Upper Essequibo","Pop_2002":6,"DMS":"3 23N 59 49W"},"geometry":{"type":"Point","coordinates":[-59.81667,3.38333]}},{"type":"Feature","properties":{"Places":"Bordeaux","Region":"Essequibo Islands-West Demerara","Pop_2002":87,"DMS":"6 46N 58 15W"},"geometry":{"type":"Point","coordinates":[-58.25,6.76667]}},{"type":"Feature","properties":{"Places":"Borlam (Number 37)","Region":"East Berbice-Corentyne","Pop_2002":8,"DMS":"6 17N 57 24W"},"geometry":{"type":"Point","coordinates":[-57.4,6.28333]}},{"type":"Feature","properties":{"Places":"Bounty Hall","Region":"Pomeroon-Supenaam","Pop_2002":382,"DMS":"7 22N 58 31W"},"geometry":{"type":"Point","coordinates":[-58.51667,7.36667]}},{"type":"Feature","properties":{"Places":"Bourda, Georgetown","Region":"Demerara-Mahaica","Pop_2002":3162,"DMS":"6 49N 58 09W"},"geometry":{"type":"Point","coordinates":[-58.15,6.81667]}},{"type":"Feature","properties":{"Places":"Brahan","Region":"Mahaica-Berbice","Pop_2002":81,"DMS":"6 27N 57 39W"},"geometry":{"type":"Point","coordinates":[-57.65,6.45]}},{"type":"Feature","properties":{"Places":"Bremen","Region":"Pomeroon-Supenaam","Pop_2002":78,"DMS":"7 09N 58 29W"},"geometry":{"type":"Point","coordinates":[-58.48333,7.15]}},{"type":"Feature","properties":{"Places":"Brickery","Region":"Demerara-Mahaica","Pop_2002":374,"DMS":"6 38N 58 12W"},"geometry":{"type":"Point","coordinates":[-58.2,6.63333]}},{"type":"Feature","properties":{"Places":"Brighton","Region":"East Berbice-Corentyne","Pop_2002":418,"DMS":"6 09N 57 13W"},"geometry":{"type":"Point","coordinates":[-57.21667,6.15]}},{"type":"Feature","properties":{"Places":"Britannia","Region":"Mahaica-Berbice","Pop_2002":302,"DMS":"6 26N 57 38W"},"geometry":{"type":"Point","coordinates":[-57.63333,6.43333]}},{"type":"Feature","properties":{"Places":"Broek en Waterland","Region":"Mahaica-Berbice","Pop_2002":78,"DMS":"6 38N 57 54W"},"geometry":{"type":"Point","coordinates":[-57.9,6.63333]}},{"type":"Feature","properties":{"Places":"Broomhall (Broom Hall)","Region":"Mahaica-Berbice","Pop_2002":105,"DMS":"6 38N 57 51W"},"geometry":{"type":"Point","coordinates":[-57.85,6.63333]}},{"type":"Feature","properties":{"Places":"Brothers","Region":"Demerara-Mahaica","Pop_2002":1456,"DMS":"6 49N 58 05W"},"geometry":{"type":"Point","coordinates":[-58.08333,6.81667]}},{"type":"Feature","properties":{"Places":"Brothers","Region":"East Berbice-Corentyne","Pop_2002":248,"DMS":"6 11N 57 33W"},"geometry":{"type":"Point","coordinates":[-57.55,6.18333]}},{"type":"Feature","properties":{"Places":"Bush Lot","Region":"East Berbice-Corentyne","Pop_2002":869,"DMS":"6 12N 57 16W"},"geometry":{"type":"Point","coordinates":[-57.26667,6.2]}},{"type":"Feature","properties":{"Places":"Bush Lot","Region":"Mahaica-Berbice","Pop_2002":1243,"DMS":"6 16N 57 33W"},"geometry":{"type":"Point","coordinates":[-57.55,6.26667]}},{"type":"Feature","properties":{"Places":"Bush Lot","Region":"Mahaica-Berbice","Pop_2002":2858,"DMS":"6 25N 57 37W"},"geometry":{"type":"Point","coordinates":[-57.61667,6.41667]}},{"type":"Feature","properties":{"Places":"Bush Lot","Region":"Pomeroon-Supenaam","Pop_2002":854,"DMS":"7 15N 58 29W"},"geometry":{"type":"Point","coordinates":[-58.48333,7.25]}},{"type":"Feature","properties":{"Places":"Bush Lot Farm (Number 28 Village)","Region":"East Berbice-Corentyne","Pop_2002":276,"DMS":"6 12N 57 16W"},"geometry":{"type":"Point","coordinates":[-57.26667,6.2]}},{"type":"Feature","properties":{"Places":"Bushy Park","Region":"Essequibo Islands-West Demerara","Pop_2002":73,"DMS":"6 51N 58 25W"},"geometry":{"type":"Point","coordinates":[-58.41667,6.85]}},{"type":"Feature","properties":{"Places":"Bushy Park","Region":"Mahaica-Berbice","Pop_2002":25,"DMS":"6 36N 57 50W"},"geometry":{"type":"Point","coordinates":[-57.83333,6.6]}},{"type":"Feature","properties":{"Places":"Butakari","Region":"Cuyuni-Mazaruni","Pop_2002":77,"DMS":"5 44N 58 37W"},"geometry":{"type":"Point","coordinates":[-58.61667,5.73333]}},{"type":"Feature","properties":{"Places":"Butuba","Region":"Upper Demerara-Berbice","Pop_2002":"7) 128","DMS":"5 46N 58 20W"},"geometry":{"type":"Point","coordinates":[-58.33333,5.76667]}},{"type":"Feature","properties":{"Places":"Buxton","Region":"Demerara-Mahaica","Pop_2002":3489,"DMS":"6 47N 58 02W"},"geometry":{"type":"Point","coordinates":[-58.03333,6.78333]}},{"type":"Feature","properties":{"Places":"Buxton","Region":"Pomeroon-Supenaam","Pop_2002":49,"DMS":"7 25N 58 37W"},"geometry":{"type":"Point","coordinates":[-58.61667,7.41667]}},{"type":"Feature","properties":{"Places":"Bygeval","Region":"Mahaica-Berbice","Pop_2002":316,"DMS":"6 40N 57 54W"},"geometry":{"type":"Point","coordinates":[-57.9,6.66667]}},{"type":"Feature","properties":{"Places":"Calcutta","Region":"Mahaica-Berbice","Pop_2002":891,"DMS":"6 33N 57 45W"},"geometry":{"type":"Point","coordinates":[-57.75,6.55]}},{"type":"Feature","properties":{"Places":"Caledonia","Region":"Demerara-Mahaica","Pop_2002":40,"DMS":"6 35N 58 13W"},"geometry":{"type":"Point","coordinates":[-58.21667,6.58333]}},{"type":"Feature","properties":{"Places":"Caledonia","Region":"Essequibo Islands-West Demerara","Pop_2002":154,"DMS":"7 00N 58 27W"},"geometry":{"type":"Point","coordinates":[-58.45,7]}},{"type":"Feature","properties":{"Places":"Caledonia","Region":"Pomeroon-Supenaam","Pop_2002":38,"DMS":"7 34N 58 42W"},"geometry":{"type":"Point","coordinates":[-58.7,7.56667]}},{"type":"Feature","properties":{"Places":"California","Region":"East Berbice-Corentyne","Pop_2002":36,"DMS":"6 07N 57 37W"},"geometry":{"type":"Point","coordinates":[-57.61667,6.11667]}},{"type":"Feature","properties":{"Places":"Cambridge","Region":"Demerara-Mahaica","Pop_2002":62,"DMS":"6 42N 57 56W"},"geometry":{"type":"Point","coordinates":[-57.93333,6.7]}},{"type":"Feature","properties":{"Places":"Campbellville","District":"Georgetown","Region":"Demerara-Mahaica","Pop_2002":6824,"DMS":"6 49N 58 08W"},"geometry":{"type":"Point","coordinates":[-58.13333,6.81667]}},{"type":"Feature","properties":{"Places":"Canefield","Region":"East Berbice-Corentyne","Pop_2002":3477,"DMS":"6 14N 57 29W"},"geometry":{"type":"Point","coordinates":[-57.48333,6.23333]}},{"type":"Feature","properties":{"Places":"Canefield","Region":"Essequibo Islands-West Demerara","Pop_2002":94,"DMS":"6 56N 58 22W"},"geometry":{"type":"Point","coordinates":[-58.36667,6.93333]}},{"type":"Feature","properties":{"Places":"Canvas City (part of Linden)","Region":"Upper Demerara-Berbice","Pop_2002":1163,"DMS":"6 00N 58 19W"},"geometry":{"type":"Point","coordinates":[-58.31667,6]}},{"type":"Feature","properties":{"Places":"Cape","Region":"Mahaica-Berbice","Pop_2002":5,"DMS":"6 31N 57 47W"},"geometry":{"type":"Point","coordinates":[-57.78333,6.51667]}},{"type":"Feature","properties":{"Places":"Cape-A-Star","Region":"Upper Demerara-Berbice","Pop_2002":49,"DMS":"5 54N 58 19W"},"geometry":{"type":"Point","coordinates":[-58.31667,5.9]}},{"type":"Feature","properties":{"Places":"Capoey","Region":"Pomeroon-Supenaam","Pop_2002":324,"DMS":"7 12N 58 32W"},"geometry":{"type":"Point","coordinates":[-58.53333,7.2]}},{"type":"Feature","properties":{"Places":"Caracas","Region":"East Berbice-Corentyne","Pop_2002":549,"DMS":"6 14N 57 31W"},"geometry":{"type":"Point","coordinates":[-57.51667,6.23333]}},{"type":"Feature","properties":{"Places":"Carlton Hall (Carleton Hall)","Region":"Mahaica-Berbice","Pop_2002":4,"DMS":"6 38N 57 51W"},"geometry":{"type":"Point","coordinates":[-57.85,6.63333]}},{"type":"Feature","properties":{"Places":"Carnarvon","Region":"East Berbice-Corentyne","Pop_2002":730,"DMS":"5 57N 57 09W"},"geometry":{"type":"Point","coordinates":[-57.15,5.95]}},{"type":"Feature","properties":{"Places":"Catherina","Region":"Essequibo Islands-West Demerara","Pop_2002":8,"DMS":"6 36N 58 14W"},"geometry":{"type":"Point","coordinates":[-58.23333,6.6]}},{"type":"Feature","properties":{"Places":"Catherina","Region":"Upper Demerara-Berbice","Pop_2002":15,"DMS":"5 39N 57 47W"},"geometry":{"type":"Point","coordinates":[-57.78333,5.65]}},{"type":"Feature","properties":{"Places":"Catherinaês Lust","Region":"Mahaica-Berbice","Pop_2002":53,"DMS":"6 24N 57 36W"},"geometry":{"type":"Point","coordinates":[-57.6,6.4]}},{"type":"Feature","properties":{"Places":"Catherine","Region":"Mahaica-Berbice","Pop_2002":365,"DMS":"6 32N 57 45W"},"geometry":{"type":"Point","coordinates":[-57.75,6.53333]}},{"type":"Feature","properties":{"Places":"Century Palm Gardens (part of Georgetown)","Region":"Demerara-Mahaica","Pop_2002":266,"DMS":"6 48N 58 08W"},"geometry":{"type":"Point","coordinates":[-58.13333,6.8]}},{"type":"Feature","properties":{"Places":"Certain Hope","Region":"Essequibo Islands-West Demerara","Pop_2002":18,"DMS":"6 19N 58 17W"},"geometry":{"type":"Point","coordinates":[-58.28333,6.31667]}},{"type":"Feature","properties":{"Places":"Champagne","Region":"Mahaica-Berbice","Pop_2002":100,"DMS":"6 32N 57 47W"},"geometry":{"type":"Point","coordinates":[-57.78333,6.53333]}},{"type":"Feature","properties":{"Places":"Chance","Region":"Mahaica-Berbice","Pop_2002":52,"DMS":"6 31N 57 48W"},"geometry":{"type":"Point","coordinates":[-57.8,6.51667]}},{"type":"Feature","properties":{"Places":"Chapmans","Region":"Mahaica-Berbice","Pop_2002":40,"DMS":"6 37N 57 54W"},"geometry":{"type":"Point","coordinates":[-57.9,6.61667]}},{"type":"Feature","properties":{"Places":"Charity [t]","Region":"Pomeroon-Supenaam","Pop_2002":1295,"DMS":"7 24N 58 36W"},"geometry":{"type":"Point","coordinates":[-58.6,7.4]}},{"type":"Feature","properties":{"Places":"Charlestown","Region":"Demerara-Mahaica","Pop_2002":3630,"DMS":"6 48N 58 10W"},"geometry":{"type":"Point","coordinates":[-58.16667,6.8]}},{"type":"Feature","properties":{"Places":"Charters (Lot 46)","Region":"Essequibo Islands-West Demerara","Pop_2002":10,"DMS":"6 08N 58 16W"},"geometry":{"type":"Point","coordinates":[-58.26667,6.13333]}},{"type":"Feature","properties":{"Places":"Chateau Margot","Region":"Demerara-Mahaica","Pop_2002":1261,"DMS":"6 49N 58 04W"},"geometry":{"type":"Point","coordinates":[-58.06667,6.81667]}},{"type":"Feature","properties":{"Places":"Chateau Truro (Cheltenham)","Region":"Essequibo Islands-West Demerara","Pop_2002":49,"DMS":"6 57N 58 25W"},"geometry":{"type":"Point","coordinates":[-58.41667,6.95]}},{"type":"Feature","properties":{"Places":"Chesney (Number 4 Village, eastern portion)","Region":"East Berbice-Corentyne","Pop_2002":1120,"DMS":"6 16N 57 23W"},"geometry":{"type":"Point","coordinates":[-57.38333,6.26667]}},{"type":"Feature","properties":{"Places":"Chester","Region":"Mahaica-Berbice","Pop_2002":152,"DMS":"6 27N 57 39W"},"geometry":{"type":"Point","coordinates":[-57.65,6.45]}},{"type":"Feature","properties":{"Places":"Chi Chi (Chichi)","Region":"Cuyuni-Mazaruni","Pop_2002":32,"DMS":"5 32N 60 09W"},"geometry":{"type":"Point","coordinates":[-60.15,5.53333]}},{"type":"Feature","properties":{"Places":"Christianburg, Linden","Region":"Upper Demerara-Berbice","Pop_2002":1798,"DMS":"6 02N 58 18W"},"geometry":{"type":"Point","coordinates":[-58.3,6.03333]}},{"type":"Feature","properties":{"Places":"Christinas Lust","Region":"East Berbice-Corentyne","Pop_2002":82,"DMS":"6 07N 57 37W"},"geometry":{"type":"Point","coordinates":[-57.61667,6.11667]}},{"type":"Feature","properties":{"Places":"Claremont (Clairmont)","Region":"Essequibo Islands-West Demerara","Pop_2002":88,"DMS":"6 57N 58 24W"},"geometry":{"type":"Point","coordinates":[-58.4,6.95]}},{"type":"Feature","properties":{"Places":"Clemwood","Region":"Essequibo Islands-West Demerara","Pop_2002":15,"DMS":"6 15N 58 17W"},"geometry":{"type":"Point","coordinates":[-58.28333,6.25]}},{"type":"Feature","properties":{"Places":"Clemwood Settlement","Region":"Demerara-Mahaica","Pop_2002":28,"DMS":"6 15N 58 17W"},"geometry":{"type":"Point","coordinates":[-58.28333,6.25]}},{"type":"Feature","properties":{"Places":"Clifton","Region":"East Berbice-Corentyne","Pop_2002":1101,"DMS":"6 14N 57 20W"},"geometry":{"type":"Point","coordinates":[-57.33333,6.23333]}},{"type":"Feature","properties":{"Places":"Clonbrook","Region":"Demerara-Mahaica","Pop_2002":1040,"DMS":"6 44N 57 56W"},"geometry":{"type":"Point","coordinates":[-57.93333,6.73333]}},{"type":"Feature","properties":{"Places":"Clonbrook (La Printemps; Number 73 Village)","Region":"East Berbice-Corentyne","Pop_2002":524,"DMS":"5 56N 57 09W"},"geometry":{"type":"Point","coordinates":[-57.15,5.93333]}},{"type":"Feature","properties":{"Places":"Cockatara (Kokatara; North Mackenzie) (part of Linden)","Region":"Upper Demerara-Berbice","Pop_2002":1441,"DMS":"6 00N 58 18W"},"geometry":{"type":"Point","coordinates":[-58.3,6]}},{"type":"Feature","properties":{"Places":"Coffee Grove","Region":"Pomeroon-Supenaam","Pop_2002":220,"DMS":"7 18N 58 29W"},"geometry":{"type":"Point","coordinates":[-58.48333,7.3]}},{"type":"Feature","properties":{"Places":"Coldingen","Region":"Demerara-Mahaica","Pop_2002":161,"DMS":"6 47N 58 01W"},"geometry":{"type":"Point","coordinates":[-58.01667,6.78333]}},{"type":"Feature","properties":{"Places":"Columbia","Region":"Mahaica-Berbice","Pop_2002":35,"DMS":"6 39N 57 52W"},"geometry":{"type":"Point","coordinates":[-57.86667,6.65]}},{"type":"Feature","properties":{"Places":"Columbia","Region":"Pomeroon-Supenaam","Pop_2002":460,"DMS":"7 13N 58 29W"},"geometry":{"type":"Point","coordinates":[-58.48333,7.21667]}},{"type":"Feature","properties":{"Places":"Conception","Region":"Upper Demerara-Berbice","Pop_2002":"8) 61","DMS":"6 04N 58 18W"},"geometry":{"type":"Point","coordinates":[-58.3,6.06667]}},{"type":"Feature","properties":{"Places":"Concordia","Region":"Essequibo Islands-West Demerara","Pop_2002":6,"DMS":"6 54N 58 29W"},"geometry":{"type":"Point","coordinates":[-58.48333,6.9]}},{"type":"Feature","properties":{"Places":"Concordia","Region":"Upper Demerara-Berbice","Pop_2002":"9) 35","DMS":"5 31N 57 56W"},"geometry":{"type":"Point","coordinates":[-57.93333,5.51667]}},{"type":"Feature","properties":{"Places":"Content","Region":"Essequibo Islands-West Demerara","Pop_2002":1,"DMS":"6 35N 58 14W"},"geometry":{"type":"Point","coordinates":[-58.23333,6.58333]}},{"type":"Feature","properties":{"Places":"Content","Region":"Mahaica-Berbice","Pop_2002":31,"DMS":"6 39N 57 53W"},"geometry":{"type":"Point","coordinates":[-57.88333,6.65]}},{"type":"Feature","properties":{"Places":"Cook Tom","Region":"Mahaica-Berbice","Pop_2002":20,"DMS":"6 22N 57 50W"},"geometry":{"type":"Point","coordinates":[-57.83333,6.36667]}},{"type":"Feature","properties":{"Places":"Coomacka Lands (part of Linden)","Region":"Upper Demerara-Berbice","Pop_2002":579,"DMS":"5 57N 58 18W"},"geometry":{"type":"Point","coordinates":[-58.3,5.95]}},{"type":"Feature","properties":{"Places":"Cornelia Ida","Region":"Essequibo Islands-West Demerara","Pop_2002":1773,"DMS":"6 52N 58 16W"},"geometry":{"type":"Point","coordinates":[-58.26667,6.86667]}},{"type":"Feature","properties":{"Places":"Corriverton [t 7 Sept. 1970]","Region":"East Berbice-Corentyne","Pop_2002":11494,"DMS":"5 53N 57 09W"},"geometry":{"type":"Point","coordinates":[-57.15,5.88333]}},{"type":"Feature","properties":{"Places":"Cottage","Region":"Mahaica-Berbice","Pop_2002":314,"DMS":"6 28N 57 40W"},"geometry":{"type":"Point","coordinates":[-57.66667,6.46667]}},{"type":"Feature","properties":{"Places":"Cotton Tree","Region":"Mahaica-Berbice","Pop_2002":2372,"DMS":"6 17N 57 33W"},"geometry":{"type":"Point","coordinates":[-57.55,6.28333]}},{"type":"Feature","properties":{"Places":"Courtland","Region":"East Berbice-Corentyne","Pop_2002":831,"DMS":"6 17N 57 24W"},"geometry":{"type":"Point","coordinates":[-57.4,6.28333]}},{"type":"Feature","properties":{"Places":"Cove","Region":"Demerara-Mahaica","Pop_2002":325,"DMS":"6 45N 57 59W"},"geometry":{"type":"Point","coordinates":[-57.98333,6.75]}},{"type":"Feature","properties":{"Places":"Covent Garden","Region":"Demerara-Mahaica","Pop_2002":905,"DMS":"6 44N 58 11W"},"geometry":{"type":"Point","coordinates":[-58.18333,6.73333]}},{"type":"Feature","properties":{"Places":"Covent Garden","Region":"Pomeroon-Supenaam","Pop_2002":26,"DMS":"7 30N 58 39W"},"geometry":{"type":"Point","coordinates":[-58.65,7.5]}},{"type":"Feature","properties":{"Places":"Crabwood Creek","Region":"East Berbice-Corentyne","Pop_2002":5599,"DMS":"5 50N 57 09W"},"geometry":{"type":"Point","coordinates":[-57.15,5.83333]}},{"type":"Feature","properties":{"Places":"Cracrana","Region":"Upper Takutu-Upper Essequibo","Pop_2002":"10) 953","DMS":"4 00N 59 33W"},"geometry":{"type":"Point","coordinates":[-59.55,4]}},{"type":"Feature","properties":{"Places":"Craig","Region":"Demerara-Mahaica","Pop_2002":949,"DMS":"6 41N 58 10W"},"geometry":{"type":"Point","coordinates":[-58.16667,6.68333]}},{"type":"Feature","properties":{"Places":"Craig Milne","Region":"Demerara-Mahaica","Pop_2002":561,"DMS":"6 45N 57 59W"},"geometry":{"type":"Point","coordinates":[-57.98333,6.75]}},{"type":"Feature","properties":{"Places":"Crashwater (Crash Water)","Region":"Upper Takutu-Upper Essequibo","Pop_2002":144,"DMS":"3 51N 59 03W"},"geometry":{"type":"Point","coordinates":[-59.05,3.85]}},{"type":"Feature","properties":{"Places":"Cromarty","Region":"East Berbice-Corentyne","Pop_2002":412,"DMS":"6 11N 57 15W"},"geometry":{"type":"Point","coordinates":[-57.25,6.18333]}},{"type":"Feature","properties":{"Places":"Cullen","Region":"Pomeroon-Supenaam","Pop_2002":447,"DMS":"7 10N 58 29W"},"geometry":{"type":"Point","coordinates":[-58.48333,7.16667]}},{"type":"Feature","properties":{"Places":"Culvert City","Region":"Upper Takutu-Upper Essequibo","Pop_2002":266,"DMS":"3 22N 59 48W"},"geometry":{"type":"Point","coordinates":[-59.8,3.36667]}},{"type":"Feature","properties":{"Places":"Cumberland (Number 2)","Region":"East Berbice-Corentyne","Pop_2002":4366,"DMS":"6 15N 57 29E"},"geometry":{"type":"Point","coordinates":[-57.48333,6.25]}},{"type":"Feature","properties":{"Places":"Cummings Lodge","Region":"Demerara-Mahaica","Pop_2002":5301,"DMS":"6 49N 58 07W"},"geometry":{"type":"Point","coordinates":[-58.11667,6.81667]}},{"type":"Feature","properties":{"Places":"Dadanawa","Region":"Upper Takutu-Upper Essequibo","Pop_2002":"11) 405","DMS":"2 49N 59 31W"},"geometry":{"type":"Point","coordinates":[-59.51667,2.81667]}},{"type":"Feature","properties":{"Places":"Dageraad","Region":"Pomeroon-Supenaam","Pop_2002":758,"DMS":"7 12N 58 30W"},"geometry":{"type":"Point","coordinates":[-58.5,7.2]}},{"type":"Feature","properties":{"Places":"Dalgin","Region":"Upper Demerara-Berbice","Pop_2002":"12) 61","DMS":"6 06N 58 16W"},"geometry":{"type":"Point","coordinates":[-58.26667,6.1]}},{"type":"Feature","properties":{"Places":"Danielstown (Fear Not) (part of Anna Regina)","Region":"Pomeroon-Supenaam","Pop_2002":487,"DMS":"7 18N 58 29W"},"geometry":{"type":"Point","coordinates":[-58.48333,7.3]}},{"type":"Feature","properties":{"Places":"Danjou Park (Danjo Park) (part of Linden)","Region":"Upper Demerara-Berbice","Pop_2002":1741,"DMS":"6 01N 58 19W"},"geometry":{"type":"Point","coordinates":[-58.31667,6.01667]}},{"type":"Feature","properties":{"Places":"Dankbarheid","Region":"Mahaica-Berbice","Pop_2002":2,"DMS":"6 09N 57 38W"},"geometry":{"type":"Point","coordinates":[-57.63333,6.15]}},{"type":"Feature","properties":{"Places":"Dantzig","Region":"Mahaica-Berbice","Pop_2002":43,"DMS":"6 39N 57 53W"},"geometry":{"type":"Point","coordinates":[-57.88333,6.65]}},{"type":"Feature","properties":{"Places":"Dartmouth","Region":"Pomeroon-Supenaam","Pop_2002":1090,"DMS":"7 22N 58 30W"},"geometry":{"type":"Point","coordinates":[-58.5,7.36667]}},{"type":"Feature","properties":{"Places":"Dawa","Region":"Pomeroon-Supenaam","Pop_2002":433,"DMS":"7 12N 58 36W"},"geometry":{"type":"Point","coordinates":[-58.6,7.2]}},{"type":"Feature","properties":{"Places":"Dead Tree Farm (Number 57 Village)","Region":"East Berbice-Corentyne","Pop_2002":504,"DMS":"6 01N 57 10W"},"geometry":{"type":"Point","coordinates":[-57.16667,6.01667]}},{"type":"Feature","properties":{"Places":"Dead Tree Farm (Number 58 Village)","Region":"East Berbice-Corentyne","Pop_2002":504,"DMS":"6 01N 57 10W"},"geometry":{"type":"Point","coordinates":[-57.16667,6.01667]}},{"type":"Feature","properties":{"Places":"De Agatha (Agatha)","Region":"Upper Demerara-Berbice","Pop_2002":12,"DMS":"5 38N 57 52W"},"geometry":{"type":"Point","coordinates":[-57.86667,5.63333]}},{"type":"Feature","properties":{"Places":"De Cottage","Region":"Essequibo Islands-West Demerara","Pop_2002":15,"DMS":"6 18N 58 17W"},"geometry":{"type":"Point","coordinates":[-58.28333,6.3]}},{"type":"Feature","properties":{"Places":"DêEdward (Sir James)","Region":"Mahaica-Berbice","Pop_2002":2142,"DMS":"6 17N 57 32W"},"geometry":{"type":"Point","coordinates":[-57.53333,6.28333]}},{"type":"Feature","properties":{"Places":"De Endragt","Region":"Demerara-Mahaica","Pop_2002":3738,"DMS":"6 48N 58 03W"},"geometry":{"type":"Point","coordinates":[-58.05,6.8]}},{"type":"Feature","properties":{"Places":"De Endragt","Region":"Upper Demerara-Berbice","Pop_2002":8,"DMS":"5 46N 57 43W"},"geometry":{"type":"Point","coordinates":[-57.71667,5.76667]}},{"type":"Feature","properties":{"Places":"De Gezusters (Sisters)","Region":"Essequibo Islands-West Demerara","Pop_2002":2661,"DMS":"6 43N 58 13W"},"geometry":{"type":"Point","coordinates":[-58.21667,6.71667]}},{"type":"Feature","properties":{"Places":"De Herstelling (Lot 43)","Region":"Essequibo Islands-West Demerara","Pop_2002":"13) 7","DMS":"6 10N 58 17W"},"geometry":{"type":"Point","coordinates":[-58.28333,6.16667]}},{"type":"Feature","properties":{"Places":"De Hoop","Region":"Mahaica-Berbice","Pop_2002":39,"DMS":"6 39N 57 54W"},"geometry":{"type":"Point","coordinates":[-57.9,6.65]}},{"type":"Feature","properties":{"Places":"De Jonge Rachael (Wales)","Region":"Essequibo Islands-West Demerara","Pop_2002":68,"DMS":"6 42N 58 12W"},"geometry":{"type":"Point","coordinates":[-58.2,6.7]}},{"type":"Feature","properties":{"Places":"De Kinderen","Region":"Essequibo Islands-West Demerara","Pop_2002":1384,"DMS":"6 46N 58 15W"},"geometry":{"type":"Point","coordinates":[-58.25,6.76667]}},{"type":"Feature","properties":{"Places":"De Kinderen","Region":"Mahaica-Berbice","Pop_2002":126,"DMS":"6 38N 57 54W"},"geometry":{"type":"Point","coordinates":[-57.9,6.63333]}},{"type":"Feature","properties":{"Places":"De Maria Elizabeth (Akyma)","Region":"Upper Demerara-Berbice","Pop_2002":81,"DMS":"5 53N 58 18W"},"geometry":{"type":"Point","coordinates":[-58.3,5.88333]}},{"type":"Feature","properties":{"Places":"Den Amstel","Region":"Essequibo Islands-West Demerara","Pop_2002":1242,"DMS":"6 51N 58 15W"},"geometry":{"type":"Point","coordinates":[-58.25,6.85]}},{"type":"Feature","properties":{"Places":"Den Heuvel (Den Huevel)","Region":"Demerara-Mahaica","Pop_2002":187,"DMS":"6 34N 58 14W"},"geometry":{"type":"Point","coordinates":[-58.23333,6.56667]}},{"type":"Feature","properties":{"Places":"De Ridderês Faith","Region":"Essequibo Islands-West Demerara","Pop_2002":112,"DMS":"6 46N 58 16W"},"geometry":{"type":"Point","coordinates":[-58.26667,6.76667]}},{"type":"Feature","properties":{"Places":"Deutichem","Region":"East Berbice-Corentyne","Pop_2002":21,"DMS":"6 10N 57 34W"},"geometry":{"type":"Point","coordinates":[-57.56667,6.16667]}},{"type":"Feature","properties":{"Places":"De Velde","Region":"Upper Demerara-Berbice","Pop_2002":184,"DMS":"5 47N 57 40W"},"geometry":{"type":"Point","coordinates":[-57.66667,5.78333]}},{"type":"Feature","properties":{"Places":"De Voedster","Region":"East Berbice-Corentyne","Pop_2002":1,"DMS":"6 10N 57 26W"},"geometry":{"type":"Point","coordinates":[-57.43333,6.16667]}},{"type":"Feature","properties":{"Places":"Devonshire Castle, Essequibo Coast","Region":"Pomeroon-Supenaam","Pop_2002":744,"DMS":"7 20N 58 29W"},"geometry":{"type":"Point","coordinates":[-58.48333,7.33333]}},{"type":"Feature","properties":{"Places":"De Vriend","Region":"Mahaica-Berbice","Pop_2002":14,"DMS":"6 39N 57 54W"},"geometry":{"type":"Point","coordinates":[-57.9,6.65]}},{"type":"Feature","properties":{"Places":"De Vriendschap","Region":"Upper Demerara-Berbice","Pop_2002":87,"DMS":"5 47N 57 46W"},"geometry":{"type":"Point","coordinates":[-57.76667,5.78333]}},{"type":"Feature","properties":{"Places":"De Vryheid","Region":"Upper Demerara-Berbice","Pop_2002":9,"DMS":"5 31N 57 56W"},"geometry":{"type":"Point","coordinates":[-57.93333,5.51667]}},{"type":"Feature","properties":{"Places":"De Willem","Region":"Essequibo Islands-West Demerara","Pop_2002":1565,"DMS":"6 53N 58 19W"},"geometry":{"type":"Point","coordinates":[-58.31667,6.88333]}},{"type":"Feature","properties":{"Places":"De Witte Zwaan","Region":"Essequibo Islands-West Demerara","Pop_2002":84,"DMS":"6 54N 58 27W"},"geometry":{"type":"Point","coordinates":[-58.45,6.9]}},{"type":"Feature","properties":{"Places":"Diamond ","District":"East Bank Demerara","Region":"Demerara-Mahaica","Pop_2002":1677,"DMS":"6 43N 58 11W"},"geometry":{"type":"Point","coordinates":[-58.18333,6.71667]}},{"type":"Feature","properties":{"Places":"Diamond","Region":"Pomeroon-Supenaam","Pop_2002":24,"DMS":"7 35N 58 44W"},"geometry":{"type":"Point","coordinates":[-58.73333,7.58333]}},{"type":"Feature","properties":{"Places":"Dingwall (Number 40 Village, eastern portion)","Region":"East Berbice-Corentyne","Pop_2002":62,"DMS":"6 08N 57 12W"},"geometry":{"type":"Point","coordinates":[-57.2,6.13333]}},{"type":"Feature","properties":{"Places":"Dochfour","Region":"Demerara-Mahaica","Pop_2002":368,"DMS":"6 44N 57 58W"},"geometry":{"type":"Point","coordinates":[-57.96667,6.73333]}},{"type":"Feature","properties":{"Places":"Domburg","Region":"Essequibo Islands-West Demerara","Pop_2002":100,"DMS":"6 57N 58 26W"},"geometry":{"type":"Point","coordinates":[-58.43333,6.95]}},{"type":"Feature","properties":{"Places":"Doorn Boom (Doornboom)","Region":"Upper Demerara-Berbice","Pop_2002":1,"DMS":"5 40N 57 49W"},"geometry":{"type":"Point","coordinates":[-57.81667,5.66667]}},{"type":"Feature","properties":{"Places":"Doorn Haag (Doornhag)","Region":"Essequibo Islands-West Demerara","Pop_2002":187,"DMS":"6 56N 58 25W"},"geometry":{"type":"Point","coordinates":[-58.41667,6.93333]}},{"type":"Feature","properties":{"Places":"Doornloff","Region":"Upper Demerara-Berbice","Pop_2002":37,"DMS":"5 33N 57 55W"},"geometry":{"type":"Point","coordinates":[-57.91667,5.55]}},{"type":"Feature","properties":{"Places":"Dora","Region":"Demerara-Mahaica","Pop_2002":12,"DMS":"6 17N 58 16W"},"geometry":{"type":"Point","coordinates":[-58.26667,6.28333]}},{"type":"Feature","properties":{"Places":"Dorabisi (part of Linden)","Region":"Upper Demerara-Berbice","Pop_2002":"14) 269","DMS":"5 58N 58 18W"},"geometry":{"type":"Point","coordinates":[-58.3,5.96667]}},{"type":"Feature","properties":{"Places":"Drill","Region":"Mahaica-Berbice","Pop_2002":11,"DMS":"6 36N 57 49W"},"geometry":{"type":"Point","coordinates":[-57.81667,6.6]}},{"type":"Feature","properties":{"Places":"Dryshore","Region":"Pomeroon-Supenaam","Pop_2002":"15) 293","DMS":"7 01N 58 30W"},"geometry":{"type":"Point","coordinates":[-58.5,7.01667]}},{"type":"Feature","properties":{"Places":"Dunbarton Castle (Dumbarton Castle)","Region":"Pomeroon-Supenaam","Pop_2002":27,"DMS":"7 35N 58 43W"},"geometry":{"type":"Point","coordinates":[-58.71667,7.58333]}},{"type":"Feature","properties":{"Places":"Dundee","Region":"Mahaica-Berbice","Pop_2002":652,"DMS":"6 33N 57 46W"},"geometry":{"type":"Point","coordinates":[-57.76667,6.55]}},{"type":"Feature","properties":{"Places":"Dunkeld and Perth","Region":"Pomeroon-Supenaam","Pop_2002":209,"DMS":"7 21N 58 30W"},"geometry":{"type":"Point","coordinates":[-58.5,7.35]}},{"type":"Feature","properties":{"Places":"Dunoon","Region":"Essequibo Islands-West Demerara","Pop_2002":"16) 28","DMS":"6 26N 58 18W"},"geometry":{"type":"Point","coordinates":[-58.3,6.43333]}},{"type":"Feature","properties":{"Places":"Dun Robin (Number 23)","Region":"East Berbice-Corentyne","Pop_2002":44,"DMS":"6 17N 57 27W"},"geometry":{"type":"Point","coordinates":[-57.45,6.28333]}},{"type":"Feature","properties":{"Places":"Durban","Region":"Cuyuni-Mazaruni","Pop_2002":97,"DMS":"6 20N 58 42W"},"geometry":{"type":"Point","coordinates":[-58.7,6.33333]}},{"type":"Feature","properties":{"Places":"Durban Area","Region":"Demerara-Mahaica","Pop_2002":9794,"DMS":"6 48N 58 08W"},"geometry":{"type":"Point","coordinates":[-58.13333,6.8]}},{"type":"Feature","properties":{"Places":"Eagles Rust","Region":"Essequibo Islands-West Demerara","Pop_2002":6,"DMS":"6 56N 58 29W"},"geometry":{"type":"Point","coordinates":[-58.48333,6.93333]}},{"type":"Feature","properties":{"Places":"East La Penitence","Region":"Demerara-Mahaica","Pop_2002":2097,"DMS":"6 48N 58 09W"},"geometry":{"type":"Point","coordinates":[-58.15,6.8]}},{"type":"Feature","properties":{"Places":"East Ruimveldt","Region":"Demerara-Mahaica","Pop_2002":4628,"DMS":"6 47N 58 09W"},"geometry":{"type":"Point","coordinates":[-58.15,6.78333]}},{"type":"Feature","properties":{"Places":"Ebini","Region":"Upper Demerara-Berbice","Pop_2002":17,"DMS":"5 40N 57 47W"},"geometry":{"type":"Point","coordinates":[-57.78333,5.66667]}},{"type":"Feature","properties":{"Places":"Ebini Ranch","Region":"Upper Demerara-Berbice","Pop_2002":45,"DMS":"5 40N 57 49W"},"geometry":{"type":"Point","coordinates":[-57.81667,5.66667]}},{"type":"Feature","properties":{"Places":"Eccles","Region":"Demerara-Mahaica","Pop_2002":3822,"DMS":"6 46N 58 10W"},"geometry":{"type":"Point","coordinates":[-58.16667,6.76667]}},{"type":"Feature","properties":{"Places":"Edderton","Region":"Mahaica-Berbice","Pop_2002":573,"DMS":"6 19N 57 34W"},"geometry":{"type":"Point","coordinates":[-57.56667,6.31667]}},{"type":"Feature","properties":{"Places":"Edinburgh (Edinburg)","Region":"East Berbice-Corentyne","Pop_2002":1377,"DMS":"6 11N 57 31W"},"geometry":{"type":"Point","coordinates":[-57.51667,6.18333]}},{"type":"Feature","properties":{"Places":"Edinburgh (Edinburg)","Region":"Essequibo Islands-West Demerara","Pop_2002":422,"DMS":"6 52N 58 17W"},"geometry":{"type":"Point","coordinates":[-58.28333,6.86667]}},{"type":"Feature","properties":{"Places":"Eldorado","Region":"Mahaica-Berbice","Pop_2002":603,"DMS":"6 30N 57 42W"},"geometry":{"type":"Point","coordinates":[-57.7,6.5]}},{"type":"Feature","properties":{"Places":"Elizabeth","Region":"Demerara-Mahaica","Pop_2002":12,"DMS":"6 11N 58 16W"},"geometry":{"type":"Point","coordinates":[-58.26667,6.18333]}},{"type":"Feature","properties":{"Places":"Elizabeth Ann","Region":"Demerara-Mahaica","Pop_2002":13,"DMS":"6 27N 58 18W"},"geometry":{"type":"Point","coordinates":[-58.3,6.45]}},{"type":"Feature","properties":{"Places":"Elizabeth Hall","Region":"Demerara-Mahaica","Pop_2002":3522,"DMS":"6 47N 58 00W"},"geometry":{"type":"Point","coordinates":[-58,6.78333]}},{"type":"Feature","properties":{"Places":"Enachu (Enachu Landing)","Region":"Cuyuni-Mazaruni","Pop_2002":18,"DMS":"6 09N 60 03W"},"geometry":{"type":"Point","coordinates":[-60.05,6.15]}},{"type":"Feature","properties":{"Places":"Endeavour","Region":"Demerara-Mahaica","Pop_2002":9,"DMS":"6 20N 58 18W"},"geometry":{"type":"Point","coordinates":[-58.3,6.33333]}},{"type":"Feature","properties":{"Places":"Endeavour","Region":"Essequibo Islands-West Demerara","Pop_2002":171,"DMS":"6 44N 58 16W"},"geometry":{"type":"Point","coordinates":[-58.26667,6.73333]}},{"type":"Feature","properties":{"Places":"Endeavour","Region":"Essequibo Islands-West Demerara","Pop_2002":306,"DMS":"6 46N 58 17W"},"geometry":{"type":"Point","coordinates":[-58.28333,6.76667]}},{"type":"Feature","properties":{"Places":"Endeavour","Region":"Mahaica-Berbice","Pop_2002":18,"DMS":"6 40N 57 55W"},"geometry":{"type":"Point","coordinates":[-57.91667,6.66667]}},{"type":"Feature","properties":{"Places":"Enmore","Region":"Demerara-Mahaica","Pop_2002":1366,"DMS":"6 46N 57 59W"},"geometry":{"type":"Point","coordinates":[-57.98333,6.76667]}},{"type":"Feature","properties":{"Places":"Enterprise","Region":"Demerara-Mahaica","Pop_2002":3162,"DMS":"6 46N 58 01W"},"geometry":{"type":"Point","coordinates":[-58.01667,6.76667]}},{"type":"Feature","properties":{"Places":"Enterprise","Region":"Essequibo Islands-West Demerara","Pop_2002":261,"DMS":"6 55N 58 24W"},"geometry":{"type":"Point","coordinates":[-58.4,6.91667]}},{"type":"Feature","properties":{"Places":"Enterprise","Region":"Pomeroon-Supenaam","Pop_2002":115,"DMS":"7 32N 58 40W"},"geometry":{"type":"Point","coordinates":[-58.66667,7.53333]}},{"type":"Feature","properties":{"Places":"Epira (Epira Village)","Region":"East Berbice-Corentyne","Pop_2002":380,"DMS":"5 05N 57 20W"},"geometry":{"type":"Point","coordinates":[-57.33333,5.08333]}},{"type":"Feature","properties":{"Places":"Epsom (Number 40 Village, western portion)","Region":"East Berbice-Corentyne","Pop_2002":137,"DMS":"6 08N 57 13W"},"geometry":{"type":"Point","coordinates":[-57.21667,6.13333]}},{"type":"Feature","properties":{"Places":"Esau and Jacob","Region":"Mahaica-Berbice","Pop_2002":125,"DMS":"6 28N 57 47W"},"geometry":{"type":"Point","coordinates":[-57.78333,6.46667]}},{"type":"Feature","properties":{"Places":"Essendam (Essenden)","Region":"East Berbice-Corentyne","Pop_2002":15,"DMS":"6 05N 57 35W"},"geometry":{"type":"Point","coordinates":[-57.58333,6.08333]}},{"type":"Feature","properties":{"Places":"Eteringbang","Region":"Cuyuni-Mazaruni","Pop_2002":95,"DMS":"6 42N 61 05W"},"geometry":{"type":"Point","coordinates":[-61.08333,6.7]}},{"type":"Feature","properties":{"Places":"Evergreen","Region":"Pomeroon-Supenaam","Pop_2002":29,"DMS":"7 24N 58 33W"},"geometry":{"type":"Point","coordinates":[-58.55,7.4]}},{"type":"Feature","properties":{"Places":"Exmouth","Region":"Pomeroon-Supenaam","Pop_2002":72,"DMS":"7 21N 58 30W"},"geometry":{"type":"Point","coordinates":[-58.5,7.35]}},{"type":"Feature","properties":{"Places":"Expectation","Region":"Mahaica-Berbice","Pop_2002":425,"DMS":"6 20N 57 34W"},"geometry":{"type":"Point","coordinates":[-57.56667,6.33333]}},{"type":"Feature","properties":{"Places":"Experience","Region":"Essequibo Islands-West Demerara","Pop_2002":16,"DMS":"6 24N 58 18W"},"geometry":{"type":"Point","coordinates":[-58.3,6.4]}},{"type":"Feature","properties":{"Places":"Experiment","Region":"East Berbice-Corentyne","Pop_2002":1,"DMS":"6 04N 57 35W"},"geometry":{"type":"Point","coordinates":[-57.58333,6.06667]}},{"type":"Feature","properties":{"Places":"Experiment (Experience)","Region":"Mahaica-Berbice","Pop_2002":293,"DMS":"6 23N 57 35W"},"geometry":{"type":"Point","coordinates":[-57.58333,6.38333]}},{"type":"Feature","properties":{"Places":"Fairfield","Region":"Mahaica-Berbice","Pop_2002":144,"DMS":"6 38N 57 52W"},"geometry":{"type":"Point","coordinates":[-57.86667,6.63333]}},{"type":"Feature","properties":{"Places":"Fairfield","Region":"Pomeroon-Supenaam","Pop_2002":207,"DMS":"7 02N 58 29W"},"geometry":{"type":"Point","coordinates":[-58.48333,7.03333]}},{"type":"Feature","properties":{"Places":"Fairs Rust (part of Linden)","Region":"Upper Demerara-Berbice","Pop_2002":"17) 273","DMS":"5 59N 58 17W"},"geometry":{"type":"Point","coordinates":[-58.28333,5.98333]}},{"type":"Feature","properties":{"Places":"Fairview","Region":"Potaro-Siparuni","Pop_2002":216,"DMS":"4 39N 58 41W"},"geometry":{"type":"Point","coordinates":[-58.68333,4.65]}},{"type":"Feature","properties":{"Places":"Farm","Region":"Essequibo Islands-West Demerara","Pop_2002":407,"DMS":"6 50N 58 25W"},"geometry":{"type":"Point","coordinates":[-58.41667,6.83333]}},{"type":"Feature","properties":{"Places":"Felicity","Region":"Demerara-Mahaica","Pop_2002":184,"DMS":"6 49N 58 05W"},"geometry":{"type":"Point","coordinates":[-58.08333,6.81667]}},{"type":"Feature","properties":{"Places":"Felicity","Region":"Mahaica-Berbice","Pop_2002":6,"DMS":"6 32N 57 48W"},"geometry":{"type":"Point","coordinates":[-57.8,6.53333]}},{"type":"Feature","properties":{"Places":"Fellowship","Region":"Essequibo Islands-West Demerara","Pop_2002":305,"DMS":"6 51N 58 15W"},"geometry":{"type":"Point","coordinates":[-58.25,6.85]}},{"type":"Feature","properties":{"Places":"Fellowship","Region":"Mahaica-Berbice","Pop_2002":128,"DMS":"6 34N 57 47W"},"geometry":{"type":"Point","coordinates":[-57.78333,6.56667]}},{"type":"Feature","properties":{"Places":"Festival City","Region":"Demerara-Mahaica","Pop_2002":2646,"DMS":"6 47N 58 08W"},"geometry":{"type":"Point","coordinates":[-58.13333,6.78333]}},{"type":"Feature","properties":{"Places":"First Savannah","Region":"Mahaica-Berbice","Pop_2002":31,"DMS":"6 23N 57 47E"},"geometry":{"type":"Point","coordinates":[-57.78333,6.38333]}},{"type":"Feature","properties":{"Places":"Flensburg","Region":"Essequibo Islands-West Demerara","Pop_2002":13,"DMS":"6 34N 58 14W"},"geometry":{"type":"Point","coordinates":[-58.23333,6.56667]}},{"type":"Feature","properties":{"Places":"Floyd Ward","Region":"East Berbice-Corentyne","Pop_2002":407,"DMS":"6 04N 57 11W"},"geometry":{"type":"Point","coordinates":[-57.18333,6.06667]}},{"type":"Feature","properties":{"Places":"Fort Canje","Region":"East Berbice-Corentyne","Pop_2002":205,"DMS":"6 15N 57 31W"},"geometry":{"type":"Point","coordinates":[-57.51667,6.25]}},{"type":"Feature","properties":{"Places":"Fortitude","Region":"Mahaica-Berbice","Pop_2002":19,"DMS":"6 33N 57 48W"},"geometry":{"type":"Point","coordinates":[-57.8,6.55]}},{"type":"Feature","properties":{"Places":"Fort Nassau","Region":"Upper Demerara-Berbice","Pop_2002":136,"DMS":"5 45N 57 43W"},"geometry":{"type":"Point","coordinates":[-57.71667,5.75]}},{"type":"Feature","properties":{"Places":"Fort Wellington","Region":"Mahaica-Berbice","Pop_2002":7,"DMS":"6 24N 57 36W"},"geometry":{"type":"Point","coordinates":[-57.6,6.4]}},{"type":"Feature","properties":{"Places":"Foulis","Region":"Demerara-Mahaica","Pop_2002":2288,"DMS":"6 46N 58 00W"},"geometry":{"type":"Point","coordinates":[-58,6.76667]}},{"type":"Feature","properties":{"Places":"Foulis","Region":"Mahaica-Berbice","Pop_2002":202,"DMS":"6 31N 57 43W"},"geometry":{"type":"Point","coordinates":[-57.71667,6.51667]}},{"type":"Feature","properties":{"Places":"Frederica Johanna","Region":"Mahaica-Berbice","Pop_2002":62,"DMS":"6 38N 57 54W"},"geometry":{"type":"Point","coordinates":[-57.9,6.63333]}},{"type":"Feature","properties":{"Places":"Fredericksburg","Region":"Essequibo Islands-West Demerara","Pop_2002":61,"DMS":"6 57N 58 26W"},"geometry":{"type":"Point","coordinates":[-58.43333,6.95]}},{"type":"Feature","properties":{"Places":"Free and Easy","Region":"Essequibo Islands-West Demerara","Pop_2002":275,"DMS":"6 39N 58 12W"},"geometry":{"type":"Point","coordinates":[-58.2,6.65]}},{"type":"Feature","properties":{"Places":"Freetown","Region":"Pomeroon-Supenaam","Pop_2002":66,"DMS":"7 34N 58 42W"},"geometry":{"type":"Point","coordinates":[-58.7,7.56667]}},{"type":"Feature","properties":{"Places":"Friends","Region":"East Berbice-Corentyne","Pop_2002":33,"DMS":"6 11N 57 33W"},"geometry":{"type":"Point","coordinates":[-57.55,6.18333]}},{"type":"Feature","properties":{"Places":"Friendship","Region":"Demerara-Mahaica","Pop_2002":2410,"DMS":"6 48N 58 02W"},"geometry":{"type":"Point","coordinates":[-58.03333,6.8]}},{"type":"Feature","properties":{"Places":"Friendship","Region":"East Berbice-Corentyne","Pop_2002":857,"DMS":"5 57N 57 09W"},"geometry":{"type":"Point","coordinates":[-57.15,5.95]}},{"type":"Feature","properties":{"Places":"Friendship","Region":"East Berbice-Corentyne","Pop_2002":302,"DMS":"6 12N 57 16W"},"geometry":{"type":"Point","coordinates":[-57.26667,6.2]}},{"type":"Feature","properties":{"Places":"Friendship","Region":"Essequibo Islands-West Demerara","Pop_2002":56,"DMS":"6 58N 58 27W"},"geometry":{"type":"Point","coordinates":[-58.45,6.96667]}},{"type":"Feature","properties":{"Places":"Friends Retreat","Region":"Mahaica-Berbice","Pop_2002":44,"DMS":"6 21N 57 35W"},"geometry":{"type":"Point","coordinates":[-57.58333,6.35]}},{"type":"Feature","properties":{"Places":"Fyrish (Number 3 Village)","Region":"East Berbice-Corentyne","Pop_2002":2153,"DMS":"6 17N 57 23W"},"geometry":{"type":"Point","coordinates":[-57.38333,6.28333]}},{"type":"Feature","properties":{"Places":"Garden of Eden","Region":"Demerara-Mahaica","Pop_2002":495,"DMS":"6 38N 58 12W"},"geometry":{"type":"Point","coordinates":[-58.2,6.63333]}},{"type":"Feature","properties":{"Places":"Garraway Stream","Region":"Potaro-Siparuni","Pop_2002":"18) 319","DMS":"5 23N 59 07W"},"geometry":{"type":"Point","coordinates":[-59.11667,5.38333]}},{"type":"Feature","properties":{"Places":"Geertruyda","Region":"Upper Demerara-Berbice","Pop_2002":67,"DMS":"5 45N 57 42W"},"geometry":{"type":"Point","coordinates":[-57.7,5.75]}},{"type":"Feature","properties":{"Places":"Geneve","Region":"Essequibo Islands-West Demerara","Pop_2002":157,"DMS":"6 46N 58 15W"},"geometry":{"type":"Point","coordinates":[-58.25,6.76667]}},{"type":"Feature","properties":{"Places":"Georgetown","Region":"Demerara-Mahaica","Pop_2002":134497,"DMS":"6 48N 58 10W"},"geometry":{"type":"Point","coordinates":[-58.16667,6.8]}},{"type":"Feature","properties":{"Places":"Georgia","Region":"Essequibo Islands-West Demerara","Pop_2002":27,"DMS":"6 33N 58 15W"},"geometry":{"type":"Point","coordinates":[-58.25,6.55]}},{"type":"Feature","properties":{"Places":"Germania (Mara)","Region":"East Berbice-Corentyne","Pop_2002":46,"DMS":"6 01N 57 37W"},"geometry":{"type":"Point","coordinates":[-57.61667,6.01667]}},{"type":"Feature","properties":{"Places":"Geruchy and Ruyters","Region":"Mahaica-Berbice","Pop_2002":21,"DMS":"6 37N 57 54W"},"geometry":{"type":"Point","coordinates":[-57.9,6.61667]}},{"type":"Feature","properties":{"Places":"Glasgow","Region":"East Berbice-Corentyne","Pop_2002":1043,"DMS":"6 12N 57 31W"},"geometry":{"type":"Point","coordinates":[-57.51667,6.2]}},{"type":"Feature","properties":{"Places":"Glastulich","Region":"East Berbice-Corentyne","Pop_2002":20,"DMS":"6 03N 57 35W"},"geometry":{"type":"Point","coordinates":[-57.58333,6.05]}},{"type":"Feature","properties":{"Places":"Glaziers Lust","Region":"Mahaica-Berbice","Pop_2002":60,"DMS":"6 39N 57 52W"},"geometry":{"type":"Point","coordinates":[-57.86667,6.65]}},{"type":"Feature","properties":{"Places":"Godt Zeit Alles","Region":"Upper Demerara-Berbice","Pop_2002":"19) 35","DMS":"5 32N 57 56W"},"geometry":{"type":"Point","coordinates":[-57.93333,5.53333]}},{"type":"Feature","properties":{"Places":"Goed Fortuin","Region":"Essequibo Islands-West Demerara","Pop_2002":3324,"DMS":"6 47N 58 12W"},"geometry":{"type":"Point","coordinates":[-58.2,6.78333]}},{"type":"Feature","properties":{"Places":"Goedverwagting","Region":"Demerara-Mahaica","Pop_2002":1385,"DMS":"6 49N 58 06W"},"geometry":{"type":"Point","coordinates":[-58.1,6.81667]}},{"type":"Feature","properties":{"Places":"Goedverwagting","Region":"Essequibo Islands-West Demerara","Pop_2002":23,"DMS":"6 42N 58 12W"},"geometry":{"type":"Point","coordinates":[-58.2,6.7]}},{"type":"Feature","properties":{"Places":"Golden Fleece","Region":"Mahaica-Berbice","Pop_2002":372,"DMS":"6 30N 57 41W"},"geometry":{"type":"Point","coordinates":[-57.68333,6.5]}},{"type":"Feature","properties":{"Places":"Golden Fleece","Region":"Pomeroon-Supenaam","Pop_2002":793,"DMS":"7 09N 58 29W"},"geometry":{"type":"Point","coordinates":[-58.48333,7.15]}},{"type":"Feature","properties":{"Places":"Golden Grove","Region":"Demerara-Mahaica","Pop_2002":10763,"DMS":"6 42N 58 11W"},"geometry":{"type":"Point","coordinates":[-58.18333,6.7]}},{"type":"Feature","properties":{"Places":"Golden Grove","Region":"Demerara-Mahaica","Pop_2002":2440,"DMS":"6 45N 57 59W"},"geometry":{"type":"Point","coordinates":[-57.98333,6.75]}},{"type":"Feature","properties":{"Places":"Golden Grove","Region":"Mahaica-Berbice","Pop_2002":218,"DMS":"6 25N 57 37W"},"geometry":{"type":"Point","coordinates":[-57.61667,6.41667]}},{"type":"Feature","properties":{"Places":"Gold Hill","Region":"Upper Demerara-Berbice","Pop_2002":28,"DMS":"6 05N 58 18W"},"geometry":{"type":"Point","coordinates":[-58.3,6.08333]}},{"type":"Feature","properties":{"Places":"Goldstone Hall (Gangaram)","Region":"East Berbice-Corentyne","Pop_2002":645,"DMS":"6 13N 57 28W"},"geometry":{"type":"Point","coordinates":[-57.46667,6.21667]}},{"type":"Feature","properties":{"Places":"Good Banana Land","Region":"East Berbice-Corentyne","Pop_2002":657,"DMS":"6 14N 57 29W"},"geometry":{"type":"Point","coordinates":[-57.48333,6.23333]}},{"type":"Feature","properties":{"Places":"Good Faith","Region":"Mahaica-Berbice","Pop_2002":480,"DMS":"6 33N 57 46W"},"geometry":{"type":"Point","coordinates":[-57.76667,6.55]}},{"type":"Feature","properties":{"Places":"Good Hope","Region":"Demerara-Mahaica","Pop_2002":636,"DMS":"6 41N 57 56W"},"geometry":{"type":"Point","coordinates":[-57.93333,6.68333]}},{"type":"Feature","properties":{"Places":"Good Hope","Region":"Demerara-Mahaica","Pop_2002":2507,"DMS":"6 48N 58 03W"},"geometry":{"type":"Point","coordinates":[-58.05,6.8]}},{"type":"Feature","properties":{"Places":"Good Hope","Region":"East Berbice-Corentyne","Pop_2002":61,"DMS":"6 06N 57 12W"},"geometry":{"type":"Point","coordinates":[-57.2,6.1]}},{"type":"Feature","properties":{"Places":"Good Hope","Region":"Essequibo Islands-West Demerara","Pop_2002":361,"DMS":"6 25N 58 18W"},"geometry":{"type":"Point","coordinates":[-58.3,6.41667]}},{"type":"Feature","properties":{"Places":"Good Hope","Region":"Pomeroon-Supenaam","Pop_2002":1278,"DMS":"6 59N 58 30W"},"geometry":{"type":"Point","coordinates":[-58.5,6.98333]}},{"type":"Feature","properties":{"Places":"Good Hope","Region":"Upper Takutu-Upper Essequibo","Pop_2002":"20) 18","DMS":"3 52N 59 35W"},"geometry":{"type":"Point","coordinates":[-59.58333,3.86667]}},{"type":"Feature","properties":{"Places":"Good Intent","Region":"Demerara-Mahaica","Pop_2002":40,"DMS":"6 42N 57 55W"},"geometry":{"type":"Point","coordinates":[-57.91667,6.7]}},{"type":"Feature","properties":{"Places":"Good Intent","Region":"Essequibo Islands-West Demerara","Pop_2002":2046,"DMS":"6 43N 58 12W"},"geometry":{"type":"Point","coordinates":[-58.2,6.71667]}},{"type":"Feature","properties":{"Places":"Good Intent","Region":"Pomeroon-Supenaam","Pop_2002":50,"DMS":"7 00N 58 30W"},"geometry":{"type":"Point","coordinates":[-58.5,7]}},{"type":"Feature","properties":{"Places":"Good Success","Region":"Demerara-Mahaica","Pop_2002":1859,"DMS":"6 41N 58 11W"},"geometry":{"type":"Point","coordinates":[-58.18333,6.68333]}},{"type":"Feature","properties":{"Places":"Good Success","Region":"Essequibo Islands-West Demerara","Pop_2002":259,"DMS":"6 57N 58 28W"},"geometry":{"type":"Point","coordinates":[-58.46667,6.95]}},{"type":"Feature","properties":{"Places":"Gordon Table","Region":"Mahaica-Berbice","Pop_2002":101,"DMS":"6 23N 57 47W"},"geometry":{"type":"Point","coordinates":[-57.78333,6.38333]}},{"type":"Feature","properties":{"Places":"Governor Light","Region":"Mahaica-Berbice","Pop_2002":13,"DMS":"6 27N 57 47W"},"geometry":{"type":"Point","coordinates":[-57.78333,6.45]}},{"type":"Feature","properties":{"Places":"Grass Hook","Region":"Demerara-Mahaica Mahaica-Berbice","Pop_2002":"30 22","DMS":"6 32N 57 55W"},"geometry":{"type":"Point","coordinates":[-57.91667,6.53333]}},{"type":"Feature","properties":{"Places":"Great Diamond (Diamond)","Region":"Demerara-Mahaica","Pop_2002":1677,"DMS":"6 43N 58 11W"},"geometry":{"type":"Point","coordinates":[-58.18333,6.71667]}},{"type":"Feature","properties":{"Places":"Great Falls","Region":"Cuyuni-Mazaruni","Pop_2002":115,"DMS":"5 42N 61 05W"},"geometry":{"type":"Point","coordinates":[-61.08333,5.7]}},{"type":"Feature","properties":{"Places":"Greenfield","Region":"Demerara-Mahaica","Pop_2002":501,"DMS":"6 43N 57 57W"},"geometry":{"type":"Point","coordinates":[-57.95,6.71667]}},{"type":"Feature","properties":{"Places":"Greenwich Park","Region":"Essequibo Islands-West Demerara","Pop_2002":443,"DMS":"6 52N 58 23W"},"geometry":{"type":"Point","coordinates":[-58.38333,6.86667]}},{"type":"Feature","properties":{"Places":"Groenveldt","Region":"Essequibo Islands-West Demerara","Pop_2002":929,"DMS":"6 52N 58 17W"},"geometry":{"type":"Point","coordinates":[-58.28333,6.86667]}},{"type":"Feature","properties":{"Places":"Grove (Chapmanês Grove)","Region":"Demerara-Mahaica","Pop_2002":13,"DMS":"6 42N 57 56W"},"geometry":{"type":"Point","coordinates":[-57.93333,6.7]}},{"type":"Feature","properties":{"Places":"Grove","Region":"Essequibo Islands-West Demerara","Pop_2002":92,"DMS":"6 51N 58 26W"},"geometry":{"type":"Point","coordinates":[-58.43333,6.85]}},{"type":"Feature","properties":{"Places":"Grove","Region":"Mahaica-Berbice","Pop_2002":40,"DMS":"6 34N 57 47W"},"geometry":{"type":"Point","coordinates":[-57.78333,6.56667]}},{"type":"Feature","properties":{"Places":"Gunns Strip","Region":"Upper Takutu-Upper Essequibo","Pop_2002":"21) 247","DMS":"1 45N 58 35W"},"geometry":{"type":"Point","coordinates":[-58.58333,1.75]}},{"type":"Feature","properties":{"Places":"Guyhoc Park","Region":"Demerara-Mahaica","Pop_2002":885,"DMS":"6 47N 58 08W"},"geometry":{"type":"Point","coordinates":[-58.13333,6.78333]}},{"type":"Feature","properties":{"Places":"Hackney","Region":"Pomeroon-Supenaam","Pop_2002":173,"DMS":"7 33N 58 42W"},"geometry":{"type":"Point","coordinates":[-58.7,7.55]}},{"type":"Feature","properties":{"Places":"Hague","Region":"Essequibo Islands-West Demerara","Pop_2002":1534,"DMS":"6 52N 58 16W"},"geometry":{"type":"Point","coordinates":[-58.26667,6.86667]}},{"type":"Feature","properties":{"Places":"Half Mile,  Linden","Region":"Upper Demerara-Berbice","Pop_2002":1080,"DMS":"6 01N 58 19W"},"geometry":{"type":"Point","coordinates":[-58.31667,6.01667]}},{"type":"Feature","properties":{"Places":"Hampshire","Region":"East Berbice-Corentyne","Pop_2002":1927,"DMS":"6 15N 57 22W"},"geometry":{"type":"Point","coordinates":[-57.36667,6.25]}},{"type":"Feature","properties":{"Places":"Hampton Court, Anna Regina","Region":"Pomeroon-Supenaam","Pop_2002":765,"DMS":"7 19N 58 29W"},"geometry":{"type":"Point","coordinates":[-58.48333,7.31667]}},{"type":"Feature","properties":{"Places":"Hand en Veldt","Region":"Demerara-Mahaica","Pop_2002":664,"DMS":"6 41N 57 56W"},"geometry":{"type":"Point","coordinates":[-57.93333,6.68333]}},{"type":"Feature","properties":{"Places":"Handsome Tree (Hansome Tree)","Region":"Demerara-Mahaica","Pop_2002":69,"DMS":"6 33N 57 54W"},"geometry":{"type":"Point","coordinates":[-57.9,6.55]}},{"type":"Feature","properties":{"Places":"Harlem","Region":"Essequibo Islands-West Demerara","Pop_2002":196,"DMS":"6 50N 58 13W"},"geometry":{"type":"Point","coordinates":[-58.21667,6.83333]}},{"type":"Feature","properties":{"Places":"Harmony Hall","Region":"Mahaica-Berbice","Pop_2002":79,"DMS":"6 39N 57 52W"},"geometry":{"type":"Point","coordinates":[-57.86667,6.65]}},{"type":"Feature","properties":{"Places":"Harriet (Number 76 Village) (part of Corriverton)","Region":"East Berbice-Corentyne","Pop_2002":511,"DMS":"5 55N 57 09W"},"geometry":{"type":"Point","coordinates":[-57.15,5.91667]}},{"type":"Feature","properties":{"Places":"Haslington","Region":"Demerara-Mahaica","Pop_2002":2190,"DMS":"6 45N 57 59W"},"geometry":{"type":"Point","coordinates":[-57.98333,6.75]}},{"type":"Feature","properties":{"Places":"Haswell","Region":"East Berbice-Corentyne","Pop_2002":653,"DMS":"6 14N 57 20W"},"geometry":{"type":"Point","coordinates":[-57.33333,6.23333]}},{"type":"Feature","properties":{"Places":"Haversham (Eversham; Number 39 Village)","Region":"East Berbice-Corentyne","Pop_2002":560,"DMS":"6 08N 57 13W"},"geometry":{"type":"Point","coordinates":[-57.21667,6.13333]}},{"type":"Feature","properties":{"Places":"Heathfield","Region":"Pomeroon-Supenaam","Pop_2002":19,"DMS":"7 34N 58 42W"},"geometry":{"type":"Point","coordinates":[-58.7,7.56667]}},{"type":"Feature","properties":{"Places":"Helena No. 1 (Helena)","Region":"Demerara-Mahaica","Pop_2002":815,"DMS":"6 41N 57 55W"},"geometry":{"type":"Point","coordinates":[-57.91667,6.68333]}},{"type":"Feature","properties":{"Places":"Helena No. 2","Region":"Demerara-Mahaica","Pop_2002":633,"DMS":"6 41N 57 56W"},"geometry":{"type":"Point","coordinates":[-57.93333,6.68333]}},{"type":"Feature","properties":{"Places":"Helvetia","Region":"Upper Demerara-Berbice","Pop_2002":14,"DMS":"5 47N 57 43W"},"geometry":{"type":"Point","coordinates":[-57.71667,5.78333]}},{"type":"Feature","properties":{"Places":"Henrietta","Region":"Essequibo Islands-West Demerara","Pop_2002":24,"DMS":"6 54N 58 27W"},"geometry":{"type":"Point","coordinates":[-58.45,6.9]}},{"type":"Feature","properties":{"Places":"Henrietta, Anna Regina","Region":"Pomeroon-Supenaam","Pop_2002":1142,"DMS":"7 16N 58 29W"},"geometry":{"type":"Point","coordinates":[-58.48333,7.26667]}},{"type":"Feature","properties":{"Places":"Hermanstyne","Region":"Essequibo Islands-West Demerara","Pop_2002":25,"DMS":"6 32N 58 16W"},"geometry":{"type":"Point","coordinates":[-58.26667,6.53333]}},{"type":"Feature","properties":{"Places":"Hermitage (Number 13)","Region":"East Berbice-Corentyne","Pop_2002":13,"DMS":"6 17N 57 28W"},"geometry":{"type":"Point","coordinates":[-57.46667,6.28333]}},{"type":"Feature","properties":{"Places":"Hermitage","Region":"Essequibo Islands-West Demerara","Pop_2002":7,"DMS":"6 39N 58 12W"},"geometry":{"type":"Point","coordinates":[-58.2,6.65]}},{"type":"Feature","properties":{"Places":"Herstelling","Region":"Demerara-Mahaica","Pop_2002":3464,"DMS":"6 45N 58 11W"},"geometry":{"type":"Point","coordinates":[-58.18333,6.75]}},{"type":"Feature","properties":{"Places":"Herstelling","Region":"Mahaica-Berbice","Pop_2002":9,"DMS":"6 05N 57 37W"},"geometry":{"type":"Point","coordinates":[-57.61667,6.08333]}},{"type":"Feature","properties":{"Places":"Hiawa","Region":"Upper Takutu-Upper Essequibo","Pop_2002":261,"DMS":"3 23N 59 38W"},"geometry":{"type":"Point","coordinates":[-59.63333,3.38333]}},{"type":"Feature","properties":{"Places":"Hibernia","Region":"Pomeroon-Supenaam","Pop_2002":345,"DMS":"7 02N 58 30W"},"geometry":{"type":"Point","coordinates":[-58.5,7.03333]}},{"type":"Feature","properties":{"Places":"Highbury","Region":"East Berbice-Corentyne","Pop_2002":57,"DMS":"6 10N 57 37W"},"geometry":{"type":"Point","coordinates":[-57.61667,6.16667]}},{"type":"Feature","properties":{"Places":"Hitia (Hittia Settlement)","Region":"Upper Demerara-Berbice","Pop_2002":50,"DMS":"5 48N 57 45W"},"geometry":{"type":"Point","coordinates":[-57.75,5.8]}},{"type":"Feature","properties":{"Places":"Hoff van Aurich","Region":"Pomeroon-Supenaam","Pop_2002":112,"DMS":"7 11N 58 29W"},"geometry":{"type":"Point","coordinates":[-58.48333,7.18333]}},{"type":"Feature","properties":{"Places":"Hofwerk (Hoffwerk)","Region":"Upper Demerara-Berbice","Pop_2002":13,"DMS":"5 46N 57 44W"},"geometry":{"type":"Point","coordinates":[-57.73333,5.76667]}},{"type":"Feature","properties":{"Places":"Hogstye","Region":"East Berbice-Corentyne","Pop_2002":108,"DMS":"6 13N 57 17W"},"geometry":{"type":"Point","coordinates":[-57.28333,6.21667]}},{"type":"Feature","properties":{"Places":"Hong Kong","Region":"East Berbice-Corentyne","Pop_2002":1001,"DMS":"5 56N 57 09W"},"geometry":{"type":"Point","coordinates":[-57.15,5.93333]}},{"type":"Feature","properties":{"Places":"Hoogstraten (Hogstraten)","Region":"Upper Demerara-Berbice","Pop_2002":133,"DMS":"5 42N 57 47W"},"geometry":{"type":"Point","coordinates":[-57.78333,5.7]}},{"type":"Feature","properties":{"Places":"Hope","Region":"Demerara-Mahaica","Pop_2002":16,"DMS":"6 43N 57 58W"},"geometry":{"type":"Point","coordinates":[-57.96667,6.71667]}},{"type":"Feature","properties":{"Places":"Hope","Region":"Demerara-Mahaica","Pop_2002":4425,"DMS":"6 45N 58 00W"},"geometry":{"type":"Point","coordinates":[-58,6.75]}},{"type":"Feature","properties":{"Places":"Hope","Region":"Mahaica-Berbice","Pop_2002":504,"DMS":"6 22N 57 35W"},"geometry":{"type":"Point","coordinates":[-57.58333,6.36667]}},{"type":"Feature","properties":{"Places":"Hope","Region":"Essequibo Islands-West Demerara","Pop_2002":1,"DMS":"6 24N 58 18W"},"geometry":{"type":"Point","coordinates":[-58.3,6.4]}},{"type":"Feature","properties":{"Places":"Hope","Region":"Upper Demerara-Berbice","Pop_2002":51,"DMS":"5 54N 58 21W"},"geometry":{"type":"Point","coordinates":[-58.35,5.9]}},{"type":"Feature","properties":{"Places":"Hopetown","Region":"East Berbice-Corentyne","Pop_2002":11,"DMS":"6 08N 57 37W"},"geometry":{"type":"Point","coordinates":[-57.61667,6.13333]}},{"type":"Feature","properties":{"Places":"Hopetown (Santa Mission)","Region":"Essequibo Islands-West Demerara","Pop_2002":406,"DMS":"6 32N 58 17W"},"geometry":{"type":"Point","coordinates":[-58.28333,6.53333]}},{"type":"Feature","properties":{"Places":"Hopetown","Region":"Mahaica-Berbice","Pop_2002":1315,"DMS":"6 24N 57 36W"},"geometry":{"type":"Point","coordinates":[-57.6,6.4]}},{"type":"Feature","properties":{"Places":"Hosororo","Region":"Barima-Waini","Pop_2002":617,"DMS":"8 10N 59 48W"},"geometry":{"type":"Point","coordinates":[-59.8,8.16667]}},{"type":"Feature","properties":{"Places":"Hotakwai","Region":"Barima-Waini","Pop_2002":394,"DMS":"8 01N 59 49W"},"geometry":{"type":"Point","coordinates":[-59.81667,8.01667]}},{"type":"Feature","properties":{"Places":"Houston, East Bank Demerara","Region":"Demerara-Mahaica","Pop_2002":970,"DMS":"6 47N 58 10W"},"geometry":{"type":"Point","coordinates":[-58.16667,6.78333]}},{"type":"Feature","properties":{"Places":"Hubu","Region":"Essequibo Islands-West Demerara","Pop_2002":139,"DMS":"6 49N 58 28W"},"geometry":{"type":"Point","coordinates":[-58.46667,6.81667]}},{"type":"Feature","properties":{"Places":"Huist TêDieren","Region":"Pomeroon-Supenaam","Pop_2002":426,"DMS":"7 03N 58 29W"},"geometry":{"type":"Point","coordinates":[-58.48333,7.05]}},{"type":"Feature","properties":{"Places":"Huntley","Region":"Mahaica-Berbice","Pop_2002":419,"DMS":"6 34N 57 47W"},"geometry":{"type":"Point","coordinates":[-57.78333,6.56667]}},{"type":"Feature","properties":{"Places":"Hururu","Region":"Upper Demerara-Berbice","Pop_2002":258,"DMS":"5 22N 58 00W"},"geometry":{"type":"Point","coordinates":[-58,5.36667]}},{"type":"Feature","properties":{"Places":"Hururu (Haruru)","Region":"Upper Demerara-Berbice","Pop_2002":"22) 27","DMS":"5 47N 58 23W"},"geometry":{"type":"Point","coordinates":[-58.38333,5.78333]}},{"type":"Feature","properties":{"Places":"Hyde Park","Region":"Essequibo Islands-West Demerara","Pop_2002":266,"DMS":"6 51N 58 26W"},"geometry":{"type":"Point","coordinates":[-58.43333,6.85]}},{"type":"Feature","properties":{"Places":"Hyde Park","Region":"Mahaica-Berbice","Pop_2002":158,"DMS":"6 30N 57 48W"},"geometry":{"type":"Point","coordinates":[-57.8,6.5]}},{"type":"Feature","properties":{"Places":"Hydronie","Region":"Essequibo Islands-West Demerara","Pop_2002":280,"DMS":"6 51N 58 25W"},"geometry":{"type":"Point","coordinates":[-58.41667,6.85]}},{"type":"Feature","properties":{"Places":"Imbaimadai","Region":"Cuyuni-Mazaruni","Pop_2002":127,"DMS":"5 42N 60 18W"},"geometry":{"type":"Point","coordinates":[-60.3,5.7]}},{"type":"Feature","properties":{"Places":"Industrial Estate, Georgetown","Region":"Demerara-Mahaica","Pop_2002":1172,"DMS":"6 48N 58 10W"},"geometry":{"type":"Point","coordinates":[-58.16667,6.8]}},{"type":"Feature","properties":{"Places":"Industry","Region":"Demerara-Mahaica","Pop_2002":2448,"DMS":"6 49N 58 06W"},"geometry":{"type":"Point","coordinates":[-58.1,6.81667]}},{"type":"Feature","properties":{"Places":"Industry (Number 25)","Region":"East Berbice-Corentyne","Pop_2002":9,"DMS":"6 17N 57 26W"},"geometry":{"type":"Point","coordinates":[-57.43333,6.28333]}},{"type":"Feature","properties":{"Places":"Inverness","Region":"Mahaica-Berbice","Pop_2002":375,"DMS":"6 20N 57 34W"},"geometry":{"type":"Point","coordinates":[-57.56667,6.33333]}},{"type":"Feature","properties":{"Places":"Issano","Region":"Cuyuni-Mazaruni","Pop_2002":145,"DMS":"5 49N 59 25W"},"geometry":{"type":"Point","coordinates":[-59.41667,5.81667]}},{"type":"Feature","properties":{"Places":"Itabac","Region":"Potaro-Siparuni","Pop_2002":196,"DMS":"4 36N 60 06W"},"geometry":{"type":"Point","coordinates":[-60.1,4.6]}},{"type":"Feature","properties":{"Places":"Itaballi (Iteballi)","Region":"Cuyuni-Mazaruni","Pop_2002":282,"DMS":"6 23N 58 43W"},"geometry":{"type":"Point","coordinates":[-58.71667,6.38333]}},{"type":"Feature","properties":{"Places":"Ithaca","Region":"Mahaica-Berbice","Pop_2002":460,"DMS":"6 14N 57 33W"},"geometry":{"type":"Point","coordinates":[-57.55,6.23333]}},{"type":"Feature","properties":{"Places":"Ituni","Region":"Upper Demerara-Berbice","Pop_2002":"23) 35","DMS":"5 32N 57 56W"},"geometry":{"type":"Point","coordinates":[-57.93333,5.53333]}},{"type":"Feature","properties":{"Places":"Ituni","Region":"Upper Demerara-Berbice","Pop_2002":733,"DMS":"5 32N 58 15W"},"geometry":{"type":"Point","coordinates":[-58.25,5.53333]}},{"type":"Feature","properties":{"Places":"Jacklow","Region":"Pomeroon-Supenaam","Pop_2002":839,"DMS":"7 20N 58 38W"},"geometry":{"type":"Point","coordinates":[-58.63333,7.33333]}},{"type":"Feature","properties":{"Places":"Jackson","Region":"Pomeroon-Supenaam","Pop_2002":17,"DMS":"7 28N 58 37W"},"geometry":{"type":"Point","coordinates":[-58.61667,7.46667]}},{"type":"Feature","properties":{"Places":"Jackson Creek","Region":"East Berbice-Corentyne","Pop_2002":80,"DMS":"5 48N 57 10W"},"geometry":{"type":"Point","coordinates":[-57.16667,5.8]}},{"type":"Feature","properties":{"Places":"Jacoba","Region":"Mahaica-Berbice","Pop_2002":39,"DMS":"6 27N 57 39W"},"geometry":{"type":"Point","coordinates":[-57.65,6.45]}},{"type":"Feature","properties":{"Places":"Jacoba Constantia","Region":"Essequibo Islands-West Demerara","Pop_2002":84,"DMS":"6 46N 58 16W"},"geometry":{"type":"Point","coordinates":[-58.26667,6.76667]}},{"type":"Feature","properties":{"Places":"Jagt Lust","Region":"Upper Demerara-Berbice","Pop_2002":6,"DMS":"5 37N 57 51W"},"geometry":{"type":"Point","coordinates":[-57.85,5.61667]}},{"type":"Feature","properties":{"Places":"Jalousie","Region":"Demerara-Mahaica","Pop_2002":28,"DMS":"6 20N 58 18W"},"geometry":{"type":"Point","coordinates":[-58.3,6.33333]}},{"type":"Feature","properties":{"Places":"Java (Number 41 Village)","Region":"East Berbice-Corentyne","Pop_2002":27,"DMS":"6 07N 57 12W"},"geometry":{"type":"Point","coordinates":[-57.2,6.11667]}},{"type":"Feature","properties":{"Places":"Java","Region":"Essequibo Islands-West Demerara","Pop_2002":76,"DMS":"6 46N 58 14W"},"geometry":{"type":"Point","coordinates":[-58.23333,6.76667]}},{"type":"Feature","properties":{"Places":"Joanna (Johanna)","Region":"East Berbice-Corentyne","Pop_2002":1189,"DMS":"6 04N 57 16W"},"geometry":{"type":"Point","coordinates":[-57.26667,6.06667]}},{"type":"Feature","properties":{"Places":"Joe Hook","Region":"Demerara-Mahaica Mahaica-Berbice","Pop_2002":"13 74","DMS":"6 32N 57 56W"},"geometry":{"type":"Point","coordinates":[-57.93333,6.53333]}},{"type":"Feature","properties":{"Places":"Johanna","Region":"Mahaica-Berbice","Pop_2002":26,"DMS":"6 28N 57 48W"},"geometry":{"type":"Point","coordinates":[-57.8,6.46667]}},{"type":"Feature","properties":{"Places":"Johanna","Region":"Upper Demerara-Berbice","Pop_2002":63,"DMS":"5 46N 57 43W"},"geometry":{"type":"Point","coordinates":[-57.71667,5.76667]}},{"type":"Feature","properties":{"Places":"Johanna Cecelia (Johanna Cecilia)","Region":"Pomeroon-Supenaam","Pop_2002":743,"DMS":"7 08N 58 29W"},"geometry":{"type":"Point","coordinates":[-58.48333,7.13333]}},{"type":"Feature","properties":{"Places":"John","Region":"Demerara-Mahaica","Pop_2002":237,"DMS":"6 45N 57 59W"},"geometry":{"type":"Point","coordinates":[-57.98333,6.75]}},{"type":"Feature","properties":{"Places":"John","Region":"East Berbice-Corentyne","Pop_2002":644,"DMS":"6 14N 57 20W"},"geometry":{"type":"Point","coordinates":[-57.33333,6.23333]}},{"type":"Feature","properties":{"Places":"Joppa (Number 43 Village)","Region":"East Berbice-Corentyne","Pop_2002":408,"DMS":"6 06N 57 12W"},"geometry":{"type":"Point","coordinates":[-57.2,6.1]}},{"type":"Feature","properties":{"Places":"Joyce Phillips","Region":"Demerara-Mahaica","Pop_2002":521,"DMS":"6 39N 57 55W"},"geometry":{"type":"Point","coordinates":[-57.91667,6.65]}},{"type":"Feature","properties":{"Places":"Juliana","Region":"Upper Demerara-Berbice","Pop_2002":74,"DMS":"5 41N 57 47W"},"geometry":{"type":"Point","coordinates":[-57.78333,5.68333]}},{"type":"Feature","properties":{"Places":"Kabakaburi","Region":"Pomeroon-Supenaam","Pop_2002":551,"DMS":"7 15N 58 43W"},"geometry":{"type":"Point","coordinates":[-58.71667,7.25]}},{"type":"Feature","properties":{"Places":"Kaibarupai","Region":"Potaro-Siparuni","Pop_2002":407,"DMS":"5 03N 59 58W"},"geometry":{"type":"Point","coordinates":[-59.96667,5.05]}},{"type":"Feature","properties":{"Places":"Kaicumbay","Region":"Upper Takutu-Upper Essequibo","Pop_2002":"24) 390","DMS":"3 33N 59 25W"},"geometry":{"type":"Point","coordinates":[-59.41667,3.55]}},{"type":"Feature","properties":{"Places":"Kaieteur","Region":"Potaro-Siparuni","Pop_2002":"25) 24","DMS":"5 09N 59 29W"},"geometry":{"type":"Point","coordinates":[-59.48333,5.15]}},{"type":"Feature","properties":{"Places":"Kairuni","Region":"Demerara-Mahaica","Pop_2002":244,"DMS":"6 10N 58 14W"},"geometry":{"type":"Point","coordinates":[-58.23333,6.16667]}},{"type":"Feature","properties":{"Places":"Kakatiri (Johanna Cornelia)","Region":"Essequibo Islands-West Demerara","Pop_2002":91,"DMS":"6 49N 58 27W"},"geometry":{"type":"Point","coordinates":[-58.45,6.81667]}},{"type":"Feature","properties":{"Places":"Kamarang","Region":"Cuyuni-Mazaruni","Pop_2002":349,"DMS":"5 52N 60 37W"},"geometry":{"type":"Point","coordinates":[-60.61667,5.86667]}},{"type":"Feature","properties":{"Places":"Kanapang","Region":"Potaro-Siparuni","Pop_2002":"26) 96","DMS":"4 32N 60 08W"},"geometry":{"type":"Point","coordinates":[-60.13333,4.53333]}},{"type":"Feature","properties":{"Places":"Kara (Karrau)","Region":"Cuyuni-Mazaruni","Pop_2002":227,"DMS":"6 25N 58 39W"},"geometry":{"type":"Point","coordinates":[-58.65,6.41667]}},{"type":"Feature","properties":{"Places":"Kara Kara (part of Linden)","Region":"Upper Demerara-Berbice","Pop_2002":889,"DMS":"6 01N 58 17W"},"geometry":{"type":"Point","coordinates":[-58.28333,6.01667]}},{"type":"Feature","properties":{"Places":"Karanambo","Region":"Upper Takutu-Upper Essequibo","Pop_2002":666,"DMS":"3 45N 59 18W"},"geometry":{"type":"Point","coordinates":[-59.3,3.75]}},{"type":"Feature","properties":{"Places":"Karasabai","Region":"Upper Takutu-Upper Essequibo","Pop_2002":"27) 953","DMS":"4 02N 59 32W"},"geometry":{"type":"Point","coordinates":[-59.53333,4.03333]}},{"type":"Feature","properties":{"Places":"Karaudanawa (Karaudanau)","Region":"Upper Takutu-Upper Essequibo","Pop_2002":"28) 550","DMS":"2 24N 59 28W"},"geometry":{"type":"Point","coordinates":[-59.46667,2.4]}},{"type":"Feature","properties":{"Places":"Karawab","Region":"Pomeroon-Supenaam","Pop_2002":461,"DMS":"7 15N 58 50W"},"geometry":{"type":"Point","coordinates":[-58.83333,7.25]}},{"type":"Feature","properties":{"Places":"Kariakau (Kariaku)","Region":"Barima-Waini","Pop_2002":298,"DMS":"7 22N 59 42W"},"geometry":{"type":"Point","coordinates":[-59.7,7.36667]}},{"type":"Feature","properties":{"Places":"Karisparu","Region":"Potaro-Siparuni","Pop_2002":"29) 140","DMS":"4 52N 59 29W"},"geometry":{"type":"Point","coordinates":[-59.48333,4.86667]}},{"type":"Feature","properties":{"Places":"Kato (Karto)","Region":"Potaro-Siparuni","Pop_2002":650,"DMS":"4 40N 59 50W"},"geometry":{"type":"Point","coordinates":[-59.83333,4.66667]}},{"type":"Feature","properties":{"Places":"Katoonarib (Catunarib; Katunarib)","Region":"Upper Takutu-Upper Essequibo","Pop_2002":"308 30) 405","DMS":"2 46N 59 36W"},"geometry":{"type":"Point","coordinates":[-59.6,2.76667]}},{"type":"Feature","properties":{"Places":"Kendalls (Number 19)","Region":"East Berbice-Corentyne","Pop_2002":382,"DMS":"6 17N 57 27W"},"geometry":{"type":"Point","coordinates":[-57.45,6.28333]}},{"type":"Feature","properties":{"Places":"Kibilibiri","Region":"Upper Demerara-Berbice","Pop_2002":18,"DMS":"5 25N 57 59W"},"geometry":{"type":"Point","coordinates":[-57.98333,5.41667]}},{"type":"Feature","properties":{"Places":"Kilcoy (Number 4 Village, western portion)","Region":"East Berbice-Corentyne","Pop_2002":1071,"DMS":"6 16N 57 23W"},"geometry":{"type":"Point","coordinates":[-57.38333,6.26667]}},{"type":"Feature","properties":{"Places":"Kildonan","Region":"East Berbice-Corentyne","Pop_2002":523,"DMS":"6 12N 57 16W"},"geometry":{"type":"Point","coordinates":[-57.26667,6.2]}},{"type":"Feature","properties":{"Places":"Kilmarnock","Region":"East Berbice-Corentyne","Pop_2002":163,"DMS":"6 11N 57 15W"},"geometry":{"type":"Point","coordinates":[-57.25,6.18333]}},{"type":"Feature","properties":{"Places":"Kiltairn (Number 38 Village)","Region":"East Berbice-Corentyne","Pop_2002":493,"DMS":"6 08N 57 13W"},"geometry":{"type":"Point","coordinates":[-57.21667,6.13333]}},{"type":"Feature","properties":{"Places":"Kimbia","Region":"Upper Demerara-Berbice","Pop_2002":39,"DMS":"5 42N 57 46W"},"geometry":{"type":"Point","coordinates":[-57.76667,5.7]}},{"type":"Feature","properties":{"Places":"Kingelly","Region":"Mahaica-Berbice","Pop_2002":295,"DMS":"6 27N 57 39W"},"geometry":{"type":"Point","coordinates":[-57.65,6.45]}},{"type":"Feature","properties":{"Places":"Kingston, Georgetown","Region":"Demerara-Mahaica","Pop_2002":1280,"DMS":"6 49N 58 10W"},"geometry":{"type":"Point","coordinates":[-58.16667,6.81667]}},{"type":"Feature","properties":{"Places":"Kingston","Region":"Essequibo Islands-West Demerara","Pop_2002":91,"DMS":"6 56N 58 24W"},"geometry":{"type":"Point","coordinates":[-58.4,6.93333]}},{"type":"Feature","properties":{"Places":"Kitty","Region":"Demerara-Mahaica","Pop_2002":9794,"DMS":"6 49N 58 08W"},"geometry":{"type":"Point","coordinates":[-58.13333,6.81667]}},{"type":"Feature","properties":{"Places":"Kitty","Region":"East Berbice-Corentyne","Pop_2002":5,"DMS":"6 08N 57 37W"},"geometry":{"type":"Point","coordinates":[-57.61667,6.13333]}},{"type":"Feature","properties":{"Places":"Kitty","Region":"Pomeroon-Supenaam","Pop_2002":108,"DMS":"7 32N 58 40W"},"geometry":{"type":"Point","coordinates":[-58.66667,7.53333]}},{"type":"Feature","properties":{"Places":"Klien Pouderoyen","Region":"Essequibo Islands-West Demerara","Pop_2002":4111,"DMS":"6 48N 58 12W"},"geometry":{"type":"Point","coordinates":[-58.2,6.8]}},{"type":"Feature","properties":{"Places":"Klyzenaar","Region":"Mahaica-Berbice","Pop_2002":8,"DMS":"6 38N 57 54W"},"geometry":{"type":"Point","coordinates":[-57.9,6.63333]}},{"type":"Feature","properties":{"Places":"Kokerite (Kokerit)","Region":"Barima-Waini","Pop_2002":83,"DMS":"7 20N 59 34W"},"geometry":{"type":"Point","coordinates":[-59.56667,7.33333]}},{"type":"Feature","properties":{"Places":"Konashen (Kanashen)","Region":"Upper Takutu-Upper Essequibo","Pop_2002":"31) 247","DMS":"1 34N 58 41W"},"geometry":{"type":"Point","coordinates":[-58.68333,1.56667]}},{"type":"Feature","properties":{"Places":"Konawaruk","Region":"Potaro-Siparuni","Pop_2002":194,"DMS":"5 16N 59 00W"},"geometry":{"type":"Point","coordinates":[-59,5.26667]}},{"type":"Feature","properties":{"Places":"Kopinang","Region":"Potaro-Siparuni","Pop_2002":"32) 258","DMS":"4 56N 59 48W"},"geometry":{"type":"Point","coordinates":[-59.8,4.93333]}},{"type":"Feature","properties":{"Places":"Kortberaad","Region":"East Berbice-Corentyne","Pop_2002":283,"DMS":"6 10N 57 34W"},"geometry":{"type":"Point","coordinates":[-57.56667,6.16667]}},{"type":"Feature","properties":{"Places":"Krapa","Region":"Mahaica-Berbice","Pop_2002":8,"DMS":"6 32N 57 55N"},"geometry":{"type":"Point","coordinates":[-57.91667,6.53333]}},{"type":"Feature","properties":{"Places":"Kularu (part of Linden)","Region":"Upper Demerara-Berbice","Pop_2002":7,"DMS":"5 57N 58 20W"},"geometry":{"type":"Point","coordinates":[-58.33333,5.95]}},{"type":"Feature","properties":{"Places":"Kumaka","Region":"Barima-Waini","Pop_2002":176,"DMS":"7 39N 58 57W"},"geometry":{"type":"Point","coordinates":[-58.95,7.65]}},{"type":"Feature","properties":{"Places":"Kumaka","Region":"Barima-Waini","Pop_2002":481,"DMS":"8 12N 59 48W"},"geometry":{"type":"Point","coordinates":[-59.8,8.2]}},{"type":"Feature","properties":{"Places":"Kumaka","Region":"Upper Demerara-Berbice","Pop_2002":38,"DMS":"5 35N 57 56W"},"geometry":{"type":"Point","coordinates":[-57.93333,5.58333]}},{"type":"Feature","properties":{"Places":"Kumaru","Region":"Upper Demerara-Berbice","Pop_2002":17,"DMS":"5 53N 58 21W"},"geometry":{"type":"Point","coordinates":[-58.35,5.88333]}},{"type":"Feature","properties":{"Places":"Kumu (Basha)","Region":"Upper Takutu-Upper Essequibo","Pop_2002":308,"DMS":"3 19N 59 49W"},"geometry":{"type":"Point","coordinates":[-59.81667,3.31667]}},{"type":"Feature","properties":{"Places":"Kuroba","Region":"Cuyuni-Mazaruni","Pop_2002":92,"DMS":"5 54N 60 35W"},"geometry":{"type":"Point","coordinates":[-60.58333,5.9]}},{"type":"Feature","properties":{"Places":"Kurukabaru (Kurikebaru)","Region":"Potaro-Siparuni","Pop_2002":633,"DMS":"4 45N 59 54W"},"geometry":{"type":"Point","coordinates":[-59.9,4.75]}},{"type":"Feature","properties":{"Places":"Kuru Kuru","Region":"Demerara-Mahaica","Pop_2002":3080,"DMS":"6 32N 58 12W"},"geometry":{"type":"Point","coordinates":[-58.2,6.53333]}},{"type":"Feature","properties":{"Places":"Kuru Kururu","Region":"Demerara-Mahaica","Pop_2002":538,"DMS":"6 33N 58 12W"},"geometry":{"type":"Point","coordinates":[-58.2,6.55]}},{"type":"Feature","properties":{"Places":"Kurupukari","Region":"Potaro-Siparuni","Pop_2002":464,"DMS":"4 40N 58 40W"},"geometry":{"type":"Point","coordinates":[-58.66667,4.66667]}},{"type":"Feature","properties":{"Places":"Kurupung","Region":"Cuyuni-Mazaruni","Pop_2002":316,"DMS":"6 14N 60 10W"},"geometry":{"type":"Point","coordinates":[-60.16667,6.23333]}},{"type":"Feature","properties":{"Places":"Kuyuwini","Region":"Upper Takutu-Upper Essequibo","Pop_2002":"33) 247","DMS":"2 06N 59 15W"},"geometry":{"type":"Point","coordinates":[-59.25,2.1]}},{"type":"Feature","properties":{"Places":"Kwabanna","Region":"Barima-Waini","Pop_2002":524,"DMS":"7 33N 59 09W"},"geometry":{"type":"Point","coordinates":[-59.15,7.55]}},{"type":"Feature","properties":{"Places":"Kwaimatta","Region":"Upper Takutu-Upper Essequibo","Pop_2002":101,"DMS":"3 49N 59 20W"},"geometry":{"type":"Point","coordinates":[-59.33333,3.81667]}},{"type":"Feature","properties":{"Places":"Kwakwani","Region":"Upper Demerara-Berbice","Pop_2002":2330,"DMS":"5 16N 58 04W"},"geometry":{"type":"Point","coordinates":[-58.06667,5.26667]}},{"type":"Feature","properties":{"Places":"Kwatamang","Region":"Upper Takutu-Upper Essequibo","Pop_2002":277,"DMS":"3 55N 59 07W"},"geometry":{"type":"Point","coordinates":[-59.11667,3.91667]}},{"type":"Feature","properties":{"Places":"Kwatata","Region":"Upper Takutu-Upper Essequibo","Pop_2002":"34) 390","DMS":"3 38N 59 30W"},"geometry":{"type":"Point","coordinates":[-59.5,3.63333]}},{"type":"Feature","properties":{"Places":"La Bagatelle (Bagatelle)","Region":"Demerara-Mahaica","Pop_2002":373,"DMS":"6 39N 57 55W"},"geometry":{"type":"Point","coordinates":[-57.91667,6.65]}},{"type":"Feature","properties":{"Places":"La Bagatelle","Region":"Essequibo Islands-West Demerara","Pop_2002":495,"DMS":"6 55N 58 24W"},"geometry":{"type":"Point","coordinates":[-58.4,6.91667]}},{"type":"Feature","properties":{"Places":"La Belle Alliance, Anna Regina","Region":"Pomeroon-Supenaam","Pop_2002":318,"DMS":"7 17N 58 29W"},"geometry":{"type":"Point","coordinates":[-58.48333,7.28333]}},{"type":"Feature","properties":{"Places":"La Bonne Intention","Region":"Demerara-Mahaica","Pop_2002":2356,"DMS":"6 48N 58 04W"},"geometry":{"type":"Point","coordinates":[-58.06667,6.8]}},{"type":"Feature","properties":{"Places":"La Bonne Mere","Region":"Demerara-Mahaica","Pop_2002":3,"DMS":"6 39N 57 56W"},"geometry":{"type":"Point","coordinates":[-57.93333,6.65]}},{"type":"Feature","properties":{"Places":"Lacytown","Region":"Demerara-Mahaica","Pop_2002":740,"DMS":"6 49N 58 10W"},"geometry":{"type":"Point","coordinates":[-58.16667,6.81667]}},{"type":"Feature","properties":{"Places":"La Grange","Region":"Essequibo Islands-West Demerara","Pop_2002":3741,"DMS":"6 46N 58 12W"},"geometry":{"type":"Point","coordinates":[-58.2,6.76667]}},{"type":"Feature","properties":{"Places":"La Harmonie","Region":"Essequibo Islands-West Demerara","Pop_2002":11,"DMS":"6 37N 58 13W"},"geometry":{"type":"Point","coordinates":[-58.21667,6.61667]}},{"type":"Feature","properties":{"Places":"Laing Avenue, Georgetown","Region":"Demerara-Mahaica","Pop_2002":1474,"DMS":"6 48N 58 10W"},"geometry":{"type":"Point","coordinates":[-58.16667,6.8]}},{"type":"Feature","properties":{"Places":"La Jalousie","Region":"Essequibo Islands-West Demerara","Pop_2002":970,"DMS":"6 51N 58 15W"},"geometry":{"type":"Point","coordinates":[-58.25,6.85]}},{"type":"Feature","properties":{"Places":"La Jeanette","Region":"Mahaica-Berbice","Pop_2002":29,"DMS":"6 39N 57 54W"},"geometry":{"type":"Point","coordinates":[-57.9,6.65]}},{"type":"Feature","properties":{"Places":"Laluni","Region":"Demerara-Mahaica","Pop_2002":617,"DMS":"6 32N 58 06W"},"geometry":{"type":"Point","coordinates":[-58.1,6.53333]}},{"type":"Feature","properties":{"Places":"Lamaha Gardens, Georgetown","Region":"Demerara-Mahaica","Pop_2002":642,"DMS":"6 48N 58 08W"},"geometry":{"type":"Point","coordinates":[-58.13333,6.8]}},{"type":"Feature","properties":{"Places":"Lamaha Park,Georgetown","Region":"Demerara-Mahaica","Pop_2002":810,"DMS":"6 47N 58 08W"},"geometry":{"type":"Point","coordinates":[-58.13333,6.78333]}},{"type":"Feature","properties":{"Places":"Lamaha Springs","Region":"Demerara-Mahaica","Pop_2002":70,"DMS":"6 47N 58 07W"},"geometry":{"type":"Point","coordinates":[-58.11667,6.78333]}},{"type":"Feature","properties":{"Places":"Lana","Region":"Demerara-Mahaica","Pop_2002":8,"DMS":"6 30N 58 17W"},"geometry":{"type":"Point","coordinates":[-58.28333,6.5]}},{"type":"Feature","properties":{"Places":"Lancaster","Region":"Demerara-Mahaica","Pop_2002":1069,"DMS":"6 43N 57 56W"},"geometry":{"type":"Point","coordinates":[-57.93333,6.71667]}},{"type":"Feature","properties":{"Places":"Lancaster","Region":"East Berbice-Corentyne","Pop_2002":669,"DMS":"6 13N 57 19W"},"geometry":{"type":"Point","coordinates":[-57.31667,6.21667]}},{"type":"Feature","properties":{"Places":"Land of Canaan","Region":"Demerara-Mahaica","Pop_2002":1828,"DMS":"6 36N 58 12W"},"geometry":{"type":"Point","coordinates":[-58.2,6.6]}},{"type":"Feature","properties":{"Places":"Land of Lust","Region":"Mahaica-Berbice","Pop_2002":35,"DMS":"6 31N 57 48W"},"geometry":{"type":"Point","coordinates":[-57.8,6.51667]}},{"type":"Feature","properties":{"Places":"Land of Plenty","Region":"Pomeroon-Supenaam","Pop_2002":180,"DMS":"7 14N 58 29W"},"geometry":{"type":"Point","coordinates":[-58.48333,7.23333]}},{"type":"Feature","properties":{"Places":"Land of Promise","Region":"Pomeroon-Supenaam","Pop_2002":98,"DMS":"7 31N 58 39W"},"geometry":{"type":"Point","coordinates":[-58.65,7.51667]}},{"type":"Feature","properties":{"Places":"Landskroon (Landskroom)","Region":"Upper Demerara-Berbice","Pop_2002":4,"DMS":"5 38N 57 52W"},"geometry":{"type":"Point","coordinates":[-57.86667,5.63333]}},{"type":"Feature","properties":{"Places":"La Parfaite Harmonie","Region":"Essequibo Islands-West Demerara","Pop_2002":6,"DMS":"6 46N 58 14W"},"geometry":{"type":"Point","coordinates":[-58.23333,6.76667]}},{"type":"Feature","properties":{"Places":"La Penitence, Georgetown","Region":"Demerara-Mahaica","Pop_2002":1237,"DMS":"6 48N 58 10W"},"geometry":{"type":"Point","coordinates":[-58.16667,6.8]}},{"type":"Feature","properties":{"Places":"La Raisonable","Region":"Mahaica-Berbice","Pop_2002":53,"DMS":"6 35N 57 48W"},"geometry":{"type":"Point","coordinates":[-57.8,6.58333]}},{"type":"Feature","properties":{"Places":"La Reconnaissance","Region":"Demerara-Mahaica","Pop_2002":2764,"DMS":"6 48N 58 02W"},"geometry":{"type":"Point","coordinates":[-58.03333,6.8]}},{"type":"Feature","properties":{"Places":"La Resource","Region":"Essequibo Islands-West Demerara","Pop_2002":1,"DMS":"6 44N 58 15W"},"geometry":{"type":"Point","coordinates":[-58.25,6.73333]}},{"type":"Feature","properties":{"Places":"La Resource","Region":"Pomeroon-Supenaam","Pop_2002":9,"DMS":"7 23N 58 31W"},"geometry":{"type":"Point","coordinates":[-58.51667,7.38333]}},{"type":"Feature","properties":{"Places":"La Retraite","Region":"Essequibo Islands-West Demerara","Pop_2002":415,"DMS":"6 44N 58 12W"},"geometry":{"type":"Point","coordinates":[-58.2,6.73333]}},{"type":"Feature","properties":{"Places":"Larimakabra","Region":"Essequibo Islands-West Demerara","Pop_2002":94,"DMS":"6 47N 58 29W"},"geometry":{"type":"Point","coordinates":[-58.48333,6.78333]}},{"type":"Feature","properties":{"Places":"Le Desir","Region":"Essequibo Islands-West Demerara","Pop_2002":54,"DMS":"6 46N 58 16W"},"geometry":{"type":"Point","coordinates":[-58.26667,6.76667]}},{"type":"Feature","properties":{"Places":"Le Destin","Region":"Essequibo Islands-West Demerara","Pop_2002":72,"DMS":"6 52N 58 24W"},"geometry":{"type":"Point","coordinates":[-58.4,6.86667]}},{"type":"Feature","properties":{"Places":"Leert Zorgen","Region":"Essequibo Islands-West Demerara","Pop_2002":46,"DMS":"6 35N 58 14W"},"geometry":{"type":"Point","coordinates":[-58.23333,6.58333]}},{"type":"Feature","properties":{"Places":"LêEnterprise","Region":"East Berbice-Corentyne","Pop_2002":6,"DMS":"6 02N 57 36W"},"geometry":{"type":"Point","coordinates":[-57.6,6.03333]}},{"type":"Feature","properties":{"Places":"LêEnterprise","Region":"Mahaica-Berbice","Pop_2002":76,"DMS":"6 34N 57 48W"},"geometry":{"type":"Point","coordinates":[-57.8,6.56667]}},{"type":"Feature","properties":{"Places":"Leonora","Region":"Essequibo Islands-West Demerara","Pop_2002":1766,"DMS":"6 52N 58 17W"},"geometry":{"type":"Point","coordinates":[-58.28333,6.86667]}},{"type":"Feature","properties":{"Places":"Le Ressouvenir","Region":"Demerara-Mahaica","Pop_2002":504,"DMS":"6 49N 58 04W"},"geometry":{"type":"Point","coordinates":[-58.06667,6.81667]}},{"type":"Feature","properties":{"Places":"Lesbeholden","Region":"East Berbice-Corentyne","Pop_2002":843,"DMS":"6 09N 57 18W"},"geometry":{"type":"Point","coordinates":[-57.3,6.15]}},{"type":"Feature","properties":{"Places":"LêEsperance","Region":"Essequibo Islands-West Demerara","Pop_2002":125,"DMS":"6 46N 58 17W"},"geometry":{"type":"Point","coordinates":[-58.28333,6.76667]}},{"type":"Feature","properties":{"Places":"Lethem (formerly Bon Success) ","Region":"Upper Takutu-Upper Essequibo","Pop_2002":1158,"DMS":"3 23N 59 48W"},"geometry":{"type":"Point","coordinates":[-59.8,3.38333]}},{"type":"Feature","properties":{"Places":"Letter Kenny","Region":"East Berbice-Corentyne","Pop_2002":1004,"DMS":"6 14N 57 19W"},"geometry":{"type":"Point","coordinates":[-57.31667,6.23333]}},{"type":"Feature","properties":{"Places":"Letter T","Region":"Mahaica-Berbice","Pop_2002":3,"DMS":"6 32N 57 44W"},"geometry":{"type":"Point","coordinates":[-57.73333,6.53333]}},{"type":"Feature","properties":{"Places":"Lewis Manor (Number 9)","Region":"East Berbice-Corentyne","Pop_2002":47,"DMS":"6 17N 57 29W"},"geometry":{"type":"Point","coordinates":[-57.48333,6.28333]}},{"type":"Feature","properties":{"Places":"Leyden","Region":"Essequibo Islands-West Demerara","Pop_2002":4,"DMS":"6 19N 58 18W"},"geometry":{"type":"Point","coordinates":[-58.3,6.31667]}},{"type":"Feature","properties":{"Places":"LêHeureuse Adventure","Region":"Essequibo Islands-West Demerara","Pop_2002":28,"DMS":"6 46N 58 14W"},"geometry":{"type":"Point","coordinates":[-58.23333,6.76667]}},{"type":"Feature","properties":{"Places":"Lichfield","Region":"Mahaica-Berbice","Pop_2002":570,"DMS":"6 28N 57 40W"},"geometry":{"type":"Point","coordinates":[-57.66667,6.46667]}},{"type":"Feature","properties":{"Places":"Light Town","Region":"East Berbice-Corentyne","Pop_2002":130,"DMS":"6 10N 57 38W"},"geometry":{"type":"Point","coordinates":[-57.63333,6.16667]}},{"type":"Feature","properties":{"Places":"Lilienburg","Region":"Upper Demerara-Berbice","Pop_2002":30,"DMS":"5 42N 57 47W"},"geometry":{"type":"Point","coordinates":[-57.78333,5.7]}},{"type":"Feature","properties":{"Places":"Liliendaal","Region":"Demerara-Mahaica","Pop_2002":2120,"DMS":"6 49N 58 07W"},"geometry":{"type":"Point","coordinates":[-58.11667,6.81667]}},{"type":"Feature","properties":{"Places":"Lillydale","Region":"Pomeroon-Supenaam","Pop_2002":35,"DMS":"7 32N 58 40W"},"geometry":{"type":"Point","coordinates":[-58.66667,7.53333]}},{"type":"Feature","properties":{"Places":"Lima (part of Anna Regina)","Region":"Pomeroon-Supenaam","Pop_2002":1454,"DMS":"7 17N 58 29W"},"geometry":{"type":"Point","coordinates":[-58.48333,7.28333]}},{"type":"Feature","properties":{"Places":"Limlair","Region":"East Berbice-Corentyne","Pop_2002":477,"DMS":"6 13N 57 17W"},"geometry":{"type":"Point","coordinates":[-57.28333,6.21667]}},{"type":"Feature","properties":{"Places":"Linden (29 April 1970-Feb. 1971, Macmarburg) [t 29 April 1970]","Region":"Upper Demerara-Berbice","Pop_2002":29298,"DMS":"6 00N 58 18W"},"geometry":{"type":"Point","coordinates":[-58.3,6]}},{"type":"Feature","properties":{"Places":"Little Baiabu (Little Biabu)","Region":"Mahaica-Berbice","Pop_2002":301,"DMS":"6 33N 57 53W"},"geometry":{"type":"Point","coordinates":[-57.88333,6.55]}},{"type":"Feature","properties":{"Places":"Little Bleyendaal","Region":"East Berbice-Corentyne","Pop_2002":1413,"DMS":"6 13N 57 29W"},"geometry":{"type":"Point","coordinates":[-57.48333,6.21667]}},{"type":"Feature","properties":{"Places":"Little Diamond","Region":"Demerara-Mahaica","Pop_2002":938,"DMS":"6 44N 58 11W"},"geometry":{"type":"Point","coordinates":[-58.18333,6.73333]}},{"type":"Feature","properties":{"Places":"Little Massiah (Number 71 Village)","Region":"East Berbice-Corentyne","Pop_2002":770,"DMS":"5 56N 57 09W"},"geometry":{"type":"Point","coordinates":[-57.15,5.93333]}},{"type":"Feature","properties":{"Places":"Liverpool","Region":"East Berbice-Corentyne","Pop_2002":808,"DMS":"6 13N 57 18W"},"geometry":{"type":"Point","coordinates":[-57.3,6.21667]}},{"type":"Feature","properties":{"Places":"Lochaber","Region":"East Berbice-Corentyne","Pop_2002":335,"DMS":"6 14N 57 30W"},"geometry":{"type":"Point","coordinates":[-57.5,6.23333]}},{"type":"Feature","properties":{"Places":"Lodge","Region":"Demerara-Mahaica","Pop_2002":5899,"DMS":"6 48N 58 09W"},"geometry":{"type":"Point","coordinates":[-58.15,6.8]}},{"type":"Feature","properties":{"Places":"Lodge Housing Scheme (part of Georgetown)","Region":"Demerara-Mahaica","Pop_2002":693,"DMS":"6 48N 58 08W"},"geometry":{"type":"Point","coordinates":[-58.13333,6.8]}},{"type":"Feature","properties":{"Places":"Lonsdale","Region":"East Berbice-Corentyne","Pop_2002":206,"DMS":"6 11N 57 33W"},"geometry":{"type":"Point","coordinates":[-57.55,6.18333]}},{"type":"Feature","properties":{"Places":"Lookabu","Region":"Essequibo Islands-West Demerara","Pop_2002":48,"DMS":"6 48N 58 29W"},"geometry":{"type":"Point","coordinates":[-58.48333,6.8]}},{"type":"Feature","properties":{"Places":"Look Out","Region":"Essequibo Islands-West Demerara","Pop_2002":196,"DMS":"6 51N 58 27W"},"geometry":{"type":"Point","coordinates":[-58.45,6.85]}},{"type":"Feature","properties":{"Places":"LêOratoire","Region":"Essequibo Islands-West Demerara","Pop_2002":235,"DMS":"6 46N 58 14W"},"geometry":{"type":"Point","coordinates":[-58.23333,6.76667]}},{"type":"Feature","properties":{"Places":"Lovely Lass","Region":"Mahaica-Berbice","Pop_2002":607,"DMS":"6 25N 57 37W"},"geometry":{"type":"Point","coordinates":[-57.61667,6.41667]}},{"type":"Feature","properties":{"Places":"Lower Simerie","Region":"Upper Demerara-Berbice","Pop_2002":24,"DMS":"5 56N 58 19W"},"geometry":{"type":"Point","coordinates":[-58.31667,5.93333]}},{"type":"Feature","properties":{"Places":"Lowlands","Region":"Demerara-Mahaica","Pop_2002":253,"DMS":"6 44N 57 58W"},"geometry":{"type":"Point","coordinates":[-57.96667,6.73333]}},{"type":"Feature","properties":{"Places":"Low Wood","Region":"Demerara-Mahaica","Pop_2002":66,"DMS":"6 24N 58 17W"},"geometry":{"type":"Point","coordinates":[-58.28333,6.4]}},{"type":"Feature","properties":{"Places":"Lucky Spot (part of Linden)","Region":"Upper Demerara-Berbice","Pop_2002":18,"DMS":"5 59N 58 19W"},"geometry":{"type":"Point","coordinates":[-58.31667,5.98333]}},{"type":"Feature","properties":{"Places":"Lumidpau (Lumid Pau)","Region":"Upper Takutu-Upper Essequibo","Pop_2002":"35) 550","DMS":"2 24N 59 26W"},"geometry":{"type":"Point","coordinates":[-59.43333,2.4]}},{"type":"Feature","properties":{"Places":"LêUnion","Region":"Pomeroon-Supenaam","Pop_2002":57,"DMS":"7 11N 58 29W"},"geometry":{"type":"Point","coordinates":[-58.48333,7.18333]}},{"type":"Feature","properties":{"Places":"Lusignan","Region":"Demerara-Mahaica","Pop_2002":2059,"DMS":"6 48N 58 03W"},"geometry":{"type":"Point","coordinates":[-58.05,6.8]}},{"type":"Feature","properties":{"Places":"Mabaruma","Region":"Barima-Waini","Pop_2002":"391 36) 764","DMS":"8 12N 59 47W"},"geometry":{"type":"Point","coordinates":[-59.78333,8.2]}},{"type":"Feature","properties":{"Places":"Mabura Hill","Region":"Upper Demerara-Berbice","Pop_2002":446,"DMS":"5 18N 58 42W"},"geometry":{"type":"Point","coordinates":[-58.7,5.3]}},{"type":"Feature","properties":{"Places":"Macedonia","Region":"East Berbice-Corentyne","Pop_2002":256,"DMS":"6 10N 57 14W"},"geometry":{"type":"Point","coordinates":[-57.23333,6.16667]}},{"type":"Feature","properties":{"Places":"Mackenzie (McKenzie) (part of Linden)","Region":"Upper Demerara-Berbice","Pop_2002":4320,"DMS":"6 00N 58 17W"},"geometry":{"type":"Point","coordinates":[-58.28333,6]}},{"type":"Feature","properties":{"Places":"Macouba (Maracouba)","Region":"Essequibo Islands-West Demerara","Pop_2002":4,"DMS":"6 23N 58 19W"},"geometry":{"type":"Point","coordinates":[-58.31667,6.38333]}},{"type":"Feature","properties":{"Places":"Macouba","Region":"Mahaica-Berbice","Pop_2002":63,"DMS":"6 22N 57 47W"},"geometry":{"type":"Point","coordinates":[-57.78333,6.36667]}},{"type":"Feature","properties":{"Places":"Mahaica","Region":"Demerara-Mahaica","Pop_2002":4900,"DMS":"6 41N 57 55W"},"geometry":{"type":"Point","coordinates":[-57.91667,6.68333]}},{"type":"Feature","properties":{"Places":"Mahaicabally","Region":"Upper Demerara-Berbice","Pop_2002":37,"DMS":"5 57N 58 20W"},"geometry":{"type":"Point","coordinates":[-58.33333,5.95]}},{"type":"Feature","properties":{"Places":"Mahaicony","Region":"Mahaica-Berbice","Pop_2002":2200,"DMS":"6 34N 57 48W"},"geometry":{"type":"Point","coordinates":[-57.8,6.56667]}},{"type":"Feature","properties":{"Places":"Mahdia","Region":"Potaro-Siparuni","Pop_2002":1617,"DMS":"5 17N 59 09W"},"geometry":{"type":"Point","coordinates":[-59.15,5.28333]}},{"type":"Feature","properties":{"Places":"Mainstay","Region":"Pomeroon-Supenaam","Pop_2002":101,"DMS":"7 14N 58 29W"},"geometry":{"type":"Point","coordinates":[-58.48333,7.23333]}},{"type":"Feature","properties":{"Places":"Mainstay Lake","Region":"Pomeroon-Supenaam","Pop_2002":336,"DMS":"7 14N 58 32W"},"geometry":{"type":"Point","coordinates":[-58.53333,7.23333]}},{"type":"Feature","properties":{"Places":"Makeshift","Region":"Pomeroon-Supenaam","Pop_2002":526,"DMS":"7 01N 58 29W"},"geometry":{"type":"Point","coordinates":[-58.48333,7.01667]}},{"type":"Feature","properties":{"Places":"Makouria","Region":"Essequibo Islands-West Demerara","Pop_2002":131,"DMS":"6 28N 58 35W"},"geometry":{"type":"Point","coordinates":[-58.58333,6.46667]}},{"type":"Feature","properties":{"Places":"Malali","Region":"Upper Demerara-Berbice","Pop_2002":"37) 20","DMS":"5 37N 58 21W"},"geometry":{"type":"Point","coordinates":[-58.35,5.61667]}},{"type":"Feature","properties":{"Places":"Malgre Tout","Region":"Essequibo Islands-West Demerara","Pop_2002":416,"DMS":"6 48N 58 12W"},"geometry":{"type":"Point","coordinates":[-58.2,6.8]}},{"type":"Feature","properties":{"Places":"Manarabisi","Region":"East Berbice-Corentyne","Pop_2002":89,"DMS":"5 57N 57 22W"},"geometry":{"type":"Point","coordinates":[-57.36667,5.95]}},{"type":"Feature","properties":{"Places":"Manari","Region":"Upper Takutu-Upper Essequibo","Pop_2002":30,"DMS":"3 26N 59 46W"},"geometry":{"type":"Point","coordinates":[-59.76667,3.43333]}},{"type":"Feature","properties":{"Places":"Manawarin","Region":"Pomeroon-Supenaam","Pop_2002":"38) 511","DMS":"7 35N 58 52W"},"geometry":{"type":"Point","coordinates":[-58.86667,7.58333]}},{"type":"Feature","properties":{"Places":"Manchester","Region":"East Berbice-Corentyne","Pop_2002":700,"DMS":"6 14N 57 18W"},"geometry":{"type":"Point","coordinates":[-57.3,6.23333]}},{"type":"Feature","properties":{"Places":"Manilla","Region":"Mahaica-Berbice","Pop_2002":94,"DMS":"6 40N 57 53W"},"geometry":{"type":"Point","coordinates":[-57.88333,6.66667]}},{"type":"Feature","properties":{"Places":"Marakanata (Marakinatha)","Region":"Upper Takutu-Upper Essequibo","Pop_2002":40,"DMS":"3 36N 59 32W"},"geometry":{"type":"Point","coordinates":[-59.53333,3.6]}},{"type":"Feature","properties":{"Places":"Ma Retraite","Region":"East Berbice-Corentyne","Pop_2002":69,"DMS":"6 02N 57 36W"},"geometry":{"type":"Point","coordinates":[-57.6,6.03333]}},{"type":"Feature","properties":{"Places":"Maria","Region":"East Berbice-Corentyne","Pop_2002":20,"DMS":"6 09N 57 38W"},"geometry":{"type":"Point","coordinates":[-57.63333,6.15]}},{"type":"Feature","properties":{"Places":"Maria","Region":"Upper Demerara-Berbice","Pop_2002":22,"DMS":"5 48N 57 44W"},"geometry":{"type":"Point","coordinates":[-57.73333,5.8]}},{"type":"Feature","properties":{"Places":"Maria Agnetta","Region":"Upper Demerara-Berbice","Pop_2002":9,"DMS":"5 39N 57 47W"},"geometry":{"type":"Point","coordinates":[-57.78333,5.65]}},{"type":"Feature","properties":{"Places":"Maria Henrietta","Region":"Upper Demerara-Berbice","Pop_2002":20,"DMS":"5 37N 57 52W"},"geometry":{"type":"Point","coordinates":[-57.86667,5.61667]}},{"type":"Feature","properties":{"Places":"Maria Johanna","Region":"Essequibo Islands-West Demerara","Pop_2002":254,"DMS":"6 56N 58 28W"},"geometry":{"type":"Point","coordinates":[-58.46667,6.93333]}},{"type":"Feature","properties":{"Places":"Mariaês Delight","Region":"Pomeroon-Supenaam","Pop_2002":148,"DMS":"7 23N 58 32W"},"geometry":{"type":"Point","coordinates":[-58.53333,7.38333]}},{"type":"Feature","properties":{"Places":"Mariaês Delight (Caniegieter)","Region":"Pomeroon-Supenaam","Pop_2002":59,"DMS":"7 24N 58 36W"},"geometry":{"type":"Point","coordinates":[-58.6,7.4]}},{"type":"Feature","properties":{"Places":"Mariaês Lodge","Region":"Essequibo Islands-West Demerara","Pop_2002":23,"DMS":"6 38N 58 13W"},"geometry":{"type":"Point","coordinates":[-58.21667,6.63333]}},{"type":"Feature","properties":{"Places":"Mariaês Lodge","Region":"Pomeroon-Supenaam","Pop_2002":409,"DMS":"7 07N 58 29W"},"geometry":{"type":"Point","coordinates":[-58.48333,7.11667]}},{"type":"Feature","properties":{"Places":"Mariaês Pleasure","Region":"Essequibo Islands-West Demerara","Pop_2002":348,"DMS":"6 58N 58 26W"},"geometry":{"type":"Point","coordinates":[-58.43333,6.96667]}},{"type":"Feature","properties":{"Places":"Maripa","Region":"Essequibo Islands-West Demerara","Pop_2002":26,"DMS":"6 46N 58 30W"},"geometry":{"type":"Point","coordinates":[-58.5,6.76667]}},{"type":"Feature","properties":{"Places":"Marlborough","Region":"Pomeroon-Supenaam","Pop_2002":45,"DMS":"7 29N 58 38W"},"geometry":{"type":"Point","coordinates":[-58.63333,7.48333]}},{"type":"Feature","properties":{"Places":"Marowa","Region":"Demerara-Mahaica","Pop_2002":"39) 48","DMS":"6 27N 58 02W"},"geometry":{"type":"Point","coordinates":[-58.03333,6.45]}},{"type":"Feature","properties":{"Places":"Marudi","Region":"Upper Takutu-Upper Essequibo","Pop_2002":41,"DMS":"2 16N 59 11W"},"geometry":{"type":"Point","coordinates":[-59.18333,2.26667]}},{"type":"Feature","properties":{"Places":"Maruranau (Maruranawa)","Region":"Upper Takutu-Upper Essequibo","Pop_2002":633,"DMS":"2 45N 59 10W"},"geometry":{"type":"Point","coordinates":[-59.16667,2.75]}},{"type":"Feature","properties":{"Places":"Mary","Region":"Essequibo Islands-West Demerara","Pop_2002":83,"DMS":"6 50N 58 13W"},"geometry":{"type":"Point","coordinates":[-58.21667,6.83333]}},{"type":"Feature","properties":{"Places":"Mary","Region":"Mahaica-Berbice","Pop_2002":265,"DMS":"6 35N 57 48W"},"geometry":{"type":"Point","coordinates":[-57.8,6.58333]}},{"type":"Feature","properties":{"Places":"Maryês Hope","Region":"Demerara-Mahaica","Pop_2002":71,"DMS":"6 40N 57 56W"},"geometry":{"type":"Point","coordinates":[-57.93333,6.66667]}},{"type":"Feature","properties":{"Places":"Maryês Hope","Region":"East Berbice-Corentyne","Pop_2002":133,"DMS":"6 04N 57 11W"},"geometry":{"type":"Point","coordinates":[-57.18333,6.06667]}},{"type":"Feature","properties":{"Places":"Maryville","Region":"Essequibo Islands-West Demerara","Pop_2002":280,"DMS":"6 55N 58 25W"},"geometry":{"type":"Point","coordinates":[-58.41667,6.91667]}},{"type":"Feature","properties":{"Places":"Mashabo","Region":"Pomeroon-Supenaam","Pop_2002":698,"DMS":"7 03N 58 33W"},"geometry":{"type":"Point","coordinates":[-58.55,7.05]}},{"type":"Feature","properties":{"Places":"Massara","Region":"Upper Takutu-Upper Essequibo","Pop_2002":309,"DMS":"3 53N 59 18W"},"geometry":{"type":"Point","coordinates":[-59.3,3.88333]}},{"type":"Feature","properties":{"Places":"Massiah","Region":"East Berbice-Corentyne","Pop_2002":770,"DMS":"5 56N 57 09W"},"geometry":{"type":"Point","coordinates":[-57.15,5.93333]}},{"type":"Feature","properties":{"Places":"Matope","Region":"Cuyuni-Mazaruni","Pop_2002":264,"DMS":"6 24N 58 45W"},"geometry":{"type":"Point","coordinates":[-58.75,6.4]}},{"type":"Feature","properties":{"Places":"Matthews Ridge","Region":"Barima-Waini","Pop_2002":48,"DMS":"7 30N 60 10W"},"geometry":{"type":"Point","coordinates":[-60.16667,7.5]}},{"type":"Feature","properties":{"Places":"McDoom","Region":"Demerara-Mahaica","Pop_2002":1216,"DMS":"6 47N 58 10W"},"geometry":{"type":"Point","coordinates":[-58.16667,6.78333]}},{"type":"Feature","properties":{"Places":"Meadow Bank","Region":"Demerara-Mahaica","Pop_2002":578,"DMS":"6 47N 58 10W"},"geometry":{"type":"Point","coordinates":[-58.16667,6.78333]}},{"type":"Feature","properties":{"Places":"Meadowbrook Gardens (part of Georgetown)","Region":"Demerara-Mahaica","Pop_2002":1793,"DMS":"6 48N 58 08W"},"geometry":{"type":"Point","coordinates":[-58.13333,6.8]}},{"type":"Feature","properties":{"Places":"Meerzorg","Region":"Essequibo Islands-West Demerara","Pop_2002":215,"DMS":"6 59N 58 26W"},"geometry":{"type":"Point","coordinates":[-58.43333,6.98333]}},{"type":"Feature","properties":{"Places":"Meer Zorgen (Meerzorg)","Region":"Essequibo Islands-West Demerara","Pop_2002":3,"DMS":"6 47N 58 12W"},"geometry":{"type":"Point","coordinates":[-58.2,6.78333]}},{"type":"Feature","properties":{"Places":"Meritizero","Region":"Upper Takutu-Upper Essequibo","Pop_2002":"40) 8","DMS":"3 45N 59 36W"},"geometry":{"type":"Point","coordinates":[-59.6,3.75]}},{"type":"Feature","properties":{"Places":"Meriwau","Region":"Upper Takutu-Upper Essequibo","Pop_2002":"108 41) 486","DMS":"3 02N 59 43W"},"geometry":{"type":"Point","coordinates":[-59.71667,3.03333]}},{"type":"Feature","properties":{"Places":"Mervil (Number 29)","Region":"East Berbice-Corentyne","Pop_2002":255,"DMS":"6 17N 57 26W"},"geometry":{"type":"Point","coordinates":[-57.43333,6.28333]}},{"type":"Feature","properties":{"Places":"Mes Delices","Region":"Essequibo Islands-West Demerara","Pop_2002":101,"DMS":"6 46N 58 15W"},"geometry":{"type":"Point","coordinates":[-58.25,6.76667]}},{"type":"Feature","properties":{"Places":"Mes Delices","Region":"Mahaica-Berbice","Pop_2002":2,"DMS":"6 40N 57 53W"},"geometry":{"type":"Point","coordinates":[-57.88333,6.66667]}},{"type":"Feature","properties":{"Places":"Met en Meerzorg","Region":"Essequibo Islands-West Demerara","Pop_2002":4302,"DMS":"6 53N 58 20W"},"geometry":{"type":"Point","coordinates":[-58.33333,6.88333]}},{"type":"Feature","properties":{"Places":"Meyer Beck (Meyerbeck)","DMS":"5 33N 57 56W"},"geometry":{"type":"Point","coordinates":[-57.93333,5.55]}},{"type":"Feature","properties":{"Places":"Mibikuri","Region":"East Berbice-Corentyne","Pop_2002":1712,"DMS":"6 07N 57 17W"},"geometry":{"type":"Point","coordinates":[-57.28333,6.11667]}},{"type":"Feature","properties":{"Places":"Middleburg Welvaren","Region":"Mahaica-Berbice","Pop_2002":5,"DMS":"6 12N 57 38W"},"geometry":{"type":"Point","coordinates":[-57.63333,6.2]}},{"type":"Feature","properties":{"Places":"Middlesex","Region":"Essequibo Islands-West Demerara","Pop_2002":131,"DMS":"6 44N 58 15W"},"geometry":{"type":"Point","coordinates":[-58.25,6.73333]}},{"type":"Feature","properties":{"Places":"Middlesex","Region":"Pomeroon-Supenaam","Pop_2002":344,"DMS":"7 03N 58 29W"},"geometry":{"type":"Point","coordinates":[-58.48333,7.05]}},{"type":"Feature","properties":{"Places":"Mocha","Region":"Demerara-Mahaica","Pop_2002":"43) 1,349","DMS":"6 44N 58 09W"},"geometry":{"type":"Point","coordinates":[-58.15,6.73333]}},{"type":"Feature","properties":{"Places":"Mocomoco (Moco-Moco; Moco Moco)","Region":"Upper Takutu-Upper Essequibo","Pop_2002":399,"DMS":"3 20N 59 40W"},"geometry":{"type":"Point","coordinates":[-59.66667,3.33333]}},{"type":"Feature","properties":{"Places":"Moleson Creek","Region":"East Berbice-Corentyne","Pop_2002":87,"DMS":"5 47N 57 10W"},"geometry":{"type":"Point","coordinates":[-57.16667,5.78333]}},{"type":"Feature","properties":{"Places":"Mon Bijou","Region":"Essequibo Islands-West Demerara","Pop_2002":63,"DMS":"6 46N 58 15W"},"geometry":{"type":"Point","coordinates":[-58.25,6.76667]}},{"type":"Feature","properties":{"Places":"Mon Choisi","Region":"Mahaica-Berbice","Pop_2002":594,"DMS":"6 18N 57 33W"},"geometry":{"type":"Point","coordinates":[-57.55,6.3]}},{"type":"Feature","properties":{"Places":"Mon Desir","Region":"Essequibo Islands-West Demerara","Pop_2002":532,"DMS":"6 44N 58 16W"},"geometry":{"type":"Point","coordinates":[-58.26667,6.73333]}},{"type":"Feature","properties":{"Places":"Monkers","Region":"Pomeroon-Supenaam","Pop_2002":24,"DMS":"7 33N 58 41W"},"geometry":{"type":"Point","coordinates":[-58.68333,7.55]}},{"type":"Feature","properties":{"Places":"Monkey Mountain","Region":"Potaro-Siparuni","Pop_2002":636,"DMS":"4 29N 59 41W"},"geometry":{"type":"Point","coordinates":[-59.68333,4.48333]}},{"type":"Feature","properties":{"Places":"Mon Repos","Region":"Demerara-Mahaica","Pop_2002":2503,"DMS":"6 48N 58 03W"},"geometry":{"type":"Point","coordinates":[-58.05,6.8]}},{"type":"Feature","properties":{"Places":"Mon Repos","Region":"Upper Demerara-Berbice","Pop_2002":63,"DMS":"5 42N 57 46W"},"geometry":{"type":"Point","coordinates":[-57.76667,5.7]}},{"type":"Feature","properties":{"Places":"Montrose","Region":"Demerara-Mahaica","Pop_2002":241,"DMS":"6 49N 58 05W"},"geometry":{"type":"Point","coordinates":[-58.08333,6.81667]}},{"type":"Feature","properties":{"Places":"Moorpark","Region":"Mahaica-Berbice","Pop_2002":23,"DMS":"6 27N 57 39W"},"geometry":{"type":"Point","coordinates":[-57.65,6.45]}},{"type":"Feature","properties":{"Places":"Mora","Region":"Essequibo Islands-West Demerara","Pop_2002":32,"DMS":"6 50N 58 27W"},"geometry":{"type":"Point","coordinates":[-58.45,6.83333]}},{"type":"Feature","properties":{"Places":"Moraikobe (Saint Francis)","Region":"Mahaica-Berbice","Pop_2002":731,"DMS":"6 06N 57 57E"},"geometry":{"type":"Point","coordinates":[-57.95,6.1]}},{"type":"Feature","properties":{"Places":"Mora Point","Region":"Mahaica-Berbice","Pop_2002":"44) 185","DMS":"6 23N 57 47W"},"geometry":{"type":"Point","coordinates":[-57.78333,6.38333]}},{"type":"Feature","properties":{"Places":"Morasi","Region":"Essequibo Islands-West Demerara","Pop_2002":131,"DMS":"6 45N 58 30W"},"geometry":{"type":"Point","coordinates":[-58.5,6.75]}},{"type":"Feature","properties":{"Places":"Morawhanna","Region":"Barima-Waini","Pop_2002":161,"DMS":"8 16N 59 45W"},"geometry":{"type":"Point","coordinates":[-59.75,8.26667]}},{"type":"Feature","properties":{"Places":"Moreiro (Moreiru)","Region":"Upper Takutu-Upper Essequibo","Pop_2002":"45) 207","DMS":"3 55N 59 33W"},"geometry":{"type":"Point","coordinates":[-59.55,3.91667]}},{"type":"Feature","properties":{"Places":"Mortice","Region":"Mahaica-Berbice","Pop_2002":83,"DMS":"6 30N 57 48W"},"geometry":{"type":"Point","coordinates":[-57.8,6.5]}},{"type":"Feature","properties":{"Places":"Mosquito Hall","Region":"Demerara-Mahaica","Pop_2002":953,"DMS":"6 42N 57 55W"},"geometry":{"type":"Point","coordinates":[-57.91667,6.7]}},{"type":"Feature","properties":{"Places":"Mount Everard","Region":"Barima-Waini","Pop_2002":369,"DMS":"7 49N 59 28W"},"geometry":{"type":"Point","coordinates":[-59.46667,7.81667]}},{"type":"Feature","properties":{"Places":"Mount Sinai, New Amsterdam","Region":"East Berbice-Corentyne","Pop_2002":3988,"DMS":"6 14N 57 31W"},"geometry":{"type":"Point","coordinates":[-57.51667,6.23333]}},{"type":"Feature","properties":{"Places":"Mulheim","Region":"Mahaica-Berbice","Pop_2002":9,"DMS":"6 37N 57 54W"},"geometry":{"type":"Point","coordinates":[-57.9,6.61667]}},{"type":"Feature","properties":{"Places":"Muritaro","Region":"Upper Demerara-Berbice","Pop_2002":"46) 89","DMS":"5 50N 58 21W"},"geometry":{"type":"Point","coordinates":[-58.35,5.83333]}},{"type":"Feature","properties":{"Places":"Naamryck","Region":"Essequibo Islands-West Demerara","Pop_2002":112,"DMS":"6 50N 58 26W"},"geometry":{"type":"Point","coordinates":[-58.43333,6.83333]}},{"type":"Feature","properties":{"Places":"Naarstigheid","Region":"Mahaica-Berbice","Pop_2002":5,"DMS":"6 23N 57 36W"},"geometry":{"type":"Point","coordinates":[-57.6,6.38333]}},{"type":"Feature","properties":{"Places":"Nabaclis","Region":"Demerara-Mahaica","Pop_2002":1987,"DMS":"6 45N 57 59W"},"geometry":{"type":"Point","coordinates":[-57.98333,6.75]}},{"type":"Feature","properties":{"Places":"Nappi (Nappita)","Region":"Upper Takutu-Upper Essequibo","Pop_2002":558,"DMS":"3 25N 59 34W"},"geometry":{"type":"Point","coordinates":[-59.56667,3.41667]}},{"type":"Feature","properties":{"Places":"Neuchatel","Region":"Mahaica-Berbice","Pop_2002":6,"DMS":"6 40N 57 55W"},"geometry":{"type":"Point","coordinates":[-57.91667,6.66667]}},{"type":"Feature","properties":{"Places":"Neville (Number 36 Village)","Region":"East Berbice-Corentyne","Pop_2002":223,"DMS":"6 09N 57 13W"},"geometry":{"type":"Point","coordinates":[-57.21667,6.15]}},{"type":"Feature","properties":{"Places":"New Aanlegt","Region":"Essequibo Islands-West Demerara","Pop_2002":503,"DMS":"6 44N 58 16W"},"geometry":{"type":"Point","coordinates":[-58.26667,6.73333]}},{"type":"Feature","properties":{"Places":"New Amsterdam [t]","Region":"East Berbice-Corentyne","Pop_2002":17033,"DMS":"6 15N 57 31W"},"geometry":{"type":"Point","coordinates":[-57.51667,6.25]}},{"type":"Feature","properties":{"Places":"New Belle Plaine","Region":"Essequibo Islands-West Demerara","Pop_2002":68,"DMS":"6 57N 58 27W"},"geometry":{"type":"Point","coordinates":[-58.45,6.95]}},{"type":"Feature","properties":{"Places":"Newburg (New Burg) (part of Georgetown)","Region":"Demerara-Mahaica","Pop_2002":956,"DMS":"6 48N 58 10W"},"geometry":{"type":"Point","coordinates":[-58.16667,6.8]}},{"type":"Feature","properties":{"Places":"New Calcutta, Corriverton","Region":"East Berbice-Corentyne","Pop_2002":2649,"DMS":"5 52N 57 09W"},"geometry":{"type":"Point","coordinates":[-57.15,5.86667]}},{"type":"Feature","properties":{"Places":"New Forest (Saint Jan)","Region":"East Berbice-Corentyne","Pop_2002":49,"DMS":"6 11N 57 26W"},"geometry":{"type":"Point","coordinates":[-57.43333,6.18333]}},{"type":"Feature","properties":{"Places":"New Foundout (New Found Out; New-Found-Out)","Region":"Upper Demerara-Berbice","Pop_2002":"47) 579","DMS":"6 24N 58 35W"},"geometry":{"type":"Point","coordinates":[-58.58333,6.4]}},{"type":"Feature","properties":{"Places":"New Friendship","Region":"Essequibo Islands-West Demerara","Pop_2002":35,"DMS":"6 57N 58 28W"},"geometry":{"type":"Point","coordinates":[-58.46667,6.95]}},{"type":"Feature","properties":{"Places":"New Haven","Region":"Demerara-Mahaica","Pop_2002":256,"DMS":"6 49N 58 08W"},"geometry":{"type":"Point","coordinates":[-58.13333,6.81667]}},{"type":"Feature","properties":{"Places":"New Hope","Region":"Demerara-Mahaica","Pop_2002":457,"DMS":"6 41N 58 11W"},"geometry":{"type":"Point","coordinates":[-58.18333,6.68333]}},{"type":"Feature","properties":{"Places":"New Levant","Region":"Upper Demerara-Berbice","Pop_2002":1,"DMS":"5 37N 57 52W"},"geometry":{"type":"Point","coordinates":[-57.86667,5.61667]}},{"type":"Feature","properties":{"Places":"New Ma Retraite","Region":"East Berbice-Corentyne","Pop_2002":91,"DMS":"6 02N 57 36W"},"geometry":{"type":"Point","coordinates":[-57.6,6.03333]}},{"type":"Feature","properties":{"Places":"New Market","Region":"East Berbice-Corentyne","Pop_2002":1001,"DMS":"5 58N 57 09W"},"geometry":{"type":"Point","coordinates":[-57.15,5.96667]}},{"type":"Feature","properties":{"Places":"New Providence","Region":"Mahaica-Berbice","Pop_2002":43,"DMS":"6 31N 57 48W"},"geometry":{"type":"Point","coordinates":[-57.8,6.51667]}},{"type":"Feature","properties":{"Places":"New Rising Sun (Rising Sun)","Region":"East Berbice-Corentyne","Pop_2002":2,"DMS":"6 13N 57 29W"},"geometry":{"type":"Point","coordinates":[-57.48333,6.21667]}},{"type":"Feature","properties":{"Places":"New Saint Eustatius","Region":"Demerara-Mahaica","Pop_2002":34,"DMS":"6 28N 58 19W"},"geometry":{"type":"Point","coordinates":[-58.31667,6.46667]}},{"type":"Feature","properties":{"Places":"Newtown, Georgetown","Region":"Demerara-Mahaica","Pop_2002":3635,"DMS":"6 49N 58 08W"},"geometry":{"type":"Point","coordinates":[-58.13333,6.81667]}},{"type":"Feature","properties":{"Places":"New Vigilante","Region":"East Berbice-Corentyne","Pop_2002":3,"DMS":"6 03N 57 35W"},"geometry":{"type":"Point","coordinates":[-57.58333,6.05]}},{"type":"Feature","properties":{"Places":"Nigg (Number 6 Village)","Region":"East Berbice-Corentyne","Pop_2002":2161,"DMS":"6 16N 57 23W"},"geometry":{"type":"Point","coordinates":[-57.38333,6.26667]}},{"type":"Feature","properties":{"Places":"Nile","Region":"Pomeroon-Supenaam","Pop_2002":47,"DMS":"7 29N 58 37W"},"geometry":{"type":"Point","coordinates":[-58.61667,7.48333]}},{"type":"Feature","properties":{"Places":"Nismes","Region":"Essequibo Islands-West Demerara","Pop_2002":589,"DMS":"6 45N 58 12W"},"geometry":{"type":"Point","coordinates":[-58.2,6.75]}},{"type":"Feature","properties":{"Places":"Nog Eens","Region":"Demerara-Mahaica","Pop_2002":"48) 2,167","DMS":"6 48N 58 03W"},"geometry":{"type":"Point","coordinates":[-58.05,6.8]}},{"type":"Feature","properties":{"Places":"Noitgedacht","Region":"Essequibo Islands-West Demerara","Pop_2002":377,"DMS":"6 46N 58 16W"},"geometry":{"type":"Point","coordinates":[-58.26667,6.76667]}},{"type":"Feature","properties":{"Places":"Noitgedacht","Region":"Mahaica-Berbice","Pop_2002":45,"DMS":"6 39N 57 54W"},"geometry":{"type":"Point","coordinates":[-57.9,6.65]}},{"type":"Feature","properties":{"Places":"Noitgedacht (part of Linden)","Region":"Upper Demerara-Berbice","Pop_2002":"49) 273","DMS":"6 00N 58 18W"},"geometry":{"type":"Point","coordinates":[-58.3,6]}},{"type":"Feature","properties":{"Places":"Non Pariel (Non Pareil; Nonpareil)","Region":"Demerara-Mahaica","Pop_2002":2424,"DMS":"6 46N 58 01W"},"geometry":{"type":"Point","coordinates":[-58.01667,6.76667]}},{"type":"Feature","properties":{"Places":"Non Pariel Park, Georgetown","Region":"Demerara-Mahaica","Pop_2002":535,"DMS":"6 49N 58 10W"},"geometry":{"type":"Point","coordinates":[-58.16667,6.81667]}},{"type":"Feature","properties":{"Places":"Nooten Zuil","Region":"Demerara-Mahaica","Pop_2002":551,"DMS":"6 45N 57 58W"},"geometry":{"type":"Point","coordinates":[-57.96667,6.75]}},{"type":"Feature","properties":{"Places":"North Cummingsburg (part of Georgetown)","Region":"Demerara-Mahaica","Pop_2002":1198,"DMS":"6 49N 58 10W"},"geometry":{"type":"Point","coordinates":[-58.16667,6.81667]}},{"type":"Feature","properties":{"Places":"North East La Penitence (part of Georgetown)","Region":"Demerara-Mahaica","Pop_2002":1629,"DMS":"6 48N 58 09W"},"geometry":{"type":"Point","coordinates":[-58.15,6.8]}},{"type":"Feature","properties":{"Places":"North Ruimveldt, Georgetown","Region":"Demerara-Mahaica","Pop_2002":2425,"DMS":"6 47N 58 08W"},"geometry":{"type":"Point","coordinates":[-58.13333,6.78333]}},{"type":"Feature","properties":{"Places":"Nouvelle Flanders","Region":"Essequibo Islands-West Demerara","Pop_2002":174,"DMS":"6 49N 58 12W"},"geometry":{"type":"Point","coordinates":[-58.2,6.81667]}},{"type":"Feature","properties":{"Places":"Novar","Region":"Mahaica-Berbice","Pop_2002":540,"DMS":"6 33N 57 46W"},"geometry":{"type":"Point","coordinates":[-57.76667,6.55]}},{"type":"Feature","properties":{"Places":"Now or Never","Region":"Mahaica-Berbice","Pop_2002":124,"DMS":"6 36N 57 49W"},"geometry":{"type":"Point","coordinates":[-57.81667,6.6]}},{"type":"Feature","properties":{"Places":"Number 0 Village","Region":"East Berbice-Corentyne","Pop_2002":594,"DMS":"6 02N 57 10W"},"geometry":{"type":"Point","coordinates":[-57.16667,6.03333]}},{"type":"Feature","properties":{"Places":"Number 1 Village","Region":"East Berbice-Corentyne","Pop_2002":629,"DMS":"6 17N 57 24W"},"geometry":{"type":"Point","coordinates":[-57.4,6.28333]}},{"type":"Feature","properties":{"Places":"Number 3","Region":"East Berbice-Corentyne","Pop_2002":264,"DMS":"6 16N 57 30W"},"geometry":{"type":"Point","coordinates":[-57.5,6.26667]}},{"type":"Feature","properties":{"Places":"Number 7","Region":"East Berbice-Corentyne","Pop_2002":126,"DMS":"6 18N 57 29W"},"geometry":{"type":"Point","coordinates":[-57.48333,6.3]}},{"type":"Feature","properties":{"Places":"Number 10","Region":"Mahaica-Berbice","Pop_2002":18,"DMS":"6 32N 57 48W"},"geometry":{"type":"Point","coordinates":[-57.8,6.53333]}},{"type":"Feature","properties":{"Places":"Number 12","Region":"Mahaica-Berbice","Pop_2002":4,"DMS":"6 32N 57 48W"},"geometry":{"type":"Point","coordinates":[-57.8,6.53333]}},{"type":"Feature","properties":{"Places":"Number 12 Village (Number 12)","Region":"Mahaica-Berbice","Pop_2002":284,"DMS":"6 21N 57 35W"},"geometry":{"type":"Point","coordinates":[-57.58333,6.35]}},{"type":"Feature","properties":{"Places":"Number 40","Region":"Mahaica-Berbice","Pop_2002":280,"DMS":"6 28N 57 40W"},"geometry":{"type":"Point","coordinates":[-57.66667,6.46667]}},{"type":"Feature","properties":{"Places":"Number 41","Region":"Mahaica-Berbice","Pop_2002":364,"DMS":"6 28N 57 40W"},"geometry":{"type":"Point","coordinates":[-57.66667,6.46667]}},{"type":"Feature","properties":{"Places":"Number 45 Village","Region":"East Berbice-Corentyne","Pop_2002":213,"DMS":"6 06N 57 12W"},"geometry":{"type":"Point","coordinates":[-57.2,6.1]}},{"type":"Feature","properties":{"Places":"Number 46 Village","Region":"East Berbice-Corentyne","Pop_2002":454,"DMS":"6 05N 57 12W"},"geometry":{"type":"Point","coordinates":[-57.2,6.08333]}},{"type":"Feature","properties":{"Places":"Number 51 Village","Region":"East Berbice-Corentyne","Pop_2002":483,"DMS":"6 03N 57 11W"},"geometry":{"type":"Point","coordinates":[-57.18333,6.05]}},{"type":"Feature","properties":{"Places":"Number 52 Village","Region":"East Berbice-Corentyne","Pop_2002":357,"DMS":"6 02N 57 11W"},"geometry":{"type":"Point","coordinates":[-57.18333,6.03333]}},{"type":"Feature","properties":{"Places":"Number 54 Village","Region":"East Berbice-Corentyne","Pop_2002":330,"DMS":"6 02N 57 10W"},"geometry":{"type":"Point","coordinates":[-57.16667,6.03333]}},{"type":"Feature","properties":{"Places":"Number 55 Village","Region":"East Berbice-Corentyne","Pop_2002":334,"DMS":"6 01N 57 10W"},"geometry":{"type":"Point","coordinates":[-57.16667,6.01667]}},{"type":"Feature","properties":{"Places":"Number 56 Village","Region":"East Berbice-Corentyne","Pop_2002":241,"DMS":"6 01N 57 10W"},"geometry":{"type":"Point","coordinates":[-57.16667,6.01667]}},{"type":"Feature","properties":{"Places":"Number 59 Village","Region":"East Berbice-Corentyne","Pop_2002":451,"DMS":"6 00N 57 10W"},"geometry":{"type":"Point","coordinates":[-57.16667,6]}},{"type":"Feature","properties":{"Places":"Number 60 Village","Region":"East Berbice-Corentyne","Pop_2002":447,"DMS":"6 00N 57 09W"},"geometry":{"type":"Point","coordinates":[-57.15,6]}},{"type":"Feature","properties":{"Places":"Number 61 Village","Region":"East Berbice-Corentyne","Pop_2002":126,"DMS":"6 00N 57 09W"},"geometry":{"type":"Point","coordinates":[-57.15,6]}},{"type":"Feature","properties":{"Places":"Number 62 Village","Region":"East Berbice-Corentyne","Pop_2002":287,"DMS":"5 59N 57 09W"},"geometry":{"type":"Point","coordinates":[-57.15,5.98333]}},{"type":"Feature","properties":{"Places":"Number 66 Village","Region":"East Berbice-Corentyne","Pop_2002":186,"DMS":"5 58N 57 09W"},"geometry":{"type":"Point","coordinates":[-57.15,5.96667]}},{"type":"Feature","properties":{"Places":"Number 67 Village","Region":"East Berbice-Corentyne","Pop_2002":622,"DMS":"5 58N 57 09W"},"geometry":{"type":"Point","coordinates":[-57.15,5.96667]}},{"type":"Feature","properties":{"Places":"Number 77 Village (part of Corriverton)","Region":"East Berbice-Corentyne","Pop_2002":942,"DMS":"5 54N 57 09W"},"geometry":{"type":"Point","coordinates":[-57.15,5.9]}},{"type":"Feature","properties":{"Places":"Nurney","Region":"East Berbice-Corentyne","Pop_2002":449,"DMS":"6 12N 57 16W"},"geometry":{"type":"Point","coordinates":[-57.26667,6.2]}},{"type":"Feature","properties":{"Places":"Ogle","Region":"Demerara-Mahaica","Pop_2002":1758,"DMS":"6 49N 58 06W"},"geometry":{"type":"Point","coordinates":[-58.1,6.81667]}},{"type":"Feature","properties":{"Places":"Okum","Region":"Essequibo Islands-West Demerara","Pop_2002":6,"DMS":"6 56N 58 23W"},"geometry":{"type":"Point","coordinates":[-58.38333,6.93333]}},{"type":"Feature","properties":{"Places":"Old England (part of Linden)","Region":"Upper Demerara-Berbice","Pop_2002":72,"DMS":"5 58N 58 19W"},"geometry":{"type":"Point","coordinates":[-58.31667,5.96667]}},{"type":"Feature","properties":{"Places":"Old Vigilante","Region":"Mahaica-Berbice","Pop_2002":7,"DMS":"5 51N 57 42W"},"geometry":{"type":"Point","coordinates":[-57.7,5.85]}},{"type":"Feature","properties":{"Places":"Onderneeming","Region":"Mahaica-Berbice","Pop_2002":130,"DMS":"6 24N 57 37W"},"geometry":{"type":"Point","coordinates":[-57.61667,6.4]}},{"type":"Feature","properties":{"Places":"Onderneeming","Region":"Pomeroon-Supenaam","Pop_2002":268,"DMS":"7 06N 58 29W"},"geometry":{"type":"Point","coordinates":[-58.48333,7.1]}},{"type":"Feature","properties":{"Places":"One Mile (part of Linden)","Region":"Upper Demerara-Berbice","Pop_2002":1039,"DMS":"6 01N 58 19W"},"geometry":{"type":"Point","coordinates":[-58.31667,6.01667]}},{"type":"Feature","properties":{"Places":"Onverwagt","Region":"Mahaica-Berbice","Pop_2002":131,"DMS":"6 26N 57 38W"},"geometry":{"type":"Point","coordinates":[-57.63333,6.43333]}},{"type":"Feature","properties":{"Places":"Opposite","Region":"Pomeroon-Supenaam","Pop_2002":8,"DMS":"7 23N 58 33W"},"geometry":{"type":"Point","coordinates":[-58.55,7.38333]}},{"type":"Feature","properties":{"Places":"Orangefield","Region":"Essequibo Islands-West Demerara","Pop_2002":51,"DMS":"6 46N 58 16W"},"geometry":{"type":"Point","coordinates":[-58.26667,6.76667]}},{"type":"Feature","properties":{"Places":"Orange Nassau","Region":"Demerara-Mahaica","Pop_2002":5,"DMS":"6 43N 57 56W"},"geometry":{"type":"Point","coordinates":[-57.93333,6.71667]}},{"type":"Feature","properties":{"Places":"Orangestein","Region":"Essequibo Islands-West Demerara","Pop_2002":324,"DMS":"6 52N 58 24W"},"geometry":{"type":"Point","coordinates":[-58.4,6.86667]}},{"type":"Feature","properties":{"Places":"Ordnance Fort Canje","Region":"East Berbice-Corentyne","Pop_2002":699,"DMS":"6 16N 57 30W"},"geometry":{"type":"Point","coordinates":[-57.5,6.26667]}},{"type":"Feature","properties":{"Places":"Orealla (Orealla Village)","Region":"East Berbice-Corentyne","Pop_2002":1063,"DMS":"5 19N 57 20W"},"geometry":{"type":"Point","coordinates":[-57.33333,5.31667]}},{"type":"Feature","properties":{"Places":"Orinduik","Region":"Potaro-Siparuni","Pop_2002":28,"DMS":"4 42N 60 01W"},"geometry":{"type":"Point","coordinates":[-60.01667,4.7]}},{"type":"Feature","properties":{"Places":"Ormsary","Region":"Mahaica-Berbice","Pop_2002":56,"DMS":"6 35N 57 48W"},"geometry":{"type":"Point","coordinates":[-57.8,6.58333]}},{"type":"Feature","properties":{"Places":"Ororo Marali (Great Falls)","Region":"Upper Demerara-Berbice","Pop_2002":97,"DMS":"5 19N 58 32W"},"geometry":{"type":"Point","coordinates":[-58.53333,5.31667]}},{"type":"Feature","properties":{"Places":"Ostend","Region":"Essequibo Islands-West Demerara","Pop_2002":58,"DMS":"6 46N 58 17W"},"geometry":{"type":"Point","coordinates":[-58.28333,6.76667]}},{"type":"Feature","properties":{"Places":"Osterbeck","Region":"Essequibo Islands-West Demerara","Pop_2002":109,"DMS":"6 54N 58 27W"},"geometry":{"type":"Point","coordinates":[-58.45,6.9]}},{"type":"Feature","properties":{"Places":"Ostermeer","Region":"Upper Demerara-Berbice","Pop_2002":4,"DMS":"5 48N 57 43W"},"geometry":{"type":"Point","coordinates":[-57.71667,5.8]}},{"type":"Feature","properties":{"Places":"Overwinning","Region":"East Berbice-Corentyne","Pop_2002":968,"DMS":"6 13N 57 31W"},"geometry":{"type":"Point","coordinates":[-57.51667,6.21667]}},{"type":"Feature","properties":{"Places":"Pakera","Region":"Barima-Waini","Pop_2002":960,"DMS":"7 29N 60 09W"},"geometry":{"type":"Point","coordinates":[-60.15,7.48333]}},{"type":"Feature","properties":{"Places":"Palmyra (Number 4)","Region":"East Berbice-Corentyne","Pop_2002":762,"DMS":"6 17N 57 30W"},"geometry":{"type":"Point","coordinates":[-57.5,6.28333]}},{"type":"Feature","properties":{"Places":"Palmyra","Region":"Essequibo Islands-West Demerara","Pop_2002":9,"DMS":"6 56N 58 29W"},"geometry":{"type":"Point","coordinates":[-58.48333,6.93333]}},{"type":"Feature","properties":{"Places":"Palmyra","Region":"Upper Demerara-Berbice","Pop_2002":"50) 20","DMS":"5 36N 58 22W"},"geometry":{"type":"Point","coordinates":[-58.36667,5.6]}},{"type":"Feature","properties":{"Places":"Parabara","Region":"Upper Takutu-Upper Essequibo","Pop_2002":"51) 247","DMS":"2 13N 59 18W"},"geometry":{"type":"Point","coordinates":[-59.3,2.21667]}},{"type":"Feature","properties":{"Places":"Paradise","Region":"Demerara-Mahaica","Pop_2002":1551,"DMS":"6 46N 58 00W"},"geometry":{"type":"Point","coordinates":[-58,6.76667]}},{"type":"Feature","properties":{"Places":"Paradise","Region":"Mahaica-Berbice","Pop_2002":848,"DMS":"6 30N 57 41W"},"geometry":{"type":"Point","coordinates":[-57.68333,6.5]}},{"type":"Feature","properties":{"Places":"Paradise","Region":"Pomeroon-Supenaam","Pop_2002":254,"DMS":"7 20N 58 29W"},"geometry":{"type":"Point","coordinates":[-58.48333,7.33333]}},{"type":"Feature","properties":{"Places":"Paradise","Region":"Upper Demerara-Berbice","Pop_2002":18,"DMS":"5 34N 57 55W"},"geometry":{"type":"Point","coordinates":[-57.91667,5.56667]}},{"type":"Feature","properties":{"Places":"Paramakatoi (Paramahatoi)","Region":"Potaro-Siparuni","Pop_2002":1203,"DMS":"4 42N 59 43W"},"geometry":{"type":"Point","coordinates":[-59.71667,4.7]}},{"type":"Feature","properties":{"Places":"Paraquarinau (Parikwarinau; Parikwarinawa)","Region":"Upper Takutu-Upper Essequibo","Pop_2002":"52) 342","DMS":"3 08N 59 54W"},"geometry":{"type":"Point","coordinates":[-59.9,3.13333]}},{"type":"Feature","properties":{"Places":"Parika [t]","Region":"Essequibo Islands-West Demerara","Pop_2002":4081,"DMS":"6 52N 58 25W"},"geometry":{"type":"Point","coordinates":[-58.41667,6.86667]}},{"type":"Feature","properties":{"Places":"Paripi","Region":"Upper Demerara-Berbice","Pop_2002":"53) 128","DMS":"5 46N 58 20W"},"geometry":{"type":"Point","coordinates":[-58.33333,5.76667]}},{"type":"Feature","properties":{"Places":"Parishara","Region":"Upper Takutu-Upper Essequibo","Pop_2002":327,"DMS":"3 27N 59 34W"},"geometry":{"type":"Point","coordinates":[-59.56667,3.45]}},{"type":"Feature","properties":{"Places":"Park","Region":"Mahaica-Berbice","Pop_2002":5,"DMS":"6 34N 57 48W"},"geometry":{"type":"Point","coordinates":[-57.8,6.56667]}},{"type":"Feature","properties":{"Places":"Paruima (Paruima Mission)","Region":"Cuyuni-Mazaruni","Pop_2002":499,"DMS":"5 49N 61 04W"},"geometry":{"type":"Point","coordinates":[-61.06667,5.81667]}},{"type":"Feature","properties":{"Places":"Patentia","Region":"Essequibo Islands-West Demerara","Pop_2002":2711,"DMS":"6 42N 58 12W"},"geometry":{"type":"Point","coordinates":[-58.2,6.7]}},{"type":"Feature","properties":{"Places":"Pattensen","Region":"Demerara-Mahaica","Pop_2002":4344,"DMS":"6 49N 58 07W"},"geometry":{"type":"Point","coordinates":[-58.11667,6.81667]}},{"type":"Feature","properties":{"Places":"Pearl","Region":"Demerara-Mahaica","Pop_2002":291,"DMS":"6 35N 58 13W"},"geometry":{"type":"Point","coordinates":[-58.21667,6.58333]}},{"type":"Feature","properties":{"Places":"Penal Settlement","Region":"Cuyuni-Mazaruni","Pop_2002":65,"DMS":"6 24N 58 40W"},"geometry":{"type":"Point","coordinates":[-58.66667,6.4]}},{"type":"Feature","properties":{"Places":"Perseverance","Region":"Mahaica-Berbice","Pop_2002":190,"DMS":"6 37N 57 50W"},"geometry":{"type":"Point","coordinates":[-57.83333,6.61667]}},{"type":"Feature","properties":{"Places":"Perseverance","Region":"Pomeroon-Supenaam","Pop_2002":335,"DMS":"7 09N 58 29W"},"geometry":{"type":"Point","coordinates":[-58.48333,7.15]}},{"type":"Feature","properties":{"Places":"Perth","Region":"Mahaica-Berbice","Pop_2002":647,"DMS":"6 33N 57 48W"},"geometry":{"type":"Point","coordinates":[-57.8,6.55]}},{"type":"Feature","properties":{"Places":"Peters Hall","Region":"Demerara-Mahaica","Pop_2002":1628,"DMS":"6 46N 58 10W"},"geometry":{"type":"Point","coordinates":[-58.16667,6.76667]}},{"type":"Feature","properties":{"Places":"Peterês Hoff","Region":"Upper Demerara-Berbice","Pop_2002":26,"DMS":"5 35N 57 54W"},"geometry":{"type":"Point","coordinates":[-57.9,5.58333]}},{"type":"Feature","properties":{"Places":"Peterês Lust","Region":"Upper Demerara-Berbice","Pop_2002":2,"DMS":"5 39N 57 49W"},"geometry":{"type":"Point","coordinates":[-57.81667,5.65]}},{"type":"Feature","properties":{"Places":"Philadelphia","Region":"Essequibo Islands-West Demerara","Pop_2002":446,"DMS":"6 52N 58 22W"},"geometry":{"type":"Point","coordinates":[-58.36667,6.86667]}},{"type":"Feature","properties":{"Places":"Phillipi (Pipillipai)","Region":"Cuyuni-Mazaruni","Pop_2002":183,"DMS":"5 31N 60 26W"},"geometry":{"type":"Point","coordinates":[-60.43333,5.51667]}},{"type":"Feature","properties":{"Places":"Phillipi (Philippi; Number 31 Village)","Region":"East Berbice-Corentyne","Pop_2002":299,"DMS":"6 11N 57 15W"},"geometry":{"type":"Point","coordinates":[-57.25,6.18333]}},{"type":"Feature","properties":{"Places":"Phillips","Region":"Pomeroon-Supenaam","Pop_2002":45,"DMS":"7 22N 58 30W"},"geometry":{"type":"Point","coordinates":[-58.5,7.36667]}},{"type":"Feature","properties":{"Places":"Phoenix (Louisiana)","Region":"Essequibo Islands-West Demerara","Pop_2002":254,"DMS":"6 54N 58 26W"},"geometry":{"type":"Point","coordinates":[-58.43333,6.9]}},{"type":"Feature","properties":{"Places":"Phoenix","Region":"Mahaica-Berbice","Pop_2002":2,"DMS":"6 28N 57 39W"},"geometry":{"type":"Point","coordinates":[-57.65,6.46667]}},{"type":"Feature","properties":{"Places":"Phoenix Park","Region":"Pomeroon-Supenaam","Pop_2002":115,"DMS":"7 33N 58 41W"},"geometry":{"type":"Point","coordinates":[-58.68333,7.55]}},{"type":"Feature","properties":{"Places":"Pickersgill","Region":"Pomeroon-Supenaam","Pop_2002":125,"DMS":"7 16N 58 43W"},"geometry":{"type":"Point","coordinates":[-58.71667,7.26667]}},{"type":"Feature","properties":{"Places":"Pine Ground","Region":"Mahaica-Berbice","Pop_2002":169,"DMS":"6 25N 57 47W"},"geometry":{"type":"Point","coordinates":[-57.78333,6.41667]}},{"type":"Feature","properties":{"Places":"Pipang (Paipang)","Region":"Upper Takutu-Upper Essequibo","Pop_2002":83,"DMS":"3 57N 59 25W"},"geometry":{"type":"Point","coordinates":[-59.41667,3.95]}},{"type":"Feature","properties":{"Places":"Pirara (Piarara)","Region":"Upper Takutu-Upper Essequibo","Pop_2002":"54) 8","DMS":"3 37N 59 40W"},"geometry":{"type":"Point","coordinates":[-59.66667,3.61667]}},{"type":"Feature","properties":{"Places":"Plaisance","Region":"Demerara-Mahaica","Pop_2002":3290,"DMS":"6 49N 58 06W"},"geometry":{"type":"Point","coordinates":[-58.1,6.81667]}},{"type":"Feature","properties":{"Places":"Planterês Hall","Region":"Mahaica-Berbice","Pop_2002":97,"DMS":"6 37N 57 50W"},"geometry":{"type":"Point","coordinates":[-57.83333,6.61667]}},{"type":"Feature","properties":{"Places":"Pleasing Hope","Region":"Essequibo Islands-West Demerara","Pop_2002":7,"DMS":"6 57N 58 23W"},"geometry":{"type":"Point","coordinates":[-58.38333,6.95]}},{"type":"Feature","properties":{"Places":"Plegt Anker (Plegtanker)","Region":"East Berbice-Corentyne","Pop_2002":114,"DMS":"6 06N 57 37W"},"geometry":{"type":"Point","coordinates":[-57.61667,6.1]}},{"type":"Feature","properties":{"Places":"Pomona","Region":"Pomeroon-Supenaam","Pop_2002":535,"DMS":"7 04N 58 29W"},"geometry":{"type":"Point","coordinates":[-58.48333,7.06667]}},{"type":"Feature","properties":{"Places":"Port Kaituma","Region":"Barima-Waini","Pop_2002":2267,"DMS":"7 44N 59 53W"},"geometry":{"type":"Point","coordinates":[-59.88333,7.73333]}},{"type":"Feature","properties":{"Places":"Port Mourant","Region":"East Berbice-Corentyne","Pop_2002":1177,"DMS":"6 15N 57 21W"},"geometry":{"type":"Point","coordinates":[-57.35,6.25]}},{"type":"Feature","properties":{"Places":"Potarinau","Region":"Upper Takutu-Upper Essequibo","Pop_2002":499,"DMS":"3 02N 59 46W"},"geometry":{"type":"Point","coordinates":[-59.76667,3.03333]}},{"type":"Feature","properties":{"Places":"Pot Falls (Pot Falls Landing)","Region":"Potaro-Siparuni","Pop_2002":15,"DMS":"4 54N 58 48W"},"geometry":{"type":"Point","coordinates":[-58.8,4.9]}},{"type":"Feature","properties":{"Places":"Potters Hope","Region":"Upper Demerara-Berbice","Pop_2002":9,"DMS":"5 39N 57 52W"},"geometry":{"type":"Point","coordinates":[-57.86667,5.65]}},{"type":"Feature","properties":{"Places":"Prashad Nagar","Region":"Demerara-Mahaica","Pop_2002":1144,"DMS":"6 49N 58 08W"},"geometry":{"type":"Point","coordinates":[-58.13333,6.81667]}},{"type":"Feature","properties":{"Places":"Present Hope (Sands)","Region":"Essequibo Islands-West Demerara","Pop_2002":169,"DMS":"6 48N 58 29W"},"geometry":{"type":"Point","coordinates":[-58.48333,6.8]}},{"type":"Feature","properties":{"Places":"Princess Carolina","Region":"Essequibo Islands-West Demerara","Pop_2002":60,"DMS":"6 31N 58 19W"},"geometry":{"type":"Point","coordinates":[-58.31667,6.51667]}},{"type":"Feature","properties":{"Places":"Profit","Region":"Mahaica-Berbice","Pop_2002":161,"DMS":"6 31N 57 43W"},"geometry":{"type":"Point","coordinates":[-57.71667,6.51667]}},{"type":"Feature","properties":{"Places":"Prospect","Region":"Demerara-Mahaica","Pop_2002":1264,"DMS":"6 44N 58 11W"},"geometry":{"type":"Point","coordinates":[-58.18333,6.73333]}},{"type":"Feature","properties":{"Places":"Prospect","Region":"East Berbice-Corentyne","Pop_2002":1,"DMS":"6 16N 57 29W"},"geometry":{"type":"Point","coordinates":[-57.48333,6.26667]}},{"type":"Feature","properties":{"Places":"Prospect","Region":"Mahaica-Berbice","Pop_2002":47,"DMS":"6 39N 57 52W"},"geometry":{"type":"Point","coordinates":[-57.86667,6.65]}},{"type":"Feature","properties":{"Places":"Prosperite","Region":"Upper Demerara-Berbice","Pop_2002":33,"DMS":"5 41N 57 50W"},"geometry":{"type":"Point","coordinates":[-57.83333,5.68333]}},{"type":"Feature","properties":{"Places":"Providence","Region":"Demerara-Mahaica","Pop_2002":943,"DMS":"6 46N 58 11W"},"geometry":{"type":"Point","coordinates":[-58.18333,6.76667]}},{"type":"Feature","properties":{"Places":"Providence","Region":"East Berbice-Corentyne","Pop_2002":119,"DMS":"6 12N 57 31W"},"geometry":{"type":"Point","coordinates":[-57.51667,6.2]}},{"type":"Feature","properties":{"Places":"Providence","Region":"Pomeroon-Supenaam","Pop_2002":139,"DMS":"7 30N 58 38W"},"geometry":{"type":"Point","coordinates":[-58.63333,7.5]}},{"type":"Feature","properties":{"Places":"Puwa (Pawa)","Region":"Potaro-Siparuni","Pop_2002":"55) 96","DMS":"4 31N 59 57W"},"geometry":{"type":"Point","coordinates":[-59.95,4.51667]}},{"type":"Feature","properties":{"Places":"Quakers Hall","Region":"Mahaica-Berbice","Pop_2002":174,"DMS":"6 38N 57 51W"},"geometry":{"type":"Point","coordinates":[-57.85,6.63333]}},{"type":"Feature","properties":{"Places":"Quarrie","Region":"Upper Takutu-Upper Essequibo","Pop_2002":56342,"DMS":"3 14N 59 48W"},"geometry":{"type":"Point","coordinates":[-59.8,3.23333]}},{"type":"Feature","properties":{"Places":"Queenstown","Region":"Demerara-Mahaica","Pop_2002":2001,"DMS":"6 49N 58 09W"},"geometry":{"type":"Point","coordinates":[-58.15,6.81667]}},{"type":"Feature","properties":{"Places":"Queenstown","Region":"East Berbice-Corentyne","Pop_2002":73,"DMS":"6 15N 57 31W"},"geometry":{"type":"Point","coordinates":[-57.51667,6.25]}},{"type":"Feature","properties":{"Places":"Queenstown (Mocha)","Region":"Pomeroon-Supenaam","Pop_2002":504,"DMS":"7 12N 58 29W"},"geometry":{"type":"Point","coordinates":[-58.48333,7.2]}},{"type":"Feature","properties":{"Places":"Quiko","Region":"Upper Takutu-Upper Essequibo","Pop_2002":"78 57) 486","DMS":"3 08N 59 47W"},"geometry":{"type":"Point","coordinates":[-59.78333,3.13333]}},{"type":"Feature","properties":{"Places":"Quineballi","Region":"Demerara-Mahaica","Pop_2002":"58) 48","DMS":"6 23N 58 07W"},"geometry":{"type":"Point","coordinates":[-58.11667,6.38333]}},{"type":"Feature","properties":{"Places":"Rainbow City (part of Linden)","Region":"Upper Demerara-Berbice","Pop_2002":314,"DMS":"6 01N 58 17W"},"geometry":{"type":"Point","coordinates":[-58.28333,6.01667]}},{"type":"Feature","properties":{"Places":"Ramsburg","Region":"Demerara-Mahaica","Pop_2002":130,"DMS":"6 45N 58 11W"},"geometry":{"type":"Point","coordinates":[-58.18333,6.75]}},{"type":"Feature","properties":{"Places":"Rebeccaês Lust (Rebeccaês Rust)","Region":"Mahaica-Berbice","Pop_2002":77,"DMS":"6 38N 57 51W"},"geometry":{"type":"Point","coordinates":[-57.85,6.63333]}},{"type":"Feature","properties":{"Places":"Recess","Region":"Mahaica-Berbice","Pop_2002":209,"DMS":"6 33N 57 45W"},"geometry":{"type":"Point","coordinates":[-57.75,6.55]}},{"type":"Feature","properties":{"Places":"Regentback (Regenback)","Region":"Mahaica-Berbice","Pop_2002":47,"DMS":"6 38N 57 54W"},"geometry":{"type":"Point","coordinates":[-57.9,6.63333]}},{"type":"Feature","properties":{"Places":"Reliance","Region":"East Berbice-Corentyne","Pop_2002":1088,"DMS":"6 14N 57 29W"},"geometry":{"type":"Point","coordinates":[-57.48333,6.23333]}},{"type":"Feature","properties":{"Places":"Reliance","Region":"Pomeroon-Supenaam","Pop_2002":969,"DMS":"7 15N 58 29W"},"geometry":{"type":"Point","coordinates":[-58.48333,7.25]}},{"type":"Feature","properties":{"Places":"Relief","Region":"Demerara-Mahaica","Pop_2002":348,"DMS":"6 37N 58 12W"},"geometry":{"type":"Point","coordinates":[-58.2,6.61667]}},{"type":"Feature","properties":{"Places":"Resource","Region":"East Berbice-Corentyne","Pop_2002":1235,"DMS":"6 14N 57 20W"},"geometry":{"type":"Point","coordinates":[-57.33333,6.23333]}},{"type":"Feature","properties":{"Places":"Resource","Region":"Essequibo Islands-West Demerara","Pop_2002":181,"DMS":"6 44N 58 15W"},"geometry":{"type":"Point","coordinates":[-58.25,6.73333]}},{"type":"Feature","properties":{"Places":"Retrieve","Region":"Mahaica-Berbice","Pop_2002":1,"DMS":"6 34N 57 48W"},"geometry":{"type":"Point","coordinates":[-57.8,6.56667]}},{"type":"Feature","properties":{"Places":"Retrieve (part of Linden)","Region":"Upper Demerara-Berbice","Pop_2002":1771,"DMS":"6 01N 58 17W"},"geometry":{"type":"Point","coordinates":[-58.28333,6.01667]}},{"type":"Feature","properties":{"Places":"Rewa","Region":"Upper Takutu-Upper Essequibo","Pop_2002":154,"DMS":"3 53N 58 48W"},"geometry":{"type":"Point","coordinates":[-58.8,3.88333]}},{"type":"Feature","properties":{"Places":"Reynstein","Region":"Essequibo Islands-West Demerara","Pop_2002":27,"DMS":"6 39N 58 12W"},"geometry":{"type":"Point","coordinates":[-58.2,6.65]}},{"type":"Feature","properties":{"Places":"Richmond","Region":"Essequibo Islands-West Demerara","Pop_2002":28,"DMS":"6 14N 58 18W"},"geometry":{"type":"Point","coordinates":[-58.3,6.23333]}},{"type":"Feature","properties":{"Places":"Richmond","Region":"Pomeroon-Supenaam","Pop_2002":1330,"DMS":"7 16N 58 29W"},"geometry":{"type":"Point","coordinates":[-58.48333,7.26667]}},{"type":"Feature","properties":{"Places":"Richmond Hill","Region":"Essequibo Islands-West Demerara","Pop_2002":107,"DMS":"6 57N 58 24W"},"geometry":{"type":"Point","coordinates":[-58.4,6.95]}},{"type":"Feature","properties":{"Places":"Richmond Hill (part of Linden)","Region":"Upper Demerara-Berbice","Pop_2002":"59) 434","DMS":"5 58N 58 16W"},"geometry":{"type":"Point","coordinates":[-58.26667,5.96667]}},{"type":"Feature","properties":{"Places":"Ridge","Region":"Essequibo Islands-West Demerara","Pop_2002":118,"DMS":"6 55N 58 29W"},"geometry":{"type":"Point","coordinates":[-58.48333,6.91667]}},{"type":"Feature","properties":{"Places":"Rising Sun","Region":"East Berbice-Corentyne","Pop_2002":410,"DMS":"6 05N 57 12W"},"geometry":{"type":"Point","coordinates":[-57.2,6.08333]}},{"type":"Feature","properties":{"Places":"Rising Sun","Region":"Mahaica-Berbice","Pop_2002":96,"DMS":"6 29N 57 41W"},"geometry":{"type":"Point","coordinates":[-57.68333,6.48333]}},{"type":"Feature","properties":{"Places":"Riverstown","Region":"Pomeroon-Supenaam","Pop_2002":518,"DMS":"7 04N 58 29W"},"geometry":{"type":"Point","coordinates":[-58.48333,7.06667]}},{"type":"Feature","properties":{"Places":"River View (Riverview) (part of Georgetown)","Region":"Demerara-Mahaica","Pop_2002":678,"DMS":"6 48N 58 10W"},"geometry":{"type":"Point","coordinates":[-58.16667,6.8]}},{"type":"Feature","properties":{"Places":"Riverview (Riversview)","Region":"Upper Demerara-Berbice","Pop_2002":"60) 579","DMS":"6 26N 58 35W"},"geometry":{"type":"Point","coordinates":[-58.58333,6.43333]}},{"type":"Feature","properties":{"Places":"Rockstone","Region":"Upper Demerara-Berbice","Pop_2002":113,"DMS":"5 59N 58 33W"},"geometry":{"type":"Point","coordinates":[-58.55,5.98333]}},{"type":"Feature","properties":{"Places":"Roden Rust","Region":"Essequibo Islands-West Demerara","Pop_2002":116,"DMS":"6 50N 58 27W"},"geometry":{"type":"Point","coordinates":[-58.45,6.83333]}},{"type":"Feature","properties":{"Places":"Rosehall (Rose Hall) [t]","Region":"East Berbice-Corentyne","Pop_2002":3583,"DMS":"6 15N 57 21W"},"geometry":{"type":"Point","coordinates":[-57.35,6.25]}},{"type":"Feature","properties":{"Places":"Rosenburg","Region":"Upper Demerara-Berbice","Pop_2002":5,"DMS":"5 42N 57 46W"},"geometry":{"type":"Point","coordinates":[-57.76667,5.7]}},{"type":"Feature","properties":{"Places":"Rosetta","Region":"Essequibo Islands-West Demerara","Pop_2002":117,"DMS":"6 44N 58 16W"},"geometry":{"type":"Point","coordinates":[-58.26667,6.73333]}},{"type":"Feature","properties":{"Places":"Rosignol [t]","Region":"Mahaica-Berbice","Pop_2002":3071,"DMS":"6 17N 57 32W"},"geometry":{"type":"Point","coordinates":[-57.53333,6.28333]}},{"type":"Feature","properties":{"Places":"Ross","Region":"Mahaica-Berbice","Pop_2002":430,"DMS":"6 27N 57 39W"},"geometry":{"type":"Point","coordinates":[-57.65,6.45]}},{"type":"Feature","properties":{"Places":"Rotterdam","Region":"East Berbice-Corentyne","Pop_2002":161,"DMS":"6 11N 57 32W"},"geometry":{"type":"Point","coordinates":[-57.53333,6.18333]}},{"type":"Feature","properties":{"Places":"Rotterdam","Region":"Essequibo Islands-West Demerara","Pop_2002":29,"DMS":"6 50N 58 13W"},"geometry":{"type":"Point","coordinates":[-58.21667,6.83333]}},{"type":"Feature","properties":{"Places":"Roxanne Burnham Gardens (part of Georgetown)","Region":"Demerara-Mahaica","Pop_2002":833,"DMS":"6 47N 58 09W"},"geometry":{"type":"Point","coordinates":[-58.15,6.78333]}},{"type":"Feature","properties":{"Places":"Ruby","Region":"Essequibo Islands-West Demerara","Pop_2002":490,"DMS":"6 52N 58 24W"},"geometry":{"type":"Point","coordinates":[-58.4,6.86667]}},{"type":"Feature","properties":{"Places":"Ruimzight","Region":"Essequibo Islands-West Demerara","Pop_2002":547,"DMS":"6 50N 58 14W"},"geometry":{"type":"Point","coordinates":[-58.23333,6.83333]}},{"type":"Feature","properties":{"Places":"Rupertee","Region":"Upper Takutu-Upper Essequibo","Pop_2002":238,"DMS":"3 58N 59 07W"},"geometry":{"type":"Point","coordinates":[-59.11667,3.96667]}},{"type":"Feature","properties":{"Places":"Rupunau","Region":"Upper Takutu-Upper Essequibo","Pop_2002":264,"DMS":"2 54N 59 23W"},"geometry":{"type":"Point","coordinates":[-59.38333,2.9]}},{"type":"Feature","properties":{"Places":"Rushbrook","Region":"Essequibo Islands-West Demerara","Pop_2002":7,"DMS":"6 56N 58 28W"},"geometry":{"type":"Point","coordinates":[-58.46667,6.93333]}},{"type":"Feature","properties":{"Places":"Rustenburg","Region":"Upper Demerara-Berbice","Pop_2002":13,"DMS":"5 39N 57 47W"},"geometry":{"type":"Point","coordinates":[-57.78333,5.65]}},{"type":"Feature","properties":{"Places":"Rusthoff","Region":"Upper Demerara-Berbice","Pop_2002":13,"DMS":"5 42N 57 50W"},"geometry":{"type":"Point","coordinates":[-57.83333,5.7]}},{"type":"Feature","properties":{"Places":"Saint Bedes Mission (St. Bedes)","Region":"Barima-Waini","Pop_2002":101,"DMS":"7 34N 59 28W"},"geometry":{"type":"Point","coordinates":[-59.46667,7.56667]}},{"type":"Feature","properties":{"Places":"Saint Cuthberts (Saint Cuth-berts Mission; Saint Cuth-berts Village)","Region":"Demerara-Mahaica Mahaica-Berbice","Pop_2002":"783 71","DMS":"6 22N 58 05W"},"geometry":{"type":"Point","coordinates":[-58.08333,6.36667]}},{"type":"Feature","properties":{"Places":"Saint Dennys Mission (Saint Denys Mission)","Region":"Pomeroon-Supenaam","Pop_2002":"63) 557","DMS":"7 14N 58 35W"},"geometry":{"type":"Point","coordinates":[-58.58333,7.23333]}},{"type":"Feature","properties":{"Places":"Saint Ignatius","Region":"Upper Takutu-Upper Essequibo","Pop_2002":662,"DMS":"3 21N 59 48W"},"geometry":{"type":"Point","coordinates":[-59.8,3.35]}},{"type":"Feature","properties":{"DMS":"6 17N 58 16W"},"geometry":{"type":"Point","coordinates":[-58.26667,6.28333]}},{"type":"Feature","properties":{"Places":"Saint John","Region":"Mahaica-Berbice","Pop_2002":306,"DMS":"6 24N 57 37W"},"geometry":{"type":"Point","coordinates":[-57.61667,6.4]}},{"type":"Feature","properties":{"Places":"Saint Lawrence (Big Sands)","Region":"Essequibo Islands-West Demerara","Pop_2002":155,"DMS":"6 48N 58 28W"},"geometry":{"type":"Point","coordinates":[-58.46667,6.8]}},{"type":"Feature","properties":{"Places":"Saint Lust (Saints Lust)","Region":"Upper Demerara-Berbice","Pop_2002":23,"DMS":"5 42N 57 49W"},"geometry":{"type":"Point","coordinates":[-57.81667,5.7]}},{"type":"Feature","properties":{"Places":"Saint Maryês","Region":"Cuyuni-Mazaruni","Pop_2002":84,"DMS":"6 15N 58 35W"},"geometry":{"type":"Point","coordinates":[-58.58333,6.25]}},{"type":"Feature","properties":{"Places":"Saint Monica (St. Monicaês; Kairimap)","Region":"Pomeroon-Supenaam","Pop_2002":631,"DMS":"7 14N 58 47W"},"geometry":{"type":"Point","coordinates":[-58.78333,7.23333]}},{"type":"Feature","properties":{"Places":"Saint Nicholas","Region":"Pomeroon-Supenaam","Pop_2002":"64) 511","DMS":"7 30N 58 57W"},"geometry":{"type":"Point","coordinates":[-58.95,7.5]}},{"type":"Feature","properties":{"Places":"Saka","Region":"Upper Demerara-Berbice","Pop_2002":1,"DMS":"5 35N 58 22W"},"geometry":{"type":"Point","coordinates":[-58.36667,5.58333]}},{"type":"Feature","properties":{"Places":"Salem","Region":"Essequibo Islands-West Demerara","Pop_2002":403,"DMS":"6 50N 58 26W"},"geometry":{"type":"Point","coordinates":[-58.43333,6.83333]}},{"type":"Feature","properties":{"Places":"Salisbury (Handsden)","Region":"Mahaica-Berbice","Pop_2002":3,"DMS":"6 40N 57 55W"},"geometry":{"type":"Point","coordinates":[-57.91667,6.66667]}},{"type":"Feature","properties":{"Places":"Salton","Region":"East Berbice-Corentyne","Pop_2002":111,"DMS":"6 13N 57 17W"},"geometry":{"type":"Point","coordinates":[-57.28333,6.21667]}},{"type":"Feature","properties":{"Places":"Sand Creek","Region":"Upper Takutu-Upper Essequibo","Pop_2002":605,"DMS":"3 00N 59 33W"},"geometry":{"type":"Point","coordinates":[-59.55,3]}},{"type":"Feature","properties":{"Places":"Sand Hills","Region":"Essequibo Islands-West Demerara","Pop_2002":10,"DMS":"6 27N 58 19W"},"geometry":{"type":"Point","coordinates":[-58.31667,6.45]}},{"type":"Feature","properties":{"DMS":"6 10N 58 17W"},"geometry":{"type":"Point","coordinates":[-58.28333,6.16667]}},{"type":"Feature","properties":{"Places":"Sandvoort","Region":"East Berbice-Corentyne","Pop_2002":296,"DMS":"6 14N 57 30W"},"geometry":{"type":"Point","coordinates":[-57.5,6.23333]}},{"type":"Feature","properties":{"Places":"Sans Souci","Region":"Demerara-Mahaica","Pop_2002":8,"DMS":"6 27N 58 17W"},"geometry":{"type":"Point","coordinates":[-58.28333,6.45]}},{"type":"Feature","properties":{"Places":"Sans Souci","Region":"Essequibo Islands-West Demerara","Pop_2002":714,"DMS":"6 46N 58 17W"},"geometry":{"type":"Point","coordinates":[-58.28333,6.76667]}},{"type":"Feature","properties":{"Places":"Santa Rosa Mission","Region":"Barima-Waini","Pop_2002":856,"DMS":"7 39N 58 57W"},"geometry":{"type":"Point","coordinates":[-58.95,7.65]}},{"type":"Feature","properties":{"Places":"Sarah","Region":"Essequibo Islands-West Demerara","Pop_2002":177,"DMS":"6 58N 58 28W"},"geometry":{"type":"Point","coordinates":[-58.46667,6.96667]}},{"type":"Feature","properties":{"Places":"Sarah Johanna","Region":"Demerara-Mahaica","Pop_2002":215,"DMS":"6 35N 58 13W"},"geometry":{"type":"Point","coordinates":[-58.21667,6.58333]}},{"type":"Feature","properties":{"Places":"Sarahês Hope","Region":"Essequibo Islands-West Demerara","Pop_2002":19,"DMS":"6 36N 58 14W"},"geometry":{"type":"Point","coordinates":[-58.23333,6.6]}},{"type":"Feature","properties":{"Places":"Sawariwau (Sawariwaunawa)","Region":"Upper Takutu-Upper Essequibo","Pop_2002":537,"DMS":"2 41N 59 39W"},"geometry":{"type":"Point","coordinates":[-59.65,2.68333]}},{"type":"Feature","properties":{"Places":"Saxakalli (Saxacalli; Saxakalli Mission)","Region":"Essequibo Islands-West Demerara","Pop_2002":30,"DMS":"6 35N 58 37W"},"geometry":{"type":"Point","coordinates":[-58.61667,6.58333]}},{"type":"Feature","properties":{"Places":"Schepmoed","Region":"East Berbice-Corentyne","Pop_2002":4,"DMS":"6 02N 57 37W"},"geometry":{"type":"Point","coordinates":[-57.61667,6.03333]}},{"type":"Feature","properties":{"Places":"Schoonord","Region":"Essequibo Islands-West Demerara","Pop_2002":52,"DMS":"6 47N 58 12W"},"geometry":{"type":"Point","coordinates":[-58.2,6.78333]}},{"type":"Feature","properties":{"Places":"Seafield","Region":"Mahaica-Berbice","Pop_2002":460,"DMS":"6 29N 57 41W"},"geometry":{"type":"Point","coordinates":[-57.68333,6.48333]}},{"type":"Feature","properties":{"Places":"Seba","Region":"Upper Demerara-Berbice","Pop_2002":"65) 17","DMS":"5 45N 58 22W"},"geometry":{"type":"Point","coordinates":[-58.36667,5.75]}},{"type":"Feature","properties":{"Places":"Section K, Campbellville ","District":"Georgetown","Region":"Demerara-Mahaica","Pop_2002":475,"DMS":"6 49N 58 08W"},"geometry":{"type":"Point","coordinates":[-58.13333,6.81667]}},{"type":"Feature","properties":{"Places":"Shea","Region":"Upper Takutu-Upper Essequibo","Pop_2002":364,"DMS":"2 49N 59 08W"},"geometry":{"type":"Point","coordinates":[-59.13333,2.81667]}},{"type":"Feature","properties":{"Places":"Sheet Anchor","Region":"East Berbice-Corentyne","Pop_2002":778,"DMS":"6 16N 57 30W"},"geometry":{"type":"Point","coordinates":[-57.5,6.26667]}},{"type":"Feature","properties":{"Places":"Sherima","Region":"Cuyuni-Mazaruni","Pop_2002":23,"DMS":"6 09N 58 34W"},"geometry":{"type":"Point","coordinates":[-58.56667,6.15]}},{"type":"Feature","properties":{"Places":"Shiriri","Region":"Upper Takutu-Upper Essequibo","Pop_2002":76,"DMS":"2 53N 59 44W"},"geometry":{"type":"Point","coordinates":[-59.73333,2.88333]}},{"type":"Feature","properties":{"Places":"Shulinab","Region":"Upper Takutu-Upper Essequibo","Pop_2002":"66) 486","DMS":"3 03N 59 46W"},"geometry":{"type":"Point","coordinates":[-59.76667,3.05]}},{"type":"Feature","properties":{"Places":"Siberien (Sibirien) ","District":"Linden","Region":"Upper Demerara-Berbice","Pop_2002":"67) 269","DMS":"5 57N 58 17W"},"geometry":{"type":"Point","coordinates":[-58.28333,5.95]}},{"type":"Feature","properties":{"Places":"Silver City (part of Linden)","Region":"Upper Demerara-Berbice","Pop_2002":817,"DMS":"6 01N 58 18W"},"geometry":{"type":"Point","coordinates":[-58.3,6.01667]}},{"type":"Feature","properties":{"Places":"Silver Town (part of Linden)","Region":"Upper Demerara-Berbice","Pop_2002":2131,"DMS":"6 01N 58 18W"},"geometry":{"type":"Point","coordinates":[-58.3,6.01667]}},{"type":"Feature","properties":{"Places":"Singlehand","Region":"Upper Demerara-Berbice","Pop_2002":24,"DMS":"5 46N 57 44W"},"geometry":{"type":"Point","coordinates":[-57.73333,5.76667]}},{"type":"Feature","properties":{"Places":"Siriki (Sirikie)","Region":"Pomeroon-Supenaam","Pop_2002":924,"DMS":"7 18N 58 40W"},"geometry":{"type":"Point","coordinates":[-58.66667,7.3]}},{"type":"Feature","properties":{"Places":"Sisters","Region":"East Berbice-Corentyne","Pop_2002":497,"DMS":"6 11N 57 33W"},"geometry":{"type":"Point","coordinates":[-57.55,6.18333]}},{"type":"Feature","properties":{"Places":"Skeldon (Number 80 Village)","District":"Corriverton","Region":"East Berbice-Corentyne","Pop_2002":2797,"DMS":"5 53N 57 08W"},"geometry":{"type":"Point","coordinates":[-57.13333,5.88333]}},{"type":"Feature","properties":{"Places":"Skull Point","Region":"Cuyuni-Mazaruni","Pop_2002":175,"DMS":"6 24N 58 41W"},"geometry":{"type":"Point","coordinates":[-58.68333,6.4]}},{"type":"Feature","properties":{"Places":"Small Sand Creek","Region":"Upper Takutu-Upper Essequibo","Pop_2002":190,"DMS":"2 56N 59 56W"},"geometry":{"type":"Point","coordinates":[-59.93333,2.93333]}},{"type":"Feature","properties":{"Places":"Smythfield","Region":"East Berbice-Corentyne","Pop_2002":856,"DMS":"6 14N 57 31W"},"geometry":{"type":"Point","coordinates":[-57.51667,6.23333]}},{"type":"Feature","properties":{"Places":"Smythtown","Region":"East Berbice-Corentyne","Pop_2002":3819,"DMS":"6 15N 57 31W"},"geometry":{"type":"Point","coordinates":[-57.51667,6.25]}},{"type":"Feature","properties":{"Places":"Soesdyke","Region":"Demerara-Mahaica","Pop_2002":4282,"DMS":"6 32N 58 15W"},"geometry":{"type":"Point","coordinates":[-58.25,6.53333]}},{"type":"Feature","properties":{"Places":"Soesdyke","Region":"Essequibo Islands-West Demerara","Pop_2002":146,"DMS":"6 46N 58 17W"},"geometry":{"type":"Point","coordinates":[-58.28333,6.76667]}},{"type":"Feature","properties":{"Places":"Solitude","Region":"Upper Demerara-Berbice","Pop_2002":11,"DMS":"5 46N 57 44W"},"geometry":{"type":"Point","coordinates":[-57.73333,5.76667]}},{"type":"Feature","properties":{"Places":"Somerset and Berks","Region":"Pomeroon-Supenaam","Pop_2002":901,"DMS":"7 24N 58 34W"},"geometry":{"type":"Point","coordinates":[-58.56667,7.4]}},{"type":"Feature","properties":{"Places":"Sophia","Region":"Demerara-Mahaica","Pop_2002":3753,"DMS":"6 48N 58 08W"},"geometry":{"type":"Point","coordinates":[-58.13333,6.8]}},{"type":"Feature","properties":{"Places":"Sophia (Sophias Hope)","Region":"Mahaica-Berbice","Pop_2002":16,"DMS":"6 34N 57 48W"},"geometry":{"type":"Point","coordinates":[-57.8,6.56667]}},{"type":"Feature","properties":{"Places":"South Cummingsburg","District":"Georgetown","Region":"Demerara-Mahaica","Pop_2002":2719,"DMS":"6 49N 58 10W"},"geometry":{"type":"Point","coordinates":[-58.16667,6.81667]}},{"type":"Feature","properties":{"Places":"South Ruimveldt Gardens","District":"Georgetown","Region":"Demerara-Mahaica","Pop_2002":2316,"DMS":"6 47N 58 09W"},"geometry":{"type":"Point","coordinates":[-58.15,6.78333]}},{"type":"Feature","properties":{"Places":"South Ruimveldt Park","District":"Georgetown","Region":"Demerara-Mahaica","Pop_2002":4342,"DMS":"6 47N 58 08W"},"geometry":{"type":"Point","coordinates":[-58.13333,6.78333]}},{"type":"Feature","properties":{"Places":"Sparendaam","Region":"Demerara-Mahaica","Pop_2002":2021,"DMS":"6 49N 58 06W"},"geometry":{"type":"Point","coordinates":[-58.1,6.81667]}},{"type":"Feature","properties":{"Places":"Sparta","Region":"Essequibo Islands-West Demerara","Pop_2002":44,"DMS":"6 50N 58 27W"},"geometry":{"type":"Point","coordinates":[-58.45,6.83333]}},{"type":"Feature","properties":{"Places":"Sparta ","District":"Anna Regina","Region":"Pomeroon-Supenaam","Pop_2002":484,"DMS":"7 18N 58 29W"},"geometry":{"type":"Point","coordinates":[-58.48333,7.3]}},{"type":"Feature","properties":{"Places":"Speculation","Region":"East Berbice-Corentyne","Pop_2002":19,"DMS":"6 12N 57 27W"},"geometry":{"type":"Point","coordinates":[-57.45,6.2]}},{"type":"Feature","properties":{"Places":"Spooner","Region":"Mahaica-Berbice","Pop_2002":20,"DMS":"6 33N 57 48W"},"geometry":{"type":"Point","coordinates":[-57.8,6.55]}},{"type":"Feature","properties":{"Places":"Spring Garden (Number 75 Village) ","District":" Corriverton","Region":"East Berbice-Corentyne","Pop_2002":319,"DMS":"5 55N 57 09W"},"geometry":{"type":"Point","coordinates":[-57.15,5.91667]}},{"type":"Feature","properties":{"Places":"Spring Garden","Region":"Essequibo Islands-West Demerara","Pop_2002":41,"DMS":"6 18N 58 17W"},"geometry":{"type":"Point","coordinates":[-58.28333,6.3]}},{"type":"Feature","properties":{"Places":"Spring Garden","Region":"Pomeroon-Supenaam","Pop_2002":322,"DMS":"6 59N 58 30W"},"geometry":{"type":"Point","coordinates":[-58.5,6.98333]}},{"type":"Feature","properties":{"Places":"Spring Hall","Region":"Demerara-Mahaica","Pop_2002":9,"DMS":"6 42N 57 55W"},"geometry":{"type":"Point","coordinates":[-57.91667,6.7]}},{"type":"Feature","properties":{"Places":"Springlands (Eliza and Mary; Mary and Eliza; Number 78 Village)","District":"Corriverton","Region":"East Berbice-Corentyne","Pop_2002":4285,"DMS":"5 54N 57 08W"},"geometry":{"type":"Point","coordinates":[-57.13333,5.9]}},{"type":"Feature","properties":{"Places":"Stabroek","District":"Georgetown","Region":"Demerara-Mahaica","Pop_2002":509,"DMS":"6 49N 58 10W"},"geometry":{"type":"Point","coordinates":[-58.16667,6.81667]}},{"type":"Feature","properties":{"Places":"Stamholder","Region":"Essequibo Islands-West Demerara","Pop_2002":28,"DMS":"6 19N 58 19W"},"geometry":{"type":"Point","coordinates":[-58.31667,6.31667]}},{"type":"Feature","properties":{"Places":"Stanleytown","District":"New Amsterdam","Region":"East Berbice-Corentyne","Pop_2002":3868,"DMS":"6 14N 57 31W"},"geometry":{"type":"Point","coordinates":[-57.51667,6.23333]}},{"type":"Feature","properties":{"Places":"Stanleytown","Region":"Essequibo Islands-West Demerara","Pop_2002":1550,"DMS":"6 44N 58 12W"},"geometry":{"type":"Point","coordinates":[-58.2,6.73333]}},{"type":"Feature","properties":{"Places":"Stena","Region":"Essequibo Islands-West Demerara","Pop_2002":25,"DMS":"6 22N 58 19W"},"geometry":{"type":"Point","coordinates":[-58.31667,6.36667]}},{"type":"Feature","properties":{"Places":"Stewartville","Region":"Essequibo Islands-West Demerara","Pop_2002":3269,"DMS":"6 52N 58 18W"},"geometry":{"type":"Point","coordinates":[-58.3,6.86667]}},{"type":"Feature","properties":{"Places":"Stillhorn","Region":"Upper Demerara-Berbice","Pop_2002":15,"DMS":"5 35N 57 54W"},"geometry":{"type":"Point","coordinates":[-57.9,5.58333]}},{"type":"Feature","properties":{"Places":"Still in Hope","Region":"Pomeroon-Supenaam","Pop_2002":45,"DMS":"7 31N 58 40W"},"geometry":{"type":"Point","coordinates":[-58.66667,7.51667]}},{"type":"Feature","properties":{"Places":"Stockholm (Balaam; Number 74 Village)","Region":"East Berbice-Corentyne","Pop_2002":279,"DMS":"5 56N 57 09W"},"geometry":{"type":"Point","coordinates":[-57.15,5.93333]}},{"type":"Feature","properties":{"Places":"Strangroen","Region":"Mahaica-Berbice","Pop_2002":13,"DMS":"6 40N 57 53W"},"geometry":{"type":"Point","coordinates":[-57.88333,6.66667]}},{"type":"Feature","properties":{"Places":"Strathavon","Region":"Demerara-Mahaica","Pop_2002":388,"DMS":"6 39N 57 55W"},"geometry":{"type":"Point","coordinates":[-57.91667,6.65]}},{"type":"Feature","properties":{"Places":"Strath Campbell","Region":"Mahaica-Berbice","Pop_2002":225,"DMS":"6 32N 57 48W"},"geometry":{"type":"Point","coordinates":[-57.8,6.53333]}},{"type":"Feature","properties":{"Places":"Strathspey","Region":"Demerara-Mahaica","Pop_2002":1033,"DMS":"6 47N 58 01W"},"geometry":{"type":"Point","coordinates":[-58.01667,6.78333]}},{"type":"Feature","properties":{"Places":"Studley Park","Region":"Essequibo Islands-West Demerara","Pop_2002":91,"DMS":"6 46N 58 17W"},"geometry":{"type":"Point","coordinates":[-58.28333,6.76667]}},{"type":"Feature","properties":{"Places":"Subryanville, Georgetown","Region":"Demerara-Mahaica","Pop_2002":501,"DMS":"6 49N 58 08W"},"geometry":{"type":"Point","coordinates":[-58.13333,6.81667]}},{"type":"Feature","properties":{"Places":"Success","Region":"Demerara-Mahaica","Pop_2002":2285,"DMS":"6 49N 58 04W"},"geometry":{"type":"Point","coordinates":[-58.06667,6.81667]}},{"type":"Feature","properties":{"Places":"Success","Region":"Essequibo Islands-West Demerara","Pop_2002":7,"DMS":"6 54N 58 26W"},"geometry":{"type":"Point","coordinates":[-58.43333,6.9]}},{"type":"Feature","properties":{"Places":"Suddie","Region":"Pomeroon-Supenaam","Pop_2002":653,"DMS":"7 07N 58 29W"},"geometry":{"type":"Point","coordinates":[-58.48333,7.11667]}},{"type":"Feature","properties":{"Places":"Supply","Region":"Demerara-Mahaica","Pop_2002":363,"DMS":"6 38N 58 12W"},"geometry":{"type":"Point","coordinates":[-58.2,6.63333]}},{"type":"Feature","properties":{"Places":"Supply","Region":"Demerara-Mahaica","Pop_2002":814,"DMS":"6 40N 57 56W"},"geometry":{"type":"Point","coordinates":[-57.93333,6.66667]}},{"type":"Feature","properties":{"Places":"Supply","Region":"Mahaica-Berbice","Pop_2002":36,"DMS":"6 33N 57 48W"},"geometry":{"type":"Point","coordinates":[-57.8,6.55]}},{"type":"Feature","properties":{"Places":"Support","Region":"Demerara-Mahaica","Pop_2002":329,"DMS":"6 37N 58 12W"},"geometry":{"type":"Point","coordinates":[-58.2,6.61667]}},{"type":"Feature","properties":{"Places":"Surama","Region":"Upper Takutu-Upper Essequibo","Pop_2002":"68) 399","DMS":"4 10N 59 05W"},"geometry":{"type":"Point","coordinates":[-59.08333,4.16667]}},{"type":"Feature","properties":{"Places":"Surprise Hill","Region":"Barima-Waini","Pop_2002":4,"DMS":"7 49N 59 48W"},"geometry":{"type":"Point","coordinates":[-59.8,7.81667]}},{"type":"Feature","properties":{"Places":"Susannah (Number 15)","Region":"East Berbice-Corentyne","Pop_2002":221,"DMS":"6 17N 57 28W"},"geometry":{"type":"Point","coordinates":[-57.46667,6.28333]}},{"type":"Feature","properties":{"Places":"Susannahês Rust","Region":"Demerara-Mahaica","Pop_2002":30,"DMS":"6 22N 58 18W"},"geometry":{"type":"Point","coordinates":[-58.3,6.36667]}},{"type":"Feature","properties":{"Places":"Susannahês Rust","Region":"Essequibo Islands-West Demerara","Pop_2002":5,"DMS":"6 33N 58 16W"},"geometry":{"type":"Point","coordinates":[-58.26667,6.55]}},{"type":"Feature","properties":{"Places":"Swan en Schutz","Region":"Essequibo Islands-West Demerara","Pop_2002":3027,"DMS":"6 49N 58 12W"},"geometry":{"type":"Point","coordinates":[-58.2,6.81667]}},{"type":"Feature","properties":{"Places":"Switzerland","Region":"Upper Demerara-Berbice","Pop_2002":30,"DMS":"5 41N 57 50W"},"geometry":{"type":"Point","coordinates":[-57.83333,5.68333]}},{"type":"Feature","properties":{"Places":"Tabatinga","Region":"Upper Takutu-Upper Essequibo","Pop_2002":221,"DMS":"3 23N 59 48W"},"geometry":{"type":"Point","coordinates":[-59.8,3.38333]}},{"type":"Feature","properties":{"Places":"Tain","Region":"East Berbice-Corentyne","Pop_2002":1240,"DMS":"6 14N 57 20W"},"geometry":{"type":"Point","coordinates":[-57.33333,6.23333]}},{"type":"Feature","properties":{"Places":"Takama (Tacama)","Region":"Upper Demerara-Berbice","Pop_2002":49,"DMS":"5 34N 57 55W"},"geometry":{"type":"Point","coordinates":[-57.91667,5.56667]}},{"type":"Feature","properties":{"Places":"Tarlogie","Region":"East Berbice-Corentyne","Pop_2002":117,"DMS":"6 10N 57 14W"},"geometry":{"type":"Point","coordinates":[-57.23333,6.16667]}},{"type":"Feature","properties":{"Places":"Taruka","Region":"Potaro-Siparuni","Pop_2002":125,"DMS":"4 48N 59 38W"},"geometry":{"type":"Point","coordinates":[-59.63333,4.8]}},{"type":"Feature","properties":{"Places":"Taymouth Manor","Region":"Mahaica-Berbice","Pop_2002":20,"DMS":"6 35N 57 48W"},"geometry":{"type":"Point","coordinates":[-57.8,6.58333]}},{"type":"Feature","properties":{"Places":"Taymouth Manor","Region":"Pomeroon-Supenaam","Pop_2002":282,"DMS":"7 13N 58 29W"},"geometry":{"type":"Point","coordinates":[-58.48333,7.21667]}},{"type":"Feature","properties":{"Places":"Teddington","Region":"Demerara-Mahaica","Pop_2002":29,"DMS":"6 24N 58 18W"},"geometry":{"type":"Point","coordinates":[-58.3,6.4]}},{"type":"Feature","properties":{"Places":"Te Huis te Coverden (Coverden)","Region":"Demerara-Mahaica","Pop_2002":496,"DMS":"6 34N 58 13W"},"geometry":{"type":"Point","coordinates":[-58.21667,6.56667]}},{"type":"Feature","properties":{"Places":"Tempe","Region":"Mahaica-Berbice","Pop_2002":300,"DMS":"6 26N 57 38W"},"geometry":{"type":"Point","coordinates":[-57.63333,6.43333]}},{"type":"Feature","properties":{"Places":"Tenez Ferme","Region":"Essequibo Islands-West Demerara","Pop_2002":92,"DMS":"6 46N 58 16W"},"geometry":{"type":"Point","coordinates":[-58.26667,6.76667]}},{"type":"Feature","properties":{"Places":"Tenez Ferme","Region":"Pomeroon-Supenaam","Pop_2002":124,"DMS":"7 27N 58 37W"},"geometry":{"type":"Point","coordinates":[-58.61667,7.45]}},{"type":"Feature","properties":{"Places":"Tewkesbury","Region":"Essequibo Islands-West Demerara","Pop_2002":54,"DMS":"6 57N 58 24W"},"geometry":{"type":"Point","coordinates":[-58.4,6.95]}},{"type":"Feature","properties":{"Places":"TêFortuin (TêFortuyn; TêFortune)","Region":"Upper Demerara-Berbice","Pop_2002":12,"DMS":"5 46N 57 43W"},"geometry":{"type":"Point","coordinates":[-57.71667,5.76667]}},{"type":"Feature","properties":{"Places":"The Bell","Region":"Essequibo Islands-West Demerara","Pop_2002":5,"DMS":"6 11N 58 17W"},"geometry":{"type":"Point","coordinates":[-58.28333,6.18333]}},{"type":"Feature","properties":{"Places":"The Bell","Region":"Essequibo Islands-West Demerara","Pop_2002":413,"DMS":"6 44N 58 15W"},"geometry":{"type":"Point","coordinates":[-58.25,6.73333]}},{"type":"Feature","properties":{"Places":"The Best","Region":"Essequibo Islands-West Demerara","Pop_2002":4456,"DMS":"6 49N 58 11W"},"geometry":{"type":"Point","coordinates":[-58.18333,6.81667]}},{"type":"Feature","properties":{"Places":"The Buff (The Boff)","Region":"Essequibo Islands-West Demerara","Pop_2002":211,"DMS":"6 44N 58 16W"},"geometry":{"type":"Point","coordinates":[-58.26667,6.73333]}},{"type":"Feature","properties":{"Places":"The Commons","Region":"Essequibo Islands-West Demerara","Pop_2002":27,"DMS":"6 44N 58 16W"},"geometry":{"type":"Point","coordinates":[-58.26667,6.73333]}},{"type":"Feature","properties":{"Places":"The Jib","Region":"Pomeroon-Supenaam","Pop_2002":275,"DMS":"7 20N 58 29W"},"geometry":{"type":"Point","coordinates":[-58.48333,7.33333]}},{"type":"Feature","properties":{"Places":"Thomas Lands","Region":"Demerara-Mahaica","Pop_2002":36,"DMS":"6 49N 58 09W"},"geometry":{"type":"Point","coordinates":[-58.15,6.81667]}},{"type":"Feature","properties":{"Places":"Three Friends","Region":"Pomeroon-Supenaam","Pop_2002":"69) 293","DMS":"7 01N 58 30W"},"geometry":{"type":"Point","coordinates":[-58.5,7.01667]}},{"type":"Feature","properties":{"Places":"Three Friends , Anna Regina","Region":"Pomeroon-Supenaam","Pop_2002":289,"DMS":"7 14N 58 29W"},"geometry":{"type":"Point","coordinates":[-58.48333,7.23333]}},{"type":"Feature","properties":{"Places":"Three Friends","Region":"Upper Demerara-Berbice","Pop_2002":176,"DMS":"5 54N 58 18W"},"geometry":{"type":"Point","coordinates":[-58.3,5.9]}},{"type":"Feature","properties":{"Places":"Tiger Hill","Region":"Upper Demerara-Berbice","Pop_2002":"70) 113","DMS":"5 39N 58 23W"},"geometry":{"type":"Point","coordinates":[-58.38333,5.65]}},{"type":"Feature","properties":{"Places":"Tiger Pond","Region":"Upper Takutu-Upper Essequibo","Pop_2002":272,"DMS":"4 03N 59 26W"},"geometry":{"type":"Point","coordinates":[-59.43333,4.05]}},{"type":"Feature","properties":{"Places":"Timehri","Region":"Demerara-Mahaica","Pop_2002":3744,"DMS":"6 30N 58 16W"},"geometry":{"type":"Point","coordinates":[-58.26667,6.5]}},{"type":"Feature","properties":{"Places":"Tipuru","Region":"Upper Takutu-Upper Essequibo","Pop_2002":"71) 426","DMS":"4 12N 59 34W"},"geometry":{"type":"Point","coordinates":[-59.56667,4.2]}},{"type":"Feature","properties":{"Places":"Toevlugt","Region":"Essequibo Islands-West Demerara","Pop_2002":46,"DMS":"6 45N 58 12W"},"geometry":{"type":"Point","coordinates":[-58.2,6.75]}},{"type":"Feature","properties":{"Places":"Toka","Region":"Upper Takutu-Upper Essequibo","Pop_2002":206,"DMS":"3 54N 59 23W"},"geometry":{"type":"Point","coordinates":[-59.38333,3.9]}},{"type":"Feature","properties":{"Places":"Toushida","Region":"Upper Takutu-Upper Essequibo","Pop_2002":"72) 207","DMS":"3 57N 59 24W"},"geometry":{"type":"Point","coordinates":[-59.4,3.95]}},{"type":"Feature","properties":{"Places":"Trafalgar","Region":"Mahaica-Berbice","Pop_2002":865,"DMS":"6 26N 57 38W"},"geometry":{"type":"Point","coordinates":[-57.63333,6.43333]}},{"type":"Feature","properties":{"Places":"Tranquility Hall","Region":"Demerara-Mahaica","Pop_2002":57,"DMS":"6 42N 57 55W"},"geometry":{"type":"Point","coordinates":[-57.91667,6.7]}},{"type":"Feature","properties":{"Places":"Treurniet (Number 11)","Region":"East Berbice-Corentyne","Pop_2002":117,"DMS":"6 17N 57 29W"},"geometry":{"type":"Point","coordinates":[-57.48333,6.28333]}},{"type":"Feature","properties":{"Places":"Triumph","Region":"Demerara-Mahaica","Pop_2002":4523,"DMS":"6 48N 58 03W"},"geometry":{"type":"Point","coordinates":[-58.05,6.8]}},{"type":"Feature","properties":{"Places":"Tucber Park","Region":"East Berbice-Corentyne","Pop_2002":863,"DMS":"6 15N 57 31W"},"geometry":{"type":"Point","coordinates":[-57.51667,6.25]}},{"type":"Feature","properties":{"Places":"Tucville","Region":"Demerara-Mahaica","Pop_2002":3953,"DMS":"6 48N 58 08W"},"geometry":{"type":"Point","coordinates":[-58.13333,6.8]}},{"type":"Feature","properties":{"Places":"Tumatumari","Region":"Potaro-Siparuni","Pop_2002":150,"DMS":"5 22N 59 00W"},"geometry":{"type":"Point","coordinates":[-59,5.36667]}},{"type":"Feature","properties":{"Places":"Turkeyen","District":"East Coast Demerara","Region":"Demerara-Mahaica","Pop_2002":9794,"DMS":"6 49N 58 07W"},"geometry":{"type":"Point","coordinates":[-58.11667,6.81667]}},{"type":"Feature","properties":{"Places":"Tuschen","Region":"Essequibo Islands-West Demerara","Pop_2002":2586,"DMS":"6 53N 58 21W"},"geometry":{"type":"Point","coordinates":[-58.35,6.88333]}},{"type":"Feature","properties":{"Places":"Two Brothers","Region":"Essequibo Islands-West Demerara","Pop_2002":113,"DMS":"6 46N 58 15W"},"geometry":{"type":"Point","coordinates":[-58.25,6.76667]}},{"type":"Feature","properties":{"Places":"Two Friends","Region":"Demerara-Mahaica","Pop_2002":1147,"DMS":"6 44N 57 58W"},"geometry":{"type":"Point","coordinates":[-57.96667,6.73333]}},{"type":"Feature","properties":{"Places":"Two Friends","Region":"Demerara-Mahaica","Pop_2002":"73) 1,349","DMS":"6 44N 58 09W"},"geometry":{"type":"Point","coordinates":[-58.15,6.73333]}},{"type":"Feature","properties":{"Places":"Two Friends","Region":"Demerara-Mahaica","Pop_2002":"74) 2,167","DMS":"6 48N 58 03W"},"geometry":{"type":"Point","coordinates":[-58.05,6.8]}},{"type":"Feature","properties":{"Places":"Tyder Dryf (Tydverdryf)","Region":"Mahaica-Berbice","Pop_2002":26,"DMS":"6 37N 57 54W"},"geometry":{"type":"Point","coordinates":[-57.9,6.61667]}},{"type":"Feature","properties":{"Places":"Uit","Region":"Demerara-Mahaica","Pop_2002":8,"DMS":"6 27N 58 18W"},"geometry":{"type":"Point","coordinates":[-58.3,6.45]}},{"type":"Feature","properties":{"Places":"Uitkomst","Region":"Essequibo Islands-West Demerara","Pop_2002":90,"DMS":"6 46N 58 15W"},"geometry":{"type":"Point","coordinates":[-58.25,6.76667]}},{"type":"Feature","properties":{"Places":"Uitspa Durbanna","Region":"Demerara-Mahaica","Pop_2002":71,"DMS":"6 18N 58 16W"},"geometry":{"type":"Point","coordinates":[-58.26667,6.3]}},{"type":"Feature","properties":{"Places":"Uitvlugt","Region":"Essequibo Islands-West Demerara","Pop_2002":3556,"DMS":"6 52N 58 18W"},"geometry":{"type":"Point","coordinates":[-58.3,6.86667]}},{"type":"Feature","properties":{"Places":"Ulverston","Region":"East Berbice-Corentyne","Pop_2002":706,"DMS":"6 13N 57 18W"},"geometry":{"type":"Point","coordinates":[-57.3,6.21667]}},{"type":"Feature","properties":{"Places":"Uniform","Region":"Essequibo Islands-West Demerara","Pop_2002":191,"DMS":"6 57N 58 24W"},"geometry":{"type":"Point","coordinates":[-58.4,6.95]}},{"type":"Feature","properties":{"Places":"Union (Number 53 Village)","Region":"East Berbice-Corentyne","Pop_2002":537,"DMS":"6 02N 57 11W"},"geometry":{"type":"Point","coordinates":[-57.18333,6.03333]}},{"type":"Feature","properties":{"Places":"Union","Region":"Essequibo Islands-West Demerara","Pop_2002":109,"DMS":"6 50N 58 13W"},"geometry":{"type":"Point","coordinates":[-58.21667,6.83333]}},{"type":"Feature","properties":{"Places":"Union","Region":"Mahaica-Berbice","Pop_2002":940,"DMS":"6 26N 57 38W"},"geometry":{"type":"Point","coordinates":[-57.63333,6.43333]}},{"type":"Feature","properties":{"Places":"Unity","Region":"Demerara-Mahaica","Pop_2002":589,"DMS":"6 42N 57 56W"},"geometry":{"type":"Point","coordinates":[-57.93333,6.7]}},{"type":"Feature","properties":{"Places":"Unity","Region":"Essequibo Islands-West Demerara","Pop_2002":394,"DMS":"6 49N 58 28W"},"geometry":{"type":"Point","coordinates":[-58.46667,6.81667]}},{"type":"Feature","properties":{"Places":"Uplands","Region":"Demerara-Mahaica","Pop_2002":6,"DMS":"6 39N 57 55W"},"geometry":{"type":"Point","coordinates":[-57.91667,6.65]}},{"type":"Feature","properties":{"Places":"Upper Simerie","Region":"Upper Demerara-Berbice","Pop_2002":25,"DMS":"5 55N 58 20W"},"geometry":{"type":"Point","coordinates":[-58.33333,5.91667]}},{"type":"Feature","properties":{"Places":"Vauxhall","Region":"Essequibo Islands-West Demerara","Pop_2002":159,"DMS":"6 46N 58 14W"},"geometry":{"type":"Point","coordinates":[-58.23333,6.76667]}},{"type":"Feature","properties":{"Places":"Velami","Region":"Upper Takutu-Upper Essequibo","Pop_2002":"75) 18","DMS":"3 51N 59 31W"},"geometry":{"type":"Point","coordinates":[-59.51667,3.85]}},{"type":"Feature","properties":{"Places":"Vereeniging","Region":"Demerara-Mahaica","Pop_2002":992,"DMS":"6 40N 57 56W"},"geometry":{"type":"Point","coordinates":[-57.93333,6.66667]}},{"type":"Feature","properties":{"Places":"Vergenoegen","Region":"Essequibo Islands-West Demerara","Pop_2002":2226,"DMS":"6 52N 58 21W"},"geometry":{"type":"Point","coordinates":[-58.35,6.86667]}},{"type":"Feature","properties":{"Places":"Versailles","Region":"Essequibo Islands-West Demerara","Pop_2002":174,"DMS":"6 48N 58 12W"},"geometry":{"type":"Point","coordinates":[-58.2,6.8]}},{"type":"Feature","properties":{"Places":"Vertrouwen","Region":"Essequibo Islands-West Demerara","Pop_2002":55,"DMS":"6 56N 58 25W"},"geometry":{"type":"Point","coordinates":[-58.41667,6.93333]}},{"type":"Feature","properties":{"Places":"Vevay","Region":"Mahaica-Berbice","Pop_2002":73,"DMS":"6 40N 57 55W"},"geometry":{"type":"Point","coordinates":[-57.91667,6.66667]}},{"type":"Feature","properties":{"Places":"Victoria","Region":"Demerara-Mahaica","Pop_2002":3045,"DMS":"6 45N 57 58W"},"geometry":{"type":"Point","coordinates":[-57.96667,6.75]}},{"type":"Feature","properties":{"Places":"Victory Valley (formerly Valley of Tears), Linden","Region":"Upper Demerara-Berbice","Pop_2002":784,"DMS":"6 01N 58 19W"},"geometry":{"type":"Point","coordinates":[-58.31667,6.01667]}},{"type":"Feature","properties":{"Places":"Vigilance","Region":"Demerara-Mahaica","Pop_2002":1771,"DMS":"6 47N 58 01W"},"geometry":{"type":"Point","coordinates":[-58.01667,6.78333]}},{"type":"Feature","properties":{"Places":"Vilvoorden","Region":"Pomeroon-Supenaam","Pop_2002":317,"DMS":"7 02N 58 29W"},"geometry":{"type":"Point","coordinates":[-58.48333,7.03333]}},{"type":"Feature","properties":{"Places":"Virginia","Region":"Demerara-Mahaica","Pop_2002":743,"DMS":"6 37N 57 55W"},"geometry":{"type":"Point","coordinates":[-57.91667,6.61667]}},{"type":"Feature","properties":{"Places":"Vive la Force (Vive-la-Force)","Region":"Essequibo Islands-West Demerara","Pop_2002":307,"DMS":"6 41N 58 12W"},"geometry":{"type":"Point","coordinates":[-58.2,6.68333]}},{"type":"Feature","properties":{"Places":"Volkerts Lust","Region":"East Berbice-Corentyne","Pop_2002":11,"DMS":"6 12N 57 26W"},"geometry":{"type":"Point","coordinates":[-57.43333,6.2]}},{"type":"Feature","properties":{"Places":"Voorburg","Region":"Essequibo Islands-West Demerara","Pop_2002":3,"DMS":"6 37N 58 13W"},"geometry":{"type":"Point","coordinates":[-58.21667,6.61667]}},{"type":"Feature","properties":{"Places":"Voorzigtigheid","Region":"Demerara-Mahaica","Pop_2002":611,"DMS":"6 41N 57 56W"},"geometry":{"type":"Point","coordinates":[-57.93333,6.68333]}},{"type":"Feature","properties":{"Places":"Vreed en Hoop","Region":"Essequibo Islands-West Demerara","Pop_2002":599,"DMS":"6 48N 58 11W"},"geometry":{"type":"Point","coordinates":[-58.18333,6.8]}},{"type":"Feature","properties":{"Places":"Vreed en Rust","Region":"Upper Demerara-Berbice","Pop_2002":1,"DMS":"5 35N 57 55W"},"geometry":{"type":"Point","coordinates":[-57.91667,5.58333]}},{"type":"Feature","properties":{"Places":"Vreed en Vriendschap","Region":"Essequibo Islands-West Demerara","Pop_2002":52,"DMS":"6 46N 58 16W"},"geometry":{"type":"Point","coordinates":[-58.26667,6.76667]}},{"type":"Feature","properties":{"Places":"Vreed Rust (Vreed en Rust)","Region":"Essequibo Islands-West Demerara","Pop_2002":94,"DMS":"6 28N 58 19W"},"geometry":{"type":"Point","coordinates":[-58.31667,6.46667]}},{"type":"Feature","properties":{"Places":"Vriesland","Region":"Essequibo Islands-West Demerara","Pop_2002":576,"DMS":"6 41N 58 12W"},"geometry":{"type":"Point","coordinates":[-58.2,6.68333]}},{"type":"Feature","properties":{"Places":"Vryheid","Region":"Demerara-Mahaica","Pop_2002":50,"DMS":"6 18N 58 16W"},"geometry":{"type":"Point","coordinates":[-58.26667,6.3]}},{"type":"Feature","properties":{"Places":"Vryheid","Region":"East Berbice-Corentyne","Pop_2002":282,"DMS":"6 14N 57 30W"},"geometry":{"type":"Point","coordinates":[-57.5,6.23333]}},{"type":"Feature","properties":{"Places":"Vryheids Lust","Region":"Demerara-Mahaica","Pop_2002":3837,"DMS":"6 49N 58 05W"},"geometry":{"type":"Point","coordinates":[-58.08333,6.81667]}},{"type":"Feature","properties":{"Places":"Vrymans Erven","Region":"East Berbice-Corentyne","Pop_2002":944,"DMS":"6 14N 57 31W"},"geometry":{"type":"Point","coordinates":[-57.51667,6.23333]}},{"type":"Feature","properties":{"Places":"Waipa","Region":"Potaro-Siparuni","Pop_2002":"76) 258","DMS":"4 56N 59 59W"},"geometry":{"type":"Point","coordinates":[-59.98333,4.93333]}},{"type":"Feature","properties":{"Places":"Wakapau Village","Region":"Pomeroon-Supenaam","Pop_2002":1698,"DMS":"7 31N 58 48W"},"geometry":{"type":"Point","coordinates":[-58.8,7.51667]}},{"type":"Feature","properties":{"Places":"Wallers Delight","Region":"Essequibo Islands-West Demerara","Pop_2002":102,"DMS":"6 50N 58 13W"},"geometry":{"type":"Point","coordinates":[-58.21667,6.83333]}},{"type":"Feature","properties":{"Places":"Walton Hall","Region":"Pomeroon-Supenaam","Pop_2002":313,"DMS":"7 20N 58 29W"},"geometry":{"type":"Point","coordinates":[-58.48333,7.33333]}},{"type":"Feature","properties":{"Places":"Waramadan","Region":"Cuyuni-Mazaruni","Pop_2002":681,"DMS":"5 48N 60 46W"},"geometry":{"type":"Point","coordinates":[-60.76667,5.8]}},{"type":"Feature","properties":{"Places":"Waramuri Mission","Region":"Barima-Waini","Pop_2002":485,"DMS":"7 37N 58 52W"},"geometry":{"type":"Point","coordinates":[-58.86667,7.61667]}},{"type":"Feature","properties":{"Places":"Warida","Region":"Demerara-Mahaica","Pop_2002":22,"DMS":"6 19N 58 17W"},"geometry":{"type":"Point","coordinates":[-58.28333,6.31667]}},{"type":"Feature","properties":{"Places":"Warousi","Region":"Pomeroon-Supenaam","Pop_2002":"77) 293","DMS":"7 01N 58 30W"},"geometry":{"type":"Point","coordinates":[-58.5,7.01667]}},{"type":"Feature","properties":{"Places":"Warren (Number 21)","Region":"East Berbice-Corentyne","Pop_2002":370,"DMS":"6 17N 57 27W"},"geometry":{"type":"Point","coordinates":[-57.45,6.28333]}},{"type":"Feature","properties":{"Places":"Wash Clothes","Region":"Mahaica-Berbice","Pop_2002":335,"DMS":"6 30N 57 48W"},"geometry":{"type":"Point","coordinates":[-57.8,6.5]}},{"type":"Feature","properties":{"Places":"Washington","Region":"Mahaica-Berbice","Pop_2002":139,"DMS":"6 30N 57 41W"},"geometry":{"type":"Point","coordinates":[-57.68333,6.5]}},{"type":"Feature","properties":{"Places":"Wastelands","Region":"Pomeroon-Supenaam","Pop_2002":147,"DMS":"7 09N 58 29W"},"geometry":{"type":"Point","coordinates":[-58.48333,7.15]}},{"type":"Feature","properties":{"Places":"Water Dog","Region":"Mahaica-Berbice","Pop_2002":"78) 185","DMS":"6 26N 57 48W"},"geometry":{"type":"Point","coordinates":[-57.8,6.43333]}},{"type":"Feature","properties":{"Places":"Waterloo","Region":"Mahaica-Berbice","Pop_2002":3143,"DMS":"6 22N 57 35W"},"geometry":{"type":"Point","coordinates":[-57.58333,6.36667]}},{"type":"Feature","properties":{"Places":"Waterloo Jib","Region":"Mahaica-Berbice","Pop_2002":422,"DMS":"6 22N 57 35W"},"geometry":{"type":"Point","coordinates":[-57.58333,6.36667]}},{"type":"Feature","properties":{"Places":"Watooka","Region":"Upper Demerara-Berbice","Pop_2002":"79) 434","DMS":"6 00N 58 18W"},"geometry":{"type":"Point","coordinates":[-58.3,6]}},{"type":"Feature","properties":{"Places":"Weldaad","Region":"Mahaica-Berbice","Pop_2002":352,"DMS":"6 30N 57 41W"},"geometry":{"type":"Point","coordinates":[-57.68333,6.5]}},{"type":"Feature","properties":{"Places":"Welgelegen","Region":"East Berbice-Corentyne","Pop_2002":37,"DMS":"6 03N 57 36W"},"geometry":{"type":"Point","coordinates":[-57.6,6.05]}},{"type":"Feature","properties":{"Places":"Wellington Park (Number 33 Village)","Region":"East Berbice-Corentyne","Pop_2002":101,"DMS":"6 10N 57 14W"},"geometry":{"type":"Point","coordinates":[-57.23333,6.16667]}},{"type":"Feature","properties":{"Places":"Werk en Rust","Region":"Demerara-Mahaica","Pop_2002":4547,"DMS":"6 48N 58 10W"},"geometry":{"type":"Point","coordinates":[-58.16667,6.8]}},{"type":"Feature","properties":{"Places":"Westbury","Region":"Pomeroon-Supenaam","Pop_2002":480,"DMS":"7 22N 58 31W"},"geometry":{"type":"Point","coordinates":[-58.51667,7.36667]}},{"type":"Feature","properties":{"Places":"Westfield","Region":"Pomeroon-Supenaam","Pop_2002":399,"DMS":"7 12N 58 30W"},"geometry":{"type":"Point","coordinates":[-58.5,7.2]}},{"type":"Feature","properties":{"Places":"West La Penitence (Georgetown)","Region":"Demerara-Mahaica","Pop_2002":3886,"DMS":"6 48N 58 10W"},"geometry":{"type":"Point","coordinates":[-58.16667,6.8]}},{"type":"Feature","properties":{"Places":"West Ruimveldt","Region":"Demerara-Mahaica","Pop_2002":4898,"DMS":"6 48N 58 10W"},"geometry":{"type":"Point","coordinates":[-58.16667,6.8]}},{"type":"Feature","properties":{"Places":"Whim","Region":"East Berbice-Corentyne","Pop_2002":1048,"DMS":"6 14N 57 19W"},"geometry":{"type":"Point","coordinates":[-57.31667,6.23333]}},{"type":"Feature","properties":{"Places":"Wichabai (Wichibai)","Region":"Upper Takutu-Upper Essequibo","Pop_2002":5,"DMS":"2 52N 59 31W"},"geometry":{"type":"Point","coordinates":[-59.51667,2.86667]}},{"type":"Feature","properties":{"Places":"Wikki Settlement","Region":"Upper Demerara-Berbice","Pop_2002":234,"DMS":"5 33N 57 55W"},"geometry":{"type":"Point","coordinates":[-57.91667,5.55]}},{"type":"Feature","properties":{"Places":"Wilhelmina","Region":"Mahaica-Berbice","Pop_2002":33,"DMS":"6 40N 57 54W"},"geometry":{"type":"Point","coordinates":[-57.9,6.66667]}},{"type":"Feature","properties":{"Places":"Willemstad","Region":"Mahaica-Berbice","Pop_2002":421,"DMS":"6 20N 57 34W"},"geometry":{"type":"Point","coordinates":[-57.56667,6.33333]}},{"type":"Feature","properties":{"Places":"Williamsburg","Region":"East Berbice-Corentyne","Pop_2002":1762,"DMS":"6 15N 57 22W"},"geometry":{"type":"Point","coordinates":[-57.36667,6.25]}},{"type":"Feature","properties":{"Places":"Windsor Castle","Region":"Pomeroon-Supenaam","Pop_2002":499,"DMS":"7 18N 58 30W"},"geometry":{"type":"Point","coordinates":[-58.5,7.3]}},{"type":"Feature","properties":{"Places":"Windsor Forest","Region":"Essequibo Islands-West Demerara","Pop_2002":1841,"DMS":"6 51N 58 14W"},"geometry":{"type":"Point","coordinates":[-58.23333,6.85]}},{"type":"Feature","properties":{"Places":"Wineperu","Region":"Cuyuni-Mazaruni","Pop_2002":150,"DMS":"6 10N 58 35W"},"geometry":{"type":"Point","coordinates":[-58.58333,6.16667]}},{"type":"Feature","properties":{"Places":"Wineperu","Region":"Upper Demerara-Berbice","Pop_2002":7,"DMS":"6 10N 58 34W"},"geometry":{"type":"Point","coordinates":[-58.56667,6.16667]}},{"type":"Feature","properties":{"Places":"Winkle","Region":"East Berbice-Corentyne","Pop_2002":287,"DMS":"6 15N 57 31W"},"geometry":{"type":"Point","coordinates":[-57.51667,6.25]}},{"type":"Feature","properties":{"Places":"Wiruni","Region":"Upper Demerara-Berbice","Pop_2002":254,"DMS":"5 42N 57 50W"},"geometry":{"type":"Point","coordinates":[-57.83333,5.7]}},{"type":"Feature","properties":{"Places":"Wismar","Region":"Upper Demerara-Berbice","Pop_2002":4949,"DMS":"6 01N 58 18W"},"geometry":{"type":"Point","coordinates":[-58.3,6.01667]}},{"type":"Feature","properties":{"Places":"Wisselvalligheid (Visselvalligheid)","Region":"Essequibo Islands-West Demerara","Pop_2002":161,"DMS":"6 55N 58 26W"},"geometry":{"type":"Point","coordinates":[-58.43333,6.91667]}},{"type":"Feature","properties":{"Places":"Wolga","Region":"Cuyuni-Mazaruni","Pop_2002":43,"DMS":"6 28N 58 37W"},"geometry":{"type":"Point","coordinates":[-58.61667,6.46667]}},{"type":"Feature","properties":{"Places":"Woodlands","Region":"Mahaica-Berbice","Pop_2002":205,"DMS":"6 21N 57 35W"},"geometry":{"type":"Point","coordinates":[-57.58333,6.35]}},{"type":"Feature","properties":{"Places":"Woodley Park","Region":"Mahaica-Berbice","Pop_2002":1283,"DMS":"6 21N 57 35W"},"geometry":{"type":"Point","coordinates":[-57.58333,6.35]}},{"type":"Feature","properties":{"Places":"Wortmanville","Region":"Demerara-Mahaica","Pop_2002":3795,"DMS":"6 49N 58 09W"},"geometry":{"type":"Point","coordinates":[-58.15,6.81667]}},{"type":"Feature","properties":{"Places":"Wowetta","Region":"Upper Takutu-Upper Essequibo","Pop_2002":"80) 399","DMS":"4 01N 59 04W"},"geometry":{"type":"Point","coordinates":[-59.06667,4.01667]}},{"type":"Feature","properties":{"Places":"Wyaka (Whyaka)","Region":"Pomeroon-Supenaam","Pop_2002":"81) 557","DMS":"7 14N 58 33W"},"geometry":{"type":"Point","coordinates":[-58.55,7.23333]}},{"type":"Feature","properties":{"Places":"Wyngaarts Lust","Region":"Mahaica-Berbice","Pop_2002":870,"DMS":"5 51N 57 41W"},"geometry":{"type":"Point","coordinates":[-57.68333,5.85]}},{"type":"Feature","properties":{"Places":"Yakarinta","Region":"Upper Takutu-Upper Essequibo","Pop_2002":414,"DMS":"3 54N 59 15W"},"geometry":{"type":"Point","coordinates":[-59.25,3.9]}},{"type":"Feature","properties":{"Places":"Yakusari","Region":"East Berbice-Corentyne","Pop_2002":1362,"DMS":"6 02N 57 15W"},"geometry":{"type":"Point","coordinates":[-57.25,6.03333]}},{"type":"Feature","properties":{"Places":"Yarakita (Yarikita)","Region":"Barima-Waini","Pop_2002":325,"DMS":"8 05N 59 55W"},"geometry":{"type":"Point","coordinates":[-59.91667,8.08333]}},{"type":"Feature","properties":{"Places":"Yarong Paru (Yurong Peru)","Region":"Upper Takutu-Upper Essequibo","Pop_2002":280,"DMS":"4 22N 59 40W"},"geometry":{"type":"Point","coordinates":[-59.66667,4.36667]}},{"type":"Feature","properties":{"Places":"Yarrow Creek","Region":"Mahaica-Berbice","Pop_2002":193,"DMS":"6 23N 57 47W"},"geometry":{"type":"Point","coordinates":[-57.78333,6.38333]}},{"type":"Feature","properties":{"Places":"Yarrow Dam, Georgetown","Region":"Demerara-Mahaica","Pop_2002":523,"DMS":"6 48N 58 10W"},"geometry":{"type":"Point","coordinates":[-58.16667,6.8]}},{"type":"Feature","properties":{"Places":"Yarrowkabra","Region":"Demerara-Mahaica","Pop_2002":488,"DMS":"6 30N 58 13W"},"geometry":{"type":"Point","coordinates":[-58.21667,6.5]}},{"type":"Feature","properties":{"Places":"Yeovil","Region":"Mahaica-Berbice","Pop_2002":99,"DMS":"6 27N 57 39W"},"geometry":{"type":"Point","coordinates":[-57.65,6.45]}},{"type":"Feature","properties":{"Places":"York","Region":"Demerara-Mahaica","Pop_2002":29,"DMS":"6 12N 58 18W"},"geometry":{"type":"Point","coordinates":[-58.3,6.2]}},{"type":"Feature","properties":{"Places":"Yorkshire Hall","Region":"Mahaica-Berbice","Pop_2002":62,"DMS":"6 35N 57 48W"},"geometry":{"type":"Point","coordinates":[-57.8,6.58333]}},{"type":"Feature","properties":{"Places":"Yupukarri (Yupukari)","Region":"Upper Takutu-Upper Essequibo","Pop_2002":405,"DMS":"3 40N 59 21W"},"geometry":{"type":"Point","coordinates":[-59.35,3.66667]}},{"type":"Feature","properties":{"Places":"Zealand","Region":"Mahaica-Berbice","Pop_2002":100,"DMS":"6 37N 57 50W"},"geometry":{"type":"Point","coordinates":[-57.83333,6.61667]}},{"type":"Feature","properties":{"Places":"Zeeburg","Region":"Essequibo Islands-West Demerara","Pop_2002":985,"DMS":"6 53N 58 19W"},"geometry":{"type":"Point","coordinates":[-58.31667,6.88333]}},{"type":"Feature","properties":{"Places":"Zeelandia","Region":"Essequibo Islands-West Demerara","Pop_2002":364,"DMS":"7 01N 58 27W"},"geometry":{"type":"Point","coordinates":[-58.45,7.01667]}},{"type":"Feature","properties":{"Places":"Zeelandia","Region":"Upper Demerara-Berbice","Pop_2002":11,"DMS":"5 41N 57 47W"},"geometry":{"type":"Point","coordinates":[-57.78333,5.68333]}},{"type":"Feature","properties":{"Places":"Zeelugt","Region":"Essequibo Islands-West Demerara","Pop_2002":3688,"DMS":"6 52N 58 21W"},"geometry":{"type":"Point","coordinates":[-58.35,6.86667]}},{"type":"Feature","properties":{"Places":"Zee Lust","Region":"Mahaica-Berbice","Pop_2002":695,"DMS":"6 19N 57 34W"},"geometry":{"type":"Point","coordinates":[-57.56667,6.31667]}},{"type":"Feature","properties":{"Places":"Zee Zight","Region":"Mahaica-Berbice","Pop_2002":761,"DMS":"6 18N 57 33W"},"geometry":{"type":"Point","coordinates":[-57.55,6.3]}},{"type":"Feature","properties":{"Places":"Zes Kinderen","Region":"Mahaica-Berbice","Pop_2002":879,"DMS":"6 34N 57 49W"},"geometry":{"type":"Point","coordinates":[-57.81667,6.56667]}},{"type":"Feature","properties":{"Places":"Zorg","Region":"East Berbice-Corentyne","Pop_2002":37,"DMS":"6 11N 57 26W"},"geometry":{"type":"Point","coordinates":[-57.43333,6.18333]}},{"type":"Feature","properties":{"Places":"Zorg","Region":"Pomeroon-Supenaam","Pop_2002":614,"DMS":"7 08N 58 29W"},"geometry":{"type":"Point","coordinates":[-58.48333,7.13333]}},{"type":"Feature","properties":{"Places":"Zorg en Hoop","Region":"Mahaica-Berbice","Pop_2002":998,"DMS":"6 14N 57 33W"},"geometry":{"type":"Point","coordinates":[-57.55,6.23333]}},{"type":"Feature","properties":{"Places":"Zorg en Vlygt","Region":"East Berbice-Corentyne","Pop_2002":26,"DMS":"6 05N 57 36W"},"geometry":{"type":"Point","coordinates":[-57.6,6.08333]}}]}